"File"	"OffsetHex"	"OffsetDec"	"CapacityBytes"	"SourceOffsetHex"	"SourceBytes"	"BuildBytes"	"SourceText"	"BuildText"
"BTL.BIN"	"0x1DBAB0"	"1948336"	"11"	"0x1DBAB0"	"22"	"11"	"<r忍術|にんじゅつ>なし"	"No Ninjutsu"
"BTL.BIN"	"0x1DD140"	"1954112"	"9"	"0x1DD140"	"14"	"9"	"ふっとばすぞ左"	"Blow Left"
"BTL.BIN"	"0x1DD150"	"1954128"	"5"	"0x1DD150"	"8"	"5"	"つぶすぞ"	"Crush"
"BTL.BIN"	"0x1DD2A0"	"1954464"	"9"	"0x1DD2A0"	"14"	"9"	"シャンデリア炎"	"Fire Lamp"
"BTL.BIN"	"0x1DDF70"	"1957744"	"8"	"0x1DDF70"	"10"	"8"	"基本カメラ"	"Base Cam"
"BTL.BIN"	"0x1DDF80"	"1957760"	"9"	"0x1DDF80"	"10"	"9"	"演出カメラ"	"Event Cam"
"BTL.BIN"	"0x1E1F90"	"1974160"	"12"	"0x1E1F90"	"16"	"12"	"ダミーカメラ＃０"	"Dummy Cam #0"
"BTL.BIN"	"0x1E1FB0"	"1974192"	"13"	"0x1E1FB0"	"16"	"13"	"演出カメラ「子」"	"Event Cam Rat"
"BTL.BIN"	"0x1E1FD0"	"1974224"	"12"	"0x1E1FD0"	"16"	"12"	"演出カメラ「丑」"	"Event Cam Ox"
"BTL.BIN"	"0x1E1FF0"	"1974256"	"15"	"0x1E1FF0"	"16"	"15"	"演出カメラ「寅」"	"Event Cam Tiger"
"BTL.BIN"	"0x1E2110"	"1974544"	"7"	"0x1E2110"	"22"	"7"	"<r忍者学校|アカデミー>"	"Academy"
"BTL.BIN"	"0x1E2130"	"1974576"	"12"	"0x1E2130"	"22"	"12"	"<r下忍|げにん>ランクＡ"	"Genin Rank A"
"BTL.BIN"	"0x1E2150"	"1974608"	"12"	"0x1E2150"	"22"	"12"	"<r下忍|げにん>ランクＢ"	"Genin Rank B"
"BTL.BIN"	"0x1E2170"	"1974640"	"12"	"0x1E2170"	"22"	"12"	"<r下忍|げにん>ランクＣ"	"Genin Rank C"
"BTL.BIN"	"0x1E2190"	"1974672"	"12"	"0x1E2190"	"22"	"12"	"<r下忍|げにん>ランクＤ"	"Genin Rank D"
"BTL.BIN"	"0x1E21B0"	"1974704"	"13"	"0x1E21B0"	"36"	"13"	"<r砂|すな>の<r三姉弟|さんきょうだい>"	"Sand Siblings"
"BTL.BIN"	"0x1E21E0"	"1974752"	"13"	"0x1E21E0"	"26"	"13"	"<r霧|きり>の<r刺客|しかく>"	"Mist Assassin"
"BTL.BIN"	"0x1E2200"	"1974784"	"11"	"0x1E2200"	"26"	"11"	"<r新紅班|しんくれないはん>"	"New Kurenai"
"BTL.BIN"	"0x1E2220"	"1974816"	"9"	"0x1E2220"	"26"	"9"	"<r新|しん>アスマ<r班|はん>"	"New Asuma"
"BTL.BIN"	"0x1E2240"	"1974848"	"7"	"0x1E2240"	"24"	"7"	"<r新|しん>ガイ<r班|はん>"	"New Guy"
"BTL.BIN"	"0x1E2260"	"1974880"	"11"	"0x1E2260"	"26"	"11"	"<r新|しん>カカシ<r班|はん>"	"New Kakashi"
"BTL.BIN"	"0x1E2280"	"1974912"	"12"	"0x1E2280"	"26"	"12"	"<r上忍|じょうにん>ランクＡ"	"Jonin Rank A"
"BTL.BIN"	"0x1E22A0"	"1974944"	"12"	"0x1E22A0"	"26"	"12"	"<r上忍|じょうにん>ランクＢ"	"Jonin Rank B"
"BTL.BIN"	"0x1E22C0"	"1974976"	"12"	"0x1E22C0"	"28"	"12"	"<r砂|すな>の<r強者|つわもの>"	"Sand Masters"
"BTL.BIN"	"0x1E22E0"	"1975008"	"10"	"0x1E22E0"	"34"	"10"	"<r音|おと>の<r五人衆|ごにんしゅう>"	"Sound Five"
"BTL.BIN"	"0x1E2310"	"1975056"	"9"	"0x1E2310"	"28"	"9"	"<r邪|よこしま>なる<r者|もの>"	"Evil Ones"
"BTL.BIN"	"0x1E2330"	"1975088"	"16"	"0x1E2330"	"34"	"16"	"<r伝説|でんせつ>の<r三忍|さんにん>"	"Legendary Sannin"
"BTL.BIN"	"0x1E2360"	"1975136"	"8"	"0x1E2360"	"18"	"8"	"“<r暁|あかつき>”"	"Akatsuki"
"BTL.BIN"	"0x1E2380"	"1975168"	"10"	"0x1E2380"	"18"	"10"	"<r火影|ほかげ>たち"	"The Hokage"
"BTL.BIN"	"0x1E23A0"	"1975200"	"14"	"0x1E23A0"	"28"	"14"	"<r特別対戦|とくべつたいせん>"	"Special Battle"
"BTL.BIN"	"0x1E23C0"	"1975232"	"11"	"0x1E23C0"	"34"	"11"	"<r金髪五人衆|きんぱつごにんしゅう>"	"Blond Squad"
"BTL.BIN"	"0x1E23F0"	"1975280"	"12"	"0x1E23F0"	"26"	"12"	"<r傀儡軍団|くぐつぐんだん>"	"Puppet Corps"
"BTL.BIN"	"0x1E2410"	"1975312"	"13"	"0x1E2410"	"30"	"13"	"<r木|こ>ノ<r葉先生|はせんせい>"	"Leaf Teachers"
"BTL.BIN"	"0x1E2430"	"1975344"	"13"	"0x1E2430"	"28"	"13"	"<r血継限界|けっけいげんかい>"	"Kekkei Genkai"
"BTL.BIN"	"0x1E2450"	"1975376"	"17"	"0x1E2450"	"28"	"17"	"<r高|たか>みの<r者|もの>たち"	"High-Rank Shinobi"
"BTL.BIN"	"0x1E2670"	"1975920"	"8"	"0x1E2670"	"20"	"8"	"<r撒|ま>き<r菱|びし>"	"Caltrops"
"BTL.BIN"	"0x1E2690"	"1975952"	"10"	"0x1E2690"	"24"	"10"	"<r兵糧丸|ひょうろうがん>"	"Food Pills"
"BTL.BIN"	"0x1E26B0"	"1975984"	"11"	"0x1E26B0"	"30"	"11"	"<r上忍|じょうにん>の<r靴|くつ>"	"Jonin Shoes"
"BTL.BIN"	"0x1E26D0"	"1976016"	"12"	"0x1E26D0"	"24"	"12"	"カカシ<r人形|にんぎょう>"	"Kakashi Doll"
"BTL.BIN"	"0x1E26F0"	"1976048"	"11"	"0x1E26F0"	"26"	"11"	"<r根性|こんじょう>のおもり"	"Guts Weight"
"BTL.BIN"	"0x1E2710"	"1976080"	"13"	"0x1E2710"	"30"	"13"	"<r風魔手裏剣|ふうましゅりけん>"	"Fuma Shuriken"
"BTL.BIN"	"0x1E2730"	"1976112"	"17"	"0x1E2730"	"38"	"17"	"<r呪札|じゅさつ>　<r鎧崩|よろいくず>し"	"Armor-Break Charm"
"BTL.BIN"	"0x1E2760"	"1976160"	"10"	"0x1E2760"	"22"	"10"	"<r亀甲丸|きっこうがん>"	"Kikko Pill"
"BTL.BIN"	"0x1E2780"	"1976192"	"11"	"0x1E2780"	"22"	"11"	"<r炸裂|さくれつ>クナイ"	"Blast Kunai"
"BTL.BIN"	"0x1E27A0"	"1976224"	"10"	"0x1E27A0"	"20"	"10"	"<r起爆|きばく>クナイ"	"Bomb Kunai"
"BTL.BIN"	"0x1E27C0"	"1976256"	"8"	"0x1E27C0"	"22"	"8"	"<r医療|いりょう>パック"	"Med Pack"
"BTL.BIN"	"0x1E27E0"	"1976288"	"11"	"0x1E27E0"	"36"	"11"	"<r雲隠|くもがく>れの<r巻物|まきもの>"	"Kumo Scroll"
"BTL.BIN"	"0x1E2810"	"1976336"	"11"	"0x1E2810"	"24"	"11"	"<r毒煙玉|どくけむりだま>"	"Poison Bomb"
"BTL.BIN"	"0x1E2830"	"1976368"	"10"	"0x1E2830"	"20"	"10"	"<r起爆札|きばくふだ>"	"Paper Bomb"
"BTL.BIN"	"0x1E2850"	"1976400"	"11"	"0x1E2850"	"20"	"11"	"<r元気丸|げんきがん>"	"Energy Pill"
"BTL.BIN"	"0x1E2870"	"1976432"	"8"	"0x1E2870"	"20"	"8"	"<r蝦蟇油|ガマあぶら>"	"Toad Oil"
"BTL.BIN"	"0x1E2890"	"1976464"	"9"	"0x1E2890"	"20"	"9"	"<r起爆|きばく>シール"	"Bomb Seal"
"BTL.BIN"	"0x1E28B0"	"1976496"	"15"	"0x1E28B0"	"32"	"15"	"<r千影手裏剣|せんえいしゅりけん>"	"Shadow Shuriken"
"BTL.BIN"	"0x1E28E0"	"1976544"	"9"	"0x1E28E0"	"22"	"9"	"<r痺|しび>れ<r玉|たま>"	"Stun Bomb"
"BTL.BIN"	"0x1E2900"	"1976576"	"11"	"0x1E2900"	"20"	"11"	"<r博打玉|ばくちだま>"	"Gamble Bomb"
"BTL.BIN"	"0x1E2918"	"1976600"	"10"	"0x1E2918"	"14"	"10"	"アイテムポーチ"	"Item Pouch"
"BTL.BIN"	"0x1E2930"	"1976624"	"17"	"0x1E2930"	"42"	"17"	"<r忍具乱舞|にんぐらんぶ>の<r巻物|まきもの>"	"Ninja Tool Scroll"
"BTL.BIN"	"0x1E2960"	"1976672"	"13"	"0x1E2960"	"36"	"13"	"<r金|きん>の<r装飾品|そうしょくひん>"	"Gold Ornament"
"BTL.BIN"	"0x1E2990"	"1976720"	"10"	"0x1E2990"	"30"	"10"	"<r琥珀|こはく>の<r塊|かたまり>"	"Amber Lump"
"BTL.BIN"	"0x1E29B0"	"1976752"	"8"	"0x1E29B0"	"14"	"8"	"<r古銭|こせん>"	"Old Coin"
"BTL.BIN"	"0x1E29C0"	"1976768"	"12"	"0x1E29C0"	"40"	"12"	"<r特別交渉手形|とくべつこうしょうてがた>"	"Special Pass"
"BTL.BIN"	"0x1E29F0"	"1976816"	"9"	"0x1E29F0"	"34"	"9"	"<r紅玉|こうぎょく>の<r指輪|ゆびわ>"	"Ruby Ring"
"BTL.BIN"	"0x1E2A20"	"1976864"	"14"	"0x1E2A20"	"30"	"14"	"<r治癒|ちゆ>の<r巻物|まきもの>"	"Healing Scroll"
"BTL.BIN"	"0x1E2A40"	"1976896"	"10"	"0x1E2A40"	"34"	"10"	"<r白銀|はくぎん>の<r延棒|のべぼう>"	"Silver Bar"
"BTL.BIN"	"0x1E2A70"	"1976944"	"10"	"0x1E2A70"	"28"	"10"	"<r連係|れんけい>の<r笛|ふえ>"	"Link Flute"
"BTL.BIN"	"0x1E2A90"	"1976976"	"13"	"0x1E2A90"	"30"	"13"	"<r稀代|きだい>の<r秘宝|ひほう>"	"Rare Treasure"
"BTL.BIN"	"0x1E2AB0"	"1977008"	"19"	"0x1E2AB0"	"36"	"19"	"<r全開|ぜんかい>の<r額当|ひたいあ>て"	"Full-Power Headband"
"BTL.BIN"	"0x1E2AE0"	"1977056"	"16"	"0x1E2AE0"	"40"	"16"	"<r気配遮断装束|けはいしゃだんしょうぞく>"	"Concealment Robe"
"BTL.BIN"	"0x1E2B10"	"1977104"	"110"	"0x1E2B10"	"232"	"110"	"<color00FFFF><r究極連激戦|ナルティメットれんげきせん><colorFFFFFF>では、<r定|さだ>められた<r相手|あいて>と<r連続|れんぞく>で<r闘|たたか>い、<r最後|さいご>まで<r勝|か>ち<r残|のこ>ることで<r報酬|ほうしゅう>を<r得|え>ることができます。"	"<color00FFFF>Ultimate Chain<colorFFFFFF>: fight set opponents in a row and survive to the end to earn rewards."
"BTL.BIN"	"0x1E2C00"	"1977344"	"99"	"0x1E2C00"	"200"	"99"	"<color00FFFF><r壮絶|そうぜつ>サバイバル<colorFFFFFF>ではランダムで<r出現|しゅつげん>する<r相手|あいて>と<r無限|むげん>に<r闘|たたか>い、どこまで<r勝|か>ち<r残|のこ>れるかを<r競|きそ>うことができます。"	"<color00FFFF>Survival<colorFFFFFF>: fight random opponents endlessly and see how long you can last."
"BTL.BIN"	"0x1E2CD0"	"1977552"	"92"	"0x1E2CD0"	"166"	"92"	"<color00FFFF><r自分|じぶん>ルール<r戦闘|せんとう><colorFFFFFF>では、<r戦闘条件|せんとうじょうけん>を<r任意|にんい>に<r設定|せってい>して<r闘|たたか>うことができます。"	"<color00FFFF>Custom Rules Battle<colorFFFFFF>: set battle conditions freely before fighting."
"BTL.BIN"	"0x1E2D80"	"1977728"	"50"	"0x1E2D80"	"86"	"50"	"<color00FFFF><r熱血対戦|ねっけつたいせん><colorFFFFFF>を<r終了|しゅうりょう>しますか？"	"Quit <color00FFFF>Hot-Blooded Versus<colorFFFFFF>?"
"BTL.BIN"	"0x1E2DE0"	"1977824"	"41"	"0x1E2DE0"	"68"	"41"	"<color00FFFF><r壮絶|そうぜつ>サバイバル<colorFFFFFF>を開始しますか？"	"Start <color00FFFF>Survival<colorFFFFFF>?"
"BTL.BIN"	"0x1E2F60"	"1978208"	"12"	"0x1E2F60"	"24"	"12"	"<r中忍|ちゅうにん>レベル"	"Chunin Level"
"BTL.BIN"	"0x1E2F80"	"1978240"	"11"	"0x1E2F80"	"24"	"11"	"<r上忍|じょうにん>レベル"	"Jonin Level"
"BTL.BIN"	"0x1E2FA0"	"1978272"	"12"	"0x1E2FA0"	"20"	"12"	"<r火影|ほかげ>レベル"	"Hokage Level"
"BTL.BIN"	"0x1E2FC0"	"1978304"	"14"	"0x1E2FC0"	"28"	"14"	"<r特殊戦闘|とくしゅせんとう>"	"Special Battle"
"BTL.BIN"	"0x1E3000"	"1978368"	"15"	"0x1E3000"	"38"	"15"	"レベルを<r選択|せんたく>してください。"	"Select a level."
"BTL.BIN"	"0x1E3030"	"1978416"	"14"	"0x1E3030"	"38"	"14"	"ランクを<r選択|せんたく>してください。"	"Select a rank."
"BTL.BIN"	"0x1E3060"	"1978464"	"11"	"0x1E3060"	"26"	"11"	"これでよろしいでしょうか？"	"Is this OK?"
"BTL.BIN"	"0x1E30EE"	"1978606"	"16"	"0x1E30EE"	"18"	"16"	".?この条件で決定！"	".?Confirm setup!"
"BTL.BIN"	"0x1E3110"	"1978640"	"28"	"0x1E3110"	"71"	"28"	"<ruby好|す>きな<ruby条件|じょうけん>を<ruby設定|せってい>してください。"	"Set any conditions you like."
"BTL.BIN"	"0x1E3160"	"1978720"	"20"	"0x1E3160"	"54"	"20"	"ＣＯＭの<ruby強|つよ>さを<ruby変更|へんこう>できます。"	"Change COM strength."
"BTL.BIN"	"0x1E31A0"	"1978784"	"29"	"0x1E31A0"	"85"	"29"	"<ruby奥義|おうぎ>の<ruby入力勝負|にゅうりょくしょうぶ>を<ruby変更|へんこう>できます。"	"Change Ultimate input battle."
"BTL.BIN"	"0x1E3200"	"1978880"	"31"	"0x1E3200"	"77"	"31"	"『はい』を<ruby選択|せんたく>で<ruby戦闘|せんとう>を<ruby開始|かいし>します。"	"Select Yes to start the battle."
"BTL.BIN"	"0x1E3250"	"1978960"	"28"	"0x1E3250"	"66"	"28"	"<ruby条件|じょうけん>が１つも<ruby設定|せってい>されていないです。"	"No conditions have been set."
"BTL.BIN"	"0x1E32A0"	"1979040"	"12"	"0x1E32A0"	"37"	"12"	"すでに<ruby設定済|せっていず>みです。"	"Already set."
"BTL.BIN"	"0x1E32D0"	"1979088"	"68"	"0x1E32D0"	"154"	"68"	"<ruby現在設定済|げんざいせっていず>みの<ruby条件|じょうけん>と.<ruby組|く>み<ruby合|あ>わせる<ruby事|こと>が<ruby出来|でき>ない<ruby条件|じょうけん>です。"	"This condition cannot be combined with the currently set conditions."
"BTL.BIN"	"0x1E3370"	"1979248"	"5"	"0x1E3370"	"8"	"5"	"基本条件"	"Basic"
"BTL.BIN"	"0x1E3380"	"1979264"	"40"	"0x1E3380"	"96"	"40"	"<ruby方向|ほうこう>キー<ruby左右|さゆう>でＣＯＭの<ruby強|つよ>さを<ruby変更|へんこう>できます。"	"Press Left/Right to change COM strength."
"BTL.BIN"	"0x1E33F0"	"1979376"	"53"	"0x1E33F0"	"127"	"53"	"<ruby方向|ほうこう>キー<ruby左右|さゆう>で<ruby奥義|おうぎ>の<ruby入力勝負|にゅうりょくしょうぶ>を<ruby変更|へんこう>できます。"	"Press Left/Right to change the Ultimate input battle."
"BTL.BIN"	"0x1E3470"	"1979504"	"4"	"0x1E3470"	"8"	"4"	"やさしい"	"Easy"
"BTL.BIN"	"0x1E3480"	"1979520"	"4"	"0x1E3480"	"10"	"4"	"むずかしい"	"Hard"
"BTL.BIN"	"0x1E34A8"	"1979560"	"3"	"0x1E34A8"	"8"	"3"	"使用不可"	"Off"
"BTL.BIN"	"0x1E34B8"	"1979576"	"6"	"0x1E34B8"	"8"	"6"	"ランダム"	"Random"
"BTL.BIN"	"0x1E34C8"	"1979592"	"7"	"0x1E34C8"	"8"	"7"	"コマンド"	"Command"
"BTL.BIN"	"0x1E34D8"	"1979608"	"6"	"0x1E34D8"	"10"	"6"	"タイミング"	"Timing"
"BTL.BIN"	"0x1E3510"	"1979664"	"13"	"0x1E3510"	"32"	"13"	"お<r手軽条件|てがるじょうけん>１"	"Preset Rule 1"
"BTL.BIN"	"0x1E3540"	"1979712"	"13"	"0x1E3540"	"32"	"13"	"お<r手軽条件|てがるじょうけん>２"	"Preset Rule 2"
"BTL.BIN"	"0x1E3570"	"1979760"	"13"	"0x1E3570"	"32"	"13"	"お<r手軽条件|てがるじょうけん>３"	"Preset Rule 3"
"BTL.BIN"	"0x1E35A0"	"1979808"	"19"	"0x1E35A0"	"36"	"19"	"<r無重力戦闘|むじゅうりょくせんとう>"	"Zero-Gravity Battle"
"BTL.BIN"	"0x1E35D0"	"1979856"	"37"	"0x1E35D0"	"70"	"37"	"<r速度差|そくどさ>が<r激|はげ>しい<r状態|じょうたい>で<r戦闘|せんとう>"	"Battle with extreme speed differences"
"BTL.BIN"	"0x1E3620"	"1979936"	"35"	"0x1E3620"	"44"	"35"	"<r大|だい>ダメージにめげずに<r戦闘|せんとう>"	"Battle without fearing heavy damage"
"BTL.BIN"	"0x1E3650"	"1979984"	"14"	"0x1E3650"	"30"	"14"	"<r極限戦闘|きょくげんせんとう>"	"Extreme Battle"
"BTL.BIN"	"0x1E38E0"	"1980640"	"5"	"0x1E38E0"	"10"	"5"	"<r忍|にん>"	"Ninja"
"BTL.BIN"	"0x1E38F0"	"1980656"	"8"	"0x1E38F0"	"10"	"8"	"%sカウント"	"%s Count"
"BTL.BIN"	"0x1E3960"	"1980768"	"8"	"0x1E3960"	"26"	"8"	"<r壮絶|そうぜつ>サバイバル"	"Survival"
"BTL.BIN"	"0x1E39C0"	"1980864"	"14"	"0x1E39C0"	"26"	"14"	"<r撃破忍数|げきはにんずう>"	"Ninja Defeated"
"BTL.BIN"	"0x1E39E0"	"1980896"	"21"	"0x1E39E0"	"25"	"21"	"%s<color000000><r忍|にん>"	"%s<color000000> Ninja"
"BTL.BIN"	"0x1E3A00"	"1980928"	"10"	"0x1E3A00"	"12"	"10"	"クリアタイム"	"Clear Time"
"BTL.BIN"	"0x1E3A10"	"1980944"	"21"	"0x1E3A10"	"23"	"21"	"%s<color000000>カウント"	"%s<color000000> Count"
"BTL.BIN"	"0x1E3A30"	"1980976"	"12"	"0x1E3A30"	"18"	"12"	"<r忍名|しのびめい>"	"Shinobi Name"
"BTL.BIN"	"0x1E3A50"	"1981008"	"10"	"0x1E3A50"	"20"	"10"	"<r所持金|しょじきん>"	"Money Held"
"BTL.BIN"	"0x1E3A70"	"1981040"	"12"	"0x1E3A70"	"24"	"12"	"<r報酬金|ほうしゅうきん>"	"Reward Money"
"BTL.BIN"	"0x1E3A90"	"1981072"	"3"	"0x1E3A90"	"12"	"3"	"<r両|りょう>"	"Ryo"
"BTL.BIN"	"0x1E3AA0"	"1981088"	"12"	"0x1E3AA0"	"24"	"12"	"クリア<r報酬|ほうしゅう>"	"Clear Reward"
"BTL.BIN"	"0x1E3AC0"	"1981120"	"18"	"0x1E3AC0"	"30"	"18"	"レベルクリア<r報酬|ほうしゅう>"	"Level Clear Reward"
"BTL.BIN"	"0x1E3AE0"	"1981152"	"13"	"0x1E3AE0"	"40"	"13"	"「<color2820FF>%s<color000000>」クリア！"	"Cleared ""%s""!"
"BTL.BIN"	"0x1E3B10"	"1981200"	"13"	"0x1E3B10"	"54"	"13"	"<r新|あら>たなランク「<color2820FF>%s<color000000>」に"	"New rank ""%s"""
"BTL.BIN"	"0x1E3B50"	"1981264"	"18"	"0x1E3B50"	"44"	"18"	"<r挑戦|ちょうせん>できるようになりました！！"	"is now available!!"
"BTL.BIN"	"0x1E3B90"	"1981328"	"14"	"0x1E3B90"	"54"	"14"	"<r新|あら>たなレベル「<color2820FF>%s<color000000>」に"	"New level ""%s"""
"BTL.BIN"	"0x1E3BE0"	"1981408"	"38"	"0x1E3BE0"	"106"	"38"	"「<color080860><r究極連激戦|ナルティメットれんげきせん><color000000>」<r全|ぜん>クリア<r報酬|ほうしゅう>！"	"All-clear reward for ""Ultimate Chain""!"
"BTL.BIN"	"0x1E3C50"	"1981520"	"33"	"0x1E3C50"	"116"	"33"	"<r装備品|そうびひん>「<color2820FF><r気配遮断装束|けはいしゃだんしょうぞく><color000000>」を<r手|て>に<r入|い>れた！"	"Got equipment ""Concealment Robe""!"
"BTL.BIN"	"0x1E3CD0"	"1981648"	"49"	"0x1E3CD0"	"110"	"49"	"「<color080860>フリーバトル<color000000>」などの「<color080860><r難易度設定|なんいどせってい><color000000>」に"	"In ""Free Battle"" and other ""Difficulty"" settings,"
"BTL.BIN"	"0x1E3D40"	"1981760"	"52"	"0x1E3D40"	"130"	"52"	"<r最|もっと>も<r手強|てごわ>い<r難易度|なんいど>の「<color2820FF><r究極|ナルティメット><color000000>」が<r追加|ついか>されました！"	"the toughest difficulty, ""Ultimate"", has been added!"
"BTL.BIN"	"0x1E3DD0"	"1981904"	"38"	"0x1E3DD0"	"70"	"38"	"<r腕|うで>に<r覚|おぼ>えのある<r者|もの>よ、<r挑戦|ちょうせん>せよ！！"	"Skilled fighters, take the challenge!!"
"BTL.BIN"	"0x1E3E40"	"1982016"	"41"	"0x1E3E40"	"56"	"41"	"<color080860>ランクイン<r報酬|ほうしゅう>！<color000000>"	"<color080860>Ranking Reward!<color000000>"
"BTL.BIN"	"0x1E3E80"	"1982080"	"41"	"0x1E3E80"	"74"	"41"	"<color2820FF>%s<r位|い><color000000>に<r入賞|にゅうしょう>した<r君|きみ>に"	"For placing <color2820FF>%s<color000000>,"
"BTL.BIN"	"0x1E3ED0"	"1982160"	"17"	"0x1E3ED0"	"46"	"17"	"「<color2820FF>%s<color000000>」をプレゼント！"	"you receive ""%s""!"
"BTL.BIN"	"0x1E4170"	"1982832"	"7"	"0x1E4170"	"16"	"7"	"%s × %s<r個|こ>"	"%s x %s"
"BTL.BIN"	"0x1E4190"	"1982864"	"19"	"0x1E4190"	"36"	"19"	"<r自分|じぶん>ルール<r戦闘|せんとう>"	"Custom Rules Battle"
"BTL.BIN"	"0x1E5550"	"1987920"	"20"	"0x1E5550"	"50"	"20"	"<r敵|てき>は<r忍術|にんじゅつ>にて<r攻|せ>めるべし"	"Attack with Ninjutsu"
"BTL.BIN"	"0x1E5590"	"1987984"	"23"	"0x1E5590"	"46"	"23"	"<r敵|てき>は<r奥義|おうぎ>にて<r攻|せ>めるべし"	"Attack with an Ultimate"
"BTL.BIN"	"0x1E55C0"	"1988032"	"24"	"0x1E55C0"	"60"	"24"	"<r敵|てき>は<r連係攻撃|れんけいこうげき>にて<r攻|せ>めるべし"	"Attack with Team Attacks"
"BTL.BIN"	"0x1E5600"	"1988096"	"32"	"0x1E5600"	"54"	"32"	"<r変|か>わり<r身|み>にて<r敵|てき>を<r欺|あざむ>くべし"	"Fool the enemy with Substitution"
"BTL.BIN"	"0x1E5640"	"1988160"	"22"	"0x1E5640"	"58"	"22"	"<r追|お>い<r討|う>ちにて<r敵|てき>を<r追撃|ついげき>すべし"	"Pursue with extra hits"
"BTL.BIN"	"0x1E5680"	"1988224"	"31"	"0x1E5680"	"72"	"31"	"<r連続|れんぞく><r攻撃|こうげき>にて<r敵|てき>を<r圧倒|あっとう>するべし"	"Overwhelm the enemy with combos"
"BTL.BIN"	"0x1E56D0"	"1988304"	"31"	"0x1E56D0"	"58"	"31"	"<r特殊忍具|とくしゅにんぐ>を<r用|もち>いて<r攻|せ>めるべし"	"Attack with special ninja tools"
"BTL.BIN"	"0x1E5710"	"1988368"	"24"	"0x1E5710"	"50"	"24"	"<r敵|てき>は<r素早|すばや>く<r排除|はいじょ>すべし"	"Defeat the enemy quickly"
"BTL.BIN"	"0x1E5750"	"1988432"	"20"	"0x1E5750"	"56"	"20"	"<r己|おのれ>の<r体力|たいりょく>は<r温存|おんぞん>すべし"	"Preserve your health"
"BTL.BIN"	"0x1E5790"	"1988496"	"21"	"0x1E5790"	"44"	"21"	"<r強者|つわもの>を<r打|う>ち<r破|やぶ>るべし"	"Defeat the strong foe"
"BTL.BIN"	"0x1E57C0"	"1988544"	"20"	"0x1E57C0"	"54"	"20"	"<r秘|ひ>めたる<r力|ちから>を<r解|と>き<r放|はな>つべし"	"Unleash hidden power"
"BTL.BIN"	"0x1E5800"	"1988608"	"29"	"0x1E5800"	"64"	"29"	"<r挑発|ちょうはつ>を<r以|も>って<r敵|てき>を<r刺激|しげき>すべし"	"Provoke the enemy with taunts"
"BTL.BIN"	"0x1E5850"	"1988688"	"25"	"0x1E5850"	"44"	"25"	"<r壊|こわ>れ<r物|もの>を<r破壊|はかい>すべし"	"Destroy breakable objects"
"BTL.BIN"	"0x1E5880"	"1988736"	"27"	"0x1E5880"	"58"	"27"	"<r特殊|とくしゅ><r条件|じょうけん>を<r完遂|かんすい>すべし"	"Complete special conditions"
"BTL.BIN"	"0x1E58C0"	"1988800"	"25"	"0x1E58C0"	"54"	"25"	"<r敵|てき>の<r奥義|おうぎ>を<r打|う>ち<r破|やぶ>るべし"	"Defeat the enemy Ultimate"
"BTL.BIN"	"0x1E5900"	"1988864"	"19"	"0x1E5900"	"60"	"19"	"<r術|じゅつ>の<r競|せ>り<r合|あ>いにて<r勝利|しょうり>すべし"	"Win the jutsu clash"
"BTL.BIN"	"0x1E5940"	"1988928"	"25"	"0x1E5940"	"52"	"25"	"<r敵|てき>に<r残影|ざんえい>をもって<r挑|いど>むべし"	"Challenge with Afterimage"
"BTL.BIN"	"0x1E5980"	"1988992"	"17"	"0x1E5980"	"29"	"17"	"コンボ<r数|すう>%sHitボーナス"	"Combo %sHit Bonus"
"BTL.BIN"	"0x1E59A0"	"1989024"	"18"	"0x1E59A0"	"40"	"18"	"<r所持|しょじ>アイテム%s<r個|こ>ボーナス"	"Held Item %s Bonus"
"BTL.BIN"	"0x1E59D0"	"1989072"	"23"	"0x1E59D0"	"34"	"23"	"<r背景破壊|はいけいはかい>ボーナス"	"Stage Destruction Bonus"
"BTL.BIN"	"0x1E5A00"	"1989120"	"20"	"0x1E5A00"	"36"	"20"	"<r残影勝利|ざんえいしょうり>ボーナス"	"Afterimage Win Bonus"
"BTL.BIN"	"0x1E5A30"	"1989168"	"14"	"0x1E5A30"	"22"	"14"	"<r奥義|おうぎ>ボーナス"	"Ultimate Bonus"
"BTL.BIN"	"0x1E5A50"	"1989200"	"30"	"0x1E5A50"	"52"	"30"	"<r敵|てき>%sカウント<r以内撃破|いないげきは>ボーナス"	"Defeat Enemy in %s Count Bonus"
"BTL.BIN"	"0x1E5A90"	"1989264"	"17"	"0x1E5A90"	"34"	"17"	"<r体力|たいりょく>１００％ボーナス"	"100% Health Bonus"
"BTL.BIN"	"0x1E5AC0"	"1989312"	"20"	"0x1E5AC0"	"42"	"20"	"キャラクター<r組|く>み<r合|あ>わせボーナス"	"Character Pair Bonus"
"BTL.BIN"	"0x1E5AF0"	"1989360"	"31"	"0x1E5AF0"	"53"	"31"	"<r特殊連係攻撃|とくしゅれんけいこうげき>%sHitボーナス"	"Special Team Attack %sHit Bonus"
"BTL.BIN"	"0x1E5B30"	"1989424"	"25"	"0x1E5B30"	"43"	"25"	"<r連係忍術|れんけいにんじゅつ>%sHitボーナス"	"Team Ninjutsu %sHit Bonus"
"BTL.BIN"	"0x1E5B60"	"1989472"	"25"	"0x1E5B60"	"39"	"25"	"<r連係奥義|れんけいおうぎ>%sHitボーナス"	"Team Ultimate %sHit Bonus"
"BTL.BIN"	"0x1E5BA0"	"1989536"	"5"	"0x1E5BA0"	"10"	"5"	"<r回|かい>"	"times"
"BTL.BIN"	"0x1E5BB0"	"1989552"	"5"	"0x1E5BB0"	"10"	"5"	"<r発|はつ>"	"shots"
"BTL.BIN"	"0x1E5BC0"	"1989568"	"5"	"0x1E5BC0"	"8"	"5"	"カウント"	"Count"
"BTL.BIN"	"0x1E5BD0"	"1989584"	"3"	"0x1E5BD0"	"8"	"3"	"<r個|こ>"	"pcs"
"BTL.BIN"	"0x1FA598"	"2074008"	"10"	"0x1FA598"	"13"	"10"	"忍術生成失敗."	"Jutsu fail"
"BTL.BIN"	"0x203090"	"2109584"	"20"	"0x203090"	"20"	"20"	"赤丸スライドアタック"	"Akamaru Slide Attack"
"BTL.BIN"	"0x2030B0"	"2109616"	"15"	"0x2030B0"	"22"	"15"	"ダイナミックマーキング"	"Dynamic Marking"
"BTL.BIN"	"0x2030D0"	"2109648"	"17"	"0x2030D0"	"24"	"17"	"ブタ体当たりフィニッシュ"	"Pig Tackle Finish"
"BTL.BIN"	"0x2030F0"	"2109680"	"18"	"0x2030F0"	"18"	"18"	"イタチ　影分身　砕"	"Itachi Clone Crush"
"BTL.BIN"	"0x203110"	"2109712"	"13"	"0x203110"	"18"	"13"	"忍犬　フィニッシュ"	"Ninken Finish"
"BTL.BIN"	"0x203130"	"2109744"	"18"	"0x203130"	"23"	"18"	"忍犬.フィニッシュブロー"	"Ninken Finish Blow"
"BTL.BIN"	"0x203150"	"2109776"	"11"	"0x203150"	"16"	"11"	"鬼鮫スイコウダン"	"Water Shark"
"BTL.BIN"	"0x208A30"	"2132528"	"16"	"0x208A30"	"26"	"16"	"<r操作設定|そうさせってい>"	"Control Settings"
"BTL.BIN"	"0x208A50"	"2132560"	"14"	"0x208A50"	"44"	"14"	"<r基本操作|きほんそうさ>コマンド<r表|ひょう>"	"Basic Commands"
"BTL.BIN"	"0x208A80"	"2132608"	"11"	"0x208A80"	"24"	"11"	"１Ｐコマンド<r表|ひょう>"	"1P Commands"
"BTL.BIN"	"0x208AA0"	"2132640"	"11"	"0x208AA0"	"24"	"11"	"２Ｐコマンド<r表|ひょう>"	"2P Commands"
"BTL.BIN"	"0x208AC0"	"2132672"	"14"	"0x208AC0"	"36"	"14"	"１Ｐか２Ｐのコマンド表（設定しろや）"	"1P/2P Commands"
"BTL.BIN"	"0x208AF0"	"2132720"	"17"	"0x208AF0"	"30"	"17"	"<r練習設定|れんしゅうせってい>"	"Practice Settings"
"BTL.BIN"	"0x208B10"	"2132752"	"23"	"0x208B10"	"40"	"23"	"かんたん<r表示|ひょうじ><r設定|せってい>"	"Simple Display Settings"
"BTL.BIN"	"0x208B40"	"2132800"	"10"	"0x208B40"	"16"	"10"	"アイテムストック"	"Item Stock"
"BTL.BIN"	"0x208B60"	"2132832"	"18"	"0x208B60"	"34"	"18"	"<r任務|にんむ>の<r条件|じょうけん>"	"Mission Conditions"
"BTL.BIN"	"0x208B90"	"2132880"	"16"	"0x208B90"	"24"	"16"	"クリア<r条件|じょうけん>"	"Clear Conditions"
"BTL.BIN"	"0x208BB0"	"2132912"	"21"	"0x208BB0"	"42"	"21"	"ゲームモード<r選択|せんたく>に<r戻|もど>る"	"Return to Mode Select"
"BTL.BIN"	"0x208BE0"	"2132960"	"26"	"0x208BE0"	"42"	"26"	"キャラクター<r選択|せんたく>に<r戻|もど>る"	"Return to Character Select"
"BTL.BIN"	"0x208C10"	"2133008"	"19"	"0x208C10"	"28"	"19"	"ヒーローモードに<r戻|もど>る"	"Return to Hero Mode"
"BTL.BIN"	"0x208C30"	"2133040"	"10"	"0x208C30"	"42"	"10"	"<r対戦|たいせん>を<r終了|しゅうりょう>する"	"End Versus"
"BTL.BIN"	"0x208CA8"	"2133160"	"6"	"0x208CA8"	"10"	"6"	"キャンセル"	"Cancel"
"BTL.BIN"	"0x208CF0"	"2133232"	"8"	"0x208CF0"	"16"	"8"	"<r対戦|たいせん>"	"Versus:"
"BTL.BIN"	"0x208D10"	"2133264"	"10"	"0x208D10"	"18"	"10"	"<r練習|れんしゅう>"	"Practice:"
"BTL.BIN"	"0x208D30"	"2133296"	"33"	"0x208D30"	"71"	"33"	"を<r終了|しゅうりょう>しますが、よろしいですか？.<iconCANCEL>キャンセル"	"End this mode?.<iconCANCEL>Cancel"
"BTL.BIN"	"0x208D80"	"2133376"	"14"	"0x208D80"	"26"	"14"	"を<r終了|しゅうりょう>して"	"End and go to"
"BTL.BIN"	"0x208DA0"	"2133408"	"18"	"0x208DA0"	"28"	"18"	"キャラクター<r選択|せんたく>"	"Character Select."
"BTL.BIN"	"0x208DC0"	"2133440"	"13"	"0x208DC0"	"28"	"13"	"ゲームモード<r選択|せんたく>"	"Mode Select."
"BTL.BIN"	"0x208DE0"	"2133472"	"9"	"0x208DE0"	"14"	"9"	"ヒーローモード"	"Hero Mode"
"BTL.BIN"	"0x208DF0"	"2133488"	"22"	"0x208DF0"	"69"	"22"	"に<r戻|もど>りますが、.よろしいですか？　　　　<iconCANCEL>キャンセル"	"OK?.<iconCANCEL>Cancel"
"BTL.BIN"	"0x208E60"	"2133600"	"59"	"0x208E60"	"127"	"59"	"ナルティメットアクセル<r独特|どくとく>の<r操作|そうさ>を.<r分|わ>かりやすく<r表示|ひょうじ>する<r為|ため>の<r機能|きのう>です。"	"Shows Accel-specific controls in an easy-to-understand way."
"BTL.BIN"	"0x208EE0"	"2133728"	"9"	"0x208EE0"	"18"	"9"	"アイテム<r名|めい>"	"Item Name"
"BTL.BIN"	"0x208F00"	"2133760"	"5"	"0x208F00"	"20"	"5"	"<r所持数|しょじすう>"	"Owned"
"BTL.BIN"	"0x208F20"	"2133792"	"4"	"0x208F20"	"20"	"4"	"<r使用数|しようすう>"	"Used"
"BTL.BIN"	"0x208F40"	"2133824"	"12"	"0x208F40"	"28"	"12"	"<r空|あき>ストック<r数|すう>"	"Empty Stocks"
"BTL.BIN"	"0x208F70"	"2133872"	"9"	"0x208F70"	"36"	"9"	"チャクラゲージ<r壱以上|いちいじょう>"	"Chakra 1+"
"BTL.BIN"	"0x208FA0"	"2133920"	"9"	"0x208FA0"	"34"	"9"	"チャクラゲージ<r弐以上|にいじょう>"	"Chakra 2+"
"BTL.BIN"	"0x208FD0"	"2133968"	"8"	"0x208FD0"	"24"	"8"	"チャクラゲージ<r参|さん>"	"Chakra 3"
"BTL.BIN"	"0x208FF0"	"2134000"	"12"	"0x208FF0"	"26"	"12"	"<r地上|ちじょう><r投|な>げ"	"Ground Throw"
"BTL.BIN"	"0x209010"	"2134032"	"9"	"0x209010"	"28"	"9"	"<r空中|くうちゅう><r投|な>げ"	"Air Throw"
"BTL.BIN"	"0x209030"	"2134064"	"11"	"0x209030"	"22"	"11"	"ジャンプ<r中|ちゅう>に"	"During Jump"
"BTL.BIN"	"0x209050"	"2134096"	"11"	"0x209050"	"24"	"11"	"チャクラ<r消費|しょうひ>"	"Uses Chakra"
"BTL.BIN"	"0x209070"	"2134128"	"12"	"0x209070"	"24"	"12"	"<r当|あ>て<r身技|みわざ>"	"Counter Move"
"BTL.BIN"	"0x209090"	"2134160"	"9"	"0x209090"	"20"	"9"	"<r連打技|れんだわざ>"	"Mash Move"
"BTL.BIN"	"0x2090B0"	"2134192"	"11"	"0x2090B0"	"20"	"11"	"<r溜|た>め<r技|わざ>"	"Charge Move"
"BTL.BIN"	"0x2090D0"	"2134224"	"13"	"0x2090D0"	"38"	"13"	"<r空中|くうちゅう><r連打技|れんだわざ>"	"Air Mash Move"
"BTL.BIN"	"0x209100"	"2134272"	"15"	"0x209100"	"38"	"15"	"<r空中|くうちゅう><r溜|た>め<r技|わざ>"	"Air Charge Move"
"BTL.BIN"	"0x209130"	"2134320"	"21"	"0x209130"	"50"	"21"	"チャクラ<r消費|しょうひ>／<r当|あ>て<r身技|みわざ>"	"Uses Chakra / Counter"
"BTL.BIN"	"0x209170"	"2134384"	"20"	"0x209170"	"46"	"20"	"チャクラ<r消費|しょうひ>／<r溜|た>め<r技|わざ>"	"Uses Chakra / Charge"
"BTL.BIN"	"0x2091A0"	"2134432"	"18"	"0x2091A0"	"46"	"18"	"チャクラ<r消費|しょうひ>／<r連打技|れんだわざ>"	"Uses Chakra / Mash"
"BTL.BIN"	"0x2091D0"	"2134480"	"16"	"0x2091D0"	"34"	"16"	"<r溜|た>め<r技|わざ>　<r弱|じゃく>"	"Charge Move Weak"
"BTL.BIN"	"0x209200"	"2134528"	"18"	"0x209200"	"34"	"18"	"<r溜|た>め<r技|わざ>　<r強|きょう>"	"Charge Move Strong"
"BTL.BIN"	"0x209230"	"2134576"	"8"	"0x209230"	"24"	"8"	"／<r空中可|くうちゅうか>"	"/ Air OK"
"BTL.BIN"	"0x209250"	"2134608"	"17"	"0x209250"	"30"	"17"	"／<r通常奥義|つうじょうおうぎ>"	"/ Normal Ultimate"
"BTL.BIN"	"0x209270"	"2134640"	"19"	"0x209270"	"30"	"19"	"／<r逆転奥義|ぎゃくてんおうぎ>"	"/ Comeback Ultimate"
"BTL.BIN"	"0x209290"	"2134672"	"20"	"0x209290"	"28"	"20"	"／<r覚醒奥義|かくせいおうぎ>"	"/ Awakening Ultimate"
"BTL.BIN"	"0x2092B0"	"2134704"	"15"	"0x2092B0"	"28"	"15"	"／<r連係奥義|れんけいおうぎ>"	"/ Team Ultimate"
"BTL.BIN"	"0x209330"	"2134832"	"13"	"0x209330"	"24"	"13"	"（ジャンプ<r中|ちゅう>）"	"(During Jump)"
"BTL.BIN"	"0x209350"	"2134864"	"15"	"0x209350"	"32"	"15"	"（<r相手|あいて>の<r前|まえ>で）"	"(Near Opponent)"
"BTL.BIN"	"0x209380"	"2134912"	"14"	"0x209380"	"34"	"14"	"<r後側方向|うしろがわほうこう>キー"	"Back Direction"
"BTL.BIN"	"0x2093B0"	"2134960"	"22"	"0x2093B0"	"68"	"22"	"（<r相手|あいて>の<r攻撃|こうげき>の<r当|あ>たる<r瞬間|しゅんかん>）"	"(As enemy attack hits)"
"BTL.BIN"	"0x209400"	"2135040"	"23"	"0x209400"	"78"	"23"	"（<r投|な>げられた<r時|とき>、<r叩|たた>き<r付|つ>けられる<r瞬間|しゅんかん>）"	"(When thrown / slammed)"
"BTL.BIN"	"0x209450"	"2135120"	"27"	"0x209450"	"66"	"27"	"（<r吹|ふ>っ<r飛|と>ばした<r方向|ほうこう>の<r方向|ほうこう>キー）"	"(Direction enemy was blown)"
"BTL.BIN"	"0x2094A0"	"2135200"	"30"	"0x2094A0"	"88"	"30"	"（<r相手|あいて>の<r追|お>い<r討|う>ち<r攻撃|こうげき>が<r当|あ>たる<r瞬間|しゅんかん>）"	"(As enemy pursuit attack hits)"
"BTL.BIN"	"0x209500"	"2135296"	"14"	"0x209500"	"22"	"14"	"（しばらく<r押|お>す）"	"(Hold briefly)"
"BTL.BIN"	"0x209520"	"2135328"	"11"	"0x209520"	"22"	"11"	"（<r地上|ちじょう>で）"	"(On ground)"
"BTL.BIN"	"0x209540"	"2135360"	"35"	"0x209540"	"100"	"35"	"（<r高速移動|こうそくいどう>の<r相殺中|そうさいちゅう>や<r攻撃|こうげき>の<r相殺中|そうさいちゅう>）"	"(During high-speed or attack clash)"
"BTL.BIN"	"0x2095B0"	"2135472"	"48"	"0x2095B0"	"84"	"48"	"（マニュアル：<r出現後|しゅつげんご>もう<r一度|いちど><r押|お>すと<r攻撃|こうげき>）"	"(Manual: press again after it appears to attack)"
"BTL.BIN"	"0x209650"	"2135632"	"11"	"0x209650"	"28"	"11"	"<r連係攻撃|れんけいこうげき>"	"Team Attack"
"BTL.BIN"	"0x209670"	"2135664"	"11"	"0x209670"	"24"	"11"	"アイテム<r選択|せんたく>"	"Item Select"
"BTL.BIN"	"0x209690"	"2135696"	"8"	"0x209690"	"22"	"8"	"アイテム<r使用|しよう>"	"Use Item"
"BTL.BIN"	"0x2096A8"	"2135720"	"4"	"0x2096A8"	"8"	"4"	"ジャンプ"	"Jump"
"BTL.BIN"	"0x2096C0"	"2135744"	"11"	"0x2096C0"	"22"	"11"	"<r二段|にだん>ジャンプ"	"Double Jump"
"BTL.BIN"	"0x2096E0"	"2135776"	"15"	"0x2096E0"	"26"	"15"	"<r高速移動|こうそくいどう>"	"High-Speed Move"
"BTL.BIN"	"0x209700"	"2135808"	"8"	"0x209700"	"20"	"8"	"<r飛|と>び<r退|の>き"	"Backstep"
"BTL.BIN"	"0x209720"	"2135840"	"32"	"0x209720"	"62"	"32"	"<r変|か>わり<r身|み>の<r術|じゅつ>（チャクラ<r消費|しょうひ>）"	"Substitution Jutsu (uses chakra)"
"BTL.BIN"	"0x209760"	"2135904"	"5"	"0x209760"	"18"	"5"	"<r受|う>け<r身|み>"	"Ukemi"
"BTL.BIN"	"0x209780"	"2135936"	"7"	"0x209780"	"20"	"7"	"<r追|お>い<r討|う>ち"	"Pursuit"
"BTL.BIN"	"0x2097A0"	"2135968"	"15"	"0x2097A0"	"32"	"15"	"<r追|お>い<r討|う>ち<r返|がえ>し"	"Pursuit Counter"
"BTL.BIN"	"0x2097D0"	"2136016"	"13"	"0x2097D0"	"16"	"13"	"チャクラをためる"	"Charge Chakra"
"BTL.BIN"	"0x2097F0"	"2136048"	"5"	"0x2097F0"	"18"	"5"	"<r挑発|ちょうはつ>"	"Taunt"
"BTL.BIN"	"0x209810"	"2136080"	"14"	"0x209810"	"32"	"14"	"<r奥|おく>へ<r軸移動|じくいどう>"	"Axis Move Away"
"BTL.BIN"	"0x209840"	"2136128"	"14"	"0x209840"	"36"	"14"	"<r手前|てまえ>へ<r軸移動|じくいどう>"	"Axis Move Near"
"BTL.BIN"	"0x209870"	"2136176"	"11"	"0x209870"	"18"	"11"	"ガード<r崩|くず>し"	"Guard Break"
"BTL.BIN"	"0x209890"	"2136208"	"18"	"0x209890"	"32"	"18"	"<r残影追|ざんえいお>い<r討|う>ち"	"Afterimage Pursuit"
"BTL.BIN"	"0x209C80"	"2137216"	"4"	"0x209C80"	"8"	"4"	"やさしい"	"Easy"
"BTL.BIN"	"0x209C90"	"2137232"	"4"	"0x209C90"	"10"	"4"	"むずかしい"	"Hard"
"BTL.BIN"	"0x209CD0"	"2137296"	"3"	"0x209CD0"	"8"	"3"	"使用不可"	"Off"
"BTL.BIN"	"0x209CE0"	"2137312"	"6"	"0x209CE0"	"8"	"6"	"ランダム"	"Random"
"BTL.BIN"	"0x209CF0"	"2137328"	"7"	"0x209CF0"	"8"	"7"	"コマンド"	"Command"
"BTL.BIN"	"0x209D00"	"2137344"	"6"	"0x209D00"	"10"	"6"	"タイミング"	"Timing"
"BTL.BIN"	"0x209D28"	"2137384"	"5"	"0x209D28"	"8"	"5"	"ギリギリ"	"Close"
"BTL.BIN"	"0x209D48"	"2137416"	"6"	"0x209D48"	"10"	"6"	"マニュアル"	"Manual"
"BTL.BIN"	"0x209D58"	"2137432"	"4"	"0x209D58"	"8"	"4"	"ジャンプ"	"Jump"
"BTL.BIN"	"0x209D68"	"2137448"	"11"	"0x209D68"	"12"	"11"	"二段ジャンプ"	"Double Jump"
"BTL.BIN"	"0x209D98"	"2137496"	"5"	"0x209D98"	"8"	"5"	"飛び道具"	"Proj."
"BTL.BIN"	"0x209DA8"	"2137512"	"8"	"0x209DA8"	"8"	"8"	"高速移動"	"Hi-Speed"
"BTL.BIN"	"0x209DE0"	"2137568"	"4"	"0x209DE0"	"8"	"4"	"動かない"	"Idle"
"BTL.BIN"	"0x209DF0"	"2137584"	"6"	"0x209DF0"	"8"	"6"	"必ず返す"	"Always"
"BTL.BIN"	"0x209E00"	"2137600"	"10"	"0x209E00"	"10"	"10"	"使用しない"	"Do Not Use"
"BTL.BIN"	"0x209E20"	"2137632"	"42"	"0x209E20"	"100"	"42"	"「<r使用不可|しようふか>」は、<r奥義|おうぎ>が<r使|つか>えなくなるので<r注意|ちゅうい>してください。"	"If set to ""Off"", Ultimates cannot be used."
"BTL.BIN"	"0x209E90"	"2137744"	"55"	"0x209E90"	"106"	"55"	"「ランダム」にすると<r入力勝負|にゅうりょくしょうぶ>の<r方法|ほうほう>が<r毎回変化|まいかいへんか>します。"	"If set to ""Random"", the input battle changes each time."
"BTL.BIN"	"0x209F00"	"2137856"	"54"	"0x209F00"	"72"	"54"	"「コマンド」にするとボタンの<r入力勝負|にゅうりょくしょうぶ>になります。"	"If set to ""Command"", it becomes a button input battle."
"BTL.BIN"	"0x209F50"	"2137936"	"54"	"0x209F50"	"88"	"54"	"「タイミング」にするとボタンをタイミング<r良|よ>く<r押|お>す<r勝負|しょうぶ>になります。"	"If set to ""Timing"", press the button with good timing."
"BTL.BIN"	"0x209FB0"	"2138032"	"67"	"0x209FB0"	"128"	"67"	"「<r回転|かいてん>」にすると<r左|ひだり>スティック、もしくは<r右|みぎ>スティックの<r回転数勝負|かいてんすうしょうぶ>になります。"	"If set to ""Rotate"", it becomes a left/right stick rotation contest."
"BTL.BIN"	"0x20A040"	"2138176"	"54"	"0x20A040"	"72"	"54"	"「<r連打|れんだ>」にするとボタンの<r連打勝負|れんだしょうぶ>になります。"	"If set to ""Mash"", it becomes a button-mashing contest."
"BTL.BIN"	"0x20A0B0"	"2138288"	"59"	"0x20A0B0"	"108"	"59"	"「<r通常|つうじょう>」にすると<r一定時間|いっていじかん>で<r体力|たいりょく>が<r全回復|ぜんかいふく>します。"	"If set to ""Normal"", health fully recovers after a set time."
"BTL.BIN"	"0x20A120"	"2138400"	"62"	"0x20A120"	"120"	"62"	"「<r半分|はんぶん>」にすると<r一定時間|いっていじかん>で<r体力|たいりょく>が<r半分|はんぶん>まで<r回復|かいふく>します。"	"If set to ""Half"", health recovers up to half after a set time."
"BTL.BIN"	"0x20A1A0"	"2138528"	"57"	"0x20A1A0"	"92"	"57"	"「ギリギリ」にすると<r常|つね>に<r体力|たいりょく>がギリギリの<r状態|じょうたい>になります。"	"If set to ""Close"", health always stays barely above zero."
"BTL.BIN"	"0x20A210"	"2138640"	"4"	"0x20A210"	"8"	"4"	"対戦時間"	"Time"
"BTL.BIN"	"0x20A220"	"2138656"	"5"	"0x20A220"	"12"	"5"	"アイテム出現"	"Items"
"BTL.BIN"	"0x20A230"	"2138672"	"6"	"0x20A230"	"8"	"6"	"チャクラ"	"Chakra"
"BTL.BIN"	"0x20A240"	"2138688"	"8"	"0x20A240"	"16"	"8"	"ハンディキャップ"	"Handicap"
"BTL.BIN"	"0x20A280"	"2138752"	"39"	"0x20A280"	"92"	"39"	"<r方向|ほうこう>キー<r左右|さゆう>で<r対戦時間|たいせんじかん>の<r変更|へんこう>ができます。"	"Press Left/Right to change battle time."
"BTL.BIN"	"0x20A2E0"	"2138848"	"40"	"0x20A2E0"	"84"	"40"	"<r方向|ほうこう>キー<r左右|さゆう>でＣＯＭの<r強|つよ>さを<r変更|へんこう>できます。"	"Press Left/Right to change COM strength."
"BTL.BIN"	"0x20A340"	"2138944"	"97"	"0x20A340"	"226"	"97"	"<r方向|ほうこう>キー<r左右|さゆう>でアイテムの<r出現率|しゅつげんりつ>が<r変更|へんこう>できます。　　　　　<r多|おお>めにすると、いつもよりゲーム<r中|ちゅう>に<r出現|しゅつげん>するアイテムの<r数|かず>が<r多|おお>くなります。"	"Press Left/Right to change item spawn rate. Higher settings make more items appear during battle."
"BTL.BIN"	"0x20A430"	"2139184"	"89"	"0x20A430"	"158"	"89"	"<r方向|ほうこう>キー<r左右|さゆう>で<r忍術|にんじゅつ>などを<r使用|しよう>した<r時|とき>に、チャクラが<r減|へ>るか<r減|へ>らないかを<r設定|せってい>できます。"	"Press Left/Right to set whether chakra decreases when using Ninjutsu and similar actions."
"BTL.BIN"	"0x20A4D0"	"2139344"	"62"	"0x20A4D0"	"138"	"62"	"<r方向|ほうこう>キー<r左右|さゆう>で<r奥義|おうぎ>の<r入力勝負|にゅうりょくしょうぶ>の<r切|き>り<r替|か>えなどが<r設定|せってい>できます。"	"Press Left/Right to switch the Ultimate input battle settings."
"BTL.BIN"	"0x20A560"	"2139488"	"84"	"0x20A560"	"244"	"84"	"<r方向|ほうこう>キー<r左右|さゆう>でハンディキャップの<r設定|せってい>ができます。　　　　　<r赤|あか>いマークが<r多|おお>いほど、１Ｐが<r有利|ゆうり>。<r逆|ぎゃく>に<r青|あお>いマークが<r多|おお>いと２Ｐが<r有利|ゆうり>な<r設定|せってい>です。"	"Press Left/Right to set handicap. More red marks favor 1P; more blue marks favor 2P."
"BTL.BIN"	"0x20A680"	"2139776"	"36"	"0x20A680"	"62"	"36"	"<r対戦設定|たいせんせってい>をデフォルトに<r戻|もど>しました。"	"Battle settings restored to default."
"BTL.BIN"	"0x20A748"	"2139976"	"8"	"0x20A748"	"8"	"8"	"連係攻撃"	"Team Atk"
"BTL.BIN"	"0x20A758"	"2139992"	"9"	"0x20A758"	"10"	"9"	"連係モード"	"Team Mode"
"BTL.BIN"	"0x20A768"	"2140008"	"11"	"0x20A768"	"12"	"11"	"コマンド表示"	"Cmd Display"
"BTL.BIN"	"0x20A778"	"2140024"	"11"	"0x20A778"	"14"	"11"	"ダメージ量表示"	"Dmg Display"
"BTL.BIN"	"0x20A788"	"2140040"	"5"	"0x20A788"	"10"	"5"	"案内忍音声"	"Voice"
"BTL.BIN"	"0x20A798"	"2140056"	"12"	"0x20A798"	"12"	"12"	"変わり身の術"	"Substitution"
"BTL.BIN"	"0x20A7A8"	"2140072"	"11"	"0x20A7A8"	"12"	"11"	"追い討ち返し"	"Pursuit Ctr"
"BTL.BIN"	"0x20A810"	"2140176"	"44"	"0x20A810"	"124"	"44"	"<r方向|ほうこう>キー<r左右|さゆう>でプレイヤーの<r体力|たいりょく>の<r状態|じょうたい>を<r設定|せってい>することができます。"	"Press Left/Right to set player health state."
"BTL.BIN"	"0x20A890"	"2140304"	"49"	"0x20A890"	"102"	"49"	"<r方向|ほうこう>キー<r左右|さゆう>でチャクラが<r減|へ>るか<r減|へ>らないかを<r設定|せってい>できます。"	"Press Left/Right to set whether chakra decreases."
"BTL.BIN"	"0x20A900"	"2140416"	"49"	"0x20A900"	"132"	"49"	"<r方向|ほうこう>キー<r左右|さゆう>でプレイヤーの<r連係|れんけい>ゲージの<r溜|た>まり<r方|かた>を<r設定|せってい>することができます。"	"Press Left/Right to set how the team gauge fills."
"BTL.BIN"	"0x20A990"	"2140560"	"55"	"0x20A990"	"124"	"55"	"<r方向|ほうこう>キー<r左右|さゆう>で<r連係|れんけい>の<r発動|はつどう>の<r仕方|しかた>を<r設定|せってい>することができます。"	"Press Left/Right to set how team attacks are activated."
"BTL.BIN"	"0x20AA10"	"2140688"	"45"	"0x20AA10"	"102"	"45"	"<r方向|ほうこう>キー<r左右|さゆう>でアイテムの<r出現頻度|しゅつげんひんど>を<r設定|せってい>できます。"	"Press Left/Right to set item spawn frequency."
"BTL.BIN"	"0x20AA80"	"2140800"	"49"	"0x20AA80"	"110"	"49"	"<r方向|ほうこう>キー<r左右|さゆう>でコマンドの<r表示|ひょうじ>をするか、しないかの<r設定|せってい>ができます。"	"Press Left/Right to show or hide command display."
"BTL.BIN"	"0x20AAF0"	"2140912"	"62"	"0x20AAF0"	"152"	"62"	"<r方向|ほうこう>キー<r左右|さゆう>で<r相手|あいて>に<r対|たい>するダメージ<r量|りょう>の<r表示|ひょうじ>をするか、しないかの<r設定|せってい>ができます。"	"Press Left/Right to show or hide damage dealt to the opponent."
"BTL.BIN"	"0x20AB90"	"2141072"	"55"	"0x20AB90"	"136"	"55"	"<r方向|ほうこう>キー<r左右|さゆう>でプラクティス<r中|ちゅう>の<r案内忍音声|あんないにんおんせい>の<r設定|せってい>をすることができます。"	"Press Left/Right to set the practice guide ninja voice."
"BTL.BIN"	"0x20AC20"	"2141216"	"42"	"0x20AC20"	"108"	"42"	"<r状態|じょうたい>が「ＣＯＭ」に<r設定|せってい>されている<r時|とき>の<r強|つよ>さを<r指定|してい>できます。"	"Set COM strength when State is set to COM."
"BTL.BIN"	"0x20AC90"	"2141328"	"61"	"0x20AC90"	"158"	"61"	"<r状態|じょうたい>が「<r立|た>ち・ジャンプ・<r二段|にだん>ジャンプ」に<r設定|せってい>されている<r時|とき>の<r攻撃|こうげき>パターンを<r指定|してい>できます。"	"Set attack pattern when State is Stand, Jump, or Double Jump."
"BTL.BIN"	"0x20AD30"	"2141488"	"60"	"0x20AD30"	"148"	"60"	"<r状態|じょうたい>が「<r立|た>ち・ジャンプ・<r二段|にだん>ジャンプ」に<r設定|せってい>されている<r時|とき>のガードパターンを<r指定|してい>できます。"	"Set guard pattern when State is Stand, Jump, or Double Jump."
"BTL.BIN"	"0x20ADD0"	"2141648"	"63"	"0x20ADD0"	"158"	"63"	"<r状態|じょうたい>が「<r立|た>ち・ジャンプ・<r二段|にだん>ジャンプ」に<r設定|せってい>されている<r時|とき>の<r行動|こうどう>パターンを<r指定|してい>できます。"	"Set behavior pattern when State is Stand, Jump, or Double Jump."
"BTL.BIN"	"0x20AE70"	"2141808"	"45"	"0x20AE70"	"156"	"45"	"<r状態|じょうたい>が「ＣＯＭ」に<r設定|せってい>されている<r時|とき>の<r変|か>わり<r身|み>の<r術|じゅつ>の<r使用頻度|しようひんど>を<r指定|してい>できます。"	"Set Substitution frequency when State is COM."
"BTL.BIN"	"0x20AF10"	"2141968"	"51"	"0x20AF10"	"174"	"51"	"<r状態|じょうたい>が「<r手動|しゅどう>」<r以外|いがい>に<r設定|せってい>されている<r時|とき>の<r連係攻撃|れんけいこうげき>の<r使用頻度|しようひんど>を<r指定|してい>できます。"	"Set Team Attack frequency when State is not Manual."
"BTL.BIN"	"0x20AFC0"	"2142144"	"55"	"0x20AFC0"	"168"	"55"	"<r状態|じょうたい>が「<r手動|しゅどう>」<r以外|いがい>に<r設定|せってい>されている<r時|とき>の<r追|お>い<r討|う>ち<r返|がえ>しの<r頻度|ひんど>を<r指定|してい>できます。"	"Set Pursuit Counter frequency when State is not Manual."
"BTL.BIN"	"0x20B0C0"	"2142400"	"68"	"0x20B0C0"	"164"	"68"	"<r対戦|たいせん><r相手|あいて>の<r状態|じょうたい>を<r指定|してい>できます。<r手動|しゅどう>では、<r別|べつ>のコントローラで<r操作|そうさ>する<r事|こと>ができます。"	"Set opponent state. In Manual, control them with another controller."
"BTL.BIN"	"0x20B170"	"2142576"	"55"	"0x20B170"	"144"	"55"	"<r対戦|たいせん><r相手|あいて>の<r状態|じょうたい>を<r指定|してい>できます。ＣＯＭでは、コンピュータと<r対戦|たいせん>する<r事|こと>ができます。"	"Set opponent state. In COM, fight against the computer."
"BTL.BIN"	"0x20B210"	"2142736"	"69"	"0x20B210"	"182"	"69"	"<r対戦|たいせん><r相手|あいて>の<r状態|じょうたい>を<r指定|してい>できます。<r立|た>ちでは、<r立|た>った<r状態|じょうたい>で<r下記|かき>で<r指定|してい>した<r行動|こうどう>をします。"	"Set opponent state. Stand makes them stand and use the actions below."
"BTL.BIN"	"0x20B2D0"	"2142928"	"67"	"0x20B2D0"	"164"	"67"	"<r対戦|たいせん><r相手|あいて>の<r状態|じょうたい>を<r指定|してい>できます。ジャンプでは、ジャンプしながら<r下記|かき>で<r指定|してい>した<r行動|こうどう>をします。"	"Set opponent state. Jump makes them jump and use the actions below."
"BTL.BIN"	"0x20B380"	"2143104"	"81"	"0x20B380"	"192"	"81"	"<r対戦|たいせん><r相手|あいて>の<r状態|じょうたい>を<r指定|してい>できます。<r二段|にだん>ジャンプでは、<r二段|にだん>ジャンプしながら<r下記|かき>で<r指定|してい>した<r行動|こうどう>をします。"	"Set opponent state. Double Jump makes them double-jump and use the actions below."
"BTL.BIN"	"0x20B468"	"2143336"	"12"	"0x20B468"	"14"	"12"	"対戦相手の設定"	"Opponent Set"
"BTL.BIN"	"0x20B4D0"	"2143440"	"38"	"0x20B4D0"	"64"	"38"	"<r練習設定|れんしゅうせってい>をデフォルトに<r戻|もど>しました。"	"Practice settings restored to default."
"BTL.BIN"	"0x20B7F8"	"2144248"	"7"	"0x20B7F8"	"8"	"7"	"連係攻撃"	"TeamAtk"
"ETC.BIN"	"0x24F50"	"151376"	"16"	"0x24F50"	"70"	"16"	"<color080860>コレクション<color000000>を<r終了|しゅうりょう>しますか？"	"Quit Collection?"
"ETC.BIN"	"0x24F98"	"151448"	"14"	"0x24F98"	"14"	"14"	"うずまきナルト"	"Naruto Uzumaki"
"ETC.BIN"	"0x24FB0"	"151472"	"13"	"0x24FB0"	"20"	"13"	"<r春野|はるの>サクラ"	"Sakura Haruno"
"ETC.BIN"	"0x24FE0"	"151520"	"10"	"0x24FE0"	"20"	"10"	"<r日向|ひゅうが>ネジ"	"Neji Hyuga"
"ETC.BIN"	"0x24FF8"	"151544"	"8"	"0x24FF8"	"12"	"8"	"ロック・リー"	"Rock Lee"
"ETC.BIN"	"0x25008"	"151560"	"6"	"0x25008"	"8"	"6"	"テンテン"	"Tenten"
"ETC.BIN"	"0x25018"	"151576"	"9"	"0x25018"	"12"	"9"	"マイト・ガイ"	"Might Guy"
"ETC.BIN"	"0x25030"	"151600"	"14"	"0x25030"	"20"	"14"	"<r奈良|なら>シカマル"	"Shikamaru Nara"
"ETC.BIN"	"0x25050"	"151632"	"14"	"0x25050"	"24"	"14"	"<r秋道|あきみち>チョウジ"	"Choji Akimichi"
"ETC.BIN"	"0x25070"	"151664"	"12"	"0x25070"	"20"	"12"	"<r山中|やまなか>いの"	"Ino Yamanaka"
"ETC.BIN"	"0x25090"	"151696"	"14"	"0x25090"	"22"	"14"	"<r猿飛|さるとび>アスマ"	"Asuma Sarutobi"
"ETC.BIN"	"0x250B0"	"151728"	"12"	"0x250B0"	"20"	"12"	"<r犬塚|いぬづか>キバ"	"Kiba Inuzuka"
"ETC.BIN"	"0x250D0"	"151760"	"13"	"0x250D0"	"20"	"13"	"<r油女|あぶらめ>シノ"	"Shino Aburame"
"ETC.BIN"	"0x250F0"	"151792"	"12"	"0x250F0"	"22"	"12"	"<r日向|ひゅうが>ヒナタ"	"Hinata Hyuga"
"ETC.BIN"	"0x25110"	"151824"	"12"	"0x25110"	"28"	"12"	"<r夕日|ゆうひ><r紅|くれない>"	"Kurenai Yuhi"
"ETC.BIN"	"0x25130"	"151856"	"14"	"0x25130"	"34"	"14"	"<r風影|かぜかげ>・<r我愛羅|ガアラ>"	"Kazekage Gaara"
"ETC.BIN"	"0x25158"	"151896"	"7"	"0x25158"	"10"	"7"	"カンクロウ"	"Kankuro"
"ETC.BIN"	"0x25170"	"151920"	"16"	"0x25170"	"30"	"16"	"チヨバア（<r体術|たいじゅつ>）"	"Chiyo (Taijutsu)"
"ETC.BIN"	"0x251A0"	"151968"	"16"	"0x251A0"	"26"	"16"	"<r干柿鬼鮫|ほしがきキサメ>"	"Kisame Hoshigaki"
"ETC.BIN"	"0x251C0"	"152000"	"7"	"0x251C0"	"8"	"7"	"デイダラ"	"Deidara"
"ETC.BIN"	"0x251D0"	"152016"	"13"	"0x251D0"	"14"	"13"	"サソリ・ヒルコ"	"Sasori Hiruko"
"ETC.BIN"	"0x251E0"	"152032"	"5"	"0x251E0"	"8"	"5"	"チヨバア"	"Chiyo"
"ETC.BIN"	"0x251F0"	"152048"	"7"	"0x251F0"	"18"	"7"	"<r自来也|じらいや>"	"Jiraiya"
"ETC.BIN"	"0x25208"	"152072"	"7"	"0x25208"	"14"	"7"	"<r綱手|ツナデ>"	"Tsunade"
"ETC.BIN"	"0x25220"	"152096"	"10"	"0x25220"	"20"	"10"	"<r大蛇丸|オロチまる>"	"Orochimaru"
"ETC.BIN"	"0x25240"	"152128"	"14"	"0x25240"	"20"	"14"	"<r薬師|やくし>カブト"	"Kabuto Yakushi"
"ETC.BIN"	"0x25270"	"152176"	"13"	"0x25270"	"54"	"13"	"<r九尾第四覚醒状態|きゅうびだいよんかくせいじょうたい>"	"4-Tail Naruto"
"ETC.BIN"	"0x252B0"	"152240"	"15"	"0x252B0"	"34"	"15"	"サソリ（<r自分傀儡|じぶんくぐつ>）"	"Sasori (Puppet)"
"ETC.BIN"	"0x252E0"	"152288"	"12"	"0x252E0"	"38"	"12"	"うずまきナルト（<r旧章|きゅうしょう>）"	"Naruto (PTS)"
"ETC.BIN"	"0x25310"	"152336"	"12"	"0x25310"	"36"	"12"	"うちはサスケ（<r旧章|きゅうしょう>）"	"Sasuke (PTS)"
"ETC.BIN"	"0x25340"	"152384"	"12"	"0x25340"	"44"	"12"	"<r春野|はるの>サクラ（<r旧章|きゅうしょう>）"	"Sakura (PTS)"
"ETC.BIN"	"0x25370"	"152432"	"10"	"0x25370"	"44"	"10"	"<r日向|ひゅうが>ネジ（<r旧章|きゅうしょう>）"	"Neji (PTS)"
"ETC.BIN"	"0x253A0"	"152480"	"9"	"0x253A0"	"36"	"9"	"ロック・リー（<r旧章|きゅうしょう>）"	"Lee (PTS)"
"ETC.BIN"	"0x253D0"	"152528"	"12"	"0x253D0"	"32"	"12"	"テンテン（<r旧章|きゅうしょう>）"	"Tenten (PTS)"
"ETC.BIN"	"0x25400"	"152576"	"15"	"0x25400"	"44"	"15"	"<r奈良|なら>シカマル（<r旧章|きゅうしょう>）"	"Shikamaru (PTS)"
"ETC.BIN"	"0x25430"	"152624"	"11"	"0x25430"	"48"	"11"	"<r秋道|あきみち>チョウジ（<r旧章|きゅうしょう>）"	"Choji (PTS)"
"ETC.BIN"	"0x25470"	"152688"	"9"	"0x25470"	"44"	"9"	"<r山中|やまなか>いの（<r旧章|きゅうしょう>）"	"Ino (PTS)"
"ETC.BIN"	"0x254A0"	"152736"	"10"	"0x254A0"	"44"	"10"	"<r犬塚|いぬづか>キバ（<r旧章|きゅうしょう>）"	"Kiba (PTS)"
"ETC.BIN"	"0x254D0"	"152784"	"11"	"0x254D0"	"44"	"11"	"<r油女|あぶらめ>シノ（<r旧章|きゅうしょう>）"	"Shino (PTS)"
"ETC.BIN"	"0x25500"	"152832"	"12"	"0x25500"	"46"	"12"	"<r日向|ひゅうが>ヒナタ（<r旧章|きゅうしょう>）"	"Hinata (PTS)"
"ETC.BIN"	"0x25530"	"152880"	"12"	"0x25530"	"22"	"12"	"<r日向|ひゅうが>ハナビ"	"Hanabi Hyuga"
"ETC.BIN"	"0x25550"	"152912"	"16"	"0x25550"	"40"	"16"	"<r木|こ>ノ<r葉丸|はまる><r軍団|ぐんだん>"	"Konohamaru Corps"
"ETC.BIN"	"0x25580"	"152960"	"14"	"0x25580"	"14"	"14"	"みたらしアンコ"	"Anko Mitarashi"
"ETC.BIN"	"0x25590"	"152976"	"10"	"0x25590"	"26"	"10"	"<r初代火影|しょだいほかげ>"	"1st Hokage"
"ETC.BIN"	"0x255B0"	"153008"	"10"	"0x255B0"	"28"	"10"	"<r二代目火影|にだいめほかげ>"	"2nd Hokage"
"ETC.BIN"	"0x255D0"	"153040"	"10"	"0x255D0"	"30"	"10"	"<r三代目火影|さんだいめほかげ>"	"3rd Hokage"
"ETC.BIN"	"0x255F0"	"153072"	"12"	"0x255F0"	"32"	"12"	"<r黄色|きいろ>い<r閃光|せんこう>"	"Yellow Flash"
"ETC.BIN"	"0x25620"	"153120"	"11"	"0x25620"	"56"	"11"	"<r砂瀑|さばく>の<r我愛羅|ガアラ>（<r旧章|きゅうしょう>）"	"Gaara (PTS)"
"ETC.BIN"	"0x25660"	"153184"	"13"	"0x25660"	"34"	"13"	"カンクロウ（<r旧章|きゅうしょう>）"	"Kankuro (PTS)"
"ETC.BIN"	"0x25690"	"153232"	"12"	"0x25690"	"30"	"12"	"テマリ（<r旧章|きゅうしょう>）"	"Temari (PTS)"
"ETC.BIN"	"0x256B0"	"153264"	"8"	"0x256B0"	"18"	"8"	"<r君麻呂|キミマロ>"	"Kimimaro"
"ETC.BIN"	"0x256C8"	"153288"	"5"	"0x256C8"	"14"	"5"	"<r左近|サコン>"	"Sakon"
"ETC.BIN"	"0x256E0"	"153312"	"6"	"0x256E0"	"16"	"6"	"<r多由也|タユヤ>"	"Tayuya"
"ETC.BIN"	"0x25700"	"153344"	"8"	"0x25700"	"20"	"8"	"<r鬼童丸|キドウマル>"	"Kidomaru"
"ETC.BIN"	"0x25720"	"153376"	"6"	"0x25720"	"20"	"6"	"<r次郎坊|ジロウボウ>"	"Jirobo"
"ETC.BIN"	"0x25740"	"153408"	"14"	"0x25740"	"30"	"14"	"<r桃地|ももち><r再不斬|ザブザ>"	"Zabuza Momochi"
"ETC.BIN"	"0x25760"	"153440"	"4"	"0x25760"	"10"	"4"	"<r白|ハク>"	"Haku"
"ETC.BIN"	"0x25770"	"153456"	"19"	"0x25770"	"34"	"19"	"うずまきナルト（<r九尾|きゅうび>）"	"Naruto (Nine-Tails)"
"ETC.BIN"	"0x257A0"	"153504"	"14"	"0x257A0"	"32"	"14"	"うちはサスケ<r状態|じょうたい>２"	"Sasuke State 2"
"ETC.BIN"	"0x257D0"	"153552"	"11"	"0x257D0"	"18"	"11"	"すい<r拳|けん>リー"	"Drunken Lee"
"ETC.BIN"	"0x257F0"	"153584"	"13"	"0x257F0"	"34"	"13"	"<r憑依体我愛羅|ひょういたいガアラ>"	"Shukaku Gaara"
"ETC.BIN"	"0x25820"	"153632"	"11"	"0x25820"	"20"	"11"	"<r超|ちょう>チョウジ"	"Super Choji"
"ETC.BIN"	"0x25840"	"153664"	"14"	"0x25840"	"40"	"14"	"<r次郎坊|ジロウボウ><r状態|じょうたい>２"	"Jirobo State 2"
"ETC.BIN"	"0x25870"	"153712"	"16"	"0x25870"	"40"	"16"	"<r鬼童丸|キドウマル><r状態|じょうたい>２"	"Kidomaru State 2"
"ETC.BIN"	"0x258A0"	"153760"	"14"	"0x258A0"	"36"	"14"	"<r多由也|タユヤ><r状態|じょうたい>２"	"Tayuya State 2"
"ETC.BIN"	"0x258D0"	"153808"	"13"	"0x258D0"	"34"	"13"	"<r左近|サコン><r状態|じょうたい>２"	"Sakon State 2"
"ETC.BIN"	"0x25900"	"153856"	"16"	"0x25900"	"38"	"16"	"<r君麻呂|キミマロ><r状態|じょうたい>２"	"Kimimaro State 2"
"ETC.BIN"	"0x25928"	"153896"	"7"	"0x25928"	"8"	"7"	"ジオラマ"	"Diorama"
"ETC.BIN"	"0x25D00"	"154880"	"12"	"0x25D00"	"36"	"12"	"<r影分身|かげぶんしん>の<r術|じゅつ>"	"Shadow Clone"
"ETC.BIN"	"0x25D40"	"154944"	"7"	"0x25D40"	"16"	"7"	"<r暴走|ぼうそう>"	"Rampage"
"ETC.BIN"	"0x25D70"	"154992"	"13"	"0x25D70"	"34"	"13"	"<r気|き>を<r引|ひ>き<r締|し>めて…"	"Stay Sharp..."
"ETC.BIN"	"0x25DB0"	"155056"	"11"	"0x25DB0"	"18"	"11"	"<r女|おんな>らしく"	"Like a Lady"
"ETC.BIN"	"0x25DE0"	"155104"	"11"	"0x25DE0"	"30"	"11"	"<r拳|こぶし>に<r力|ちから>を！"	"Power Fist!"
"ETC.BIN"	"0x25E10"	"155152"	"18"	"0x25E10"	"46"	"18"	"<r忍法|にんぽう>・<r超獣偽画|ちょうじゅうぎが>"	"Super Beast Scroll"
"ETC.BIN"	"0x25E50"	"155216"	"6"	"0x25E50"	"16"	"6"	"<r索敵|さくてき>"	"Search"
"ETC.BIN"	"0x25E80"	"155264"	"6"	"0x25E80"	"16"	"6"	"<r飛翔|ひしょう>"	"Flight"
"ETC.BIN"	"0x25EF0"	"155376"	"12"	"0x25EF0"	"28"	"12"	"<r牽制攻撃|けんせいこうげき>"	"Feint Attack"
"ETC.BIN"	"0x25F20"	"155424"	"13"	"0x25F20"	"28"	"13"	"<r忍犬口寄|にんけんくちよ>せ"	"Ninken Summon"
"ETC.BIN"	"0x25F50"	"155472"	"11"	"0x25F50"	"18"	"11"	"<r柔拳|じゅうけん>"	"Gentle Fist"
"ETC.BIN"	"0x25F80"	"155520"	"8"	"0x25F80"	"28"	"8"	"<r八卦空掌|はっけくうしょう>"	"Air Palm"
"ETC.BIN"	"0x25FE0"	"155616"	"13"	"0x25FE0"	"26"	"13"	"<r戦闘姿勢|せんとうしせい>"	"Battle Stance"
"ETC.BIN"	"0x26010"	"155664"	"16"	"0x26010"	"32"	"16"	"<r木|こ>ノ<r葉昇風|はしょうふう>"	"Leaf Rising Wind"
"ETC.BIN"	"0x26050"	"155728"	"13"	"0x26050"	"32"	"13"	"<r限界|げんかい>を<r超|こ>えろ！"	"Break Limits!"
"ETC.BIN"	"0x26090"	"155792"	"9"	"0x26090"	"36"	"9"	"<r忍具|にんぐ>の<r使|つか>い<r手|て>"	"Tool User"
"ETC.BIN"	"0x260D0"	"155856"	"14"	"0x260D0"	"24"	"14"	"<r棒体術|ぼうたいじゅつ>"	"Staff Taijutsu"
"ETC.BIN"	"0x26140"	"155968"	"17"	"0x26140"	"38"	"17"	"<r熱血青春|ねっけつせいしゅん>ポーズ！"	"Hot-Blooded Pose!"
"ETC.BIN"	"0x26180"	"156032"	"15"	"0x26180"	"22"	"15"	"<r朝孔雀|あさくじゃく>"	"Morning Peacock"
"ETC.BIN"	"0x261B0"	"156080"	"10"	"0x261B0"	"20"	"10"	"<r開門|かいもん>ッ！"	"Open Gate!"
"ETC.BIN"	"0x261E8"	"156136"	"5"	"0x261E8"	"10"	"5"	"ホラよっ！"	"Here!"
"ETC.BIN"	"0x26210"	"156176"	"16"	"0x26210"	"34"	"16"	"<r忍法|にんぽう>・<r影縫|かげぬ>い"	"Shadow Stitching"
"ETC.BIN"	"0x26320"	"156448"	"11"	"0x26320"	"16"	"11"	"かわいさアピール"	"Cute Appeal"
"ETC.BIN"	"0x26350"	"156496"	"13"	"0x26350"	"26"	"13"	"<r綺麗|きれい>な<r花|はな>"	"Pretty Flower"
"ETC.BIN"	"0x263A0"	"156576"	"6"	"0x263A0"	"20"	"6"	"<r装着|そうちゃく>！"	"Equip!"
"ETC.BIN"	"0x263D0"	"156624"	"6"	"0x263D0"	"18"	"6"	"<r一閃|いっせん>！"	"Flash!"
"ETC.BIN"	"0x26400"	"156672"	"8"	"0x26400"	"18"	"8"	"<r登場|とうじょう>"	"Entrance"
"ETC.BIN"	"0x26458"	"156760"	"8"	"0x26458"	"14"	"8"	"ダイナミック！"	"Dynamic!"
"ETC.BIN"	"0x26480"	"156800"	"9"	"0x26480"	"26"	"9"	"<r静|しず>かな<r男|おとこ>"	"Quiet Man"
"ETC.BIN"	"0x264B0"	"156848"	"16"	"0x264B0"	"22"	"16"	"<r寄壊蟲|きかいちゅう>"	"Destruction Bugs"
"ETC.BIN"	"0x26580"	"157056"	"12"	"0x26580"	"18"	"12"	"<r掌打|しょうだ>！"	"Palm Strike!"
"ETC.BIN"	"0x265E0"	"157152"	"17"	"0x265E0"	"30"	"17"	"<r幻術発動|げんじゅつはつどう>"	"Genjutsu Activate"
"ETC.BIN"	"0x26610"	"157200"	"11"	"0x26610"	"12"	"11"	"こんなものね"	"That's That"
"ETC.BIN"	"0x26630"	"157232"	"8"	"0x26630"	"14"	"8"	"<r威圧|いあつ>"	"Pressure"
"ETC.BIN"	"0x26650"	"157264"	"10"	"0x26650"	"22"	"10"	"<r砂|すな>の<r殻|から>"	"Sand Shell"
"ETC.BIN"	"0x26680"	"157312"	"12"	"0x26680"	"16"	"12"	"<r逃|に>がさん…"	"No Escape..."
"ETC.BIN"	"0x266C0"	"157376"	"13"	"0x266C0"	"32"	"13"	"<r傀儡|くぐつ>の<r巻物|まきもの>"	"Puppet Scroll"
"ETC.BIN"	"0x26730"	"157488"	"9"	"0x26730"	"26"	"9"	"<r巨大扇子|きょだいせんす>"	"Giant Fan"
"ETC.BIN"	"0x26800"	"157696"	"17"	"0x26800"	"22"	"17"	"<r父|ちち>と<r母|はは>"	"Father and Mother"
"ETC.BIN"	"0x26880"	"157824"	"10"	"0x26880"	"24"	"10"	"<r鋭|するど>い<r蹴|け>り"	"Sharp Kick"
"ETC.BIN"	"0x268B0"	"157872"	"10"	"0x268B0"	"22"	"10"	"<r幻術|げんじゅつ>！？"	"Genjutsu!?"
"ETC.BIN"	"0x26920"	"157984"	"8"	"0x26920"	"34"	"8"	"<r大刀|だいとう>・<r鮫肌|サメハダ>"	"Samehada"
"ETC.BIN"	"0x269D0"	"158160"	"7"	"0x269D0"	"30"	"7"	"<r芸術作品|げいじゅつさくひん>"	"Artwork"
"ETC.BIN"	"0x26A00"	"158208"	"18"	"0x26A00"	"28"	"18"	"<r空|そら>から<r攻|せ>める！"	"Attack from Above!"
"ETC.BIN"	"0x26A30"	"158256"	"15"	"0x26A30"	"36"	"15"	"<r完璧|かんぺき>なる<r攻守|こうしゅ>"	"Perfect Off/Def"
"ETC.BIN"	"0x26A70"	"158320"	"8"	"0x26A70"	"40"	"8"	"<r一番|いちばん>のお<r気|き>に<r入|い>り"	"Favorite"
"ETC.BIN"	"0x26AB0"	"158384"	"6"	"0x26AB0"	"24"	"6"	"<r自分自身|じぶんじしん>"	"Myself"
"ETC.BIN"	"0x26B10"	"158480"	"11"	"0x26B10"	"48"	"11"	"<r四代目|よんだいめ>が<r遺|のこ>した<r術|じゅつ>"	"4th's Jutsu"
"ETC.BIN"	"0x26B60"	"158560"	"9"	"0x26B60"	"24"	"9"	"<r蝦蟇仙人|ガマせんにん>"	"Toad Sage"
"ETC.BIN"	"0x26C00"	"158720"	"11"	"0x26C00"	"24"	"11"	"<r痛天脚|つうてんきゃく>"	"Heaven Kick"
"ETC.BIN"	"0x26C70"	"158832"	"7"	"0x26C70"	"18"	"7"	"<r突撃|とつげき>！"	"Charge!"
"ETC.BIN"	"0x26CF0"	"158960"	"17"	"0x26CF0"	"42"	"17"	"<r木遁|もくとん>・<r木錠壁|もくじょうへき>"	"Wood Locking Wall"
"ETC.BIN"	"0x26D30"	"159024"	"14"	"0x26D30"	"26"	"14"	"<r不敵|ふてき>な<r笑|え>み"	"Fearless Smile"
"ETC.BIN"	"0x26D60"	"159072"	"20"	"0x26D60"	"32"	"20"	"<r潜影多蛇手|せんえいたじゃしゅ>"	"Hidden Shadow Snakes"
"ETC.BIN"	"0x26DA0"	"159136"	"6"	"0x26DA0"	"34"	"6"	"<r脅威|きょうい>の<r存在|そんざい>"	"Threat"
"ETC.BIN"	"0x26DE0"	"159200"	"19"	"0x26DE0"	"42"	"19"	"<r大蛇丸|オロチまる>への<r忠誠|ちゅうせい>"	"Loyal to Orochimaru"
"ETC.BIN"	"0x26E40"	"159296"	"5"	"0x26E40"	"8"	"5"	"ストック"	"Stock"
"ETC.BIN"	"0x26EC8"	"159432"	"7"	"0x26EC8"	"14"	"7"	"<r千鳥|ちどり>"	"Chidori"
"ETC.BIN"	"0x28610"	"165392"	"14"	"0x28610"	"34"	"14"	"<r雷切|らいきり>・<r一尖|いっせん>"	"Raikiri: Issen"
"ETC.BIN"	"0x28670"	"165488"	"13"	"0x28670"	"24"	"13"	"コピー<r忍術|にんじゅつ>"	"Copy Ninjutsu"
"ETC.BIN"	"0x286C0"	"165568"	"8"	"0x286C0"	"42"	"8"	"<r八卦六十四掌|はっけろくじゅうよんしょう>"	"64 Palms"
"ETC.BIN"	"0x28AE0"	"166624"	"11"	"0x28AE0"	"20"	"11"	"<r砂縛牢|さばくろう>"	"Sand Prison"
"ETC.BIN"	"0x29740"	"169792"	"14"	"0x29740"	"18"	"14"	"<r牙通牙|がつうが>"	"Fang Over Fang"
"ETC.BIN"	"0x29760"	"169824"	"9"	"0x29760"	"18"	"9"	"<r牙狼牙|がろうが>"	"Wolf Fang"
"ETC.BIN"	"0x29830"	"170032"	"8"	"0x29830"	"18"	"8"	"<r白眼|びゃくがん>"	"Byakugan"
"ETC.BIN"	"0x29A60"	"170592"	"13"	"0x29A60"	"34"	"13"	"<r飛雷神|ひらいしん>の<r術|じゅつ>"	"Flying Raijin"
"ETC.BIN"	"0x29A90"	"170640"	"11"	"0x29A90"	"26"	"11"	"<r砂瀑大葬|さばくたいそう>"	"Sand Burial"
"ETC.BIN"	"0x2B2E0"	"176864"	"11"	"0x2B2E0"	"42"	"11"	"<r木|こ>ノ<r葉|は><r隠|がく>れの<r里|さと>"	"Hidden Leaf"
"ETC.BIN"	"0x2B310"	"176912"	"9"	"0x2B310"	"30"	"9"	"<r木|こ>ノ<r葉|は>の<r門|もん>"	"Leaf Gate"
"ETC.BIN"	"0x2B330"	"176944"	"15"	"0x2B330"	"38"	"15"	"<r五封結界|ごふうけっかい>の<r崖|がけ>"	"Five-Seal Cliff"
"ETC.BIN"	"0x2B360"	"176992"	"16"	"0x2B360"	"22"	"16"	"<r暁|あかつき>のアジト"	"Akatsuki Hideout"
"ETC.BIN"	"0x2B380"	"177024"	"7"	"0x2B380"	"24"	"7"	"<r根|ね>の<r本部|ほんぶ>"	"Root HQ"
"ETC.BIN"	"0x2B3A0"	"177056"	"13"	"0x2B3A0"	"22"	"13"	"<r天地橋|てんちきょう>"	"Tenchi Bridge"
"ETC.BIN"	"0x2B3C0"	"177088"	"18"	"0x2B3C0"	"28"	"18"	"<r大蛇丸|オロチまる>のアジト"	"Orochimaru Hideout"
"ETC.BIN"	"0x2B3E0"	"177120"	"17"	"0x2B3E0"	"34"	"17"	"<r大蛇|だいじゃ>の<r祭壇|さいだん>"	"Great Snake Altar"
"ETC.BIN"	"0x2B410"	"177168"	"12"	"0x2B410"	"26"	"12"	"<r賑|にぎ>わいの<r里|さと>"	"Busy Village"
"ETC.BIN"	"0x2B430"	"177200"	"14"	"0x2B430"	"30"	"14"	"<r火影|ほかげ>の<r屋敷|やしき>"	"Hokage Mansion"
"ETC.BIN"	"0x2B450"	"177232"	"16"	"0x2B450"	"28"	"16"	"<r世界|せかい>を<r駆|か>ける"	"Across the World"
"ETC.BIN"	"0x2B470"	"177264"	"11"	"0x2B470"	"30"	"11"	"<r砂隠|すながく>れの<r里|さと>"	"Hidden Sand"
"ETC.BIN"	"0x2B490"	"177296"	"12"	"0x2B490"	"32"	"12"	"<r邪傑|じゃけつ>の<r巣穴|すあな>"	"Villain Lair"
"ETC.BIN"	"0x2B4C0"	"177344"	"10"	"0x2B4C0"	"16"	"10"	"<r赤雲|せきうん>"	"Red Clouds"
"ETC.BIN"	"0x2B4E0"	"177376"	"19"	"0x2B4E0"	"30"	"19"	"<r激戦|げきせん>を<r越|こ>えて"	"After Fierce Battle"
"ETC.BIN"	"0x2B500"	"177408"	"12"	"0x2B500"	"24"	"12"	"カカシ<r道場|どうじょう>"	"Kakashi Dojo"
"ETC.BIN"	"0x2B520"	"177440"	"17"	"0x2B520"	"28"	"17"	"やすらぎと<r再会|さいかい>と"	"Peace and Reunion"
"ETC.BIN"	"0x2B540"	"177472"	"11"	"0x2B540"	"28"	"11"	"<r暗雲|あんうん><r来|きた>る"	"Dark Clouds"
"ETC.BIN"	"0x2B560"	"177504"	"16"	"0x2B560"	"34"	"16"	"<r風影|かぜかげ><r襲撃|しゅうげき>"	"Kazekage Assault"
"ETC.BIN"	"0x2B590"	"177552"	"15"	"0x2B590"	"28"	"15"	"<r緊急指令|きんきゅうしれい>"	"Emergency Order"
"ETC.BIN"	"0x2B5B0"	"177584"	"14"	"0x2B5B0"	"28"	"14"	"<r走|はし>る<r緊迫|きんぱく>"	"Rising Tension"
"ETC.BIN"	"0x2B5D0"	"177616"	"16"	"0x2B5D0"	"32"	"16"	"<r恐|おそ>ろしき<r怪人|かいじん>"	"Fearsome Monster"
"ETC.BIN"	"0x2B600"	"177664"	"14"	"0x2B600"	"32"	"14"	"<r真紅|しんく>の<r激闘|げきとう>"	"Crimson Battle"
"ETC.BIN"	"0x2B630"	"177712"	"22"	"0x2B630"	"40"	"22"	"<r闇|やみ>を<r抱|いだ>きし<r者|もの>たち"	"Those Bearing Darkness"
"ETC.BIN"	"0x2B660"	"177760"	"19"	"0x2B660"	"40"	"19"	"<r虚|うつ>ろ<r消|き>えゆく<r世界|せかい>"	"Fading Hollow World"
"ETC.BIN"	"0x2B690"	"177808"	"5"	"0x2B690"	"12"	"5"	"<r絆|きずな>"	"Bonds"
"ETC.BIN"	"0x2B6A0"	"177824"	"15"	"0x2B6A0"	"32"	"15"	"<r偽|いつわ>りの<r存在|そんざい>"	"False Existence"
"ETC.BIN"	"0x2B6D0"	"177872"	"19"	"0x2B6D0"	"38"	"19"	"<r最凶|さいきょう>の<r傀儡師|くぐつし>"	"Deadliest Puppeteer"
"ETC.BIN"	"0x2B700"	"177920"	"12"	"0x2B700"	"28"	"12"	"<r決意|けつい><r固|かた>めて"	"Firm Resolve"
"ETC.BIN"	"0x2B720"	"177952"	"13"	"0x2B720"	"16"	"13"	"サクラ<r舞|ま>う"	"Sakura Dances"
"ETC.BIN"	"0x2B740"	"177984"	"13"	"0x2B740"	"32"	"13"	"<r猛|た>け<r吼|ほ>ゆる<r者|もの>"	"Roaring Beast"
"ETC.BIN"	"0x2B770"	"178032"	"15"	"0x2B770"	"38"	"15"	"<r願|ねが>い…<r空|そら>に<r舞|ま>いて"	"Wish in the Sky"
"ETC.BIN"	"0x2B7A0"	"178080"	"8"	"0x2B7A0"	"34"	"8"	"<r新生|しんせい>の<r一斑|いっぱん>"	"New Team"
"ETC.BIN"	"0x2B7D0"	"178128"	"9"	"0x2B7D0"	"26"	"9"	"<r碧|あお>き<r背中|せなか>"	"Blue Back"
"ETC.BIN"	"0x2B7F0"	"178160"	"18"	"0x2B7F0"	"26"	"18"	"<r巨悪現|きょあくあらわ>る"	"Great Evil Appears"
"ETC.BIN"	"0x2B810"	"178192"	"12"	"0x2B810"	"34"	"12"	"<r荒|あ>れ<r狂|くる>う<r獣|けもの>"	"Raging Beast"
"ETC.BIN"	"0x2B840"	"178240"	"13"	"0x2B840"	"32"	"13"	"<r切迫|せっぱく>の<r二人|ふたり>"	"Two in Crisis"
"ETC.BIN"	"0x2B870"	"178288"	"15"	"0x2B870"	"32"	"15"	"<r帰|かえ>るべき<r場所|ばしょ>へ"	"Where We Belong"
"ETC.BIN"	"0x2B898"	"178328"	"9"	"0x2B898"	"10"	"9"	"オルゴール"	"Music Box"
"ETC.BIN"	"0x2BB60"	"179040"	"17"	"0x2BB60"	"28"	"17"	"<r悲|かな>しみと<r怒|いか>り"	"Sadness and Anger"
"ETC.BIN"	"0x2BB80"	"179072"	"16"	"0x2BB80"	"22"	"16"	"ナルトの<r決意|けつい>"	"Naruto's Resolve"
"ETC.BIN"	"0x2BBA0"	"179104"	"7"	"0x2BBA0"	"18"	"7"	"<r激情|げきじょう>"	"Passion"
"ETC.BIN"	"0x2BBC0"	"179136"	"9"	"0x2BBC0"	"30"	"9"	"<r二人|ふたり>の<r繋|つな>がり"	"Two Bonds"
"ETC.BIN"	"0x2BBE0"	"179168"	"17"	"0x2BBE0"	"26"	"17"	"<r再会|さいかい>…そして…"	"Reunion... And..."
"ETC.BIN"	"0x2BC00"	"179200"	"16"	"0x2BC00"	"24"	"16"	"サクラの<r約束|やくそく>"	"Sakura's Promise"
"ETC.BIN"	"0x2BC20"	"179232"	"7"	"0x2BC20"	"14"	"7"	"<r決意|けつい>"	"Resolve"
"ETC.BIN"	"0x2BC30"	"179248"	"15"	"0x2BC30"	"20"	"15"	"<r負|ま>けん<r気|き>"	"Fighting Spirit"
"ETC.BIN"	"0x2BC48"	"179272"	"10"	"0x2BC48"	"14"	"10"	"ナルトのために"	"For Naruto"
"ETC.BIN"	"0x2BC60"	"179296"	"9"	"0x2BC60"	"18"	"9"	"いつも<r通|どお>り"	"As Always"
"ETC.BIN"	"0x2BC80"	"179328"	"11"	"0x2BC80"	"32"	"11"	"<r初|はじ>めての<r一言|ひとこと>"	"First Words"
"ETC.BIN"	"0x2BCB0"	"179376"	"15"	"0x2BCB0"	"32"	"15"	"<r狙|ねら>ったキャラ<r位置|いち>"	"Target Position"
"ETC.BIN"	"0x2BCE0"	"179424"	"10"	"0x2BCE0"	"28"	"10"	"<r冷|つめ>たい<r言葉|ことば>"	"Cold Words"
"ETC.BIN"	"0x2BD00"	"179456"	"7"	"0x2BD00"	"18"	"7"	"<r感情|かんじょう>"	"Emotion"
"ETC.BIN"	"0x2BD20"	"179488"	"19"	"0x2BD20"	"22"	"19"	"<r確|たし>かめたいもの"	"What I Want to Know"
"ETC.BIN"	"0x2BD40"	"179520"	"15"	"0x2BD40"	"22"	"15"	"カカシの<r本気|ほんき>"	"Kakashi Serious"
"ETC.BIN"	"0x2BD60"	"179552"	"13"	"0x2BD60"	"36"	"13"	"<r成長|せいちょう>への<r喜|よろこ>び"	"Joy of Growth"
"ETC.BIN"	"0x2BD90"	"179600"	"19"	"0x2BD90"	"34"	"19"	"ナルトの<r気持|きも>ち・<r壱|いち>"	"Naruto's Feelings 1"
"ETC.BIN"	"0x2BDC0"	"179648"	"19"	"0x2BDC0"	"32"	"19"	"ナルトの<r気持|きも>ち・<r弐|に>"	"Naruto's Feelings 2"
"ETC.BIN"	"0x2BDF0"	"179696"	"17"	"0x2BDF0"	"26"	"17"	"<r正|ただ>しき<r道|みち>へ"	"To the Right Path"
"ETC.BIN"	"0x2BE10"	"179728"	"15"	"0x2BE10"	"32"	"15"	"“<r暁|あかつき>”を<r前|まえ>に"	"Facing Akatsuki"
"ETC.BIN"	"0x2BE40"	"179776"	"14"	"0x2BE40"	"36"	"14"	"<r偽者|にせもの>との<r遭遇|そうぐう>"	"Fake Encounter"
"ETC.BIN"	"0x2BE70"	"179824"	"15"	"0x2BE70"	"34"	"15"	"<r勝利|しょうり>の<r確信|かくしん>"	"Certain Victory"
"ETC.BIN"	"0x2BEA0"	"179872"	"12"	"0x2BEA0"	"26"	"12"	"<r近距離戦|きんきょりせん>"	"Close Combat"
"ETC.BIN"	"0x2BEC0"	"179904"	"21"	"0x2BEC0"	"30"	"21"	"<r揺|ゆ>るぎない<r自信|じしん>"	"Unshakable Confidence"
"ETC.BIN"	"0x2BEE0"	"179936"	"19"	"0x2BEE0"	"30"	"19"	"<r修業不足|しゅぎょうぶそく>？"	"Need More Training?"
"ETC.BIN"	"0x2BF00"	"179968"	"8"	"0x2BF00"	"18"	"8"	"<r勝利|しょうり>！"	"Victory!"
"ETC.BIN"	"0x2BF20"	"180000"	"14"	"0x2BF20"	"30"	"14"	"<r真剣勝負|しんけんしょうぶ>！"	"Serious Match!"
"ETC.BIN"	"0x2BF40"	"180032"	"14"	"0x2BF40"	"24"	"14"	"<r青春|せいしゅん>とは！"	"What Is Youth!"
"ETC.BIN"	"0x2BF60"	"180064"	"6"	"0x2BF60"	"18"	"6"	"<r感激|かんげき>！"	"Moved!"
"ETC.BIN"	"0x2BF80"	"180096"	"12"	"0x2BF80"	"18"	"12"	"つっこみ<r役|やく>"	"Straight Man"
"ETC.BIN"	"0x2BFA0"	"180128"	"19"	"0x2BFA0"	"24"	"19"	"テンテンの<r自信|じしん>"	"Tenten's Confidence"
"ETC.BIN"	"0x2BFC0"	"180160"	"12"	"0x2BFC0"	"26"	"12"	"<r勝負開始|しょうぶかいし>"	"Battle Start"
"ETC.BIN"	"0x2BFE0"	"180192"	"15"	"0x2BFE0"	"24"	"15"	"ちょっと<r感心|かんしん>"	"A Bit Impressed"
"ETC.BIN"	"0x2C000"	"180224"	"23"	"0x2C000"	"28"	"23"	"<r川|かわ>の<r国|くに>へ！！"	"To the Land of Rivers!!"
"ETC.BIN"	"0x2C020"	"180256"	"15"	"0x2C020"	"22"	"15"	"<r獣|けもの>レベル…？"	"Beast Level...?"
"ETC.BIN"	"0x2C040"	"180288"	"19"	"0x2C040"	"36"	"19"	"<r高揚|こうよう>する<r心|こころ>！！"	"Rising Excitement!!"
"ETC.BIN"	"0x2C068"	"180328"	"11"	"0x2C068"	"14"	"11"	"さすがオレ！！"	"That's Me!!"
"ETC.BIN"	"0x2C080"	"180352"	"16"	"0x2C080"	"34"	"16"	"<r謎|なぞ>の<r忍現|しのびあらわ>る"	"Mysterious Ninja"
"ETC.BIN"	"0x2C0C0"	"180416"	"10"	"0x2C0C0"	"38"	"10"	"<r面倒|めんどう>くささ<r満点|まんてん>"	"Total Drag"
"ETC.BIN"	"0x2C0F0"	"180464"	"11"	"0x2C0F0"	"26"	"11"	"<r男|おとこ>の<r意地|いじ>"	"Manly Pride"
"ETC.BIN"	"0x2C110"	"180496"	"10"	"0x2C110"	"32"	"10"	"<r明晰|めいせき>な<r頭脳|ずのう>"	"Sharp Mind"
"ETC.BIN"	"0x2C140"	"180544"	"11"	"0x2C140"	"20"	"11"	"ポッチャリ<r系|けい>"	"Chubby Type"
"ETC.BIN"	"0x2C160"	"180576"	"14"	"0x2C160"	"24"	"14"	"<r強力|ごうりき>チョウジ"	"Powerful Choji"
"ETC.BIN"	"0x2C180"	"180608"	"23"	"0x2C180"	"28"	"23"	"シカマルとの<r連係|れんけい>"	"Teamwork with Shikamaru"
"ETC.BIN"	"0x2C1A0"	"180640"	"9"	"0x2C1A0"	"28"	"9"	"<r準備万端|じゅんびばんたん>"	"All Ready"
"ETC.BIN"	"0x2C1C0"	"180672"	"11"	"0x2C1C0"	"28"	"11"	"<r旧知|きゅうち>の<r仲|なか>"	"Old Friends"
"ETC.BIN"	"0x2C1E0"	"180704"	"11"	"0x2C1E0"	"22"	"11"	"いの<r登場|とうじょう>"	"Ino Appears"
"ETC.BIN"	"0x2C200"	"180736"	"18"	"0x2C200"	"34"	"18"	"<r久々|ひさびさ>の<r対面|たいめん>"	"Reunion After Long"
"ETC.BIN"	"0x2C230"	"180784"	"20"	"0x2C230"	"28"	"20"	"サクラと<r共闘|きょうとう>？"	"Team Up with Sakura?"
"ETC.BIN"	"0x2C250"	"180816"	"19"	"0x2C250"	"26"	"19"	"チョウジと<r連係|れんけい>"	"Teamwork with Choji"
"ETC.BIN"	"0x2C270"	"180848"	"15"	"0x2C270"	"26"	"15"	"<r自信満々|じしんまんまん>"	"Full Confidence"
"ETC.BIN"	"0x2C290"	"180880"	"9"	"0x2C290"	"18"	"9"	"<r戦闘|せんとう>へ"	"To Battle"
"ETC.BIN"	"0x2C2B0"	"180912"	"10"	"0x2C2B0"	"28"	"10"	"<r優|やさ>しい<r言葉|ことば>"	"Kind Words"
"ETC.BIN"	"0x2C2D0"	"180944"	"6"	"0x2C2D0"	"16"	"6"	"<r感謝|かんしゃ>"	"Thanks"
"ETC.BIN"	"0x2C2F0"	"180976"	"13"	"0x2C2F0"	"20"	"13"	"アスマの<r意地|いじ>"	"Asuma's Pride"
"ETC.BIN"	"0x2C310"	"181008"	"10"	"0x2C310"	"22"	"10"	"<r新|あら>たな<r手|て>"	"A New Move"
"ETC.BIN"	"0x2C330"	"181040"	"19"	"0x2C330"	"26"	"19"	"ナルトとの<r再会|さいかい>"	"Reunion with Naruto"
"ETC.BIN"	"0x2C350"	"181072"	"9"	"0x2C350"	"22"	"9"	"<r大|おお>きくなった？"	"Grown Up?"
"ETC.BIN"	"0x2C370"	"181104"	"12"	"0x2C370"	"22"	"12"	"ヒナタが<r倒|たお>れて"	"Hinata Falls"
"ETC.BIN"	"0x2C390"	"181136"	"14"	"0x2C390"	"22"	"14"	"ヒナタを<r守|まも>って"	"Protect Hinata"
"ETC.BIN"	"0x2C410"	"181264"	"16"	"0x2C410"	"30"	"16"	"<r静|しず>かなる<r自信|じしん>"	"Quiet Confidence"
"ETC.BIN"	"0x2C430"	"181296"	"12"	"0x2C430"	"30"	"12"	"<r微|かす>かな<r安心|あんしん>"	"Faint Relief"
"ETC.BIN"	"0x2C450"	"181328"	"15"	"0x2C450"	"22"	"15"	"ナルトを<r見|み>かけて"	"Spotting Naruto"
"ETC.BIN"	"0x2C470"	"181360"	"13"	"0x2C470"	"22"	"13"	"<r戦闘前|せんとうまえ>"	"Before Battle"
"ETC.BIN"	"0x2C490"	"181392"	"13"	"0x2C490"	"22"	"13"	"つのる<r心配|しんぱい>"	"Growing Worry"
"ETC.BIN"	"0x2C4B0"	"181424"	"12"	"0x2C4B0"	"26"	"12"	"ナルトの<r助太刀|すけだち>"	"Naruto Helps"
"ETC.BIN"	"0x2C4D0"	"181456"	"15"	"0x2C4D0"	"32"	"15"	"<r感謝|かんしゃ>の<r言葉|ことば>"	"Words of Thanks"
"ETC.BIN"	"0x2C500"	"181504"	"13"	"0x2C500"	"26"	"13"	"<r幻術使|げんじゅつつか>い"	"Genjutsu User"
"ETC.BIN"	"0x2C520"	"181536"	"18"	"0x2C520"	"26"	"18"	"アスマと<r共闘|きょうとう>"	"Team Up with Asuma"
"ETC.BIN"	"0x2C540"	"181568"	"12"	"0x2C540"	"16"	"12"	"<r共|とも>に…！"	"Together...!"
"ETC.BIN"	"0x2C560"	"181600"	"7"	"0x2C560"	"18"	"7"	"<r肩透|かたす>かし"	"Letdown"
"ETC.BIN"	"0x2C580"	"181632"	"15"	"0x2C580"	"32"	"15"	"<r不注意厳禁|ふちゅういげんきん>"	"No Carelessness"
"ETC.BIN"	"0x2C5B0"	"181680"	"11"	"0x2C5B0"	"22"	"11"	"<r風影|かぜかげ>として"	"As Kazekage"
"ETC.BIN"	"0x2C5D0"	"181712"	"17"	"0x2C5D0"	"34"	"17"	"<r空虚|くうきょ>な<r世界|せかい>で"	"In an Empty World"
"ETC.BIN"	"0x2C600"	"181760"	"9"	"0x2C600"	"16"	"9"	"<r存在|そんざい>"	"Existence"
"ETC.BIN"	"0x2C620"	"181792"	"8"	"0x2C620"	"30"	"8"	"<r新|あたら>しい<r自分|じぶん>"	"New Self"
"ETC.BIN"	"0x2C640"	"181824"	"14"	"0x2C640"	"22"	"14"	"<r弟|おとうと>のために"	"For My Brother"
"ETC.BIN"	"0x2C658"	"181848"	"8"	"0x2C658"	"14"	"8"	"<r驚|おどろ>き"	"Surprise"
"ETC.BIN"	"0x2C670"	"181872"	"19"	"0x2C670"	"36"	"19"	"<r滲|にじ>み<r出|で>る<r悔|くや>しさ"	"Leaking Frustration"
"ETC.BIN"	"0x2C6A0"	"181920"	"12"	"0x2C6A0"	"30"	"12"	"<r自慢|じまん>の<r傀儡|くぐつ>"	"Proud Puppet"
"ETC.BIN"	"0x2C6C0"	"181952"	"14"	"0x2C6C0"	"24"	"14"	"<r姉|あね>と<r共|とも>に"	"With My Sister"
"ETC.BIN"	"0x2C6E0"	"181984"	"9"	"0x2C6E0"	"32"	"9"	"<r風|かぜ>の<r使|つか>い<r手|て>"	"Wind User"
"ETC.BIN"	"0x2C710"	"182032"	"12"	"0x2C710"	"30"	"12"	"<r我愛羅|ガアラ>の<r前|まえ>で"	"Before Gaara"
"ETC.BIN"	"0x2C730"	"182064"	"12"	"0x2C730"	"18"	"12"	"<r手加減|てかげん>"	"Holding Back"
"ETC.BIN"	"0x2C750"	"182096"	"12"	"0x2C750"	"26"	"12"	"<r姉|あね>の<r喜|よろこ>び"	"Sister's Joy"
"ETC.BIN"	"0x2C770"	"182128"	"9"	"0x2C770"	"16"	"9"	"<r邂逅|かいこう>"	"Encounter"
"ETC.BIN"	"0x2C790"	"182160"	"7"	"0x2C790"	"18"	"7"	"<r忠告|ちゅうこく>"	"Warning"
"ETC.BIN"	"0x2C7A8"	"182184"	"9"	"0x2C7A8"	"14"	"9"	"<r余裕|よゆう>"	"Composure"
"ETC.BIN"	"0x2C7C0"	"182208"	"21"	"0x2C7C0"	"42"	"21"	"<r九尾|きゅうび>の<r人柱力|じんちゅうりき>"	"Nine-Tails Jinchuriki"
"ETC.BIN"	"0x2C7F0"	"182256"	"10"	"0x2C7F0"	"32"	"10"	"<r強者|きょうしゃ>の<r男|おとこ>"	"Strong Man"
"ETC.BIN"	"0x2C820"	"182304"	"18"	"0x2C820"	"38"	"18"	"<r珍獣|ちんじゅう>との<r再会|さいかい>"	"Reunion with Beast"
"ETC.BIN"	"0x2C850"	"182352"	"11"	"0x2C850"	"18"	"11"	"<r獣|けもの>レベル"	"Beast Level"
"ETC.BIN"	"0x2C870"	"182384"	"14"	"0x2C870"	"38"	"14"	"<r襲|おそ>い<r掛|か>かる<r鬼鮫|キサメ>"	"Kisame Attacks"
"ETC.BIN"	"0x2C8A0"	"182432"	"17"	"0x2C8A0"	"32"	"17"	"<r高揚|こうよう>する<r心|こころ>"	"Rising Excitement"
"ETC.BIN"	"0x2C8D0"	"182480"	"10"	"0x2C8D0"	"16"	"10"	"<r苛立|いらだ>ち"	"Irritation"
"ETC.BIN"	"0x2C8F0"	"182512"	"19"	"0x2C8F0"	"40"	"19"	"<r一尾|いちび>の<r人柱力|じんちゅうりき>"	"One-Tail Jinchuriki"
"ETC.BIN"	"0x2C920"	"182560"	"18"	"0x2C920"	"30"	"18"	"<r刺激|しげき>を<r求|もと>めて"	"Seeking Excitement"
"ETC.BIN"	"0x2C940"	"182592"	"7"	"0x2C940"	"22"	"7"	"<r変|か>わり<r者|もの>"	"Oddball"
"ETC.BIN"	"0x2C960"	"182624"	"15"	"0x2C960"	"28"	"15"	"デイダラの<r挑発|ちょうはつ>"	"Deidara's Taunt"
"ETC.BIN"	"0x2C980"	"182656"	"6"	"0x2C980"	"14"	"6"	"<r予告|よこく>"	"Notice"
"ETC.BIN"	"0x2C9C0"	"182720"	"9"	"0x2C9C0"	"30"	"9"	"<r最後|さいご>の<r喜|よろこ>び"	"Final Joy"
"ETC.BIN"	"0x2C9E0"	"182752"	"13"	"0x2C9E0"	"30"	"13"	"<r砂|すな>と<r木|こ>ノ<r葉|は>"	"Sand and Leaf"
"ETC.BIN"	"0x2CA00"	"182784"	"12"	"0x2CA00"	"30"	"12"	"<r最後|さいご>のお<r願|ねが>い"	"Last Request"
"ETC.BIN"	"0x2CA20"	"182816"	"15"	"0x2CA20"	"24"	"15"	"サソリの<r性格|せいかく>"	"Sasori's Nature"
"ETC.BIN"	"0x2CA40"	"182848"	"14"	"0x2CA40"	"32"	"14"	"<r三代目風影|さんだいめかぜかげ>"	"Third Kazekage"
"ETC.BIN"	"0x2CA70"	"182896"	"11"	"0x2CA70"	"24"	"11"	"<r自分傀儡|じぶんくぐつ>"	"Self Puppet"
"ETC.BIN"	"0x2CA90"	"182928"	"14"	"0x2CA90"	"26"	"14"	"<r止|と>まる<r傀儡|くぐつ>"	"Stopped Puppet"
"ETC.BIN"	"0x2CAB0"	"182960"	"16"	"0x2CAB0"	"38"	"16"	"<r自来也|じらいや>の<r魅力|みりょく>？"	"Jiraiya's Charm?"
"ETC.BIN"	"0x2CAE0"	"183008"	"8"	"0x2CAE0"	"16"	"8"	"<r取材|しゅざい>"	"Research"
"ETC.BIN"	"0x2CB00"	"183040"	"15"	"0x2CB00"	"22"	"15"	"<r因縁|いんねん>のケリ"	"End of a Grudge"
"ETC.BIN"	"0x2CB20"	"183072"	"10"	"0x2CB20"	"18"	"10"	"<r高笑|たかわら>い"	"Loud Laugh"
"ETC.BIN"	"0x2CB40"	"183104"	"12"	"0x2CB40"	"36"	"12"	"<r三忍|さんにん>の<r実力|じつりょく>"	"Sannin Power"
"ETC.BIN"	"0x2CB68"	"183144"	"5"	"0x2CB68"	"14"	"5"	"<r監視|かんし>"	"Watch"
"ETC.BIN"	"0x2CB80"	"183168"	"14"	"0x2CB80"	"30"	"14"	"<r決着|けっちゃく>の<r時|とき>"	"Time to Settle"
"ETC.BIN"	"0x2CBA0"	"183200"	"16"	"0x2CBA0"	"32"	"16"	"<r綱手|ツナデ>の<r性格|せいかく>"	"Tsunade's Nature"
"ETC.BIN"	"0x2CBD0"	"183248"	"12"	"0x2CBD0"	"28"	"12"	"<r五代目火影|ごだいめほかげ>"	"Fifth Hokage"
"ETC.BIN"	"0x2CBF0"	"183280"	"17"	"0x2CBF0"	"30"	"17"	"<r綱手|ツナデ>と<r組手|くみて>"	"Spar with Tsunade"
"ETC.BIN"	"0x2CC10"	"183312"	"10"	"0x2CC10"	"28"	"10"	"<r本領発揮|ほんりょうはっき>"	"True Power"
"ETC.BIN"	"0x2CC30"	"183344"	"17"	"0x2CC30"	"26"	"17"	"<r付|つ>き<r人|びと>シズネ"	"Attendant Shizune"
"ETC.BIN"	"0x2CC50"	"183376"	"18"	"0x2CC50"	"34"	"18"	"<r医療忍者|いりょうにんじゃ>として"	"As a Medical Ninja"
"ETC.BIN"	"0x2CC78"	"183416"	"9"	"0x2CC78"	"12"	"9"	"おめでとう！"	"Congrats!"
"ETC.BIN"	"0x2CC90"	"183440"	"14"	"0x2CC90"	"30"	"14"	"<r代行|だいこう>の<r男|おとこ>"	"Substitute Man"
"ETC.BIN"	"0x2CCB0"	"183472"	"8"	"0x2CCB0"	"12"	"8"	"チームワーク"	"Teamwork"
"ETC.BIN"	"0x2CCC0"	"183488"	"11"	"0x2CCC0"	"36"	"11"	"<r共通|きょうつう>の<r目的|もくてき>"	"Common Goal"
"ETC.BIN"	"0x2CCF0"	"183536"	"11"	"0x2CCF0"	"30"	"11"	"<r軽|かる>い<r挑発|ちょうはつ>"	"Light Taunt"
"ETC.BIN"	"0x2CD10"	"183568"	"7"	"0x2CD10"	"24"	"7"	"<r行動|こうどう>あるのみ"	"Act Now"
"ETC.BIN"	"0x2CD30"	"183600"	"18"	"0x2CD30"	"34"	"18"	"<r大蛇丸|オロチまる><r現|あらわ>る"	"Orochimaru Appears"
"ETC.BIN"	"0x2CD60"	"183648"	"5"	"0x2CD60"	"18"	"5"	"<r挑発|ちょうはつ>"	"Taunt"
"ETC.BIN"	"0x2CD80"	"183680"	"13"	"0x2CD80"	"30"	"13"	"<r二人|ふたり>の<r対比|たいひ>"	"Two Contrasts"
"ETC.BIN"	"0x2CDA0"	"183712"	"6"	"0x2CDA0"	"16"	"6"	"<r通告|つうこく>"	"Notice"
"ETC.BIN"	"0x2CDC0"	"183744"	"21"	"0x2CDC0"	"36"	"21"	"<r五年|ごねん>ぶりの<r再会|さいかい>"	"Reunion After 5 Years"
"ETC.BIN"	"0x2CDF0"	"183792"	"8"	"0x2CDF0"	"18"	"8"	"<r共感|きょうかん>"	"Sympathy"
"ETC.BIN"	"0x2CE10"	"183824"	"14"	"0x2CE10"	"26"	"14"	"カブトの<r挑発|ちょうはつ>"	"Kabuto's Taunt"
"ETC.BIN"	"0x2CE30"	"183856"	"9"	"0x2CE30"	"16"	"9"	"<r感心|かんしん>"	"Impressed"
"ETC.BIN"	"0x2CE50"	"183888"	"18"	"0x2CE50"	"24"	"18"	"サスケの<r存在|そんざい>"	"Sasuke's Existence"
"ETC.BIN"	"0x2CE80"	"183936"	"4"	"0x2CE80"	"14"	"4"	"<r気|き>まぐれ"	"Whim"
"ETC.BIN"	"0x2CE90"	"183952"	"11"	"0x2CE90"	"20"	"11"	"<r愚|おろ>かなること"	"Foolishness"
"ETC.BIN"	"0x2CEB0"	"183984"	"17"	"0x2CEB0"	"28"	"17"	"<r兄|あに>との<r繋|つな>がり"	"Bond with Brother"
"ETC.BIN"	"0x2CED0"	"184016"	"7"	"0x2CED0"	"34"	"7"	"<r目障|めざわ>りな<r存在|そんざい>"	"Eyesore"
"ETC.BIN"	"0x2D950"	"186704"	"22"	"0x2D950"	"34"	"22"	"<r紅班勢揃|くれないはんせいぞろ>い"	"Team Kurenai Assembles"
"ETC.BIN"	"0x2D9D0"	"186832"	"18"	"0x2D9D0"	"20"	"18"	"いのシカチョウトリオ"	"Ino-Shika-Cho Trio"
"ETC.BIN"	"0x2DA30"	"186928"	"14"	"0x2DA30"	"24"	"14"	"ナルトの<r帰郷|ききょう>"	"Naruto Returns"
"ETC.BIN"	"0x2DA70"	"186992"	"15"	"0x2DA70"	"32"	"15"	"<r風影|かぜかげ>の<r闘|たたか>い"	"Kazekage Battle"
"ETC.BIN"	"0x2DAE0"	"187104"	"20"	"0x2DAE0"	"46"	"20"	"<r木|こ>ノ<r葉|は>の<r白|しろ>い<r牙|きば>！？"	"White Fang of Leaf!?"
"ETC.BIN"	"0x2DB80"	"187264"	"13"	"0x2DB80"	"36"	"13"	"“<r暁|あかつき>”の<r目的|もくてき>"	"Akatsuki Goal"
"ETC.BIN"	"0x2DC30"	"187440"	"16"	"0x2DC30"	"36"	"16"	"<r傀儡師|くぐつし>の<r激闘|げきとう>"	"Puppeteer Battle"
"ETC.BIN"	"0x2DCA0"	"187552"	"14"	"0x2DCA0"	"38"	"14"	"<r突然|とつぜん>の<r襲撃|しゅうげき>！"	"Sudden Attack!"
"ETC.BIN"	"0x2DDA0"	"187808"	"10"	"0x2DDA0"	"16"	"10"	"シミュレーション"	"Simulation"
"ETC.BIN"	"0x2DE70"	"188016"	"14"	"0x2DE70"	"32"	"14"	"<r人外|じんがい>の<r闘|たたか>い"	"Inhuman Battle"
"ETC.BIN"	"0x2DF50"	"188240"	"13"	"0x2DF50"	"34"	"13"	"<r運命|うんめい>の<r再会|さいかい>"	"Fated Reunion"
"ETC.BIN"	"0x2DFF0"	"188400"	"15"	"0x2DFF0"	"40"	"15"	"<r漆黒|しっこく>に<r浮|う>かぶ<r影|かげ>"	"Shadow in Black"
"ETC.BIN"	"0x2EE50"	"192080"	"8"	"0x2EE50"	"26"	"8"	"<r対戦相手|たいせんあいて>"	"Opponent"
"ETC.BIN"	"0x2F2A0"	"193184"	"12"	"0x2F2A0"	"46"	"12"	"<r人形|にんぎょう>を<r購入|こうにゅう>します。"	"Buy figures."
"ETC.BIN"	"0x2F2D0"	"193232"	"14"	"0x2F2D0"	"42"	"14"	"<r奥義|おうぎ>を<r購入|こうにゅう>します。"	"Buy Ultimates."
"ETC.BIN"	"0x2F300"	"193280"	"10"	"0x2F300"	"44"	"10"	"<r音楽|おんがく>を<r購入|こうにゅう>します。"	"Buy music."
"ETC.BIN"	"0x2F330"	"193328"	"11"	"0x2F330"	"44"	"11"	"<r音声|おんせい>を<r購入|こうにゅう>します。"	"Buy voices."
"ETC.BIN"	"0x2F360"	"193376"	"16"	"0x2F360"	"50"	"16"	"<r案内忍|あんないにん>を<r購入|こうにゅう>します。"	"Buy guide ninja."
"ETC.BIN"	"0x2F3A0"	"193440"	"26"	"0x2F3A0"	"66"	"26"	"<r購入|こうにゅう>するキャラクターを<r選択|せんたく>してください。"	"Choose a character to buy."
"ETC.BIN"	"0x2F500"	"193792"	"10"	"0x2F500"	"66"	"10"	"<color080860>ショップ<color000000>を<r終了|しゅうりょう>しますか？"	"Quit Shop?"
"ETC.BIN"	"0x2F6F0"	"194288"	"27"	"0x2F6F0"	"40"	"27"	"ハズレくじを<r引|ひ>いてしまいました…。"	"You drew a losing ticket..."
"ETC.BIN"	"0x2F8B0"	"194736"	"20"	"0x2F8B0"	"40"	"20"	"<r残念|ざんねん>、はずれてしまいました。"	"Too bad, you missed."
"SLPS_258.37"	"0x2FBAE0"	"3128032"	"36"	"0x2FBAE0"	"54"	"36"	"ＮＡＲＵＴＯ－ナルト－　疾風伝ナルティメットアクセル２"	"NARUTO Shippuden: Narutimate Accel 2"
"SLPS_258.37"	"0x2FFD00"	"3144960"	"10"	"0x2FFD00"	"14"	"10"	"スタッフロール"	"Staff Roll"
"SLPS_258.37"	"0x2FFD40"	"3145024"	"30"	"0x2FFD40"	"30"	"30"	"ナルト……それにサクラか……。"	"Naruto……それにSakuraか……。"
"SLPS_258.37"	"0x2FFDB0"	"3145136"	"10"	"0x2FFDB0"	"10"	"10"	"サスケ…。"	"Sasuke…。"
"SLPS_258.37"	"0x2FFDC0"	"3145152"	"18"	"0x2FFDC0"	"18"	"18"	"…サスケ……くん。"	"…Sasuke……くん。"
"SLPS_258.37"	"0x2FFEA0"	"3145376"	"37"	"0x2FFEA0"	"37"	"37"	"<ruby子供|こども>のままだな…ナルト。"	"<ruby子供|こども>のままだな…Naruto。"
"SLPS_258.37"	"0x2FFF30"	"3145520"	"20"	"0x2FFF30"	"20"	"20"	"サ、サスケくん……。"	"サ、Sasukeくん……。"
"SLPS_258.37"	"0x2FFF48"	"3145544"	"10"	"0x2FFF48"	"10"	"10"	"…ナルト？"	"…Naruto？"
"SLPS_258.37"	"0x3000F8"	"3145976"	"8"	"0x3000F8"	"8"	"8"	"サスケ。"	"Sasuke。"
"SLPS_258.37"	"0x300570"	"3147120"	"50"	"0x300570"	"50"	"50"	"<ruby援護|えんご>する！　<ruby行|い>け、ナルト！！"	"<ruby援護|えんご>する！　<ruby行|い>け、Naruto！！"
"SLPS_258.37"	"0x300690"	"3147408"	"154"	"0x300690"	"154"	"154"	"この<ruby状態|じょうたい>のナルト<ruby君|くん>と<ruby私|わたし>のサスケ<ruby君|くん>…。<br>どちらが<ruby強|つよ>いか<ruby試|ため>しにやらせてみたいわね。"	"この<ruby状態|じょうたい>のNaruto<ruby君|くん>と<ruby私|わたし>のSasuke<ruby君|くん>…。<br>どちらが<ruby強|つよ>いか<ruby試|ため>しにやらせてみたいわね。"
"SLPS_258.37"	"0x300750"	"3147600"	"118"	"0x300750"	"118"	"118"	"オレの<ruby前|まえ>で<ruby自分|じぶん>のものみてーに<br>サスケの<ruby名|な>を<ruby口|くち>にすんじゃねーってばよ！！！"	"オレの<ruby前|まえ>で<ruby自分|じぶん>のものみてーに<br>Sasukeの<ruby名|な>を<ruby口|くち>にすんじゃねーってばよ！！！"
"SLPS_258.37"	"0x300920"	"3148064"	"31"	"0x300920"	"31"	"31"	"<ruby待|ま>ってろよ……サスケ。"	"<ruby待|ま>ってろよ……Sasuke。"
"SLPS_258.37"	"0x300940"	"3148096"	"16"	"0x300940"	"16"	"16"	"サスケくんっ！！"	"Sasukeくんっ！！"
"SLPS_258.37"	"0x300958"	"3148120"	"12"	"0x300958"	"12"	"12"	"ナルトくん！"	"Narutoくん！"
"SLPS_258.37"	"0x300F30"	"3149616"	"12"	"0x300F30"	"38"	"12"	"うずまきナルト（<r旧章|きゅうしょう>）"	"Naruto (PTS)"
"SLPS_258.37"	"0x300F60"	"3149664"	"12"	"0x300F60"	"36"	"12"	"うちはサスケ（<r旧章|きゅうしょう>）"	"Sasuke (PTS)"
"SLPS_258.37"	"0x300F90"	"3149712"	"9"	"0x300F90"	"36"	"9"	"ロック・リー（<r旧章|きゅうしょう>）"	"Lee (PTS)"
"SLPS_258.37"	"0x300FC0"	"3149760"	"11"	"0x300FC0"	"56"	"11"	"<r砂瀑|さばく>の<r我愛羅|ガアラ>（<r旧章|きゅうしょう>）"	"Gaara (PTS)"
"SLPS_258.37"	"0x301010"	"3149840"	"15"	"0x301010"	"44"	"15"	"<r奈良|なら>シカマル（<r旧章|きゅうしょう>）"	"Shikamaru (PTS)"
"SLPS_258.37"	"0x301040"	"3149888"	"10"	"0x301040"	"44"	"10"	"<r日向|ひゅうが>ネジ（<r旧章|きゅうしょう>）"	"Neji (PTS)"
"SLPS_258.37"	"0x301070"	"3149936"	"12"	"0x301070"	"44"	"12"	"<r春野|はるの>サクラ（<r旧章|きゅうしょう>）"	"Sakura (PTS)"
"SLPS_258.37"	"0x3010A0"	"3149984"	"4"	"0x3010A0"	"10"	"4"	"<r白|ハク>"	"Haku"
"SLPS_258.37"	"0x3010B0"	"3150000"	"14"	"0x3010B0"	"30"	"14"	"<r桃地|ももち><r再不斬|ザブザ>"	"Zabuza Momochi"
"SLPS_258.37"	"0x3010D0"	"3150032"	"12"	"0x3010D0"	"46"	"12"	"<r日向|ひゅうが>ヒナタ（<r旧章|きゅうしょう>）"	"Hinata (PTS)"
"SLPS_258.37"	"0x301100"	"3150080"	"6"	"0x301100"	"8"	"6"	"テンテン"	"Tenten"
"SLPS_258.37"	"0x301110"	"3150096"	"12"	"0x301110"	"32"	"12"	"テンテン（<r旧章|きゅうしょう>）"	"Tenten (PTS)"
"SLPS_258.37"	"0x301150"	"3150160"	"11"	"0x301150"	"48"	"11"	"<r秋道|あきみち>チョウジ（<r旧章|きゅうしょう>）"	"Choji (PTS)"
"SLPS_258.37"	"0x301190"	"3150224"	"9"	"0x301190"	"44"	"9"	"<r山中|やまなか>いの（<r旧章|きゅうしょう>）"	"Ino (PTS)"
"SLPS_258.37"	"0x3011C0"	"3150272"	"10"	"0x3011C0"	"44"	"10"	"<r犬塚|いぬづか>キバ（<r旧章|きゅうしょう>）"	"Kiba (PTS)"
"SLPS_258.37"	"0x3011F0"	"3150320"	"11"	"0x3011F0"	"44"	"11"	"<r油女|あぶらめ>シノ（<r旧章|きゅうしょう>）"	"Shino (PTS)"
"SLPS_258.37"	"0x301220"	"3150368"	"7"	"0x301220"	"10"	"7"	"カンクロウ"	"Kankuro"
"SLPS_258.37"	"0x301230"	"3150384"	"13"	"0x301230"	"34"	"13"	"カンクロウ（<r旧章|きゅうしょう>）"	"Kankuro (PTS)"
"SLPS_258.37"	"0x301260"	"3150432"	"12"	"0x301260"	"30"	"12"	"テマリ（<r旧章|きゅうしょう>）"	"Temari (PTS)"
"SLPS_258.37"	"0x301280"	"3150464"	"10"	"0x301280"	"10"	"10"	"三代目火影"	"3rd Hokage"
"SLPS_258.37"	"0x301290"	"3150480"	"10"	"0x301290"	"30"	"10"	"<r三代目火影|さんだいめほかげ>"	"3rd Hokage"
"SLPS_258.37"	"0x3012B0"	"3150512"	"6"	"0x3012B0"	"20"	"6"	"<r次郎坊|ジロウボウ>"	"Jirobo"
"SLPS_258.37"	"0x3012D0"	"3150544"	"5"	"0x3012D0"	"20"	"5"	"<r鬼童丸|キドウマル>"	"Kidom"
"SLPS_258.37"	"0x3012F0"	"3150576"	"6"	"0x3012F0"	"16"	"6"	"<r多由也|タユヤ>"	"Tayuya"
"SLPS_258.37"	"0x301308"	"3150600"	"4"	"0x301308"	"14"	"4"	"<r左近|サコン>"	"Sakn"
"SLPS_258.37"	"0x301320"	"3150624"	"5"	"0x301320"	"18"	"5"	"<r君麻呂|キミマロ>"	"Kimim"
"SLPS_258.37"	"0x301338"	"3150648"	"7"	"0x301338"	"10"	"7"	"黄色い閃光"	"Y.Flash"
"SLPS_258.37"	"0x301350"	"3150672"	"7"	"0x301350"	"32"	"7"	"<r黄色|きいろ>い<r閃光|せんこう>"	"Y.Flash"
"SLPS_258.37"	"0x301378"	"3150712"	"10"	"0x301378"	"12"	"10"	"木ノ葉丸軍団"	"Konohamaru"
"SLPS_258.37"	"0x301390"	"3150736"	"10"	"0x301390"	"40"	"10"	"<r木|こ>ノ<r葉丸|はまる><r軍団|ぐんだん>"	"Konohamaru"
"SLPS_258.37"	"0x3013C0"	"3150784"	"12"	"0x3013C0"	"22"	"12"	"<r日向|ひゅうが>ハナビ"	"Hanabi Hyuga"
"SLPS_258.37"	"0x3013D8"	"3150808"	"6"	"0x3013D8"	"8"	"6"	"初代火影"	"1stHok"
"SLPS_258.37"	"0x3013F0"	"3150832"	"6"	"0x3013F0"	"26"	"6"	"<r初代火影|しょだいほかげ>"	"1stHok"
"SLPS_258.37"	"0x301410"	"3150864"	"10"	"0x301410"	"10"	"10"	"二代目火影"	"2nd Hokage"
"SLPS_258.37"	"0x301420"	"3150880"	"10"	"0x301420"	"28"	"10"	"<r二代目火影|にだいめほかげ>"	"2nd Hokage"
"SLPS_258.37"	"0x301440"	"3150912"	"14"	"0x301440"	"14"	"14"	"みたらしアンコ"	"Anko Mitarashi"
"SLPS_258.37"	"0x301450"	"3150928"	"16"	"0x301450"	"16"	"16"	"ナルト（状態２）"	"Naruto（状態２）"
"SLPS_258.37"	"0x301470"	"3150960"	"19"	"0x301470"	"34"	"19"	"うずまきナルト（<r九尾|きゅうび>）"	"Naruto (Nine-Tails)"
"SLPS_258.37"	"0x3014A0"	"3151008"	"16"	"0x3014A0"	"16"	"16"	"サスケ（状態２）"	"Sasuke（状態２）"
"SLPS_258.37"	"0x3014C0"	"3151040"	"14"	"0x3014C0"	"32"	"14"	"うちはサスケ<r状態|じょうたい>２"	"Sasuke State 2"
"SLPS_258.37"	"0x301500"	"3151104"	"11"	"0x301500"	"18"	"11"	"すい<r拳|けん>リー"	"Drunken Lee"
"SLPS_258.37"	"0x301540"	"3151168"	"13"	"0x301540"	"34"	"13"	"<r憑依体我愛羅|ひょういたいガアラ>"	"Shukaku Gaara"
"SLPS_258.37"	"0x301590"	"3151248"	"11"	"0x301590"	"20"	"11"	"<r超|ちょう>チョウジ"	"Super Choji"
"SLPS_258.37"	"0x3015D0"	"3151312"	"9"	"0x3015D0"	"40"	"9"	"<r次郎坊|ジロウボウ><r状態|じょうたい>２"	"JiroboSt2"
"SLPS_258.37"	"0x301620"	"3151392"	"8"	"0x301620"	"40"	"8"	"<r鬼童丸|キドウマル><r状態|じょうたい>２"	"KidomSt2"
"SLPS_258.37"	"0x301670"	"3151472"	"9"	"0x301670"	"36"	"9"	"<r多由也|タユヤ><r状態|じょうたい>２"	"TayuyaSt2"
"SLPS_258.37"	"0x3016B0"	"3151536"	"8"	"0x3016B0"	"34"	"8"	"<r左近|サコン><r状態|じょうたい>２"	"SakonSt2"
"SLPS_258.37"	"0x301700"	"3151616"	"8"	"0x301700"	"38"	"8"	"<r君麻呂|キミマロ><r状態|じょうたい>２"	"KimimSt2"
"SLPS_258.37"	"0x301728"	"3151656"	"12"	"0x301728"	"12"	"12"	"第二部ナルト"	"第二部Naruto"
"SLPS_258.37"	"0x301738"	"3151672"	"14"	"0x301738"	"14"	"14"	"うずまきナルト"	"Naruto Uzumaki"
"SLPS_258.37"	"0x301748"	"3151688"	"12"	"0x301748"	"12"	"12"	"第二部サクラ"	"第二部Sakura"
"SLPS_258.37"	"0x301760"	"3151712"	"13"	"0x301760"	"20"	"13"	"<r春野|はるの>サクラ"	"Sakura Haruno"
"SLPS_258.37"	"0x301790"	"3151760"	"14"	"0x301790"	"34"	"14"	"<r風影|かぜかげ>・<r我愛羅|ガアラ>"	"Kazekage Gaara"
"SLPS_258.37"	"0x3017E8"	"3151848"	"5"	"0x3017E8"	"8"	"5"	"チヨバア"	"Chiyo"
"SLPS_258.37"	"0x3017F8"	"3151864"	"7"	"0x3017F8"	"8"	"7"	"デイダラ"	"Deidara"
"SLPS_258.37"	"0x301820"	"3151904"	"10"	"0x301820"	"20"	"10"	"<r日向|ひゅうが>ネジ"	"Neji Hyuga"
"SLPS_258.37"	"0x301858"	"3151960"	"8"	"0x301858"	"12"	"8"	"ロック・リー"	"Rock Lee"
"SLPS_258.37"	"0x301880"	"3152000"	"14"	"0x301880"	"20"	"14"	"<r奈良|なら>シカマル"	"Shikamaru Nara"
"SLPS_258.37"	"0x301898"	"3152024"	"9"	"0x301898"	"12"	"9"	"マイト・ガイ"	"Might Guy"
"SLPS_258.37"	"0x3018A8"	"3152040"	"7"	"0x3018A8"	"12"	"7"	"はたけカカシ"	"Kakashi"
"SLPS_258.37"	"0x3018B8"	"3152056"	"6"	"0x3018B8"	"12"	"6"	"うちはイタチ"	"Itachi"
"SLPS_258.37"	"0x3018D0"	"3152080"	"16"	"0x3018D0"	"26"	"16"	"<r干柿鬼鮫|ほしがきキサメ>"	"Kisame Hoshigaki"
"SLPS_258.37"	"0x3018F0"	"3152112"	"22"	"0x3018F0"	"22"	"22"	"第二部ナルト（状態２）"	"第二部Naruto（状態２）"
"SLPS_258.37"	"0x301910"	"3152144"	"13"	"0x301910"	"54"	"13"	"<r九尾第四覚醒状態|きゅうびだいよんかくせいじょうたい>"	"4-Tail Naruto"
"SLPS_258.37"	"0x301970"	"3152240"	"15"	"0x301970"	"34"	"15"	"サソリ（<r自分傀儡|じぶんくぐつ>）"	"Sasori (Puppet)"
"SLPS_258.37"	"0x3019B8"	"3152312"	"13"	"0x3019B8"	"14"	"13"	"サソリ・ヒルコ"	"Sasori Hiruko"
"SLPS_258.37"	"0x3019D0"	"3152336"	"16"	"0x3019D0"	"16"	"16"	"チヨバア（体術）"	"Chiyo (Taijutsu)"
"SLPS_258.37"	"0x3019F0"	"3152368"	"16"	"0x3019F0"	"30"	"16"	"チヨバア（<r体術|たいじゅつ>）"	"Chiyo (Taijutsu)"
"SLPS_258.37"	"0x301A20"	"3152416"	"12"	"0x301A20"	"20"	"12"	"<r犬塚|いぬづか>キバ"	"Kiba Inuzuka"
"SLPS_258.37"	"0x301A50"	"3152464"	"13"	"0x301A50"	"20"	"13"	"<r油女|あぶらめ>シノ"	"Shino Aburame"
"SLPS_258.37"	"0x301A80"	"3152512"	"12"	"0x301A80"	"22"	"12"	"<r日向|ひゅうが>ヒナタ"	"Hinata Hyuga"
"SLPS_258.37"	"0x301AB0"	"3152560"	"14"	"0x301AB0"	"24"	"14"	"<r秋道|あきみち>チョウジ"	"Choji Akimichi"
"SLPS_258.37"	"0x301AE0"	"3152608"	"12"	"0x301AE0"	"20"	"12"	"<r山中|やまなか>いの"	"Ino Yamanaka"
"SLPS_258.37"	"0x301B00"	"3152640"	"5"	"0x301B00"	"18"	"5"	"<r自来也|じらいや>"	"Jirai"
"SLPS_258.37"	"0x301B18"	"3152664"	"3"	"0x301B18"	"14"	"3"	"<r綱手|ツナデ>"	"Tsu"
"SLPS_258.37"	"0x301B30"	"3152688"	"14"	"0x301B30"	"22"	"14"	"<r猿飛|さるとび>アスマ"	"Asuma Sarutobi"
"SLPS_258.37"	"0x301B50"	"3152720"	"12"	"0x301B50"	"28"	"12"	"<r夕日|ゆうひ><r紅|くれない>"	"Kurenai Yuhi"
"SLPS_258.37"	"0x301B70"	"3152752"	"5"	"0x301B70"	"20"	"5"	"<r大蛇丸|オロチまる>"	"Oroch"
"SLPS_258.37"	"0x301B90"	"3152784"	"14"	"0x301B90"	"20"	"14"	"<r薬師|やくし>カブト"	"Kabuto Yakushi"
"SLPS_258.37"	"0x301BA8"	"3152808"	"12"	"0x301BA8"	"12"	"12"	"第二部サスケ"	"第二部Sasuke"
"SLPS_258.37"	"0x301BB8"	"3152824"	"6"	"0x301BB8"	"12"	"6"	"うちはサスケ"	"Sasuke"
"SLPS_258.37"	"0x303748"	"3159880"	"11"	"0x303748"	"14"	"11"	"木ノ葉隠れの里"	"Hidden Leaf"
"SLPS_258.37"	"0x303758"	"3159896"	"4"	"0x303758"	"10"	"4"	"砂隠れの里"	"Sand"
"SLPS_258.37"	"0x303768"	"3159912"	"10"	"0x303768"	"12"	"10"	"五封結界の崖"	"5SealCliff"
"SLPS_258.37"	"0x303778"	"3159928"	"7"	"0x303778"	"10"	"7"	"暁のアジト"	"AkaBase"
"SLPS_258.37"	"0x303788"	"3159944"	"9"	"0x303788"	"10"	"9"	"流水の荒野"	"WaterWild"
"SLPS_258.37"	"0x303798"	"3159960"	"10"	"0x303798"	"12"	"10"	"夕暮れる断崖"	"Dusk Cliff"
"SLPS_258.37"	"0x3037B0"	"3159984"	"14"	"0x3037B0"	"16"	"14"	"サバイバル演習場"	"Survival Field"
"SLPS_258.37"	"0x3037C8"	"3160008"	"9"	"0x3037C8"	"10"	"9"	"木ノ葉の森"	"Leaf Wood"
"SLPS_258.37"	"0x3037E0"	"3160032"	"12"	"0x3037E0"	"18"	"12"	"第４４演習場死の森"	"Death Forest"
"SLPS_258.37"	"0x3037F8"	"3160056"	"8"	"0x3037F8"	"8"	"8"	"終末の谷"	"FinalVal"
"SLPS_258.37"	"0x303808"	"3160072"	"9"	"0x303808"	"10"	"9"	"木ノ葉の門"	"Leaf Gate"
"SLPS_258.37"	"0x303818"	"3160088"	"9"	"0x303818"	"10"	"9"	"砂隠れの門"	"Sand Gate"
"SLPS_258.37"	"0x303828"	"3160104"	"9"	"0x303828"	"10"	"9"	"ナルト大橋"	"Naruto Br"
"SLPS_258.37"	"0x303840"	"3160128"	"11"	"0x303840"	"16"	"11"	"中忍選抜試験会場"	"Chunin Exam"
"SLPS_258.37"	"0x303858"	"3160152"	"11"	"0x303858"	"14"	"11"	"短冊街のはずれ"	"Tanzaku Out"
"SLPS_258.37"	"0x303868"	"3160168"	"10"	"0x303868"	"10"	"10"	"月夜の草原"	"Moon Field"
"SLPS_258.37"	"0x303878"	"3160184"	"8"	"0x303878"	"10"	"8"	"青天の草原"	"SunnyFld"
"SLPS_258.37"	"0x303888"	"3160200"	"7"	"0x303888"	"8"	"7"	"陽炎砂漠"	"HazeDes"
"SLPS_258.37"	"0x303898"	"3160216"	"10"	"0x303898"	"14"	"10"	"大蛇丸のアジト"	"OrochiBase"
"SLPS_258.37"	"0x3038A8"	"3160232"	"7"	"0x3038A8"	"8"	"7"	"根の本部"	"Root HQ"
"SLPS_258.37"	"0x3038B8"	"3160248"	"10"	"0x3038B8"	"10"	"10"	"大蛇の祭壇"	"SnakeAltar"
"SLPS_258.37"	"0x3038C8"	"3160264"	"10"	"0x3038C8"	"10"	"10"	"物見やぐら"	"Watchtower"
"SLPS_258.37"	"0x3039E0"	"3160544"	"19"	"0x3039E0"	"50"	"19"	"ＭＥＭＯＲＹ ＣＡＲＤ<ruby差込口|さしこみぐち>１に"	"MEMORY CARD slot 1:"
"SLPS_258.37"	"0x303A13"	"3160595"	"34"	"0x303A13"	"74"	"34"	"”ＰｌａｙＳｔａｔｉｏｎ ２”<ruby専用|せんよう>メモリーカード（８ＭＢ）が"	"No PlayStation 2 memory card (8MB)"
"SLPS_258.37"	"0x303A5E"	"3160670"	"12"	"0x303A5E"	"27"	"12"	"<ruby差|さ>されていません。"	"is inserted."
"SLPS_258.37"	"0x303A80"	"3160704"	"31"	"0x303A80"	"72"	"31"	"”ＰｌａｙＳｔａｔｉｏｎ ２”<ruby専用|せんよう>メモリーカード（８ＭＢ）"	"PlayStation 2 memory card (8MB)"
"SLPS_258.37"	"0x303AC9"	"3160777"	"10"	"0x303AC9"	"16"	"10"	"ではありません。"	"not found."
"SLPS_258.37"	"0x303AE0"	"3160800"	"19"	"0x303AE0"	"50"	"19"	"ＭＥＭＯＲＹ ＣＡＲＤ<ruby差込口|さしこみぐち>１の"	"MEMORY CARD slot 1:"
"SLPS_258.37"	"0x303B13"	"3160851"	"31"	"0x303B13"	"74"	"31"	"”ＰｌａｙＳｔａｔｉｏｎ ２”<ruby専用|せんよう>メモリーカード（８ＭＢ）は"	"PlayStation 2 memory card (8MB)"
"SLPS_258.37"	"0x303B5E"	"3160926"	"32"	"0x303B5E"	"65"	"32"	"<ruby空|あ>き<ruby容量|ようりょう>が<ruby不足|ふそく>しています。"	"does not have enough free space."
"SLPS_258.37"	"0x303BB0"	"3161008"	"18"	"0x303BB0"	"34"	"18"	"このゲームのデータをセーブするには"	"To save game data,"
"SLPS_258.37"	"0x303BD3"	"3161043"	"38"	"0x303BD3"	"92"	"38"	"１０３ＫＢ<ruby以上|いじょう>の<ruby空|あ>き<ruby容量|ようりょう>が<ruby必要|ひつよう>です。"	"103 KB or more free space is required."
"SLPS_258.37"	"0x303C40"	"3161152"	"19"	"0x303C40"	"50"	"19"	"ＭＥＭＯＲＹ ＣＡＲＤ<ruby差込口|さしこみぐち>１の"	"MEMORY CARD slot 1:"
"SLPS_258.37"	"0x303C73"	"3161203"	"31"	"0x303C73"	"74"	"31"	"”ＰｌａｙＳｔａｔｉｏｎ ２”<ruby専用|せんよう>メモリーカード（８ＭＢ）が"	"PlayStation 2 memory card (8MB)"
"SLPS_258.37"	"0x3047BA"	"3164090"	"13"	"0x3047BA"	"37"	"13"	"このままで<ruby開始|かいし>しますか？"	"Start anyway?"
"SLPS_258.37"	"0x304930"	"3164464"	"13"	"0x304930"	"37"	"13"	"このままで<ruby開始|かいし>しますか？"	"Start anyway?"
"SLPS_258.37"	"0x304970"	"3164528"	"10"	"0x304970"	"24"	"10"	"データをセーブしますか？"	"Save data?"
"SLPS_258.37"	"0x304990"	"3164560"	"16"	"0x304990"	"50"	"16"	"タイトル<ruby画面|がめん>に<ruby戻|もど>りますか？"	"Return to title?"
"SLPS_258.37"	"0x3049D0"	"3164624"	"13"	"0x3049D0"	"32"	"13"	"ロードできるデータがありません。"	"No load data."
"SLPS_258.37"	"0x304A60"	"3164768"	"6"	"0x304A60"	"21"	"6"	"<ruby未使用|みしよう>"	"Unused"
"SLPS_258.37"	"0x304BF0"	"3165168"	"8"	"0x304BF0"	"14"	"8"	"サバイバル戦闘"	"Survival"
"SLPS_258.37"	"0x304D50"	"3165520"	"15"	"0x304D50"	"38"	"15"	"<r闘|たたか>いに<r勝利|しょうり>する。"	"Win the battle."
"SLPS_258.37"	"0x304D80"	"3165568"	"20"	"0x304D80"	"32"	"20"	"タイムアップまで<r闘|たたか>う。"	"Fight until time up."
"SLPS_258.37"	"0x304F30"	"3166000"	"21"	"0x304F30"	"46"	"21"	"<r忍術|にんじゅつ>で<r止|とど>めを<r刺|さ>す。"	"Finish with Ninjutsu."
"SLPS_258.37"	"0x304F60"	"3166048"	"30"	"0x304F60"	"68"	"30"	"<r相手|あいて>のチャクラが０の<r時|とき>に<r止|とど>めを<r刺|さ>す。"	"Finish when enemy chakra is 0."
"SLPS_258.37"	"0x304FB0"	"3166128"	"27"	"0x304FB0"	"74"	"27"	"<r連係|れんけい>キャラクターの<r攻撃|こうげき>で<r止|とど>めを<r刺|さ>す。"	"Finish with support attack."
"SLPS_258.37"	"0x305000"	"3166208"	"18"	"0x305000"	"48"	"18"	"チャクラをレベル<r壱以上残|いちいじょうのこ>す。"	"Keep Chakra Lv.1+."
"SLPS_258.37"	"0x305040"	"3166272"	"18"	"0x305040"	"46"	"18"	"チャクラをレベル<r弐以上残|にいじょうのこ>す。"	"Keep Chakra Lv.2+."
"SLPS_258.37"	"0x305070"	"3166320"	"18"	"0x305070"	"48"	"18"	"チャクラをレベル<r参以上残|さんいじょうのこ>す。"	"Keep Chakra Lv.3+."
"SLPS_258.37"	"0x3050B0"	"3166384"	"26"	"0x3050B0"	"34"	"26"	"ライフを１０％<r以下|いか>にする。"	"Lower life to 10% or less."
"SLPS_258.37"	"0x3050E0"	"3166432"	"15"	"0x3050E0"	"40"	"15"	"ライフを３０％<r以上残|いじょうのこ>す。"	"Keep 30%+ life."
"SLPS_258.37"	"0x305110"	"3166480"	"15"	"0x305110"	"40"	"15"	"ライフを５０％<r以上残|いじょうのこ>す。"	"Keep 50%+ life."
"SLPS_258.37"	"0x305140"	"3166528"	"15"	"0x305140"	"40"	"15"	"ライフを８０％<r以上残|いじょうのこ>す。"	"Keep 80%+ life."
"SLPS_258.37"	"0x305170"	"3166576"	"29"	"0x305170"	"72"	"29"	"<r相手|あいて>のライフが３０％の<r状態|じょうたい>で<r開始|かいし>して。"	"Start with enemy life at 30%."
"SLPS_258.37"	"0x3051C0"	"3166656"	"29"	"0x3051C0"	"72"	"29"	"<r相手|あいて>のライフが５０％の<r状態|じょうたい>で<r開始|かいし>して。"	"Start with enemy life at 50%."
"SLPS_258.37"	"0x305210"	"3166736"	"21"	"0x305210"	"42"	"21"	"<r攻撃|こうげき>を<r空振|からぶ>りしない。"	"Do not whiff attacks."
"SLPS_258.37"	"0x305240"	"3166784"	"12"	"0x305240"	"18"	"12"	"ジャンプをしない。"	"Do not jump."
"SLPS_258.37"	"0x305260"	"3166816"	"20"	"0x305260"	"42"	"20"	"<r忍術|にんじゅつ>を<r使用|しよう>しない。"	"Do not use Ninjutsu."
"SLPS_258.37"	"0x305290"	"3166864"	"21"	"0x305290"	"38"	"21"	"<r奥義|おうぎ>を<r使用|しよう>しない。"	"Do not use Ultimates."
"SLPS_258.37"	"0x3052C0"	"3166912"	"27"	"0x3052C0"	"48"	"27"	"<r相手|あいて>の<r攻撃|こうげき>をガードしない。"	"Do not guard enemy attacks."
"SLPS_258.37"	"0x305300"	"3166976"	"30"	"0x305300"	"52"	"30"	"<r相手|あいて>に<r奥義|おうぎ>を<r使|つか>わせない。"	"Do not let enemy use Ultimate."
"SLPS_258.37"	"0x305340"	"3167040"	"26"	"0x305340"	"66"	"26"	"<r相手|あいて>の<r攻撃|こうげき>を<r一度|いちど>も<r受|う>けない。"	"Do not take enemy attacks."
"SLPS_258.37"	"0x305390"	"3167120"	"21"	"0x305390"	"58"	"21"	"<r連係|れんけい>キャラクターがいない<r状態|じょうたい>で。"	"No support character."
"SLPS_258.37"	"0x3053D0"	"3167184"	"29"	"0x3053D0"	"52"	"29"	"<r地上|ちじょう>で<r技|わざ>を<r使用|しよう>しない。"	"Do not use ground techniques."
"SLPS_258.37"	"0x305410"	"3167248"	"23"	"0x305410"	"50"	"23"	"アイテム<r以外|いがい>で<r攻撃|こうげき>をしない。"	"Attack only with items."
"SLPS_258.37"	"0x305450"	"3167312"	"23"	"0x305450"	"58"	"23"	"４カウント<r以上壁登|いじょうかべのぼ>りを<r行|おこな>う。"	"Wall-run for 4+ counts."
"SLPS_258.37"	"0x305490"	"3167376"	"23"	"0x305490"	"58"	"23"	"６カウント<r以上壁登|いじょうかべのぼ>りを<r行|おこな>う。"	"Wall-run for 6+ counts."
"SLPS_258.37"	"0x3054D0"	"3167440"	"30"	"0x3054D0"	"68"	"30"	"<r合計|ごうけい>６０カウント<r以上水面|いじょうみなも>に<r立|た>つ。"	"Stand on water for 60+ counts."
"SLPS_258.37"	"0x305520"	"3167520"	"28"	"0x305520"	"56"	"28"	"１カウント<r以上攻撃|いじょうこうげき>を<r止|と>めない。"	"Keep attacking for 1+ count."
"SLPS_258.37"	"0x305560"	"3167584"	"29"	"0x305560"	"56"	"29"	"３カウント<r以上攻撃|いじょうこうげき>を<r止|と>めない。"	"Keep attacking for 3+ counts."
"SLPS_258.37"	"0x3055A0"	"3167648"	"26"	"0x3055A0"	"80"	"26"	"３<r回|かい><r以上|いじょう><r変|か>わり<r身|み>の<r術|じゅつ>を<r行|おこな>う。"	"Use substitution 3+ times."
"SLPS_258.37"	"0x305600"	"3167744"	"26"	"0x305600"	"80"	"26"	"６<r回|かい><r以上|いじょう><r変|か>わり<r身|み>の<r術|じゅつ>を<r行|おこな>う。"	"Use substitution 6+ times."
"SLPS_258.37"	"0x305660"	"3167840"	"17"	"0x305660"	"70"	"17"	"３<r回|かい><r以上|いじょう><r相打|あいう>ちを<r発生|はっせい>させる。"	"Cause 3+ clashes."
"SLPS_258.37"	"0x3056B0"	"3167920"	"19"	"0x3056B0"	"60"	"19"	"３<r回|かい><r以上|いじょう><r受|う>け<r身|み>を<r取|と>る。"	"Use Ukemi 3+ times."
"SLPS_258.37"	"0x3056F0"	"3167984"	"21"	"0x3056F0"	"66"	"21"	"３<r回|かい><r以上|いじょう><r追|お>い<r討|う>ちを<r行|おこな>う。"	"Use pursuit 3+ times."
"SLPS_258.37"	"0x305740"	"3168064"	"21"	"0x305740"	"66"	"21"	"６<r回|かい><r以上|いじょう><r追|お>い<r討|う>ちを<r行|おこな>う。"	"Use pursuit 6+ times."
"SLPS_258.37"	"0x305790"	"3168144"	"19"	"0x305790"	"68"	"19"	"３<r種類以上|しゅるいいじょう>の<r忍具|にんぐ>を<r使用|しよう>する。"	"Use 3+ ninja tools."
"SLPS_258.37"	"0x3057E0"	"3168224"	"19"	"0x3057E0"	"62"	"19"	"３<r種類以上|しゅるいいじょう>のアイテムを<r所持|しょじ>する。"	"Hold 3+ item types."
"SLPS_258.37"	"0x305820"	"3168288"	"17"	"0x305820"	"70"	"17"	"<r壊|こわ>れ<r物|もの>を３<r個|こ><r以上|いじゅう><r破壊|はかい>する。"	"Break 3+ objects."
"SLPS_258.37"	"0x305870"	"3168368"	"17"	"0x305870"	"70"	"17"	"<r壊|こわ>れ<r物|もの>を５<r個|こ><r以上|いじゅう><r破壊|はかい>する。"	"Break 5+ objects."
"SLPS_258.37"	"0x3058C0"	"3168448"	"17"	"0x3058C0"	"70"	"17"	"<r壊|こわ>れ<r物|もの>を７<r個|こ><r以上|いじゅう><r破壊|はかい>する。"	"Break 7+ objects."
"SLPS_258.37"	"0x305910"	"3168528"	"19"	"0x305910"	"62"	"19"	"<r連続攻撃|れんぞくこうげき>５<r連発|れんぱつ>を<r決|き>める。"	"Land a 5-hit combo."
"SLPS_258.37"	"0x305950"	"3168592"	"20"	"0x305950"	"64"	"20"	"<r連続攻撃|れんぞくこうげき>１０<r連発|れんぱつ>を<r決|き>める。"	"Land a 10-hit combo."
"SLPS_258.37"	"0x3059A0"	"3168672"	"20"	"0x3059A0"	"64"	"20"	"<r連続攻撃|れんぞくこうげき>１５<r連発|れんぱつ>を<r決|き>める。"	"Land a 15-hit combo."
"SLPS_258.37"	"0x3059F0"	"3168752"	"20"	"0x3059F0"	"64"	"20"	"<r連続攻撃|れんぞくこうげき>２０<r連発|れんぱつ>を<r決|き>める。"	"Land a 20-hit combo."
"SLPS_258.37"	"0x305A40"	"3168832"	"20"	"0x305A40"	"64"	"20"	"<r連続攻撃|れんぞくこうげき>２５<r連発|れんぱつ>を<r決|き>める。"	"Land a 25-hit combo."
"SLPS_258.37"	"0x305A90"	"3168912"	"20"	"0x305A90"	"64"	"20"	"<r連続攻撃|れんぞくこうげき>３０<r連発|れんぱつ>を<r決|き>める。"	"Land a 30-hit combo."
"SLPS_258.37"	"0x305AE0"	"3168992"	"20"	"0x305AE0"	"64"	"20"	"<r連続攻撃|れんぞくこうげき>３５<r連発|れんぱつ>を<r決|き>める。"	"Land a 35-hit combo."
"SLPS_258.37"	"0x305B30"	"3169072"	"20"	"0x305B30"	"64"	"20"	"<r連続攻撃|れんぞくこうげき>４０<r連発|れんぱつ>を<r決|き>める。"	"Land a 40-hit combo."
"SLPS_258.37"	"0x305B80"	"3169152"	"20"	"0x305B80"	"64"	"20"	"<r連続攻撃|れんぞくこうげき>４５<r連発|れんぱつ>を<r決|き>める。"	"Land a 45-hit combo."
"SLPS_258.37"	"0x305BD0"	"3169232"	"20"	"0x305BD0"	"64"	"20"	"<r連続攻撃|れんぞくこうげき>５０<r連発|れんぱつ>を<r決|き>める。"	"Land a 50-hit combo."
"SLPS_258.37"	"0x305C20"	"3169312"	"25"	"0x305C20"	"66"	"25"	"<r相手|あいて>を３<r回|かい><r以上|いじょう><r落下|らっか>させる。"	"Make enemy fall 3+ times."
"SLPS_258.37"	"0x305C70"	"3169392"	"25"	"0x305C70"	"66"	"25"	"<r相手|あいて>を６<r回|かい><r以上|いじょう><r落下|らっか>させる。"	"Make enemy fall 6+ times."
"SLPS_258.37"	"0x305CC0"	"3169472"	"19"	"0x305CC0"	"40"	"19"	"<r相手|あいて>を<r挑発|ちょうはつ>する。"	"Taunt the opponent."
"SLPS_258.37"	"0x305CF0"	"3169520"	"21"	"0x305CF0"	"56"	"21"	"<r覚醒状態|かくせいじょうたい>を<r発生|はっせい>させる。"	"Enter awakened state."
"SLPS_258.37"	"0x305D30"	"3169584"	"28"	"0x305D30"	"74"	"28"	"<r通常|つうじょう>もしくは<r連係奥義|れんけいおうぎ>を<r使用|しよう>する。"	"Use normal or team Ultimate."
"SLPS_258.37"	"0x305D80"	"3169664"	"22"	"0x305D80"	"50"	"22"	"<r逆転奥義|ぎゃくてんおうぎ>を<r使用|しよう>する。"	"Use reversal Ultimate."
"SLPS_258.37"	"0x305DC0"	"3169728"	"23"	"0x305DC0"	"48"	"23"	"<r覚醒奥義|かくせいおうぎ>を<r使用|しよう>する。"	"Use awakening Ultimate."
"SLPS_258.37"	"0x305E00"	"3169792"	"23"	"0x305E00"	"52"	"23"	"<r連係|れんけい>キャラクターを<r呼|よ>び<r出|だ>す。"	"Call support character."
"SLPS_258.37"	"0x305E40"	"3169856"	"13"	"0x305E40"	"50"	"13"	"<r速度|そくど>が<r遅|おそ>い<r状態|じょうたい>で。"	"Speed is low."
"SLPS_258.37"	"0x305E80"	"3169920"	"20"	"0x305E80"	"60"	"20"	"<r攻撃力|こうげきりょく>が<r低|ひく>い<r状態|じょうたい>で。"	"Attack power is low."
"SLPS_258.37"	"0x305EC0"	"3169984"	"15"	"0x305EC0"	"60"	"15"	"<r防御力|ぼうぎょりょく>が<r低|ひく>い<r状態|じょうたい>で。"	"Defense is low."
"SLPS_258.37"	"0x305F00"	"3170048"	"16"	"0x305F00"	"60"	"16"	"<r回復力|かいふくりょく>が<r低|ひく>い<r状態|じょうたい>で。"	"Recovery is low."
"SLPS_258.37"	"0x305F40"	"3170112"	"9"	"0x305F40"	"46"	"9"	"<r毒|どく>を<r受|う>けた<r状態|じょうたい>で。"	"Poisoned."
"SLPS_258.37"	"0x305F70"	"3170160"	"20"	"0x305F70"	"56"	"20"	"ライフが１０％の<r状態|じょうたい>で<r開始|かいし>して。"	"Start with 10% life."
"SLPS_258.37"	"0x305FB0"	"3170224"	"21"	"0x305FB0"	"54"	"21"	"チャクラなしの<r状態|じょうたい>で<r開始|かいし>して。"	"Start with no chakra."
"SLPS_258.37"	"0x305FF0"	"3170288"	"13"	"0x305FF0"	"48"	"13"	"<r無重力|むじゅうりょく>の<r状態|じょうたい>で。"	"Zero gravity."
"SLPS_258.37"	"0x306030"	"3170352"	"20"	"0x306030"	"66"	"20"	"<r相手|あいて>の<r速度|そくど>が<r速|はや>い<r状態|じょうたい>で。"	"Enemy speed is high."
"SLPS_258.37"	"0x306080"	"3170432"	"27"	"0x306080"	"76"	"27"	"<r相手|あいて>の<r攻撃力|こうげきりょく>が<r高|たか>い<r状態|じょうたい>で。"	"Enemy attack power is high."
"SLPS_258.37"	"0x3060D0"	"3170512"	"22"	"0x3060D0"	"76"	"22"	"<r相手|あいて>の<r防御力|ぼうぎょりょく>が<r高|たか>い<r状態|じょうたい>で。"	"Enemy defense is high."
"SLPS_258.37"	"0x306120"	"3170592"	"23"	"0x306120"	"68"	"23"	"<r相手|あいて>がライフ<r継続回復状態|けいぞくかいふくじょうたい>で。"	"Enemy life regenerates."
"SLPS_258.37"	"0x306170"	"3170672"	"25"	"0x306170"	"70"	"25"	"<r相手|あいて>がチャクラ<r継続回復状態|けいぞくかいふくじょうたい>で。"	"Enemy chakra regenerates."
"SLPS_258.37"	"0x3061C0"	"3170752"	"27"	"0x3061C0"	"78"	"27"	"<r相手|あいて>の<r攻撃|こうげき>がチャクラを<r削|けず>る<r状態|じょうたい>で。"	"Enemy attacks drain chakra."
"SLPS_258.37"	"0x306210"	"3170832"	"22"	"0x306210"	"54"	"22"	"チャクラが<r使用|しよう>できない<r状態|じょうたい>で。"	"Chakra cannot be used."
"SLPS_258.37"	"0x306250"	"3170896"	"14"	"0x306250"	"56"	"14"	"<r体|からだ>が<r小|ちい>さくなった<r状態|じょうたい>で。"	"Body is small."
"SLPS_258.37"	"0x306290"	"3170960"	"23"	"0x306290"	"74"	"23"	"<r全|すべ>ての<r奥義|おうぎ>が<r使用|しよう>できない<r状態|じょうたい>で。"	"All Ultimates disabled."
"SLPS_258.37"	"0x3062E0"	"3171040"	"29"	"0x3062E0"	"76"	"29"	"<r通常奥義|つうじょうおうぎ>しか<r使用|しよう>できない<r状態|じょうたい>で。"	"Only normal Ultimate enabled."
"SLPS_258.37"	"0x306330"	"3171120"	"27"	"0x306330"	"74"	"27"	"<r連係奥義|れんけいおうぎ>しか<r使用|しよう>できない<r状態|じょうたい>で。"	"Only team Ultimate enabled."
"SLPS_258.37"	"0x306380"	"3171200"	"27"	"0x306380"	"70"	"27"	"<r九尾|きゅうび>のチャクラを<r開放|かいほう>した<r状態|じょうたい>で。"	"Nine-Tails chakra released."
"SLPS_258.37"	"0x3063D0"	"3171280"	"25"	"0x3063D0"	"72"	"25"	"<r九尾|きゅうび>が<r第四覚醒|だいよんかくせい>した<r状態|じょうたい>で。"	"Nine-Tails 4th awakening."
"SLPS_258.37"	"0x3065F0"	"3171824"	"16"	"0x3065F0"	"29"	"16"	"●クリア<ruby条件|じょうけん>"	"Clear Conditions"
"SLPS_258.37"	"0x306610"	"3171856"	"16"	"0x306610"	"31"	"16"	"キャラクター<ruby変更|へんこう>"	"Change Character"
"SLPS_258.37"	"0x306640"	"3171904"	"43"	"0x306640"	"96"	"43"	"<r再挑戦|さいちょうせん>しない<r場合|ばあい>、ゲームモード<r選択|せんたく>まで<r戻|もど>ります。"	"If you do not retry, return to Mode Select."
"SLPS_258.37"	"0x3066E0"	"3172064"	"12"	"0x3066E0"	"23"	"12"	"<ruby任務名|にんむめい>"	"Mission Name"
"SLPS_258.37"	"0x306700"	"3172096"	"13"	"0x306700"	"27"	"13"	"<ruby取得|しゅとく>ポイント"	"Earned Points"
"SLPS_258.37"	"0x306720"	"3172128"	"11"	"0x306720"	"29"	"11"	"%sの<ruby所持|しょじ>ポイント"	"%s's Points"
"SLPS_258.37"	"0x306740"	"3172160"	"12"	"0x306740"	"27"	"12"	"<ruby報酬金|ほうしゅうきん>"	"Reward Money"
"SLPS_258.37"	"0x306760"	"3172192"	"10"	"0x306760"	"23"	"10"	"<ruby所持金|しょじきん>"	"Money Held"
"SLPS_258.37"	"0x306780"	"3172224"	"6"	"0x306780"	"17"	"6"	"%s<ruby両|りょう>"	"%s Ryo"
"SLPS_258.37"	"0x3067A0"	"3172256"	"32"	"0x3067A0"	"48"	"32"	"<ruby他|た>のキャラへの<ruby加算|かさん>ポイント"	"Points added to other characters"
"SLPS_258.37"	"0x3067E0"	"3172320"	"40"	"0x3067E0"	"66"	"40"	"<color1010C0>%s<BLACK>が<ruby今|いま>までに<ruby取得|しゅとく>した"	"<color1010C0>%s<BLACK> has earned so far"
"SLPS_258.37"	"0x306830"	"3172400"	"81"	"0x306830"	"173"	"81"	"ポイントの<ruby合計|ごうけい>が<color1010C0><ruby最大値|さいだいち><BLACK>に<ruby達|たっ>しましたので、<br>これ<ruby以上|いじょう>のポイントは<ruby取得|しゅとく>できません。"	"Point total reached <color1010C0>maximum<BLACK>.<br>No more points can be earned."
"SLPS_258.37"	"0x306DC0"	"3173824"	"11"	"0x306DC0"	"16"	"11"	"トータルカウント"	"Total Count"
"SLPS_258.37"	"0x312228"	"3220008"	"7"	"0x312228"	"14"	"7"	"<r千鳥|ちどり>"	"Chidori"
"SLPS_258.37"	"0x342550"	"3417424"	"6"	"0x342550"	"8"	"6"	"テンテン"	"Tenten"
"SLPS_258.37"	"0x35CFE8"	"3526632"	"7"	"0x35CFE8"	"10"	"7"	"カンクロウ"	"Kankuro"
"SLPS_258.37"	"0x3878A8"	"3700904"	"7"	"0x3878A8"	"10"	"7"	"黄色い閃光"	"Y.Flash"
"SLPS_258.37"	"0x38C510"	"3720464"	"10"	"0x38C510"	"12"	"10"	"木ノ葉丸軍団"	"Konohamaru"
"SLPS_258.37"	"0x3A6980"	"3828096"	"12"	"0x3A6980"	"12"	"12"	"ナルト状態２"	"Naruto状態２"
"SLPS_258.37"	"0x3AC4C0"	"3851456"	"12"	"0x3AC4C0"	"12"	"12"	"サスケ状態２"	"Sasuke状態２"
"SLPS_258.37"	"0x3C15E0"	"3937760"	"9"	"0x3C15E0"	"12"	"9"	"次郎坊状態２"	"JiroboSt2"
"SLPS_258.37"	"0x3C5E50"	"3956304"	"8"	"0x3C5E50"	"12"	"8"	"鬼童丸状態２"	"KidomSt2"
"SLPS_258.37"	"0x3CA950"	"3975504"	"9"	"0x3CA950"	"12"	"9"	"多由也状態２"	"TayuyaSt2"
"SLPS_258.37"	"0x3CFD48"	"3997000"	"8"	"0x3CFD48"	"10"	"8"	"左近状態２"	"SakonSt2"
"SLPS_258.37"	"0x3D5460"	"4019296"	"8"	"0x3D5460"	"12"	"8"	"君麻呂状態２"	"KimimSt2"
"SLPS_258.37"	"0x3D9C40"	"4037696"	"30"	"0x3D9C40"	"30"	"30"	"うずまきナルト<r連撃|れんげき>"	"うずまきNaruto<r連撃|れんげき>"
"SLPS_258.37"	"0x3F6C90"	"4156560"	"5"	"0x3F6C90"	"8"	"5"	"チヨバア"	"Chiyo"
"SLPS_258.37"	"0x401B48"	"4201288"	"7"	"0x401B48"	"8"	"7"	"デイダラ"	"Deidara"
"SLPS_258.37"	"0x406B70"	"4221808"	"8"	"0x406B70"	"28"	"8"	"<r八卦空掌|はっけくうしょう>"	"Air Palm"
"SLPS_258.37"	"0x44BFB0"	"4505520"	"14"	"0x44BFB0"	"18"	"14"	"<r牙通牙|がつうが>"	"Fang Over Fang"
"SLPS_258.37"	"0x46E850"	"4646992"	"11"	"0x46E850"	"24"	"11"	"<r痛天脚|つうてんきゃく>"	"Heaven Kick"
"SLPS_258.37"	"0x48F340"	"4780864"	"17"	"0x48F340"	"42"	"17"	"<r木遁|もくとん>・<r木錠壁|もくじょうへき>"	"Wood Locking Wall"
"SLPS_258.37"	"0x494C20"	"4803616"	"18"	"0x494C20"	"46"	"18"	"<r忍法|にんぽう>・<r超獣偽画|ちょうじゅうぎが>"	"Super Beast Scroll"
"SLPS_258.37"	"0x49BE88"	"4832904"	"10"	"0x49BE88"	"10"	"10"	"２部サスケ"	"２部Sasuke"
"SLPS_258.37"	"0x49C6E0"	"4835040"	"13"	"0x49C6E0"	"28"	"13"	"<r忍犬口寄|にんけんくちよ>せ"	"Ninken Summon"
"SLPS_258.37"	"0x4AD240"	"4903488"	"30"	"0x4AD240"	"30"	"30"	"うずまきナルト<r連弾|れんだん>"	"うずまきNaruto<r連弾|れんだん>"
"SLPS_258.37"	"0x4AD260"	"4903520"	"38"	"0x4AD260"	"38"	"38"	"うずまきナルト<r忍法帳|にんぽうちょう>"	"うずまきNaruto<r忍法帳|にんぽうちょう>"
"SLPS_258.37"	"0x4AD300"	"4903680"	"11"	"0x4AD300"	"26"	"11"	"<r砂瀑大葬|さばくたいそう>"	"Sand Burial"
"SLPS_258.37"	"0x4AD3D0"	"4903888"	"8"	"0x4AD3D0"	"42"	"8"	"<r八卦六十四掌|はっけろくじゅうよんしょう>"	"64 Palms"
"SLPS_258.37"	"0x4AD500"	"4904192"	"20"	"0x4AD500"	"32"	"20"	"<r潜影多蛇手|せんえいたじゃしゅ>"	"Hidden Shadow Snakes"
"SLPS_258.37"	"0x4AD620"	"4904480"	"8"	"0x4AD620"	"18"	"8"	"<r白眼|びゃくがん>"	"Byakugan"
"SLPS_258.37"	"0x4AD7D0"	"4904912"	"14"	"0x4AD7D0"	"18"	"14"	"<r牙通牙|がつうが>"	"Fang Over Fang"
"SLPS_258.37"	"0x4AD810"	"4904976"	"9"	"0x4AD810"	"18"	"9"	"<r牙狼牙|がろうが>"	"Wolf Fang"
"SLPS_258.37"	"0x4ADCA0"	"4906144"	"13"	"0x4ADCA0"	"34"	"13"	"<r飛雷神|ひらいしん>の<r術|じゅつ>"	"Flying Raijin"
"SLPS_258.37"	"0x4AE000"	"4907008"	"13"	"0x4AE000"	"32"	"13"	"<r漏|も>れ<r出|だ>す<r力|ちから>"	"Leaking Power"
"SLPS_258.37"	"0x4AE030"	"4907056"	"14"	"0x4AE030"	"32"	"14"	"<r変|か>わらない<r関係|かんけい>"	"Unchanged Bond"
"SLPS_258.37"	"0x4AE060"	"4907104"	"11"	"0x4AE060"	"30"	"11"	"<r春|はる>の<r蹴来|しゅうらい>"	"Spring Kick"
"SLPS_258.37"	"0x4AE080"	"4907136"	"22"	"0x4AE080"	"30"	"22"	"キラキラ<r乙女心|おとめごころ>"	"Sparkling Maiden Heart"
"SLPS_258.37"	"0x4AE0A0"	"4907168"	"11"	"0x4AE0A0"	"20"	"11"	"<r大地割|だいちわ>り"	"Earth Split"
"SLPS_258.37"	"0x4AE0C0"	"4907200"	"20"	"0x4AE0C0"	"34"	"20"	"<r傀儡|くぐつ>・<r桜舞|サクラマイ>"	"Puppet: Sakura Dance"
"SLPS_258.37"	"0x4AE0F0"	"4907248"	"11"	"0x4AE0F0"	"20"	"11"	"<r砂縛牢|さばくろう>"	"Sand Prison"
"SLPS_258.37"	"0x4AE110"	"4907280"	"24"	"0x4AE110"	"68"	"24"	"<r最硬絶対攻撃|さいこうぜったいこうげき>・<r砂瀑槍葬|さばくそうそう>"	"Ultimate Hard Sand Spear"
"SLPS_258.37"	"0x4AE160"	"4907360"	"11"	"0x4AE160"	"26"	"11"	"<r滅砂瀑葬|めっさばくそう>"	"Sand Burial"
"SLPS_258.37"	"0x4AE180"	"4907392"	"19"	"0x4AE180"	"36"	"19"	"<r傀儡|くぐつ>・<r骸烏|ムクロガラス>"	"Puppet: Crow Corpse"
"SLPS_258.37"	"0x4AE1B0"	"4907440"	"25"	"0x4AE1B0"	"44"	"25"	"<r傀儡|くぐつ>・<r鬼城|きじょう>の<r面|めん>"	"Puppet: Demon Castle Mask"
"SLPS_258.37"	"0x4AE1E0"	"4907488"	"25"	"0x4AE1E0"	"44"	"25"	"<r黒秘技三大狂言|くろひぎさんだいきょうげん>"	"Black Secret: Three Plays"
"SLPS_258.37"	"0x4AE210"	"4907536"	"9"	"0x4AE210"	"28"	"9"	"<r豪風暴壁|ごうふうぼうへき>"	"Gale Wall"
"SLPS_258.37"	"0x4AE230"	"4907568"	"13"	"0x4AE230"	"28"	"13"	"<r練空踊扇|れんくうようせん>"	"Air Dance Fan"
"SLPS_258.37"	"0x4AE250"	"4907600"	"22"	"0x4AE250"	"42"	"22"	"<r口寄|くちよ>せ・<r扇舞降|せんまいお>ろし"	"Summon: Fan Dance Drop"
"SLPS_258.37"	"0x4AE280"	"4907648"	"25"	"0x4AE280"	"38"	"25"	"<r傀儡|くぐつ>・<r父|ちち>と<r母|はは>"	"Puppet: Father and Mother"
"SLPS_258.37"	"0x4AE2B0"	"4907696"	"28"	"0x4AE2B0"	"72"	"28"	"<r十機近松|じっきちかまつ>の<r集|しゅう>・<r三宝吸潰|さんぼうきゅうかい>"	"Chikamatsu Ten: Three Jewels"
"SLPS_258.37"	"0x4AE300"	"4907776"	"23"	"0x4AE300"	"42"	"23"	"<r傀儡|くぐつ>・<r砂鉄獄塊|さてつごっかい>"	"Puppet: Iron Sand Block"
"SLPS_258.37"	"0x4AE330"	"4907824"	"11"	"0x4AE330"	"30"	"11"	"<r合殺芸術|がっさいげいじゅつ>"	"Killing Art"
"SLPS_258.37"	"0x4AE350"	"4907856"	"3"	"0x4AE350"	"18"	"3"	"<r芸術|げいじゅつ>"	"Art"
"SLPS_258.37"	"0x4AE370"	"4907888"	"13"	"0x4AE370"	"26"	"13"	"<r自爆分身|じばくぶんしん>"	"Suicide Clone"
"SLPS_258.37"	"0x4AE390"	"4907920"	"12"	"0x4AE390"	"36"	"12"	"<r十八番|オハコ>・<rＣ３|シースリー>"	"Favorite: C3"
"SLPS_258.37"	"0x4AE3C0"	"4907968"	"22"	"0x4AE3C0"	"38"	"22"	"<r八卦四天空掌|はっけしてんくうしょう>"	"8 Trigrams: Four Palms"
"SLPS_258.37"	"0x4AE3F0"	"4908016"	"28"	"0x4AE3F0"	"30"	"28"	"<r八卦破山撃|はっけはざんげき>"	"8 Trigrams: Mountain Crusher"
"SLPS_258.37"	"0x4AE410"	"4908048"	"18"	"0x4AE410"	"38"	"18"	"<r操具|そうぐ>・<r廻燕劇|かいえんげき>"	"Tool: Swallow Spin"
"SLPS_258.37"	"0x4AE440"	"4908096"	"16"	"0x4AE440"	"38"	"16"	"<r操具|そうぐ>・<r大鉄塊|だいてっかい>"	"Tool: Iron Block"
"SLPS_258.37"	"0x4AE470"	"4908144"	"29"	"0x4AE470"	"38"	"29"	"<r操具|そうぐ>・<r天鋼災|てんこうさい>"	"Tool: Heavenly Steel Disaster"
"SLPS_258.37"	"0x4AE4A0"	"4908192"	"14"	"0x4AE4A0"	"30"	"14"	"<r木|こ>ノ<r葉旋光|はせんこう>"	"Leaf Whirlwind"
"SLPS_258.37"	"0x4AE4C0"	"4908224"	"18"	"0x4AE4C0"	"32"	"18"	"<r青春|せいしゅん>フルパワー！！"	"Youth Full Power!!"
"SLPS_258.37"	"0x4AE4F0"	"4908272"	"27"	"0x4AE4F0"	"56"	"27"	"<r裏蓮華|うられんげ>・あの<r夕日|ゆうひ>に<r向|む>かって"	"Hidden Lotus: Toward Sunset"
"SLPS_258.37"	"0x4AE540"	"4908352"	"23"	"0x4AE540"	"54"	"23"	"<r忍法|にんぽう>・<r影煙幕|かげえんまく>の<r術|じゅつ>"	"Ninja Art: Shadow Smoke"
"SLPS_258.37"	"0x4AE580"	"4908416"	"16"	"0x4AE580"	"34"	"16"	"<r忍法|にんぽう>・<r影縫|かげぬ>い"	"Shadow Stitching"
"SLPS_258.37"	"0x4AE5B0"	"4908464"	"28"	"0x4AE5B0"	"44"	"28"	"<r自分|じぶん>ルール・じゃんけん<r編|へん>"	"My Rule: Rock Paper Scissors"
"SLPS_258.37"	"0x4AE5E0"	"4908512"	"14"	"0x4AE5E0"	"46"	"14"	"<r自分|じぶん>ルール・<r青春編|せいしゅんへん>"	"My Rule: Youth"
"SLPS_258.37"	"0x4AE610"	"4908560"	"15"	"0x4AE610"	"22"	"15"	"<r朝孔雀|あさくじゃく>"	"Morning Peacock"
"SLPS_258.37"	"0x4AE630"	"4908592"	"14"	"0x4AE630"	"34"	"14"	"<r雷切|らいきり>・<r一尖|いっせん>"	"Raikiri: Issen"
"SLPS_258.37"	"0x4AE660"	"4908640"	"26"	"0x4AE660"	"36"	"26"	"<r土遁|どとん>・<r裂穿牙|れっせんが>"	"Earth Style: Piercing Fang"
"SLPS_258.37"	"0x4AE690"	"4908688"	"13"	"0x4AE690"	"24"	"13"	"コピー<r忍術|にんじゅつ>"	"Copy Ninjutsu"
"SLPS_258.37"	"0x4AE6B0"	"4908720"	"28"	"0x4AE6B0"	"40"	"28"	"<r火遁|かとん>・<r豪焔球|ごうえんきゅう>"	"Fire Style: Great Flame Ball"
"SLPS_258.37"	"0x4AE6E0"	"4908768"	"19"	"0x4AE6E0"	"36"	"19"	"<r幻術|げんじゅつ>・<r泡沫|うたかた>"	"Genjutsu: Ephemeral"
"SLPS_258.37"	"0x4AE710"	"4908816"	"16"	"0x4AE710"	"36"	"16"	"<r瞳術|どうじゅつ>・<r威凪|いさなぎ>"	"Dojutsu: Izanagi"
"SLPS_258.37"	"0x4AE740"	"4908864"	"18"	"0x4AE740"	"34"	"18"	"<r最凶|さいきょう>の<r刺客|しかく>"	"Deadliest Assassin"
"SLPS_258.37"	"0x4AE770"	"4908912"	"24"	"0x4AE770"	"40"	"24"	"<r水遁|すいとん>・<r五食鮫|ごしょくざめ>"	"Water Style: Five Sharks"
"SLPS_258.37"	"0x4AE7A0"	"4908960"	"28"	"0x4AE7A0"	"38"	"28"	"<r水遁|すいとん>・<r無限鮫|むげんざめ>"	"Water Style: Infinite Sharks"
"SLPS_258.37"	"0x4AE7D0"	"4909008"	"27"	"0x4AE7D0"	"46"	"27"	"<r水遁|すいとん>・<r爆水衝波|ばくすいしょうは>"	"Water Style: Exploding Wave"
"SLPS_258.37"	"0x4AE800"	"4909056"	"15"	"0x4AE800"	"28"	"15"	"<r妖狐|ようこ>の<r衣|ころも>"	"Demon Fox Cloak"
"SLPS_258.37"	"0x4AE820"	"4909088"	"27"	"0x4AE820"	"54"	"27"	"<r赤秘技|あかひぎ>・<r百機|ひゃっき>の<r操演|そうえん>"	"Red Secret: Hundred Puppets"
"SLPS_258.37"	"0x4AE860"	"4909152"	"22"	"0x4AE860"	"50"	"22"	"<r傀儡|くぐつ>の<r術|じゅつ>・<r尾沙悶|びしゃもん>"	"Puppet Jutsu: Bishamon"
"SLPS_258.37"	"0x4AE8A0"	"4909216"	"27"	"0x4AE8A0"	"56"	"27"	"<r傀儡|くぐつ>の<r術|じゅつ>・<r義手千本|ぎしゅせんぼん>"	"Puppet Jutsu: Thousand Arms"
"SLPS_258.37"	"0x4AE8E0"	"4909280"	"25"	"0x4AE8E0"	"50"	"25"	"<r傀儡|くぐつ>の<r術|じゅつ>・<r重刃庫|じゅうばこ>"	"Puppet Jutsu: Blade Vault"
"SLPS_258.37"	"0x4AE920"	"4909344"	"16"	"0x4AE920"	"32"	"16"	"<r息子|むすこ>の<r仇|かたき>！？"	"My Son's Enemy!?"
"SLPS_258.37"	"0x4AE950"	"4909392"	"15"	"0x4AE950"	"26"	"15"	"<r爪迅狼牙|そうじんろうが>"	"Swift Wolf Fang"
"SLPS_258.37"	"0x4AE970"	"4909424"	"16"	"0x4AE970"	"20"	"16"	"<r天双牙|てんそうが>"	"Twin Heaven Fang"
"SLPS_258.37"	"0x4AE990"	"4909456"	"24"	"0x4AE990"	"36"	"24"	"<r寄壊蟲|きかいちゅう>・<r蝕|しょく>"	"Destruction Bug: Erosion"
"SLPS_258.37"	"0x4AE9C0"	"4909504"	"21"	"0x4AE9C0"	"36"	"21"	"<r寄壊蟲|きかいちゅう>・<r虚|うつろ>"	"Destruction Bug: Void"
"SLPS_258.37"	"0x4AE9F0"	"4909552"	"20"	"0x4AE9F0"	"34"	"20"	"<r八卦掌空天|はっけしょうくうてん>"	"8 Trigrams: Sky Palm"
"SLPS_258.37"	"0x4AEA20"	"4909600"	"23"	"0x4AEA20"	"46"	"23"	"<r部分超倍化|ぶぶんちょうばいか>の<r術|じゅつ>"	"Partial Super Expansion"
"SLPS_258.37"	"0x4AEA50"	"4909648"	"19"	"0x4AEA50"	"42"	"19"	"<r超|ちょう>・<r肉弾戦車|にくだんせんしゃ>"	"Super Human Boulder"
"SLPS_258.37"	"0x4AEA80"	"4909696"	"29"	"0x4AEA80"	"42"	"29"	"<r忍法|にんぽう>・<r月下美人|げっかびじん>"	"Ninja Art: Queen of the Night"
"SLPS_258.37"	"0x4AEAB0"	"4909744"	"21"	"0x4AEAB0"	"22"	"21"	"<r蝶針火|ちょうしんか>"	"Butterfly Needle Fire"
"SLPS_258.37"	"0x4AEAD0"	"4909776"	"24"	"0x4AEAD0"	"48"	"24"	"<r火遁|かとん>・<r消|け>し<r幕|まく>が<r原|はら>"	"Fire Style: Smoke Screen"
"SLPS_258.37"	"0x4AEB10"	"4909840"	"10"	"0x4AEB10"	"16"	"10"	"<r地流|じながれ>"	"Earth Flow"
"SLPS_258.37"	"0x4AEB30"	"4909872"	"19"	"0x4AEB30"	"38"	"19"	"<r渦旋風火|かせんふうか>の<r術|じゅつ>"	"Whirling Fire Jutsu"
"SLPS_258.37"	"0x4AEB60"	"4909920"	"7"	"0x4AEB60"	"16"	"7"	"<r蟒蛇|うわばみ>"	"Serpent"
"SLPS_258.37"	"0x4AEB80"	"4909952"	"13"	"0x4AEB80"	"34"	"13"	"<r二凪|ふたなぎ>ノ<r草薙|くさなぎ>"	"Twin Kusanagi"
"SLPS_258.37"	"0x4AEBB0"	"4910000"	"22"	"0x4AEBB0"	"42"	"22"	"<r死術|しじゅつ>・<r帰魂遊戯|きこんゆうぎ>"	"Death Art: Soul Return"
"SLPS_258.37"	"0x4AEBE0"	"4910048"	"18"	"0x4AEBE0"	"34"	"18"	"<r木遁|もくとん>・<r飛乃木|ひのき>"	"Wood Style: Hinoki"
"SLPS_258.37"	"0x4AEC10"	"4910096"	"18"	"0x4AEC10"	"32"	"18"	"<r木遁|もくとん>・<r梁木|やなぎ>"	"Wood Style: Willow"
"SLPS_258.37"	"0x4AEC40"	"4910144"	"37"	"0x4AEC40"	"66"	"37"	"<r忍法|にんぽう>・<r超獣偽画|ちょうじゅうぎが>　<r白描|はくびょう>"	"Ninja Art: Super Beast Scroll: Sketch"
"SLPS_258.37"	"0x4AEC90"	"4910224"	"37"	"0x4AEC90"	"60"	"37"	"<r忍法|にんぽう>・<r超獣偽画|ちょうじゅうぎが>　<r龍|りゅう>"	"Ninja Art: Super Beast Scroll: Dragon"
"SLPS_258.37"	"0x4AECD0"	"4910288"	"14"	"0x4AECD0"	"28"	"14"	"<r草薙|くさなぎ>の<r舞|まい>"	"Kusanagi Dance"
"SLPS_258.37"	"0x4AECF0"	"4910320"	"17"	"0x4AECF0"	"28"	"17"	"<r翔|か>け<r鳥崩|どりくず>し"	"Flying Bird Break"
"SLPS_258.37"	"0x4AED10"	"4910352"	"16"	"0x4AED10"	"32"	"16"	"<r千鳥|ちどり>・<r雷鳴|らいめい>"	"Chidori: Thunder"
"SLPS_258.37"	"0x4B01E0"	"4915680"	"15"	"0x4B01E0"	"42"	"15"	"<ruby瞬身|しゅんしん>の<ruby巻物|まきもの>"	"Teleport Scroll"
"SLPS_258.37"	"0x4B0210"	"4915728"	"10"	"0x4B0210"	"14"	"10"	"アイテムポーチ"	"Item Pouch"
"SLPS_258.37"	"0x4B0220"	"4915744"	"14"	"0x4B0220"	"33"	"14"	"<ruby風魔手裏剣|ふうましゅりけん>"	"Demon Shuriken"
"SLPS_258.37"	"0x4B0250"	"4915792"	"11"	"0x4B0250"	"29"	"11"	"<ruby根性|こんじょう>のおもり"	"Guts Weight"
"SLPS_258.37"	"0x4B0270"	"4915824"	"15"	"0x4B0270"	"23"	"15"	"<ruby起爆|きばく>クナイ"	"Explosive Kunai"
"SLPS_258.37"	"0x4B0290"	"4915856"	"12"	"0x4B0290"	"27"	"12"	"<ruby毒煙玉|どくけむりだま>"	"Poison Smoke"
"SLPS_258.37"	"0x4B02B0"	"4915888"	"8"	"0x4B02B0"	"26"	"8"	"<ruby撒|ま>き<ruby菱|びし>"	"Caltrops"
"SLPS_258.37"	"0x4B02D0"	"4915920"	"13"	"0x4B02D0"	"23"	"13"	"<ruby起爆札|きばくふだ>"	"Explosive Tag"
"SLPS_258.37"	"0x4B02F0"	"4915952"	"22"	"0x4B02F0"	"44"	"22"	"<ruby呪札|じゅさつ>　<ruby鎧崩|よろいくず>し"	"Curse Tag: Armor Break"
"SLPS_258.37"	"0x4B0320"	"4916000"	"15"	"0x4B0320"	"35"	"15"	"<ruby千影手裏剣|せんえいしゅりけん>"	"Shadow Shuriken"
"SLPS_258.37"	"0x4B0350"	"4916048"	"11"	"0x4B0350"	"25"	"11"	"<ruby炸裂|さくれつ>クナイ"	"Burst Kunai"
"SLPS_258.37"	"0x4B0370"	"4916080"	"10"	"0x4B0370"	"23"	"10"	"<ruby起爆|きばく>シール"	"Blast Seal"
"SLPS_258.37"	"0x4B0390"	"4916112"	"8"	"0x4B0390"	"23"	"8"	"<ruby蝦蟇油|ガマあぶら>"	"Toad Oil"
"SLPS_258.37"	"0x4B03B0"	"4916144"	"11"	"0x4B03B0"	"23"	"11"	"<ruby博打玉|ばくちだま>"	"Gamble Ball"
"SLPS_258.37"	"0x4B03D0"	"4916176"	"9"	"0x4B03D0"	"28"	"9"	"<ruby痺|しび>れ<ruby玉|たま>"	"Stun Ball"
"SLPS_258.37"	"0x4B03F0"	"4916208"	"11"	"0x4B03F0"	"36"	"11"	"<ruby上忍|じょうにん>の<ruby靴|くつ>"	"Jonin Shoes"
"SLPS_258.37"	"0x4B0420"	"4916256"	"9"	"0x4B0420"	"27"	"9"	"<ruby兵糧丸|ひょうろうがん>"	"Food Pill"
"SLPS_258.37"	"0x4B0440"	"4916288"	"12"	"0x4B0440"	"42"	"12"	"<ruby雲隠|くもがく>れの<ruby巻物|まきもの>"	"Cloud Scroll"
"SLPS_258.37"	"0x4B0470"	"4916336"	"12"	"0x4B0470"	"27"	"12"	"カカシ<ruby人形|にんぎょう>"	"Kakashi Doll"
"SLPS_258.37"	"0x4B0490"	"4916368"	"10"	"0x4B0490"	"25"	"10"	"<ruby亀甲丸|きっこうがん>"	"Shell Pill"
"SLPS_258.37"	"0x4B04B0"	"4916400"	"11"	"0x4B04B0"	"23"	"11"	"<ruby元気丸|げんきがん>"	"Energy Pill"
"SLPS_258.37"	"0x4B04D0"	"4916432"	"12"	"0x4B04D0"	"25"	"12"	"<ruby医療|いりょう>パック"	"Medical Pack"
"SLPS_258.37"	"0x4B19D0"	"4921808"	"85"	"0x4B19D0"	"206"	"85"	"<color00FFFF>マスターモード<colorFFFFFF>では<r広大|こうだい>な<r世界|せかい>を<r舞台|ぶたい>に、<r成長|せいちょう>したうずまきナルトの<r新|あたら>しい<r物語|ものがたり>を<r体験|たいけん>することができます。"	"<color00FFFF>Master Mode<colorFFFFFF>: experience Naruto's new story in a vast world."
"SLPS_258.37"	"0x4B1AA0"	"4922016"	"71"	"0x4B1AA0"	"128"	"71"	"<color00FFFF>フリーバトル<colorFFFFFF>では<r好|す>きなキャラクターを<r使|つか>って<r自由|じゆう>に<r闘|たたか>うことができます。"	"<color00FFFF>Free Battle<colorFFFFFF>: fight freely with any character."
"SLPS_258.37"	"0x4B1B30"	"4922160"	"76"	"0x4B1B30"	"172"	"76"	"<color00FFFF>プラクティス<colorFFFFFF>では<r基本操作|きほんそうさ>など、<r戦闘|せんとう>に<r関|かん>する<r様々|さまざま>な<r練習|れんしゅう>を<r行|おこな>うことができます。"	"<color00FFFF>Practice<colorFFFFFF>: train basic controls and battle actions."
"SLPS_258.37"	"0x4B1BE0"	"4922336"	"51"	"0x4B1BE0"	"80"	"51"	"<color00FFFF>ミニゲーム<colorFFFFFF>ではミニゲームで<r遊|あそ>ぶことができます。"	"<color00FFFF>Minigame<colorFFFFFF>: play minigames."
"SLPS_258.37"	"0x4B1C40"	"4922432"	"64"	"0x4B1C40"	"138"	"64"	"<color00FFFF>ショップ<colorFFFFFF>ではお<r金|かね>を<r払|はら>ってコレクション<r用|よう>のアイテムを<r購入|こうにゅう>することができます。"	"<color00FFFF>Shop<colorFFFFFF>: buy collection items with money."
"SLPS_258.37"	"0x4B1CD0"	"4922576"	"68"	"0x4B1CD0"	"142"	"68"	"<color00FFFF>コレクション<colorFFFFFF>ではショップで<r購入|こうにゅう>したコレクション<r用|よう>アイテムを<r閲覧|えつらん>することができます。"	"<color00FFFF>Collection<colorFFFFFF>: view items bought in the shop."
"SLPS_258.37"	"0x4B1D60"	"4922720"	"59"	"0x4B1D60"	"122"	"59"	"<color00FFFF>オプション<colorFFFFFF>では<r各種|かくしゅ><r設定|せってい>の<r変更|へんこう>を<r行|おこな>うことができます。"	"<color00FFFF>Options<colorFFFFFF>: change various settings."
"SLPS_258.37"	"0x4B1E00"	"4922880"	"23"	"0x4B1E00"	"44"	"23"	"タイトル<r画面|がめん>に<r戻|もど>りますか？"	"Return to Title Screen?"
"SLPS_258.37"	"0x4B2230"	"4923952"	"67"	"0x4B2230"	"166"	"67"	"<r変更|へんこう>したいボタン・<r項目|こうもく>を<iconOK>ボタンで<r選択|せんたく>し、<r方向|ほうこう>キー<r左右|さゆう>で<r操作|そうさ>を<r変更|へんこう>してください。"	"Select a button/item with <iconOK>, then change it with Left/Right."
"SLPS_258.37"	"0x4B22E0"	"4924128"	"32"	"0x4B22E0"	"66"	"32"	"１Ｐの<r操作設定|そうさせってい>をデフォルトに<r戻|もど>しました。"	"1P controls restored to default."
"SLPS_258.37"	"0x4B2330"	"4924208"	"32"	"0x4B2330"	"66"	"32"	"２Ｐの<r操作設定|そうさせってい>をデフォルトに<r戻|もど>しました。"	"2P controls restored to default."
"SLPS_258.37"	"0x4B2380"	"4924288"	"70"	"0x4B2380"	"162"	"70"	"<iconL1><iconR1>には<color00FFFF>「ガード・アイテム<r使用|しよう>・アイテム<r選択|せんたく>」<colorFFFFFF><r以外|いがい>は、<r割|わ>り<r振|ふ>ることができません。"	"<iconL1><iconR1> can only be assigned Guard, Use Item, or Item Select."
"SLPS_258.37"	"0x4B2430"	"4924464"	"70"	"0x4B2430"	"162"	"70"	"<iconL2><iconR2>には<color00FFFF>「ガード・アイテム<r使用|しよう>・アイテム<r選択|せんたく>」<colorFFFFFF><r以外|いがい>は、<r割|わ>り<r振|ふ>ることができません。"	"<iconL2><iconR2> can only be assigned Guard, Use Item, or Item Select."
"SLPS_258.37"	"0x4B24E0"	"4924640"	"99"	"0x4B24E0"	"148"	"99"	"<color00FFFF>「アイテム<r選択|せんたく>」<colorFFFFFF>は<iconL1><iconR1>か<iconL2><iconR2><r以外|いがい>には、<r割|わ>り<r振|ふ>ることができません。"	"<color00FFFF>Item Select<colorFFFFFF> can only be assigned to <iconL1><iconR1> or <iconL2><iconR2>."
"SLPS_258.37"	"0x4B2580"	"4924800"	"42"	"0x4B2580"	"72"	"42"	"１Ｐが<r変更中|へんこうちゅう>ですので、<r終了|しゅうりょう>できません。"	"Cannot exit while 1P is changing controls."
"SLPS_258.37"	"0x4B25D0"	"4924880"	"42"	"0x4B25D0"	"72"	"42"	"２Ｐが<r変更中|へんこうちゅう>ですので、<r終了|しゅうりょう>できません。"	"Cannot exit while 2P is changing controls."
"SLPS_258.37"	"0x4B2640"	"4924992"	"7"	"0x4B2640"	"8"	"7"	"奥義準備"	"UltPrep"
"SLPS_258.37"	"0x4B2650"	"4925008"	"4"	"0x4B2650"	"8"	"4"	"ジャンプ"	"Jump"
"SLPS_258.37"	"0x4B2660"	"4925024"	"8"	"0x4B2660"	"12"	"8"	"アイテム使用"	"Use Item"
"SLPS_258.37"	"0x4B2670"	"4925040"	"9"	"0x4B2670"	"12"	"9"	"アイテム選択"	"Item Sel."
"SLPS_258.37"	"0x4B2680"	"4925056"	"7"	"0x4B2680"	"8"	"7"	"連係攻撃"	"TeamAtk"
"SLPS_258.37"	"0x4B2860"	"4925536"	"43"	"0x4B2860"	"100"	"43"	"ＢＧＭ、ＳＥ、<r音声|おんせい>を<r含|ふく>む<r音量全体|おんりょうぜんたい>を<r変更|へんこう>します。"	"Change overall volume: BGM, SE, and voices."
"SLPS_258.37"	"0x4B28D0"	"4925648"	"52"	"0x4B28D0"	"118"	"52"	"<r方向|ほうこう>キー<r左右|さゆう>で<r出力|しゅつりょく>モードをステレオ・モノラルのいずれかに<r設定|せってい>します。"	"Use Left/Right to set output mode to Stereo or Mono."
"SLPS_258.37"	"0x4B2950"	"4925776"	"24"	"0x4B2950"	"64"	"24"	"<r音響設定|おんきょうせってい>をデフォルトに<r戻|もど>しました。"	"Sound settings restored."
"SLPS_258.37"	"0x4B2A10"	"4925968"	"97"	"0x4B2A10"	"130"	"97"	"<color00FFFF>フリーバトル<colorFFFFFF>と<color00FFFF>プラクティス<colorFFFFFF>でのＣＯＭの<r強|つよ>さを<r設定|せってい>できます。"	"Set COM strength in <color00FFFF>Free Battle<colorFFFFFF> and <color00FFFF>Practice<colorFFFFFF>."
"SLPS_258.37"	"0x4B2AA0"	"4926112"	"26"	"0x4B2AA0"	"54"	"26"	"ボタン<r操作|そうさ>の<r割|わ>り<r振|ふ>りができます。"	"Change button assignments."
"SLPS_258.37"	"0x4B2AE0"	"4926176"	"31"	"0x4B2AE0"	"76"	"31"	"<r音量|おんりょう>や<r音|おと>の<r出力設定|しゅつりょくせってい>ができます。"	"Change volume and audio output."
"SLPS_258.37"	"0x4B2B30"	"4926256"	"23"	"0x4B2B30"	"60"	"23"	"<r画面|がめん>の<r位置|いち>の<r調整|ちょうせい>ができます。"	"Adjust screen position."
"SLPS_258.37"	"0x4B2B70"	"4926320"	"28"	"0x4B2B70"	"50"	"28"	"<r難易度|なんいど>をデフォルトに<r戻|もど>します。"	"Restore difficulty defaults."
"SLPS_258.37"	"0x4B2BB0"	"4926384"	"20"	"0x4B2BB0"	"52"	"20"	"<r難易度|なんいど>をデフォルトに<r戻|もど>しました。"	"Difficulty restored."
"SLPS_258.37"	"0x4B31F0"	"4927984"	"87"	"0x4B31F0"	"123"	"87"	"<color00FFFF>フリーバトル<colorFFFFFF>で<br>『<color00FFFF>%s<colorFFFFFF>』が<br><ruby使用可能|しようかのう>になりました。"	"<color00FFFF>%s<colorFFFFFF><br>is now usable in <color00FFFF>Free Battle<colorFFFFFF>."
"SLPS_258.37"	"0x4B3270"	"4928112"	"105"	"0x4B3270"	"151"	"105"	"<color00FFFF>フリーバトル<colorFFFFFF>で<br><r連係|れんけい>キャラクター『<color00FFFF>%s<colorFFFFFF>』が<br><ruby使用可能|しようかのう>になりました。"	"Support character <color00FFFF>%s<colorFFFFFF><br>is now usable in <color00FFFF>Free Battle<colorFFFFFF>."
"SLPS_258.37"	"0x4B41D0"	"4932048"	"21"	"0x4B41D0"	"42"	"21"	"ゲームモード<r選択|せんたく>に<r戻|もど>る"	"Return to Mode Select"
"SLPS_258.37"	"0x4B4220"	"4932128"	"22"	"0x4B4220"	"50"	"22"	"ゲームモード<r選択|せんたく>に<r戻|もど>りますか？"	"Return to Mode Select?"
"SLPS_258.37"	"0x4B4260"	"4932192"	"16"	"0x4B4260"	"30"	"16"	"タイトルに<r戻|もど>りますか？"	"Return to Title?"
"SLPS_258.37"	"0x4B4280"	"4932224"	"25"	"0x4B4280"	"52"	"25"	"<r任務|にんむ><r選択|せんたく>に<r戻|もど>りますか？"	"Return to Mission Select?"
"SLPS_258.37"	"0x4B42C0"	"4932288"	"23"	"0x4B42C0"	"50"	"23"	"<r種目選択|しゅもくせんたく>に<r戻|もど>りますか？"	"Return to Event Select?"
"SLPS_258.37"	"0x4B4310"	"4932368"	"9"	"0x4B4310"	"22"	"9"	"<r連係|れんけい>モード"	"Team Mode"
"SLPS_258.37"	"0x4B4328"	"4932392"	"6"	"0x4B4328"	"10"	"6"	"マニュアル"	"Manual"
"SLPS_258.37"	"0x502DF0"	"5254640"	"6"	"0x502DF0"	"6"	"6"	"ナルト"	"Naruto"
"SLPS_258.37"	"0x502DF8"	"5254648"	"6"	"0x502DF8"	"6"	"6"	"サスケ"	"Sasuke"
"SLPS_258.37"	"0x502E18"	"5254680"	"6"	"0x502E18"	"6"	"6"	"サクラ"	"Sakura"
"SLPS_258.37"	"0x502E58"	"5254744"	"6"	"0x502E58"	"6"	"6"	"次郎坊"	"Jirobo"
"SLPS_258.37"	"0x502E60"	"5254752"	"5"	"0x502E60"	"6"	"5"	"鬼童丸"	"Kidom"
"SLPS_258.37"	"0x502E68"	"5254760"	"6"	"0x502E68"	"6"	"6"	"多由也"	"Tayuya"
"SLPS_258.37"	"0x502E70"	"5254768"	"4"	"0x502E70"	"4"	"4"	"左近"	"Sakn"
"SLPS_258.37"	"0x502E78"	"5254776"	"5"	"0x502E78"	"6"	"5"	"君麻呂"	"Kimim"
"SLPS_258.37"	"0x502EB8"	"5254840"	"5"	"0x502EB8"	"6"	"5"	"自来也"	"Jirai"
"SLPS_258.37"	"0x502EC0"	"5254848"	"3"	"0x502EC0"	"4"	"3"	"綱手"	"Tsu"
"SLPS_258.37"	"0x502EE0"	"5254880"	"5"	"0x502EE0"	"6"	"5"	"大蛇丸"	"Oroch"
"SLPS_258.37"	"0x503070"	"5255280"	"6"	"0x503070"	"6"	"6"	"天地橋"	"Bridge"
"SLPS_258.37"	"0x503078"	"5255288"	"6"	"0x503078"	"6"	"6"	"短冊街"	"Tanzak"
"SLPS_258.37"	"0x503110"	"5255440"	"3"	"0x503110"	"4"	"3"	"はい"	"Yes"
"SLPS_258.37"	"0x503118"	"5255448"	"2"	"0x503118"	"6"	"2"	"いいえ"	"No"
"SLPS_258.37"	"0x503190"	"5255568"	"5"	"0x503190"	"6"	"5"	"なし。"	"None."
"SLPS_258.37"	"0x5031A0"	"5255584"	"3"	"0x5031A0"	"4"	"3"	"はい"	"Yes"
"SLPS_258.37"	"0x5031A8"	"5255592"	"2"	"0x5031A8"	"6"	"2"	"いいえ"	"No"
"SLPS_258.37"	"0x5032F8"	"5255928"	"6"	"0x5032F8"	"6"	"6"	"ナルト"	"Naruto"
"SLPS_258.37"	"0x503300"	"5255936"	"6"	"0x503300"	"6"	"6"	"サスケ"	"Sasuke"
"SLPS_258.37"	"0x503308"	"5255944"	"3"	"0x503308"	"4"	"3"	"リー"	"Lee"
"SLPS_258.37"	"0x503310"	"5255952"	"5"	"0x503310"	"6"	"5"	"我愛羅"	"Gaara"
"SLPS_258.37"	"0x503318"	"5255960"	"4"	"0x503318"	"4"	"4"	"ネジ"	"Neji"
"SLPS_258.37"	"0x503320"	"5255968"	"6"	"0x503320"	"6"	"6"	"サクラ"	"Sakura"
"SLPS_258.37"	"0x503330"	"5255984"	"6"	"0x503330"	"6"	"6"	"再不斬"	"Zabuza"
"SLPS_258.37"	"0x503338"	"5255992"	"6"	"0x503338"	"6"	"6"	"ヒナタ"	"Hinata"
"SLPS_258.37"	"0x503340"	"5256000"	"3"	"0x503340"	"4"	"3"	"いの"	"Ino"
"SLPS_258.37"	"0x503348"	"5256008"	"4"	"0x503348"	"4"	"4"	"キバ"	"Kiba"
"SLPS_258.37"	"0x503350"	"5256016"	"4"	"0x503350"	"4"	"4"	"シノ"	"Shin"
"SLPS_258.37"	"0x503400"	"5256192"	"3"	"0x503400"	"6"	"3"	"三代目"	"3rd"
"SLPS_258.37"	"0x503408"	"5256200"	"6"	"0x503408"	"6"	"6"	"次郎坊"	"Jirobo"
"SLPS_258.37"	"0x503410"	"5256208"	"5"	"0x503410"	"6"	"5"	"鬼童丸"	"Kidom"
"SLPS_258.37"	"0x503418"	"5256216"	"6"	"0x503418"	"6"	"6"	"多由也"	"Tayuya"
"SLPS_258.37"	"0x503430"	"5256240"	"5"	"0x503430"	"6"	"5"	"君麻呂"	"Kimim"
"SLPS_258.37"	"0x503438"	"5256248"	"6"	"0x503438"	"6"	"6"	"ハナビ"	"Hanabi"
"SLPS_258.37"	"0x503448"	"5256264"	"3"	"0x503448"	"4"	"3"	"初代"	"1st"
"SLPS_258.37"	"0x503478"	"5256312"	"3"	"0x503478"	"6"	"3"	"二代目"	"2nd"
"SLPS_258.37"	"0x5039E8"	"5257704"	"3"	"0x5039E8"	"4"	"3"	"ガイ"	"Guy"
"SLPS_258.37"	"0x5039F0"	"5257712"	"6"	"0x5039F0"	"6"	"6"	"カカシ"	"Kakasi"
"SLPS_258.37"	"0x503A38"	"5257784"	"6"	"0x503A38"	"6"	"6"	"イタチ"	"Itachi"
"SLPS_258.37"	"0x503A78"	"5257848"	"4"	"0x503A78"	"4"	"4"	"鬼鮫"	"Kisa"
"SLPS_258.37"	"0x503EC0"	"5258944"	"5"	"0x503EC0"	"6"	"5"	"自来也"	"Jirai"
"SLPS_258.37"	"0x503FE0"	"5259232"	"5"	"0x503FE0"	"6"	"5"	"大蛇丸"	"Oroch"
"SLPS_258.37"	"0x5040B0"	"5259440"	"6"	"0x5040B0"	"6"	"6"	"カブト"	"Kabuto"
"SLPS_258.37"	"0x5040B8"	"5259448"	"6"	"0x5040B8"	"6"	"6"	"ヤマト"	"Yamato"
"SLPS_258.37"	"0x504190"	"5259664"	"3"	"0x504190"	"4"	"3"	"サイ"	"Sai"
"SLPS_258.37"	"0x504668"	"5260904"	"2"	"0x504668"	"6"	"2"	"いいえ"	"No"
"SLPS_258.37"	"0x504670"	"5260912"	"3"	"0x504670"	"6"	"3"	"は　い"	"Yes"
"SLPS_258.37"	"0x504738"	"5261112"	"3"	"0x504738"	"4"	"3"	"攻撃"	"Atk"
"SLPS_258.37"	"0x504740"	"5261120"	"5"	"0x504740"	"6"	"5"	"ガード"	"Guard"
"SLPS_258.37"	"0x504748"	"5261128"	"3"	"0x504748"	"4"	"3"	"オフ"	"Off"
"SLPS_258.37"	"0x504750"	"5261136"	"2"	"0x504750"	"4"	"2"	"オン"	"On"
"SLPS_258.37"	"0x504908"	"5261576"	"4"	"0x504908"	"6"	"4"	"オート"	"Auto"
"SLPS_258.37"	"0x504970"	"5261680"	"3"	"0x504970"	"4"	"3"	"最大"	"Max"
"SLPS_258.37"	"0x504A18"	"5261848"	"6"	"0x504A18"	"6"	"6"	"蛇攻撃"	"SnakeA"
"SLPS_258.37"	"0x504AB8"	"5262008"	"3"	"0x504AB8"	"4"	"3"	"奥義"	"Ult"
"SLPS_258.37"	"0x504AC8"	"5262024"	"4"	"0x504AC8"	"6"	"4"	"難易度"	"Diff"
"SLPS_258.37"	"0x504AE8"	"5262056"	"6"	"0x504AE8"	"6"	"6"	"ふつう"	"Normal"
"SLPS_258.37"	"0x504AF0"	"5262064"	"5"	"0x504AF0"	"6"	"5"	"激むず"	"Hard+"
"SLPS_258.37"	"0x504AF8"	"5262072"	"3"	"0x504AF8"	"4"	"3"	"究極"	"Ult"
"SLPS_258.37"	"0x504B00"	"5262080"	"4"	"0x504B00"	"4"	"4"	"回転"	"Spin"
"SLPS_258.37"	"0x504B08"	"5262088"	"4"	"0x504B08"	"4"	"4"	"連打"	"Mash"
"SLPS_258.37"	"0x504BE8"	"5262312"	"4"	"0x504BE8"	"4"	"4"	"なし"	"None"
"SLPS_258.37"	"0x504DB0"	"5262768"	"4"	"0x504DB0"	"4"	"4"	"なし"	"None"
"SLPS_258.37"	"0x505AD0"	"5266128"	"3"	"0x505AD0"	"6"	"3"	"は　い"	"Yes"
"SLPS_258.37"	"0x505AD8"	"5266136"	"2"	"0x505AD8"	"6"	"2"	"いいえ"	"No"
"SLPS_258.37"	"0x505B08"	"5266184"	"2"	"0x505B08"	"6"	"2"	"または"	"or"
"SLPS_258.37"	"0x505B18"	"5266200"	"5"	"0x505B18"	"6"	"5"	"ガード"	"Guard"
"SLPS_258.37"	"0x505B50"	"5266256"	"6"	"0x505B50"	"6"	"6"	"ふつう"	"Normal"
"SLPS_258.37"	"0x505B68"	"5266280"	"4"	"0x505B68"	"4"	"4"	"なし"	"None"
"SLPS_258.37"	"0x505B70"	"5266288"	"3"	"0x505B70"	"6"	"3"	"少なめ"	"Few"
"SLPS_258.37"	"0x505B78"	"5266296"	"4"	"0x505B78"	"4"	"4"	"多め"	"More"
"SLPS_258.37"	"0x505B80"	"5266304"	"4"	"0x505B80"	"4"	"4"	"通常"	"Norm"
"SLPS_258.37"	"0x505B88"	"5266312"	"3"	"0x505B88"	"4"	"3"	"無限"	"Inf"
"SLPS_258.37"	"0x505B98"	"5266328"	"4"	"0x505B98"	"4"	"4"	"回転"	"Spin"
"SLPS_258.37"	"0x505BA0"	"5266336"	"4"	"0x505BA0"	"4"	"4"	"連打"	"Mash"
"SLPS_258.37"	"0x505BB0"	"5266352"	"3"	"0x505BB0"	"4"	"3"	"オフ"	"Off"
"SLPS_258.37"	"0x505BB8"	"5266360"	"2"	"0x505BB8"	"4"	"2"	"オン"	"On"
"SLPS_258.37"	"0x505BC8"	"5266376"	"4"	"0x505BC8"	"4"	"4"	"半分"	"Half"
"SLPS_258.37"	"0x505BE0"	"5266400"	"4"	"0x505BE0"	"6"	"4"	"オート"	"Auto"
"SLPS_258.37"	"0x505BF0"	"5266416"	"3"	"0x505BF0"	"4"	"3"	"手動"	"Man"
"SLPS_258.37"	"0x505BF8"	"5266424"	"3"	"0x505BF8"	"6"	"3"	"ＣＯＭ"	"COM"
"SLPS_258.37"	"0x505C00"	"5266432"	"4"	"0x505C00"	"4"	"4"	"立ち"	"Idle"
"SLPS_258.37"	"0x505C08"	"5266440"	"3"	"0x505C08"	"6"	"3"	"しない"	"Off"
"SLPS_258.37"	"0x505C10"	"5266448"	"4"	"0x505C10"	"4"	"4"	"単発"	"Once"
"SLPS_258.37"	"0x505C18"	"5266456"	"5"	"0x505C18"	"6"	"5"	"コンボ"	"Combo"
"SLPS_258.37"	"0x505C20"	"5266464"	"3"	"0x505C20"	"4"	"3"	"奥義"	"Ult"
"SLPS_258.37"	"0x505C28"	"5266472"	"4"	"0x505C28"	"4"	"4"	"忍術"	"Jtsu"
"SLPS_258.37"	"0x505C30"	"5266480"	"2"	"0x505C30"	"4"	"2"	"する"	"On"
"SLPS_258.37"	"0x505C40"	"5266496"	"4"	"0x505C40"	"4"	"4"	"追う"	"Purs"
"SLPS_258.37"	"0x505C60"	"5266528"	"4"	"0x505C60"	"4"	"4"	"乱発"	"Spam"
"SLPS_258.37"	"0x505C70"	"5266544"	"4"	"0x505C70"	"6"	"4"	"難易度"	"Diff"
"SLPS_258.37"	"0x505CA0"	"5266592"	"2"	"0x505CA0"	"4"	"2"	"体力"	"HP"
"SLPS_258.37"	"0x505CA8"	"5266600"	"4"	"0x505CA8"	"4"	"4"	"状態"	"Mode"
"SLPS_258.37"	"0x505CB0"	"5266608"	"3"	"0x505CB0"	"4"	"3"	"強さ"	"Str"
"SLPS_258.37"	"0x505CB8"	"5266616"	"3"	"0x505CB8"	"4"	"3"	"攻撃"	"Atk"
"SLPS_258.37"	"0x505CC0"	"5266624"	"5"	"0x505CC0"	"6"	"5"	"ガード"	"Guard"
"SLPS_258.37"	"0x505CC8"	"5266632"	"3"	"0x505CC8"	"4"	"3"	"行動"	"Act"
"SLPS_258.37"	"0x505F48"	"5267272"	"6"	"0x505F48"	"6"	"6"	"ナルト"	"Naruto"
"SLPS_258.37"	"0x505F60"	"5267296"	"6"	"0x505F60"	"6"	"6"	"サクラ"	"Sakura"
"SLPS_258.37"	"0x505FB0"	"5267376"	"5"	"0x505FB0"	"6"	"5"	"大蛇丸"	"Oroch"
"SLPS_258.37"	"0x505FC0"	"5267392"	"3"	"0x505FC0"	"4"	"3"	"綱手"	"Tsu"
"SLPS_258.37"	"0x505FD0"	"5267408"	"5"	"0x505FD0"	"6"	"5"	"自来也"	"Jirai"
"SLPS_258.37"	"0x5060A8"	"5267624"	"6"	"0x5060A8"	"6"	"6"	"サスケ"	"Sasuke"
"SLPS_258.37"	"0x5063A8"	"5268392"	"6"	"0x5063A8"	"6"	"6"	"ナルト"	"Naruto"
"SLPS_258.37"	"0x5063B8"	"5268408"	"6"	"0x5063B8"	"6"	"6"	"サクラ"	"Sakura"
"SLPS_258.37"	"0x5063F8"	"5268472"	"6"	"0x5063F8"	"6"	"6"	"サスケ"	"Sasuke"
"SLPS_258.37"	"0x506450"	"5268560"	"6"	"0x506450"	"6"	"6"	"ナルト"	"Naruto"
"SLPS_258.37"	"0x506458"	"5268568"	"6"	"0x506458"	"6"	"6"	"サクラ"	"Sakura"
"SLPS_258.37"	"0x506478"	"5268600"	"6"	"0x506478"	"6"	"6"	"サスケ"	"Sasuke"
"SLPS_258.37"	"0x5066A8"	"5269160"	"2"	"0x5066A8"	"6"	"2"	"いいえ"	"No"
"SLPS_258.37"	"0x5066B8"	"5269176"	"3"	"0x5066B8"	"6"	"3"	"は　い"	"Yes"
"SLPS_258.37"	"0x506760"	"5269344"	"3"	"0x506760"	"4"	"3"	"はい"	"Yes"
"SLPS_258.37"	"0x506768"	"5269352"	"2"	"0x506768"	"6"	"2"	"いいえ"	"No"
"SLPS_258.37"	"0x506B10"	"5270288"	"6"	"0x506B10"	"6"	"6"	"ナルト"	"Naruto"
"SLPS_258.37"	"0x506B20"	"5270304"	"6"	"0x506B20"	"6"	"6"	"サスケ"	"Sasuke"
"SLPS_258.37"	"0x506B58"	"5270360"	"6"	"0x506B58"	"6"	"6"	"サクラ"	"Sakura"
"SLPS_258.37"	"0x506FA8"	"5271464"	"3"	"0x506FA8"	"4"	"3"	"はい"	"Yes"
"SLPS_258.37"	"0x506FB0"	"5271472"	"2"	"0x506FB0"	"6"	"2"	"いいえ"	"No"
