"File"	"OffsetHex"	"OffsetDec"	"LastChangedHex"	"ChangedSpan"	"SourceText"	"BuildText"	"SourceHex"	"BuildHex"
"BTL.BIN"	"0x1DBAB0"	"1948336"	"0x1DBAC5"	"22"	"TEX_char_name01\\0<r忍術|にんじゅつ>なし\\0\\0\\0\\0\\0\\0\\0\\0\\0\\0\\0\\0.D\\0\\0"	"TEX_char_name01\\0No Ninjutsu\\0\\0\\0\\0\\0\\0\\0\\0\\0\\0\\0\\0\\0\\0\\0\\0\\0\\0\\0\\0\\0\\0\\0.D\\0\\0"	"3C 72 94 45 8F 70 7C 82 C9 82 F1 82 B6 82 E3 82 C2 3E 82 C8 82 B5"	"4E 6F 20 4E 69 6E 6A 75 74 73 75 00 00 00 00 00 00 00 00 00 00 00"
"BTL.BIN"	"0x1DD140"	"1954112"	"0x1DD157"	"24"	"ふっとばすぞ右\\0\\0ふっとばすぞ左\\0\\0つぶすぞ\\0\\0\\0\\0\\0\\0\\0\\0.\\0\\0\\0.\\0\\0\\0"	"ふっとばすぞ右\\0\\0Blow Left\\0\\0\\0\\0\\0\\0\\0Crush\\0\\0\\0\\0\\0\\0\\0\\0\\0\\0\\0.\\0\\0\\0.\\0\\0\\0"	"82 D3 82 C1 82 C6 82 CE 82 B7 82 BC 8D B6 00 00 82 C2 82 D4 82 B7 82 BC"	"42 6C 6F 77 20 4C 65 66 74 00 00 00 00 00 00 00 43 72 75 73 68 00 00 00"
"BTL.BIN"	"0x1DD2A0"	"1954464"	"0x1DD2AD"	"14"	"...\\0.DD\\0..{\\0\\0\\0\\0\\0シャンデリア炎\\0\\0OBJ_2cmn00t0 l"	"...\\0.DD\\0..{\\0\\0\\0\\0\\0Fire Lamp\\0\\0\\0\\0\\0\\0\\0OBJ_2cmn00t0 l"	"83 56 83 83 83 93 83 66 83 8A 83 41 89 8A"	"46 69 72 65 20 4C 61 6D 70 00 00 00 00 00"
"BTL.BIN"	"0x1DDF70"	"1957744"	"0x1DDF89"	"26"	"・・・・P.・ｰ.・基本カメラ\\0\\0\\0\\0\\0\\0演出カメラ\\0\\0\\0\\0\\0\\0....\\0\\0...\\0"	"・・・・P.・ｰ.・Base Cam\\0\\0\\0\\0\\0\\0\\0\\0Event Cam\\0\\0\\0\\0\\0\\0\\0....\\0\\0...\\0"	"8A EE 96 7B 83 4A 83 81 83 89 00 00 00 00 00 00 89 89 8F 6F 83 4A 83 81 83 89"	"42 61 73 65 20 43 61 6D 00 00 00 00 00 00 00 00 45 76 65 6E 74 20 43 61 6D 00"
"BTL.BIN"	"0x1E1F90"	"1974160"	"0x1E1F9F"	"16"	"ダミーカメラ\\0\\0\\0\\0ダミーカメラ＃０\\0\\0\\0\\0\\0\\0\\0\\0\\0\\0\\0\\0\\0\\0\\0\\0"	"ダミーカメラ\\0\\0\\0\\0Dummy Cam #0\\0\\0\\0\\0\\0\\0\\0\\0\\0\\0\\0\\0\\0\\0\\0\\0\\0\\0\\0\\0"	"83 5F 83 7E 81 5B 83 4A 83 81 83 89 81 94 82 4F"	"44 75 6D 6D 79 20 43 61 6D 20 23 30 00 00 00 00"
"BTL.BIN"	"0x1E1FB0"	"1974192"	"0x1E1FBF"	"16"	"\\0\\0\\0\\0\\0\\0\\0\\0\\0\\0\\0\\0\\0\\0\\0\\0演出カメラ「子」\\0\\0\\0\\0\\0\\0\\0\\0\\0\\0\\0\\0\\0\\0\\0\\0"	"\\0\\0\\0\\0\\0\\0\\0\\0\\0\\0\\0\\0\\0\\0\\0\\0Event Cam Rat\\0\\0\\0\\0\\0\\0\\0\\0\\0\\0\\0\\0\\0\\0\\0\\0\\0\\0\\0"	"89 89 8F 6F 83 4A 83 81 83 89 81 75 8E 71 81 76"	"45 76 65 6E 74 20 43 61 6D 20 52 61 74 00 00 00"
"BTL.BIN"	"0x1E1FD0"	"1974224"	"0x1E1FDF"	"16"	"\\0\\0\\0\\0\\0\\0\\0\\0\\0\\0\\0\\0\\0\\0\\0\\0演出カメラ「丑」\\0\\0\\0\\0\\0\\0\\0\\0\\0\\0\\0\\0\\0\\0\\0\\0"	"\\0\\0\\0\\0\\0\\0\\0\\0\\0\\0\\0\\0\\0\\0\\0\\0Event Cam Ox\\0\\0\\0\\0\\0\\0\\0\\0\\0\\0\\0\\0\\0\\0\\0\\0\\0\\0\\0\\0"	"89 89 8F 6F 83 4A 83 81 83 89 81 75 89 4E 81 76"	"45 76 65 6E 74 20 43 61 6D 20 4F 78 00 00 00 00"
"BTL.BIN"	"0x1E1FF0"	"1974256"	"0x1E1FFF"	"16"	"\\0\\0\\0\\0\\0\\0\\0\\0\\0\\0\\0\\0\\0\\0\\0\\0演出カメラ「寅」\\0\\0\\0\\0\\0\\0\\0\\0\\0\\0\\0\\0\\0\\0\\0\\0"	"\\0\\0\\0\\0\\0\\0\\0\\0\\0\\0\\0\\0\\0\\0\\0\\0Event Cam Tiger\\0\\0\\0\\0\\0\\0\\0\\0\\0\\0\\0\\0\\0\\0\\0\\0\\0"	"89 89 8F 6F 83 4A 83 81 83 89 81 75 93 D0 81 76"	"45 76 65 6E 74 20 43 61 6D 20 54 69 67 65 72 00"
"BTL.BIN"	"0x1E2110"	"1974544"	"0x1E2125"	"22"	"01\\0\\0\\0\\0\\0\\0\\0\\0\\0\\0\\0\\0\\0\\0<r忍者学校|アカデミー>\\0\\0\\0\\0\\0\\0\\0\\0\\0\\0<r下忍"	"01\\0\\0\\0\\0\\0\\0\\0\\0\\0\\0\\0\\0\\0\\0Academy\\0\\0\\0\\0\\0\\0\\0\\0\\0\\0\\0\\0\\0\\0\\0\\0\\0\\0\\0\\0\\0\\0\\0\\0\\0Genin"	"3C 72 94 45 8E D2 8A 77 8D 5A 7C 83 41 83 4A 83 66 83 7E 81 5B 3E"	"41 63 61 64 65 6D 79 00 00 00 00 00 00 00 00 00 00 00 00 00 00 00"
"BTL.BIN"	"0x1E2130"	"1974576"	"0x1E2145"	"22"	"fミー>\\0\\0\\0\\0\\0\\0\\0\\0\\0\\0<r下忍|げにん>ランクＡ\\0\\0\\0\\0\\0\\0\\0\\0\\0\\0<r下忍"	"\\0\\0\\0\\0\\0\\0\\0\\0\\0\\0\\0\\0\\0\\0\\0\\0Genin Rank A\\0\\0\\0\\0\\0\\0\\0\\0\\0\\0\\0\\0\\0\\0\\0\\0\\0\\0\\0\\0Genin"	"3C 72 89 BA 94 45 7C 82 B0 82 C9 82 F1 3E 83 89 83 93 83 4E 82 60"	"47 65 6E 69 6E 20 52 61 6E 6B 20 41 00 00 00 00 00 00 00 00 00 00"
"BTL.BIN"	"0x1E2150"	"1974608"	"0x1E2165"	"22"	"ンクＡ\\0\\0\\0\\0\\0\\0\\0\\0\\0\\0<r下忍|げにん>ランクＢ\\0\\0\\0\\0\\0\\0\\0\\0\\0\\0<r下忍"	"\\0\\0\\0\\0\\0\\0\\0\\0\\0\\0\\0\\0\\0\\0\\0\\0Genin Rank B\\0\\0\\0\\0\\0\\0\\0\\0\\0\\0\\0\\0\\0\\0\\0\\0\\0\\0\\0\\0Genin"	"3C 72 89 BA 94 45 7C 82 B0 82 C9 82 F1 3E 83 89 83 93 83 4E 82 61"	"47 65 6E 69 6E 20 52 61 6E 6B 20 42 00 00 00 00 00 00 00 00 00 00"
"BTL.BIN"	"0x1E2170"	"1974640"	"0x1E2185"	"22"	"ンクＢ\\0\\0\\0\\0\\0\\0\\0\\0\\0\\0<r下忍|げにん>ランクＣ\\0\\0\\0\\0\\0\\0\\0\\0\\0\\0<r下忍"	"\\0\\0\\0\\0\\0\\0\\0\\0\\0\\0\\0\\0\\0\\0\\0\\0Genin Rank C\\0\\0\\0\\0\\0\\0\\0\\0\\0\\0\\0\\0\\0\\0\\0\\0\\0\\0\\0\\0Genin"	"3C 72 89 BA 94 45 7C 82 B0 82 C9 82 F1 3E 83 89 83 93 83 4E 82 62"	"47 65 6E 69 6E 20 52 61 6E 6B 20 43 00 00 00 00 00 00 00 00 00 00"
"BTL.BIN"	"0x1E2190"	"1974672"	"0x1E21A5"	"22"	"ンクＣ\\0\\0\\0\\0\\0\\0\\0\\0\\0\\0<r下忍|げにん>ランクＤ\\0\\0\\0\\0\\0\\0\\0\\0\\0\\0<r砂|・"	"\\0\\0\\0\\0\\0\\0\\0\\0\\0\\0\\0\\0\\0\\0\\0\\0Genin Rank D\\0\\0\\0\\0\\0\\0\\0\\0\\0\\0\\0\\0\\0\\0\\0\\0\\0\\0\\0\\0Sand S"	"3C 72 89 BA 94 45 7C 82 B0 82 C9 82 F1 3E 83 89 83 93 83 4E 82 63"	"47 65 6E 69 6E 20 52 61 6E 6B 20 44 00 00 00 00 00 00 00 00 00 00"
"BTL.BIN"	"0x1E21B0"	"1974704"	"0x1E21D3"	"36"	"ンクＤ\\0\\0\\0\\0\\0\\0\\0\\0\\0\\0<r砂|すな>の<r三姉弟|さんきょうだい>\\0\\0\\0\\0\\0\\0\\0\\0\\0\\0\\0\\0<r霧"	"\\0\\0\\0\\0\\0\\0\\0\\0\\0\\0\\0\\0\\0\\0\\0\\0Sand Siblings\\0\\0\\0\\0\\0\\0\\0\\0\\0\\0\\0\\0\\0\\0\\0\\0\\0\\0\\0\\0\\0\\0\\0\\0\\0\\0\\0\\0\\0\\0\\0\\0\\0\\0\\0Mist"	"3C 72 8D BB 7C 82 B7 82 C8 3E 82 CC 3C 72 8E 4F 8E 6F 92 ED 7C 82 B3 82 F1 82 AB 82 E5 82 A4 82"	"53 61 6E 64 20 53 69 62 6C 69 6E 67 73 00 00 00 00 00 00 00 00 00 00 00 00 00 00 00 00 00 00 00"
"BTL.BIN"	"0x1E21E0"	"1974752"	"0x1E2257"	"120"	"ｾい>\\0\\0\\0\\0\\0\\0\\0\\0\\0\\0\\0\\0<r霧|きり>の<r刺客|しかく>\\0\\0\\0\\0\\0\\0<r新紅班|しんくれないはん>\\0\\0\\0\\0\\0\\0<r新|しん>アスマ<r班|はん>\\0\\0\\0\\0\\0\\0<r新|しん>ガイ<r班|はん>\\0\\0\\0\\0\\0\\0\\0\\0<r新|し・"	"\\0\\0\\0\\0\\0\\0\\0\\0\\0\\0\\0\\0\\0\\0\\0\\0Mist Assassin\\0\\0\\0\\0\\0\\0\\0\\0\\0\\0\\0\\0\\0\\0\\0\\0\\0\\0\\0New Kurenai\\0\\0\\0\\0\\0\\0\\0\\0\\0\\0\\0\\0\\0\\0\\0\\0\\0\\0\\0\\0\\0New Asuma\\0\\0\\0\\0\\0\\0\\0\\0\\0\\0\\0\\0\\0\\0\\0\\0\\0\\0\\0\\0\\0\\0\\0New Guy\\0\\0\\0\\0\\0\\0\\0\\0\\0\\0\\0\\0\\0\\0\\0\\0\\0\\0\\0\\0\\0\\0\\0\\0\\0New Kaka"	"3C 72 96 B6 7C 82 AB 82 E8 3E 82 CC 3C 72 8E 68 8B 71 7C 82 B5 82 A9 82 AD 3E 00 00 00 00 00 00"	"4D 69 73 74 20 41 73 73 61 73 73 69 6E 00 00 00 00 00 00 00 00 00 00 00 00 00 00 00 00 00 00 00"
"BTL.BIN"	"0x1E2260"	"1974880"	"0x1E2301"	"162"	"班|はん>\\0\\0\\0\\0\\0\\0\\0\\0<r新|しん>カカシ<r班|はん>\\0\\0\\0\\0\\0\\0<r上忍|じょうにん>ランクＡ\\0\\0\\0\\0\\0\\0<r上忍|じょうにん>ランクＢ\\0\\0\\0\\0\\0\\0<r砂|すな>の<r強者|つわもの>\\0\\0\\0\\0<r音|おと>の<r五人衆|ごにんしゅう>\\0\\0\\0\\0\\0\\0\\0\\0\\0\\0\\0\\0\\0\\0<r"	"\\0\\0\\0\\0\\0\\0\\0\\0\\0\\0\\0\\0\\0\\0\\0\\0New Kakashi\\0\\0\\0\\0\\0\\0\\0\\0\\0\\0\\0\\0\\0\\0\\0\\0\\0\\0\\0\\0\\0Jonin Rank A\\0\\0\\0\\0\\0\\0\\0\\0\\0\\0\\0\\0\\0\\0\\0\\0\\0\\0\\0\\0Jonin Rank B\\0\\0\\0\\0\\0\\0\\0\\0\\0\\0\\0\\0\\0\\0\\0\\0\\0\\0\\0\\0Sand Masters\\0\\0\\0\\0\\0\\0\\0\\0\\0\\0\\0\\0\\0\\0\\0\\0\\0\\0\\0\\0Sound Five\\0\\0\\0\\0\\0\\0\\0\\0\\0\\0\\0\\0\\0\\0\\0\\0\\0\\0\\0\\0\\0\\0\\0\\0\\0\\0\\0\\0\\0\\0\\0\\0\\0\\0\\0\\0\\0\\0Ev"	"3C 72 90 56 7C 82 B5 82 F1 3E 83 4A 83 4A 83 56 3C 72 94 C7 7C 82 CD 82 F1 3E 00 00 00 00 00 00"	"4E 65 77 20 4B 61 6B 61 73 68 69 00 00 00 00 00 00 00 00 00 00 00 00 00 00 00 00 00 00 00 00 00"
"BTL.BIN"	"0x1E2310"	"1975056"	"0x1E2351"	"66"	"､>\\0\\0\\0\\0\\0\\0\\0\\0\\0\\0\\0\\0\\0\\0<r邪|よこしま>なる<r者|もの>\\0\\0\\0\\0<r伝説|でんせつ>の<r三忍|さんにん>\\0\\0\\0\\0\\0\\0\\0\\0\\0\\0\\0\\0\\0\\0“"	"\\0\\0\\0\\0\\0\\0\\0\\0\\0\\0\\0\\0\\0\\0\\0\\0Evil Ones\\0\\0\\0\\0\\0\\0\\0\\0\\0\\0\\0\\0\\0\\0\\0\\0\\0\\0\\0\\0\\0\\0\\0Legendary Sannin\\0\\0\\0\\0\\0\\0\\0\\0\\0\\0\\0\\0\\0\\0\\0\\0\\0\\0\\0\\0\\0\\0\\0\\0\\0\\0\\0\\0\\0\\0\\0\\0Ak"	"3C 72 8E D7 7C 82 E6 82 B1 82 B5 82 DC 3E 82 C8 82 E9 3C 72 8E D2 7C 82 E0 82 CC 3E 00 00 00 00"	"45 76 69 6C 20 4F 6E 65 73 00 00 00 00 00 00 00 00 00 00 00 00 00 00 00 00 00 00 00 00 00 00 00"
"BTL.BIN"	"0x1E2360"	"1975136"	"0x1E2371"	"18"	"・\\0\\0\\0\\0\\0\\0\\0\\0\\0\\0\\0\\0\\0\\0“<r暁|あかつき>”\\0\\0\\0\\0\\0\\0\\0\\0\\0\\0\\0\\0\\0\\0<r"	"\\0\\0\\0\\0\\0\\0\\0\\0\\0\\0\\0\\0\\0\\0\\0\\0Akatsuki\\0\\0\\0\\0\\0\\0\\0\\0\\0\\0\\0\\0\\0\\0\\0\\0\\0\\0\\0\\0\\0\\0\\0\\0Th"	"81 67 3C 72 8B C5 7C 82 A0 82 A9 82 C2 82 AB 3E 81 68"	"41 6B 61 74 73 75 6B 69 00 00 00 00 00 00 00 00 00 00"
"BTL.BIN"	"0x1E2380"	"1975168"	"0x1E2391"	"18"	"”\\0\\0\\0\\0\\0\\0\\0\\0\\0\\0\\0\\0\\0\\0<r火影|ほかげ>たち\\0\\0\\0\\0\\0\\0\\0\\0\\0\\0\\0\\0\\0\\0<r"	"\\0\\0\\0\\0\\0\\0\\0\\0\\0\\0\\0\\0\\0\\0\\0\\0The Hokage\\0\\0\\0\\0\\0\\0\\0\\0\\0\\0\\0\\0\\0\\0\\0\\0\\0\\0\\0\\0\\0\\0Sp"	"3C 72 89 CE 89 65 7C 82 D9 82 A9 82 B0 3E 82 BD 82 BF"	"54 68 65 20 48 6F 6B 61 67 65 00 00 00 00 00 00 00 00"
"BTL.BIN"	"0x1E23A0"	"1975200"	"0x1E23E1"	"66"	"ち\\0\\0\\0\\0\\0\\0\\0\\0\\0\\0\\0\\0\\0\\0<r特別対戦|とくべつたいせん>\\0\\0\\0\\0<r金髪五人衆|きんぱつごにんしゅう>\\0\\0\\0\\0\\0\\0\\0\\0\\0\\0\\0\\0\\0\\0<r"	"\\0\\0\\0\\0\\0\\0\\0\\0\\0\\0\\0\\0\\0\\0\\0\\0Special Battle\\0\\0\\0\\0\\0\\0\\0\\0\\0\\0\\0\\0\\0\\0\\0\\0\\0\\0Blond Squad\\0\\0\\0\\0\\0\\0\\0\\0\\0\\0\\0\\0\\0\\0\\0\\0\\0\\0\\0\\0\\0\\0\\0\\0\\0\\0\\0\\0\\0\\0\\0\\0\\0\\0\\0\\0\\0Pu"	"3C 72 93 C1 95 CA 91 CE 90 ED 7C 82 C6 82 AD 82 D7 82 C2 82 BD 82 A2 82 B9 82 F1 3E 00 00 00 00"	"53 70 65 63 69 61 6C 20 42 61 74 74 6C 65 00 00 00 00 00 00 00 00 00 00 00 00 00 00 00 00 00 00"
"BTL.BIN"	"0x1E23F0"	"1975280"	"0x1E246B"	"124"	"､>\\0\\0\\0\\0\\0\\0\\0\\0\\0\\0\\0\\0\\0\\0<r傀儡軍団|くぐつぐんだん>\\0\\0\\0\\0\\0\\0<r木|こ>ノ<r葉先生|はせんせい>\\0\\0<r血継限界|けっけいげんかい>\\0\\0\\0\\0<r高|たか>みの<r者|もの>たち\\0\\0\\0\\0\\0\\0\\0\\0p$・.\\0.\\0"	"\\0\\0\\0\\0\\0\\0\\0\\0\\0\\0\\0\\0\\0\\0\\0\\0Puppet Corps\\0\\0\\0\\0\\0\\0\\0\\0\\0\\0\\0\\0\\0\\0\\0\\0\\0\\0\\0\\0Leaf Teachers\\0\\0\\0\\0\\0\\0\\0\\0\\0\\0\\0\\0\\0\\0\\0\\0\\0\\0\\0Kekkei Genkai\\0\\0\\0\\0\\0\\0\\0\\0\\0\\0\\0\\0\\0\\0\\0\\0\\0\\0\\0High-Rank Shinobi\\0\\0\\0\\0\\0\\0\\0\\0\\0\\0\\0\\0\\0\\0\\0\\0\\0\\0\\0p$・.\\0.\\0"	"3C 72 98 F8 99 53 8C 52 92 63 7C 82 AD 82 AE 82 C2 82 AE 82 F1 82 BE 82 F1 3E 00 00 00 00 00 00"	"50 75 70 70 65 74 20 43 6F 72 70 73 00 00 00 00 00 00 00 00 00 00 00 00 00 00 00 00 00 00 00 00"
"BTL.BIN"	"0x1E2670"	"1975920"	"0x1E2683"	"20"	"Pc・\\0\\0\\0\\0\\0\\0\\0\\0\\0\\0\\0\\0<r撒|ま>き<r菱|びし>\\0\\0\\0\\0\\0\\0\\0\\0\\0\\0\\0\\0<r兵"	"Pc・\\0\\0\\0\\0\\0\\0\\0\\0\\0\\0\\0\\0Caltrops\\0\\0\\0\\0\\0\\0\\0\\0\\0\\0\\0\\0\\0\\0\\0\\0\\0\\0\\0\\0\\0\\0\\0\\0Food"	"3C 72 8E 54 7C 82 DC 3E 82 AB 3C 72 95 48 7C 82 D1 82 B5 3E"	"43 61 6C 74 72 6F 70 73 00 00 00 00 00 00 00 00 00 00 00 00"
"BTL.BIN"	"0x1E2690"	"1975952"	"0x1E26A7"	"24"	"ﾑし>\\0\\0\\0\\0\\0\\0\\0\\0\\0\\0\\0\\0<r兵糧丸|ひょうろうがん>\\0\\0\\0\\0\\0\\0\\0\\0<r上忍|・"	"\\0\\0\\0\\0\\0\\0\\0\\0\\0\\0\\0\\0\\0\\0\\0\\0Food Pills\\0\\0\\0\\0\\0\\0\\0\\0\\0\\0\\0\\0\\0\\0\\0\\0\\0\\0\\0\\0\\0\\0Jonin Sh"	"3C 72 95 BA 97 C6 8A DB 7C 82 D0 82 E5 82 A4 82 EB 82 A4 82 AA 82 F1 3E"	"46 6F 6F 64 20 50 69 6C 6C 73 00 00 00 00 00 00 00 00 00 00 00 00 00 00"
"BTL.BIN"	"0x1E26B0"	"1975984"	"0x1E26E7"	"56"	"・､がん>\\0\\0\\0\\0\\0\\0\\0\\0<r上忍|じょうにん>の<r靴|くつ>\\0\\0カカシ<r人形|にんぎょう>\\0\\0\\0\\0\\0\\0\\0\\0<r根性|・"	"\\0\\0\\0\\0\\0\\0\\0\\0\\0\\0\\0\\0\\0\\0\\0\\0Jonin Shoes\\0\\0\\0\\0\\0\\0\\0\\0\\0\\0\\0\\0\\0\\0\\0\\0\\0\\0\\0\\0\\0Kakashi Doll\\0\\0\\0\\0\\0\\0\\0\\0\\0\\0\\0\\0\\0\\0\\0\\0\\0\\0\\0\\0Guts Wei"	"3C 72 8F E3 94 45 7C 82 B6 82 E5 82 A4 82 C9 82 F1 3E 82 CC 3C 72 8C 43 7C 82 AD 82 C2 3E 00 00"	"4A 6F 6E 69 6E 20 53 68 6F 65 73 00 00 00 00 00 00 00 00 00 00 00 00 00 00 00 00 00 00 00 00 00"
"BTL.BIN"	"0x1E26F0"	"1976048"	"0x1E2755"	"102"	".ｬょう>\\0\\0\\0\\0\\0\\0\\0\\0<r根性|こんじょう>のおもり\\0\\0\\0\\0\\0\\0<r風魔手裏剣|ふうましゅりけん>\\0\\0<r呪札|じゅさつ>　<r鎧崩|よろいくず>し\\0\\0\\0\\0\\0\\0\\0\\0\\0\\0<r亀甲"	"\\0\\0\\0\\0\\0\\0\\0\\0\\0\\0\\0\\0\\0\\0\\0\\0Guts Weight\\0\\0\\0\\0\\0\\0\\0\\0\\0\\0\\0\\0\\0\\0\\0\\0\\0\\0\\0\\0\\0Fuma Shuriken\\0\\0\\0\\0\\0\\0\\0\\0\\0\\0\\0\\0\\0\\0\\0\\0\\0\\0\\0Armor-Break Charm\\0\\0\\0\\0\\0\\0\\0\\0\\0\\0\\0\\0\\0\\0\\0\\0\\0\\0\\0\\0\\0\\0\\0\\0\\0\\0\\0\\0\\0\\0\\0Kikko"	"3C 72 8D AA 90 AB 7C 82 B1 82 F1 82 B6 82 E5 82 A4 3E 82 CC 82 A8 82 E0 82 E8 00 00 00 00 00 00"	"47 75 74 73 20 57 65 69 67 68 74 00 00 00 00 00 00 00 00 00 00 00 00 00 00 00 00 00 00 00 00 00"
"BTL.BIN"	"0x1E2760"	"1976160"	"0x1E2775"	"22"	"ｭず>し\\0\\0\\0\\0\\0\\0\\0\\0\\0\\0<r亀甲丸|きっこうがん>\\0\\0\\0\\0\\0\\0\\0\\0\\0\\0<r炸裂"	"\\0\\0\\0\\0\\0\\0\\0\\0\\0\\0\\0\\0\\0\\0\\0\\0Kikko Pill\\0\\0\\0\\0\\0\\0\\0\\0\\0\\0\\0\\0\\0\\0\\0\\0\\0\\0\\0\\0\\0\\0Blast"	"3C 72 8B 54 8D 62 8A DB 7C 82 AB 82 C1 82 B1 82 A4 82 AA 82 F1 3E"	"4B 69 6B 6B 6F 20 50 69 6C 6C 00 00 00 00 00 00 00 00 00 00 00 00"
"BTL.BIN"	"0x1E2780"	"1976192"	"0x1E2795"	"22"	"､がん>\\0\\0\\0\\0\\0\\0\\0\\0\\0\\0<r炸裂|さくれつ>クナイ\\0\\0\\0\\0\\0\\0\\0\\0\\0\\0<r起爆"	"\\0\\0\\0\\0\\0\\0\\0\\0\\0\\0\\0\\0\\0\\0\\0\\0Blast Kunai\\0\\0\\0\\0\\0\\0\\0\\0\\0\\0\\0\\0\\0\\0\\0\\0\\0\\0\\0\\0\\0Bomb K"	"3C 72 E0 79 97 F4 7C 82 B3 82 AD 82 EA 82 C2 3E 83 4E 83 69 83 43"	"42 6C 61 73 74 20 4B 75 6E 61 69 00 00 00 00 00 00 00 00 00 00 00"
"BTL.BIN"	"0x1E27A0"	"1976224"	"0x1E27B3"	"20"	"クナイ\\0\\0\\0\\0\\0\\0\\0\\0\\0\\0<r起爆|きばく>クナイ\\0\\0\\0\\0\\0\\0\\0\\0\\0\\0\\0\\0<r医"	"\\0\\0\\0\\0\\0\\0\\0\\0\\0\\0\\0\\0\\0\\0\\0\\0Bomb Kunai\\0\\0\\0\\0\\0\\0\\0\\0\\0\\0\\0\\0\\0\\0\\0\\0\\0\\0\\0\\0\\0\\0Med"	"3C 72 8B 4E 94 9A 7C 82 AB 82 CE 82 AD 3E 83 4E 83 69 83 43"	"42 6F 6D 62 20 4B 75 6E 61 69 00 00 00 00 00 00 00 00 00 00"
"BTL.BIN"	"0x1E27C0"	"1976256"	"0x1E27D5"	"22"	"ナイ\\0\\0\\0\\0\\0\\0\\0\\0\\0\\0\\0\\0<r医療|いりょう>パック\\0\\0\\0\\0\\0\\0\\0\\0\\0\\0<r雲隠"	"\\0\\0\\0\\0\\0\\0\\0\\0\\0\\0\\0\\0\\0\\0\\0\\0Med Pack\\0\\0\\0\\0\\0\\0\\0\\0\\0\\0\\0\\0\\0\\0\\0\\0\\0\\0\\0\\0\\0\\0\\0\\0Kumo S"	"3C 72 88 E3 97 C3 7C 82 A2 82 E8 82 E5 82 A4 3E 83 70 83 62 83 4E"	"4D 65 64 20 50 61 63 6B 00 00 00 00 00 00 00 00 00 00 00 00 00 00"
"BTL.BIN"	"0x1E27E0"	"1976288"	"0x1E2803"	"36"	"パック\\0\\0\\0\\0\\0\\0\\0\\0\\0\\0<r雲隠|くもがく>れの<r巻物|まきもの>\\0\\0\\0\\0\\0\\0\\0\\0\\0\\0\\0\\0<r毒"	"\\0\\0\\0\\0\\0\\0\\0\\0\\0\\0\\0\\0\\0\\0\\0\\0Kumo Scroll\\0\\0\\0\\0\\0\\0\\0\\0\\0\\0\\0\\0\\0\\0\\0\\0\\0\\0\\0\\0\\0\\0\\0\\0\\0\\0\\0\\0\\0\\0\\0\\0\\0\\0\\0\\0\\0Pois"	"3C 72 89 5F 89 42 7C 82 AD 82 E0 82 AA 82 AD 3E 82 EA 82 CC 3C 72 8A AA 95 A8 7C 82 DC 82 AB 82"	"4B 75 6D 6F 20 53 63 72 6F 6C 6C 00 00 00 00 00 00 00 00 00 00 00 00 00 00 00 00 00 00 00 00 00"
"BTL.BIN"	"0x1E2810"	"1976336"	"0x1E2827"	"24"	"烽ﾌ>\\0\\0\\0\\0\\0\\0\\0\\0\\0\\0\\0\\0<r毒煙玉|どくけむりだま>\\0\\0\\0\\0\\0\\0\\0\\0<r起爆札"	"\\0\\0\\0\\0\\0\\0\\0\\0\\0\\0\\0\\0\\0\\0\\0\\0Poison Bomb\\0\\0\\0\\0\\0\\0\\0\\0\\0\\0\\0\\0\\0\\0\\0\\0\\0\\0\\0\\0\\0Paper Bo"	"3C 72 93 C5 89 8C 8B CA 7C 82 C7 82 AD 82 AF 82 DE 82 E8 82 BE 82 DC 3E"	"50 6F 69 73 6F 6E 20 42 6F 6D 62 00 00 00 00 00 00 00 00 00 00 00 00 00"
"BTL.BIN"	"0x1E2830"	"1976368"	"0x1E2843"	"20"	"ﾞりだま>\\0\\0\\0\\0\\0\\0\\0\\0<r起爆札|きばくふだ>\\0\\0\\0\\0\\0\\0\\0\\0\\0\\0\\0\\0<r元"	"\\0\\0\\0\\0\\0\\0\\0\\0\\0\\0\\0\\0\\0\\0\\0\\0Paper Bomb\\0\\0\\0\\0\\0\\0\\0\\0\\0\\0\\0\\0\\0\\0\\0\\0\\0\\0\\0\\0\\0\\0Ener"	"3C 72 8B 4E 94 9A 8E 44 7C 82 AB 82 CE 82 AD 82 D3 82 BE 3E"	"50 61 70 65 72 20 42 6F 6D 62 00 00 00 00 00 00 00 00 00 00"
"BTL.BIN"	"0x1E2850"	"1976400"	"0x1E2863"	"20"	"ﾓだ>\\0\\0\\0\\0\\0\\0\\0\\0\\0\\0\\0\\0<r元気丸|げんきがん>\\0\\0\\0\\0\\0\\0\\0\\0\\0\\0\\0\\0<r蝦"	"\\0\\0\\0\\0\\0\\0\\0\\0\\0\\0\\0\\0\\0\\0\\0\\0Energy Pill\\0\\0\\0\\0\\0\\0\\0\\0\\0\\0\\0\\0\\0\\0\\0\\0\\0\\0\\0\\0\\0Toad"	"3C 72 8C B3 8B 43 8A DB 7C 82 B0 82 F1 82 AB 82 AA 82 F1 3E"	"45 6E 65 72 67 79 20 50 69 6C 6C 00 00 00 00 00 00 00 00 00"
"BTL.BIN"	"0x1E2870"	"1976432"	"0x1E2883"	"20"	"ｪん>\\0\\0\\0\\0\\0\\0\\0\\0\\0\\0\\0\\0<r蝦蟇油|ガマあぶら>\\0\\0\\0\\0\\0\\0\\0\\0\\0\\0\\0\\0<r起"	"\\0\\0\\0\\0\\0\\0\\0\\0\\0\\0\\0\\0\\0\\0\\0\\0Toad Oil\\0\\0\\0\\0\\0\\0\\0\\0\\0\\0\\0\\0\\0\\0\\0\\0\\0\\0\\0\\0\\0\\0\\0\\0Bomb"	"3C 72 89 DA E5 AF 96 FB 7C 83 4B 83 7D 82 A0 82 D4 82 E7 3E"	"54 6F 61 64 20 4F 69 6C 00 00 00 00 00 00 00 00 00 00 00 00"
"BTL.BIN"	"0x1E2890"	"1976464"	"0x1E28A3"	"20"	"ﾔら>\\0\\0\\0\\0\\0\\0\\0\\0\\0\\0\\0\\0<r起爆|きばく>シール\\0\\0\\0\\0\\0\\0\\0\\0\\0\\0\\0\\0<r千"	"\\0\\0\\0\\0\\0\\0\\0\\0\\0\\0\\0\\0\\0\\0\\0\\0Bomb Seal\\0\\0\\0\\0\\0\\0\\0\\0\\0\\0\\0\\0\\0\\0\\0\\0\\0\\0\\0\\0\\0\\0\\0Shad"	"3C 72 8B 4E 94 9A 7C 82 AB 82 CE 82 AD 3E 83 56 81 5B 83 8B"	"42 6F 6D 62 20 53 65 61 6C 00 00 00 00 00 00 00 00 00 00 00"
"BTL.BIN"	"0x1E28B0"	"1976496"	"0x1E28CF"	"32"	"ール\\0\\0\\0\\0\\0\\0\\0\\0\\0\\0\\0\\0<r千影手裏剣|せんえいしゅりけん>\\0\\0\\0\\0\\0\\0\\0\\0\\0\\0\\0\\0\\0\\0\\0\\0"	"\\0\\0\\0\\0\\0\\0\\0\\0\\0\\0\\0\\0\\0\\0\\0\\0Shadow Shuriken\\0\\0\\0\\0\\0\\0\\0\\0\\0\\0\\0\\0\\0\\0\\0\\0\\0\\0\\0\\0\\0\\0\\0\\0\\0\\0\\0\\0\\0\\0\\0\\0\\0"	"3C 72 90 E7 89 65 8E E8 97 A0 8C 95 7C 82 B9 82 F1 82 A6 82 A2 82 B5 82 E3 82 E8 82 AF 82 F1 3E"	"53 68 61 64 6F 77 20 53 68 75 72 69 6B 65 6E 00 00 00 00 00 00 00 00 00 00 00 00 00 00 00 00 00"
"BTL.BIN"	"0x1E28E0"	"1976544"	"0x1E28F5"	"22"	"\\0\\0\\0\\0\\0\\0\\0\\0\\0\\0\\0\\0\\0\\0\\0\\0<r痺|しび>れ<r玉|たま>\\0\\0\\0\\0\\0\\0\\0\\0\\0\\0<r博打"	"\\0\\0\\0\\0\\0\\0\\0\\0\\0\\0\\0\\0\\0\\0\\0\\0Stun Bomb\\0\\0\\0\\0\\0\\0\\0\\0\\0\\0\\0\\0\\0\\0\\0\\0\\0\\0\\0\\0\\0\\0\\0Gamble"	"3C 72 E1 83 7C 82 B5 82 D1 3E 82 EA 3C 72 8B CA 7C 82 BD 82 DC 3E"	"53 74 75 6E 20 42 6F 6D 62 00 00 00 00 00 00 00 00 00 00 00 00 00"
"BTL.BIN"	"0x1E2900"	"1976576"	"0x1E2925"	"38"	"|たま>\\0\\0\\0\\0\\0\\0\\0\\0\\0\\0<r博打玉|ばくちだま>\\0\\0\\0\\0アイテムポーチ\\0\\0\\0\\0\\0\\0\\0\\0\\0\\0<r忍具"	"\\0\\0\\0\\0\\0\\0\\0\\0\\0\\0\\0\\0\\0\\0\\0\\0Gamble Bomb\\0\\0\\0\\0\\0\\0\\0\\0\\0\\0\\0\\0\\0Item Pouch\\0\\0\\0\\0\\0\\0\\0\\0\\0\\0\\0\\0\\0\\0Ninja"	"3C 72 94 8E 91 C5 8B CA 7C 82 CE 82 AD 82 BF 82 BE 82 DC 3E 00 00 00 00 83 41 83 43 83 65 83 80"	"47 61 6D 62 6C 65 20 42 6F 6D 62 00 00 00 00 00 00 00 00 00 00 00 00 00 49 74 65 6D 20 50 6F 75"
"BTL.BIN"	"0x1E2930"	"1976624"	"0x1E2983"	"84"	"ポーチ\\0\\0\\0\\0\\0\\0\\0\\0\\0\\0<r忍具乱舞|にんぐらんぶ>の<r巻物|まきもの>\\0\\0\\0\\0\\0\\0<r金|きん>の<r装飾品|そうしょくひん>\\0\\0\\0\\0\\0\\0\\0\\0\\0\\0\\0\\0<r琥"	"ch\\0\\0\\0\\0\\0\\0\\0\\0\\0\\0\\0\\0\\0\\0Ninja Tool Scroll\\0\\0\\0\\0\\0\\0\\0\\0\\0\\0\\0\\0\\0\\0\\0\\0\\0\\0\\0\\0\\0\\0\\0\\0\\0\\0\\0\\0\\0\\0\\0Gold Ornament\\0\\0\\0\\0\\0\\0\\0\\0\\0\\0\\0\\0\\0\\0\\0\\0\\0\\0\\0\\0\\0\\0\\0\\0\\0\\0\\0\\0\\0\\0\\0\\0\\0\\0\\0Ambe"	"3C 72 94 45 8B EF 97 90 95 91 7C 82 C9 82 F1 82 AE 82 E7 82 F1 82 D4 3E 82 CC 3C 72 8A AA 95 A8"	"4E 69 6E 6A 61 20 54 6F 6F 6C 20 53 63 72 6F 6C 6C 00 00 00 00 00 00 00 00 00 00 00 00 00 00 00"
"BTL.BIN"	"0x1E2990"	"1976720"	"0x1E29E7"	"88"	"ﾐん>\\0\\0\\0\\0\\0\\0\\0\\0\\0\\0\\0\\0<r琥珀|こはく>の<r塊|かたまり>\\0\\0<r古銭|こせん>\\0\\0<r特別交渉手形|とくべつこうしょうてがた>\\0\\0\\0\\0\\0\\0\\0\\0<r紅玉|・"	"\\0\\0\\0\\0\\0\\0\\0\\0\\0\\0\\0\\0\\0\\0\\0\\0Amber Lump\\0\\0\\0\\0\\0\\0\\0\\0\\0\\0\\0\\0\\0\\0\\0\\0\\0\\0\\0\\0\\0\\0Old Coin\\0\\0\\0\\0\\0\\0\\0\\0Special Pass\\0\\0\\0\\0\\0\\0\\0\\0\\0\\0\\0\\0\\0\\0\\0\\0\\0\\0\\0\\0\\0\\0\\0\\0\\0\\0\\0\\0\\0\\0\\0\\0\\0\\0\\0\\0Ruby Rin"	"3C 72 E0 E6 E0 DF 7C 82 B1 82 CD 82 AD 3E 82 CC 3C 72 89 F2 7C 82 A9 82 BD 82 DC 82 E8 3E 00 00"	"41 6D 62 65 72 20 4C 75 6D 70 00 00 00 00 00 00 00 00 00 00 00 00 00 00 00 00 00 00 00 00 00 00"
"BTL.BIN"	"0x1E29F0"	"1976816"	"0x1E2A11"	"34"	"､てがた>\\0\\0\\0\\0\\0\\0\\0\\0<r紅玉|こうぎょく>の<r指輪|ゆびわ>\\0\\0\\0\\0\\0\\0\\0\\0\\0\\0\\0\\0\\0\\0<r"	"\\0\\0\\0\\0\\0\\0\\0\\0\\0\\0\\0\\0\\0\\0\\0\\0Ruby Ring\\0\\0\\0\\0\\0\\0\\0\\0\\0\\0\\0\\0\\0\\0\\0\\0\\0\\0\\0\\0\\0\\0\\0\\0\\0\\0\\0\\0\\0\\0\\0\\0\\0\\0\\0\\0\\0\\0\\0He"	"3C 72 8D 67 8B CA 7C 82 B1 82 A4 82 AC 82 E5 82 AD 3E 82 CC 3C 72 8E 77 97 D6 7C 82 E4 82 D1 82"	"52 75 62 79 20 52 69 6E 67 00 00 00 00 00 00 00 00 00 00 00 00 00 00 00 00 00 00 00 00 00 00 00"
"BTL.BIN"	"0x1E2A20"	"1976864"	"0x1E2A61"	"66"	"・\\0\\0\\0\\0\\0\\0\\0\\0\\0\\0\\0\\0\\0\\0<r治癒|ちゆ>の<r巻物|まきもの>\\0\\0<r白銀|はくぎん>の<r延棒|のべぼう>\\0\\0\\0\\0\\0\\0\\0\\0\\0\\0\\0\\0\\0\\0<r"	"\\0\\0\\0\\0\\0\\0\\0\\0\\0\\0\\0\\0\\0\\0\\0\\0Healing Scroll\\0\\0\\0\\0\\0\\0\\0\\0\\0\\0\\0\\0\\0\\0\\0\\0\\0\\0Silver Bar\\0\\0\\0\\0\\0\\0\\0\\0\\0\\0\\0\\0\\0\\0\\0\\0\\0\\0\\0\\0\\0\\0\\0\\0\\0\\0\\0\\0\\0\\0\\0\\0\\0\\0\\0\\0\\0\\0Li"	"3C 72 8E A1 96 FC 7C 82 BF 82 E4 3E 82 CC 3C 72 8A AA 95 A8 7C 82 DC 82 AB 82 E0 82 CC 3E 00 00"	"48 65 61 6C 69 6E 67 20 53 63 72 6F 6C 6C 00 00 00 00 00 00 00 00 00 00 00 00 00 00 00 00 00 00"
"BTL.BIN"	"0x1E2A70"	"1976944"	"0x1E2AD3"	"100"	"､>\\0\\0\\0\\0\\0\\0\\0\\0\\0\\0\\0\\0\\0\\0<r連係|れんけい>の<r笛|ふえ>\\0\\0\\0\\0<r稀代|きだい>の<r秘宝|ひほう>\\0\\0<r全開|ぜんかい>の<r額当|ひたいあ>て\\0\\0\\0\\0\\0\\0\\0\\0\\0\\0\\0\\0<r気"	"\\0\\0\\0\\0\\0\\0\\0\\0\\0\\0\\0\\0\\0\\0\\0\\0Link Flute\\0\\0\\0\\0\\0\\0\\0\\0\\0\\0\\0\\0\\0\\0\\0\\0\\0\\0\\0\\0\\0\\0Rare Treasure\\0\\0\\0\\0\\0\\0\\0\\0\\0\\0\\0\\0\\0\\0\\0\\0\\0\\0\\0Full-Power Headband\\0\\0\\0\\0\\0\\0\\0\\0\\0\\0\\0\\0\\0\\0\\0\\0\\0\\0\\0\\0\\0\\0\\0\\0\\0\\0\\0\\0\\0Conc"	"3C 72 98 41 8C 57 7C 82 EA 82 F1 82 AF 82 A2 3E 82 CC 3C 72 93 4A 7C 82 D3 82 A6 3E 00 00 00 00"	"4C 69 6E 6B 20 46 6C 75 74 65 00 00 00 00 00 00 00 00 00 00 00 00 00 00 00 00 00 00 00 00 00 00"
"BTL.BIN"	"0x1E2AE0"	"1977056"	"0x1E2B07"	"40"	".>て\\0\\0\\0\\0\\0\\0\\0\\0\\0\\0\\0\\0<r気配遮断装束|けはいしゃだんしょうぞく>\\0\\0\\0\\0\\0\\0\\0\\0<color00"	"\\0\\0\\0\\0\\0\\0\\0\\0\\0\\0\\0\\0\\0\\0\\0\\0Concealment Robe\\0\\0\\0\\0\\0\\0\\0\\0\\0\\0\\0\\0\\0\\0\\0\\0\\0\\0\\0\\0\\0\\0\\0\\0\\0\\0\\0\\0\\0\\0\\0\\0<color00"	"3C 72 8B 43 94 7A 8E D5 92 66 91 95 91 A9 7C 82 AF 82 CD 82 A2 82 B5 82 E1 82 BE 82 F1 82 B5 82"	"43 6F 6E 63 65 61 6C 6D 65 6E 74 20 52 6F 62 65 00 00 00 00 00 00 00 00 00 00 00 00 00 00 00 00"
"BTL.BIN"	"0x1E2B1D"	"1977117"	"0x1E2BF7"	"219"	"\\0\\0\\0<color00FFFF><r究極連激戦|ナルティメットれんげきせん><colorFFFFFF>では、<r定|さだ>められた<r相手|あいて>と<r連続|れんぞく>で<r闘|たたか>い、<r最後|さいご>まで<r勝|か>ち<r残|のこ>ることで<r報酬|ほうしゅう>を<r得|え>ることができます。\\0\\0\\0\\0\\0\\0\\0\\0<color00"	"\\0\\0\\0<color00FFFF>Ultimate Chain<colorFFFFFF>: fight set opponents in a row and survive to the end to earn rewards.\\0\\0\\0\\0\\0\\0\\0\\0\\0\\0\\0\\0\\0\\0\\0\\0\\0\\0\\0\\0\\0\\0\\0\\0\\0\\0\\0\\0\\0\\0\\0\\0\\0\\0\\0\\0\\0\\0\\0\\0\\0\\0\\0\\0\\0\\0\\0\\0\\0\\0\\0\\0\\0\\0\\0\\0\\0\\0\\0\\0\\0\\0\\0\\0\\0\\0\\0\\0\\0\\0\\0\\0\\0\\0\\0\\0\\0\\0\\0\\0\\0\\0\\0\\0\\0\\0\\0\\0\\0\\0\\0\\0\\0\\0\\0\\0\\0\\0\\0\\0\\0\\0\\0\\0\\0\\0\\0\\0\\0\\0\\0\\0\\0\\0\\0\\0\\0\\0\\0\\0\\0\\0\\0\\0\\0\\0\\0\\0\\0\\0<color00"	"3C 72 8B 86 8B C9 98 41 8C 83 90 ED 7C 83 69 83 8B 83 65 83 42 83 81 83 62 83 67 82 EA 82 F1 82"	"55 6C 74 69 6D 61 74 65 20 43 68 61 69 6E 3C 63 6F 6C 6F 72 46 46 46 46 46 46 3E 3A 20 66 69 67"
"BTL.BIN"	"0x1E2C0D"	"1977357"	"0x1E2CC7"	"187"	"\\0\\0\\0<color00FFFF><r壮絶|そうぜつ>サバイバル<colorFFFFFF>ではランダムで<r出現|しゅつげん>する<r相手|あいて>と<r無限|むげん>に<r闘|たたか>い、どこまで<r勝|か>ち<r残|のこ>れるかを<r競|きそ>うことができます。\\0\\0\\0\\0\\0\\0\\0\\0<color00"	"\\0\\0\\0<color00FFFF>Survival<colorFFFFFF>: fight random opponents endlessly and see how long you can last.\\0\\0\\0\\0\\0\\0\\0\\0\\0\\0\\0\\0\\0\\0\\0\\0\\0\\0\\0\\0\\0\\0\\0\\0\\0\\0\\0\\0\\0\\0\\0\\0\\0\\0\\0\\0\\0\\0\\0\\0\\0\\0\\0\\0\\0\\0\\0\\0\\0\\0\\0\\0\\0\\0\\0\\0\\0\\0\\0\\0\\0\\0\\0\\0\\0\\0\\0\\0\\0\\0\\0\\0\\0\\0\\0\\0\\0\\0\\0\\0\\0\\0\\0\\0\\0\\0\\0\\0\\0\\0\\0\\0\\0\\0\\0\\0\\0\\0\\0\\0\\0\\0\\0\\0\\0\\0\\0\\0\\0<color00"	"3C 72 91 73 90 E2 7C 82 BB 82 A4 82 BA 82 C2 3E 83 54 83 6F 83 43 83 6F 83 8B 3C 63 6F 6C 6F 72"	"53 75 72 76 69 76 61 6C 3C 63 6F 6C 6F 72 46 46 46 46 46 46 3E 3A 20 66 69 67 68 74 20 72 61 6E"
"BTL.BIN"	"0x1E2CDD"	"1977565"	"0x1E2D75"	"153"	"\\0\\0\\0<color00FFFF><r自分|じぶん>ルール<r戦闘|せんとう><colorFFFFFF>では、<r戦闘条件|せんとうじょうけん>を<r任意|にんい>に<r設定|せってい>して<r闘|たたか>うことができます。\\0\\0\\0\\0\\0\\0\\0\\0\\0\\0<color"	"\\0\\0\\0<color00FFFF>Custom Rules Battle<colorFFFFFF>: set battle conditions freely before fighting.\\0\\0\\0\\0\\0\\0\\0\\0\\0\\0\\0\\0\\0\\0\\0\\0\\0\\0\\0\\0\\0\\0\\0\\0\\0\\0\\0\\0\\0\\0\\0\\0\\0\\0\\0\\0\\0\\0\\0\\0\\0\\0\\0\\0\\0\\0\\0\\0\\0\\0\\0\\0\\0\\0\\0\\0\\0\\0\\0\\0\\0\\0\\0\\0\\0\\0\\0\\0\\0\\0\\0\\0\\0\\0\\0\\0\\0\\0\\0\\0\\0\\0\\0\\0Quit <"	"3C 72 8E A9 95 AA 7C 82 B6 82 D4 82 F1 3E 83 8B 81 5B 83 8B 3C 72 90 ED 93 AC 7C 82 B9 82 F1 82"	"43 75 73 74 6F 6D 20 52 75 6C 65 73 20 42 61 74 74 6C 65 3C 63 6F 6C 6F 72 46 46 46 46 46 46 3E"
"BTL.BIN"	"0x1E2D80"	"1977728"	"0x1E2DD5"	"86"	"ます。\\0\\0\\0\\0\\0\\0\\0\\0\\0\\0<color00FFFF><r熱血対戦|ねっけつたいせん><colorFFFFFF>を<r終了|しゅうりょう>しますか？\\0\\0\\0\\0\\0\\0\\0\\0\\0\\0<color"	"\\0\\0\\0\\0\\0\\0\\0\\0\\0\\0\\0\\0\\0\\0\\0\\0Quit <color00FFFF>Hot-Blooded Versus<colorFFFFFF>?\\0\\0\\0\\0\\0\\0\\0\\0\\0\\0\\0\\0\\0\\0\\0\\0\\0\\0\\0\\0\\0\\0\\0\\0\\0\\0\\0\\0\\0\\0\\0\\0\\0\\0\\0\\0\\0\\0\\0\\0\\0\\0\\0\\0\\0\\0Start"	"3C 63 6F 6C 6F 72 30 30 46 46 46 46 3E 3C 72 94 4D 8C 8C 91 CE 90 ED 7C 82 CB 82 C1 82 AF 82 C2"	"51 75 69 74 20 3C 63 6F 6C 6F 72 30 30 46 46 46 46 3E 48 6F 74 2D 42 6C 6F 6F 64 65 64 20 56 65"
"BTL.BIN"	"0x1E2DE0"	"1977824"	"0x1E2E23"	"68"	"すか？\\0\\0\\0\\0\\0\\0\\0\\0\\0\\0<color00FFFF><r壮絶|そうぜつ>サバイバル<colorFFFFFF>を開始しますか？\\0\\0\\0\\0\\0\\0\\0\\0\\0\\0\\0\\0.j・"	"\\0\\0\\0\\0\\0\\0\\0\\0\\0\\0\\0\\0\\0\\0\\0\\0Start <color00FFFF>Survival<colorFFFFFF>?\\0\\0\\0\\0\\0\\0\\0\\0\\0\\0\\0\\0\\0\\0\\0\\0\\0\\0\\0\\0\\0\\0\\0\\0\\0\\0\\0\\0\\0\\0\\0\\0\\0\\0\\0\\0\\0\\0\\0.j・"	"3C 63 6F 6C 6F 72 30 30 46 46 46 46 3E 3C 72 91 73 90 E2 7C 82 BB 82 A4 82 BA 82 C2 3E 83 54 83"	"53 74 61 72 74 20 3C 63 6F 6C 6F 72 30 30 46 46 46 46 3E 53 75 72 76 69 76 61 6C 3C 63 6F 6C 6F"
"BTL.BIN"	"0x1E2F60"	"1978208"	"0x1E2F77"	"24"	"ベル\\0\\0\\0\\0\\0\\0\\0\\0\\0\\0\\0\\0<r中忍|ちゅうにん>レベル\\0\\0\\0\\0\\0\\0\\0\\0<r上忍|・"	"ベル\\0\\0\\0\\0\\0\\0\\0\\0\\0\\0\\0\\0Chunin Level\\0\\0\\0\\0\\0\\0\\0\\0\\0\\0\\0\\0\\0\\0\\0\\0\\0\\0\\0\\0Jonin Le"	"3C 72 92 86 94 45 7C 82 BF 82 E3 82 A4 82 C9 82 F1 3E 83 8C 83 78 83 8B"	"43 68 75 6E 69 6E 20 4C 65 76 65 6C 00 00 00 00 00 00 00 00 00 00 00 00"
"BTL.BIN"	"0x1E2F80"	"1978240"	"0x1E2F97"	"24"	"・レベル\\0\\0\\0\\0\\0\\0\\0\\0<r上忍|じょうにん>レベル\\0\\0\\0\\0\\0\\0\\0\\0<r火影|・"	"\\0\\0\\0\\0\\0\\0\\0\\0\\0\\0\\0\\0\\0\\0\\0\\0Jonin Level\\0\\0\\0\\0\\0\\0\\0\\0\\0\\0\\0\\0\\0\\0\\0\\0\\0\\0\\0\\0\\0Hokage L"	"3C 72 8F E3 94 45 7C 82 B6 82 E5 82 A4 82 C9 82 F1 3E 83 8C 83 78 83 8B"	"4A 6F 6E 69 6E 20 4C 65 76 65 6C 00 00 00 00 00 00 00 00 00 00 00 00 00"
"BTL.BIN"	"0x1E2FA0"	"1978272"	"0x1E2FB3"	"20"	"・レベル\\0\\0\\0\\0\\0\\0\\0\\0<r火影|ほかげ>レベル\\0\\0\\0\\0\\0\\0\\0\\0\\0\\0\\0\\0<r特"	"\\0\\0\\0\\0\\0\\0\\0\\0\\0\\0\\0\\0\\0\\0\\0\\0Hokage Level\\0\\0\\0\\0\\0\\0\\0\\0\\0\\0\\0\\0\\0\\0\\0\\0\\0\\0\\0\\0Spec"	"3C 72 89 CE 89 65 7C 82 D9 82 A9 82 B0 3E 83 8C 83 78 83 8B"	"48 6F 6B 61 67 65 20 4C 65 76 65 6C 00 00 00 00 00 00 00 00"
"BTL.BIN"	"0x1E2FC0"	"1978304"	"0x1E2FDB"	"28"	"ベル\\0\\0\\0\\0\\0\\0\\0\\0\\0\\0\\0\\0<r特殊戦闘|とくしゅせんとう>\\0\\0\\0\\0@n・`n・.n・"	"\\0\\0\\0\\0\\0\\0\\0\\0\\0\\0\\0\\0\\0\\0\\0\\0Special Battle\\0\\0\\0\\0\\0\\0\\0\\0\\0\\0\\0\\0\\0\\0\\0\\0\\0\\0@n・`n・.n・"	"3C 72 93 C1 8E EA 90 ED 93 AC 7C 82 C6 82 AD 82 B5 82 E3 82 B9 82 F1 82 C6 82 A4 3E"	"53 70 65 63 69 61 6C 20 42 61 74 74 6C 65 00 00 00 00 00 00 00 00 00 00 00 00 00 00"
"BTL.BIN"	"0x1E3000"	"1978368"	"0x1E3025"	"38"	"ﾀn・\\0\\0\\0\\0\\0\\0\\0\\0\\0\\0\\0\\0レベルを<r選択|せんたく>してください。\\0\\0\\0\\0\\0\\0\\0\\0\\0\\0ランク"	"ﾀn・\\0\\0\\0\\0\\0\\0\\0\\0\\0\\0\\0\\0Select a level.\\0\\0\\0\\0\\0\\0\\0\\0\\0\\0\\0\\0\\0\\0\\0\\0\\0\\0\\0\\0\\0\\0\\0\\0\\0\\0\\0\\0\\0\\0\\0\\0\\0Select"	"83 8C 83 78 83 8B 82 F0 3C 72 91 49 91 F0 7C 82 B9 82 F1 82 BD 82 AD 3E 82 B5 82 C4 82 AD 82 BE"	"53 65 6C 65 63 74 20 61 20 6C 65 76 65 6C 2E 00 00 00 00 00 00 00 00 00 00 00 00 00 00 00 00 00"
"BTL.BIN"	"0x1E3030"	"1978416"	"0x1E3055"	"38"	"さい。\\0\\0\\0\\0\\0\\0\\0\\0\\0\\0ランクを<r選択|せんたく>してください。\\0\\0\\0\\0\\0\\0\\0\\0\\0\\0これで"	"\\0\\0\\0\\0\\0\\0\\0\\0\\0\\0\\0\\0\\0\\0\\0\\0Select a rank.\\0\\0\\0\\0\\0\\0\\0\\0\\0\\0\\0\\0\\0\\0\\0\\0\\0\\0\\0\\0\\0\\0\\0\\0\\0\\0\\0\\0\\0\\0\\0\\0\\0\\0Is thi"	"83 89 83 93 83 4E 82 F0 3C 72 91 49 91 F0 7C 82 B9 82 F1 82 BD 82 AD 3E 82 B5 82 C4 82 AD 82 BE"	"53 65 6C 65 63 74 20 61 20 72 61 6E 6B 2E 00 00 00 00 00 00 00 00 00 00 00 00 00 00 00 00 00 00"
"BTL.BIN"	"0x1E3060"	"1978464"	"0x1E3079"	"26"	"さい。\\0\\0\\0\\0\\0\\0\\0\\0\\0\\0これでよろしいでしょうか？\\0\\0\\0\\0\\0\\0\\0o・0o・`o"	"\\0\\0\\0\\0\\0\\0\\0\\0\\0\\0\\0\\0\\0\\0\\0\\0Is this OK?\\0\\0\\0\\0\\0\\0\\0\\0\\0\\0\\0\\0\\0\\0\\0\\0\\0\\0\\0\\0\\0\\0o・0o・`o"	"82 B1 82 EA 82 C5 82 E6 82 EB 82 B5 82 A2 82 C5 82 B5 82 E5 82 A4 82 A9 81 48"	"49 73 20 74 68 69 73 20 4F 4B 3F 00 00 00 00 00 00 00 00 00 00 00 00 00 00 00"
"BTL.BIN"	"0x1E30F0"	"1978608"	"0x1E30FF"	"16"	"\\0\\0.C\\0\\0HB\\0\\0ﾒB\\0\\0.?この条件で決定！\\0\\0\\0\\0\\0\\0\\0\\0\\0\\0\\0\\0\\0\\0\\0\\0"	"\\0\\0.C\\0\\0HB\\0\\0ﾒB\\0\\0.?Confirm setup!\\0\\0\\0\\0\\0\\0\\0\\0\\0\\0\\0\\0\\0\\0\\0\\0\\0\\0"	"82 B1 82 CC 8F F0 8C 8F 82 C5 8C 88 92 E8 81 49"	"43 6F 6E 66 69 72 6D 20 73 65 74 75 70 21 00 00"
"BTL.BIN"	"0x1E3110"	"1978640"	"0x1E3156"	"71"	"\\0\\0\\0\\0\\0\\0\\0\\0\\0\\0\\0\\0\\0\\0\\0\\0<ruby好|す>きな<ruby条件|じょうけん>を<ruby設定|せってい>してください。\\0\\0\\0\\0\\0\\0\\0\\0\\0ＣＯＭ・"	"\\0\\0\\0\\0\\0\\0\\0\\0\\0\\0\\0\\0\\0\\0\\0\\0Set any conditions you like.\\0\\0\\0\\0\\0\\0\\0\\0\\0\\0\\0\\0\\0\\0\\0\\0\\0\\0\\0\\0\\0\\0\\0\\0\\0\\0\\0\\0\\0\\0\\0\\0\\0\\0\\0\\0\\0\\0\\0\\0\\0\\0\\0\\0\\0\\0\\0\\0\\0\\0\\0\\0Change"	"3C 72 75 62 79 8D 44 7C 82 B7 3E 82 AB 82 C8 3C 72 75 62 79 8F F0 8C 8F 7C 82 B6 82 E5 82 A4 82"	"53 65 74 20 61 6E 79 20 63 6F 6E 64 69 74 69 6F 6E 73 20 79 6F 75 20 6C 69 6B 65 2E 00 00 00 00"
"BTL.BIN"	"0x1E3160"	"1978720"	"0x1E3195"	"54"	"ｾさい。\\0\\0\\0\\0\\0\\0\\0\\0\\0ＣＯＭの<ruby強|つよ>さを<ruby変更|へんこう>できます。\\0\\0\\0\\0\\0\\0\\0\\0\\0\\0<ruby・"	"\\0\\0\\0\\0\\0\\0\\0\\0\\0\\0\\0\\0\\0\\0\\0\\0Change COM strength.\\0\\0\\0\\0\\0\\0\\0\\0\\0\\0\\0\\0\\0\\0\\0\\0\\0\\0\\0\\0\\0\\0\\0\\0\\0\\0\\0\\0\\0\\0\\0\\0\\0\\0\\0\\0\\0\\0\\0\\0\\0\\0\\0\\0Change"	"82 62 82 6E 82 6C 82 CC 3C 72 75 62 79 8B AD 7C 82 C2 82 E6 3E 82 B3 82 F0 3C 72 75 62 79 95 CF"	"43 68 61 6E 67 65 20 43 4F 4D 20 73 74 72 65 6E 67 74 68 2E 00 00 00 00 00 00 00 00 00 00 00 00"
"BTL.BIN"	"0x1E31A0"	"1978784"	"0x1E31F4"	"85"	"ます。\\0\\0\\0\\0\\0\\0\\0\\0\\0\\0<ruby奥義|おうぎ>の<ruby入力勝負|にゅうりょくしょうぶ>を<ruby変更|へんこう>できます。\\0\\0\\0\\0\\0\\0\\0\\0\\0\\0\\0『は・"	"\\0\\0\\0\\0\\0\\0\\0\\0\\0\\0\\0\\0\\0\\0\\0\\0Change Ultimate input battle.\\0\\0\\0\\0\\0\\0\\0\\0\\0\\0\\0\\0\\0\\0\\0\\0\\0\\0\\0\\0\\0\\0\\0\\0\\0\\0\\0\\0\\0\\0\\0\\0\\0\\0\\0\\0\\0\\0\\0\\0\\0\\0\\0\\0\\0\\0\\0\\0\\0\\0\\0\\0\\0\\0\\0\\0\\0\\0\\0\\0\\0\\0\\0\\0\\0\\0\\0Selec"	"3C 72 75 62 79 89 9C 8B 60 7C 82 A8 82 A4 82 AC 3E 82 CC 3C 72 75 62 79 93 FC 97 CD 8F 9F 95 89"	"43 68 61 6E 67 65 20 55 6C 74 69 6D 61 74 65 20 69 6E 70 75 74 20 62 61 74 74 6C 65 2E 00 00 00"
"BTL.BIN"	"0x1E3200"	"1978880"	"0x1E3291"	"146"	"ﾜす。\\0\\0\\0\\0\\0\\0\\0\\0\\0\\0\\0『はい』を<ruby選択|せんたく>で<ruby戦闘|せんとう>を<ruby開始|かいし>します。\\0\\0\\0<ruby条件|じょうけん>が１つも<ruby設定|せってい>されていないです。\\0\\0\\0\\0\\0\\0\\0\\0\\0\\0\\0\\0\\0\\0す"	"\\0\\0\\0\\0\\0\\0\\0\\0\\0\\0\\0\\0\\0\\0\\0\\0Select Yes to start the battle.\\0\\0\\0\\0\\0\\0\\0\\0\\0\\0\\0\\0\\0\\0\\0\\0\\0\\0\\0\\0\\0\\0\\0\\0\\0\\0\\0\\0\\0\\0\\0\\0\\0\\0\\0\\0\\0\\0\\0\\0\\0\\0\\0\\0\\0\\0\\0\\0\\0No conditions have been set.\\0\\0\\0\\0\\0\\0\\0\\0\\0\\0\\0\\0\\0\\0\\0\\0\\0\\0\\0\\0\\0\\0\\0\\0\\0\\0\\0\\0\\0\\0\\0\\0\\0\\0\\0\\0\\0\\0\\0\\0\\0\\0\\0\\0\\0\\0\\0\\0\\0\\0\\0\\0Al"	"81 77 82 CD 82 A2 81 78 82 F0 3C 72 75 62 79 91 49 91 F0 7C 82 B9 82 F1 82 BD 82 AD 3E 82 C5 3C"	"53 65 6C 65 63 74 20 59 65 73 20 74 6F 20 73 74 61 72 74 20 74 68 65 20 62 61 74 74 6C 65 2E 00"
"BTL.BIN"	"0x1E32A0"	"1979040"	"0x1E32C4"	"37"	"。\\0\\0\\0\\0\\0\\0\\0\\0\\0\\0\\0\\0\\0\\0すでに<ruby設定済|せっていず>みです。\\0\\0\\0\\0\\0\\0\\0\\0\\0\\0\\0<ruby"	"\\0\\0\\0\\0\\0\\0\\0\\0\\0\\0\\0\\0\\0\\0\\0\\0Already set.\\0\\0\\0\\0\\0\\0\\0\\0\\0\\0\\0\\0\\0\\0\\0\\0\\0\\0\\0\\0\\0\\0\\0\\0\\0\\0\\0\\0\\0\\0\\0\\0\\0\\0\\0\\0This"	"82 B7 82 C5 82 C9 3C 72 75 62 79 90 DD 92 E8 8D CF 7C 82 B9 82 C1 82 C4 82 A2 82 B8 3E 82 DD 82"	"41 6C 72 65 61 64 79 20 73 65 74 2E 00 00 00 00 00 00 00 00 00 00 00 00 00 00 00 00 00 00 00 00"
"BTL.BIN"	"0x1E32D0"	"1979088"	"0x1E3377"	"168"	"ﾅす。\\0\\0\\0\\0\\0\\0\\0\\0\\0\\0\\0<ruby現在設定済|げんざいせっていず>みの<ruby条件|じょうけん>と.<ruby組|く>み<ruby合|あ>わせる<ruby事|こと>が<ruby出来|でき>ない<ruby条件|じょうけん>です。\\0\\0\\0\\0\\0\\0基本条件\\0\\0\\0\\0\\0\\0\\0\\0<ruby方・"	"\\0\\0\\0\\0\\0\\0\\0\\0\\0\\0\\0\\0\\0\\0\\0\\0This condition cannot be combined with the currently set conditions.\\0\\0\\0\\0\\0\\0\\0\\0\\0\\0\\0\\0\\0\\0\\0\\0\\0\\0\\0\\0\\0\\0\\0\\0\\0\\0\\0\\0\\0\\0\\0\\0\\0\\0\\0\\0\\0\\0\\0\\0\\0\\0\\0\\0\\0\\0\\0\\0\\0\\0\\0\\0\\0\\0\\0\\0\\0\\0\\0\\0\\0\\0\\0\\0\\0\\0\\0\\0\\0\\0\\0\\0\\0\\0\\0\\0\\0\\0\\0\\0\\0\\0\\0\\0\\0\\0\\0\\0\\0\\0\\0\\0Basic\\0\\0\\0\\0\\0\\0\\0\\0\\0\\0\\0Press Le"	"3C 72 75 62 79 8C BB 8D DD 90 DD 92 E8 8D CF 7C 82 B0 82 F1 82 B4 82 A2 82 B9 82 C1 82 C4 82 A2"	"54 68 69 73 20 63 6F 6E 64 69 74 69 6F 6E 20 63 61 6E 6E 6F 74 20 62 65 20 63 6F 6D 62 69 6E 65"
"BTL.BIN"	"0x1E3380"	"1979264"	"0x1E33DF"	"96"	"基本条件\\0\\0\\0\\0\\0\\0\\0\\0<ruby方向|ほうこう>キー<ruby左右|さゆう>でＣＯＭの<ruby強|つよ>さを<ruby変更|へんこう>できます。\\0\\0\\0\\0\\0\\0\\0\\0\\0\\0\\0\\0\\0\\0\\0\\0"	"Basic\\0\\0\\0\\0\\0\\0\\0\\0\\0\\0\\0Press Left/Right to change COM strength.\\0\\0\\0\\0\\0\\0\\0\\0\\0\\0\\0\\0\\0\\0\\0\\0\\0\\0\\0\\0\\0\\0\\0\\0\\0\\0\\0\\0\\0\\0\\0\\0\\0\\0\\0\\0\\0\\0\\0\\0\\0\\0\\0\\0\\0\\0\\0\\0\\0\\0\\0\\0\\0\\0\\0\\0\\0\\0\\0\\0\\0\\0\\0\\0\\0\\0\\0\\0\\0\\0\\0\\0"	"3C 72 75 62 79 95 FB 8C FC 7C 82 D9 82 A4 82 B1 82 A4 3E 83 4C 81 5B 3C 72 75 62 79 8D B6 89 45"	"50 72 65 73 73 20 4C 65 66 74 2F 52 69 67 68 74 20 74 6F 20 63 68 61 6E 67 65 20 43 4F 4D 20 73"
"BTL.BIN"	"0x1E33F0"	"1979376"	"0x1E3477"	"136"	"\\0\\0\\0\\0\\0\\0\\0\\0\\0\\0\\0\\0\\0\\0\\0\\0<ruby方向|ほうこう>キー<ruby左右|さゆう>で<ruby奥義|おうぎ>の<ruby入力勝負|にゅうりょくしょうぶ>を<ruby変更|へんこう>できます。\\0やさしい\\0\\0\\0\\0\\0\\0\\0\\0むずかし"	"\\0\\0\\0\\0\\0\\0\\0\\0\\0\\0\\0\\0\\0\\0\\0\\0Press Left/Right to change the Ultimate input battle.\\0\\0\\0\\0\\0\\0\\0\\0\\0\\0\\0\\0\\0\\0\\0\\0\\0\\0\\0\\0\\0\\0\\0\\0\\0\\0\\0\\0\\0\\0\\0\\0\\0\\0\\0\\0\\0\\0\\0\\0\\0\\0\\0\\0\\0\\0\\0\\0\\0\\0\\0\\0\\0\\0\\0\\0\\0\\0\\0\\0\\0\\0\\0\\0\\0\\0\\0\\0\\0\\0\\0\\0\\0\\0\\0Easy\\0\\0\\0\\0\\0\\0\\0\\0\\0\\0\\0\\0Hard\\0\\0\\0\\0"	"3C 72 75 62 79 95 FB 8C FC 7C 82 D9 82 A4 82 B1 82 A4 3E 83 4C 81 5B 3C 72 75 62 79 8D B6 89 45"	"50 72 65 73 73 20 4C 65 66 74 2F 52 69 67 68 74 20 74 6F 20 63 68 61 6E 67 65 20 74 68 65 20 55"
"BTL.BIN"	"0x1E3480"	"1979520"	"0x1E3489"	"10"	"やさしい\\0\\0\\0\\0\\0\\0\\0\\0むずかしい\\0\\0\\0\\0\\0\\0潛`\\0ps・鍼"	"Easy\\0\\0\\0\\0\\0\\0\\0\\0\\0\\0\\0\\0Hard\\0\\0\\0\\0\\0\\0\\0\\0\\0\\0\\0\\0潛`\\0ps・鍼"	"82 DE 82 B8 82 A9 82 B5 82 A2"	"48 61 72 64 00 00 00 00 00 00"
"BTL.BIN"	"0x1E34A8"	"1979560"	"0x1E34AF"	"8"	"鍼`\\0.s・.`\\0.`\\0使用不可\\0\\0\\0\\0\\0\\0\\0\\0ランダム"	"鍼`\\0.s・.`\\0.`\\0Off\\0\\0\\0\\0\\0\\0\\0\\0\\0\\0\\0\\0\\0Random\\0\\0"	"8E 67 97 70 95 73 89 C2"	"4F 66 66 00 00 00 00 00"
"BTL.BIN"	"0x1E34B8"	"1979576"	"0x1E34BF"	"8"	"使用不可\\0\\0\\0\\0\\0\\0\\0\\0ランダム\\0\\0\\0\\0\\0\\0\\0\\0コマンド"	"Off\\0\\0\\0\\0\\0\\0\\0\\0\\0\\0\\0\\0\\0Random\\0\\0\\0\\0\\0\\0\\0\\0\\0\\0Command\\0"	"83 89 83 93 83 5F 83 80"	"52 61 6E 64 6F 6D 00 00"
"BTL.BIN"	"0x1E34C8"	"1979592"	"0x1E34CF"	"8"	"ランダム\\0\\0\\0\\0\\0\\0\\0\\0コマンド\\0\\0\\0\\0\\0\\0\\0\\0タイミン"	"Random\\0\\0\\0\\0\\0\\0\\0\\0\\0\\0Command\\0\\0\\0\\0\\0\\0\\0\\0\\0Timing\\0\\0"	"83 52 83 7D 83 93 83 68"	"43 6F 6D 6D 61 6E 64 00"
"BTL.BIN"	"0x1E34D8"	"1979608"	"0x1E34E1"	"10"	"コマンド\\0\\0\\0\\0\\0\\0\\0\\0タイミング\\0\\0\\0\\0\\0\\0\\0\\0\\0\\0\\0\\0\\0\\0ｨs"	"Command\\0\\0\\0\\0\\0\\0\\0\\0\\0Timing\\0\\0\\0\\0\\0\\0\\0\\0\\0\\0\\0\\0\\0\\0\\0\\0\\0\\0ｨs"	"83 5E 83 43 83 7E 83 93 83 4F"	"54 69 6D 69 6E 67 00 00 00 00"
"BTL.BIN"	"0x1E3510"	"1979664"	"0x1E352F"	"32"	"\\0J`\\0.J`\\0\\0\\0\\0\\0\\0\\0\\0\\0お<r手軽条件|てがるじょうけん>１\\0\\0\\0\\0\\0\\0\\0\\0\\0\\0\\0\\0\\0\\0\\0\\0"	"\\0J`\\0.J`\\0\\0\\0\\0\\0\\0\\0\\0\\0Preset Rule 1\\0\\0\\0\\0\\0\\0\\0\\0\\0\\0\\0\\0\\0\\0\\0\\0\\0\\0\\0\\0\\0\\0\\0\\0\\0\\0\\0\\0\\0\\0\\0\\0\\0\\0\\0"	"82 A8 3C 72 8E E8 8C 79 8F F0 8C 8F 7C 82 C4 82 AA 82 E9 82 B6 82 E5 82 A4 82 AF 82 F1 3E 82 50"	"50 72 65 73 65 74 20 52 75 6C 65 20 31 00 00 00 00 00 00 00 00 00 00 00 00 00 00 00 00 00 00 00"
"BTL.BIN"	"0x1E3540"	"1979712"	"0x1E355F"	"32"	"\\0\\0\\0\\0\\0\\0\\0\\0\\0\\0\\0\\0\\0\\0\\0\\0お<r手軽条件|てがるじょうけん>２\\0\\0\\0\\0\\0\\0\\0\\0\\0\\0\\0\\0\\0\\0\\0\\0"	"\\0\\0\\0\\0\\0\\0\\0\\0\\0\\0\\0\\0\\0\\0\\0\\0Preset Rule 2\\0\\0\\0\\0\\0\\0\\0\\0\\0\\0\\0\\0\\0\\0\\0\\0\\0\\0\\0\\0\\0\\0\\0\\0\\0\\0\\0\\0\\0\\0\\0\\0\\0\\0\\0"	"82 A8 3C 72 8E E8 8C 79 8F F0 8C 8F 7C 82 C4 82 AA 82 E9 82 B6 82 E5 82 A4 82 AF 82 F1 3E 82 51"	"50 72 65 73 65 74 20 52 75 6C 65 20 32 00 00 00 00 00 00 00 00 00 00 00 00 00 00 00 00 00 00 00"
"BTL.BIN"	"0x1E3570"	"1979760"	"0x1E358F"	"32"	"\\0\\0\\0\\0\\0\\0\\0\\0\\0\\0\\0\\0\\0\\0\\0\\0お<r手軽条件|てがるじょうけん>３\\0\\0\\0\\0\\0\\0\\0\\0\\0\\0\\0\\0\\0\\0\\0\\0"	"\\0\\0\\0\\0\\0\\0\\0\\0\\0\\0\\0\\0\\0\\0\\0\\0Preset Rule 3\\0\\0\\0\\0\\0\\0\\0\\0\\0\\0\\0\\0\\0\\0\\0\\0\\0\\0\\0\\0\\0\\0\\0\\0\\0\\0\\0\\0\\0\\0\\0\\0\\0\\0\\0"	"82 A8 3C 72 8E E8 8C 79 8F F0 8C 8F 7C 82 C4 82 AA 82 E9 82 B6 82 E5 82 A4 82 AF 82 F1 3E 82 52"	"50 72 65 73 65 74 20 52 75 6C 65 20 33 00 00 00 00 00 00 00 00 00 00 00 00 00 00 00 00 00 00 00"
"BTL.BIN"	"0x1E35A0"	"1979808"	"0x1E35C3"	"36"	"\\0\\0\\0\\0\\0\\0\\0\\0\\0\\0\\0\\0\\0\\0\\0\\0<r無重力戦闘|むじゅうりょくせんとう>\\0\\0\\0\\0\\0\\0\\0\\0\\0\\0\\0\\0<r速"	"\\0\\0\\0\\0\\0\\0\\0\\0\\0\\0\\0\\0\\0\\0\\0\\0Zero-Gravity Battle\\0\\0\\0\\0\\0\\0\\0\\0\\0\\0\\0\\0\\0\\0\\0\\0\\0\\0\\0\\0\\0\\0\\0\\0\\0\\0\\0\\0\\0Batt"	"3C 72 96 B3 8F 64 97 CD 90 ED 93 AC 7C 82 DE 82 B6 82 E3 82 A4 82 E8 82 E5 82 AD 82 B9 82 F1 82"	"5A 65 72 6F 2D 47 72 61 76 69 74 79 20 42 61 74 74 6C 65 00 00 00 00 00 00 00 00 00 00 00 00 00"
"BTL.BIN"	"0x1E35D0"	"1979856"	"0x1E3615"	"70"	"ﾆう>\\0\\0\\0\\0\\0\\0\\0\\0\\0\\0\\0\\0<r速度差|そくどさ>が<r激|はげ>しい<r状態|じょうたい>で<r戦闘|せんとう>\\0\\0\\0\\0\\0\\0\\0\\0\\0\\0<r大|・"	"\\0\\0\\0\\0\\0\\0\\0\\0\\0\\0\\0\\0\\0\\0\\0\\0Battle with extreme speed differences\\0\\0\\0\\0\\0\\0\\0\\0\\0\\0\\0\\0\\0\\0\\0\\0\\0\\0\\0\\0\\0\\0\\0\\0\\0\\0\\0\\0\\0\\0\\0\\0\\0\\0\\0\\0\\0\\0\\0\\0\\0\\0\\0Battle"	"3C 72 91 AC 93 78 8D B7 7C 82 BB 82 AD 82 C7 82 B3 3E 82 AA 3C 72 8C 83 7C 82 CD 82 B0 3E 82 B5"	"42 61 74 74 6C 65 20 77 69 74 68 20 65 78 74 72 65 6D 65 20 73 70 65 65 64 20 64 69 66 66 65 72"
"BTL.BIN"	"0x1E3620"	"1979936"	"0x1E366D"	"78"	".ﾆう>\\0\\0\\0\\0\\0\\0\\0\\0\\0\\0<r大|だい>ダメージにめげずに<r戦闘|せんとう>\\0\\0\\0\\0<r極限戦闘|きょくげんせんとう>\\0\\0\\0\\0(\\02\\0ｮ.・\\0\\0\\0\\0"	"\\0\\0\\0\\0\\0\\0\\0\\0\\0\\0\\0\\0\\0\\0\\0\\0Battle without fearing heavy damage\\0\\0\\0\\0\\0\\0\\0\\0\\0\\0\\0\\0\\0Extreme Battle\\0\\0\\0\\0\\0\\0\\0\\0\\0\\0\\0\\0\\0\\0\\0\\0\\0\\0\\0\\0(\\02\\0ｮ.・\\0\\0\\0\\0"	"3C 72 91 E5 7C 82 BE 82 A2 3E 83 5F 83 81 81 5B 83 57 82 C9 82 DF 82 B0 82 B8 82 C9 3C 72 90 ED"	"42 61 74 74 6C 65 20 77 69 74 68 6F 75 74 20 66 65 61 72 69 6E 67 20 68 65 61 76 79 20 64 61 6D"
"BTL.BIN"	"0x1E38E0"	"1980640"	"0x1E38E9"	"10"	"<r位|い>\\0\\0\\0\\0\\0\\0\\0\\0<r忍|にん>\\0\\0\\0\\0\\0\\0%sカウント"	"<r位|い>\\0\\0\\0\\0\\0\\0\\0\\0Ninja\\0\\0\\0\\0\\0\\0\\0\\0\\0\\0\\0%s Count\\0\\0"	"3C 72 94 45 7C 82 C9 82 F1 3E"	"4E 69 6E 6A 61 00 00 00 00 00"
"BTL.BIN"	"0x1E38F2"	"1980658"	"0x1E38F9"	"8"	"忍|にん>\\0\\0\\0\\0\\0\\0%sカウント\\0\\0\\0\\0\\0\\0ﾐw・烱・."	"nja\\0\\0\\0\\0\\0\\0\\0\\0\\0\\0\\0%s Count\\0\\0\\0\\0\\0\\0\\0\\0ﾐw・烱・."	"83 4A 83 45 83 93 83 67"	"20 43 6F 75 6E 74 00 00"
"BTL.BIN"	"0x1E3960"	"1980768"	"0x1E3979"	"26"	"\\0\\0.A\\0\\0漓\\0\\0ｴC\\0\\0\\0\\0<r壮絶|そうぜつ>サバイバル\\0\\0\\0\\0\\0\\0\\0\\0 B\\0\\0ｯC\\0\\0"	"\\0\\0.A\\0\\0漓\\0\\0ｴC\\0\\0\\0\\0Survival\\0\\0\\0\\0\\0\\0\\0\\0\\0\\0\\0\\0\\0\\0\\0\\0\\0\\0\\0\\0\\0\\0\\0\\0\\0\\0 B\\0\\0ｯC\\0\\0"	"3C 72 91 73 90 E2 7C 82 BB 82 A4 82 BA 82 C2 3E 83 54 83 6F 83 43 83 6F 83 8B"	"53 75 72 76 69 76 61 6C 00 00 00 00 00 00 00 00 00 00 00 00 00 00 00 00 00 00"
"BTL.BIN"	"0x1E39C0"	"1980864"	"0x1E39D9"	"26"	"<iconR1>\\0\\0\\0\\0\\0\\0\\0\\0<r撃破忍数|げきはにんずう>\\0\\0\\0\\0\\0\\0%s<color00"	"<iconR1>\\0\\0\\0\\0\\0\\0\\0\\0Ninja Defeated\\0\\0\\0\\0\\0\\0\\0\\0\\0\\0\\0\\0\\0\\0\\0\\0\\0\\0%s<color00"	"3C 72 8C 82 94 6A 94 45 90 94 7C 82 B0 82 AB 82 CD 82 C9 82 F1 82 B8 82 A4 3E"	"4E 69 6E 6A 61 20 44 65 66 65 61 74 65 64 00 00 00 00 00 00 00 00 00 00 00 00"
"BTL.BIN"	"0x1E39EF"	"1980911"	"0x1E3A0B"	"29"	"\\0%s<color000000><r忍|にん>\\0\\0\\0\\0\\0\\0\\0クリアタイム\\0\\0\\0\\0%s<color0000"	"\\0%s<color000000> Ninja\\0\\0\\0\\0\\0\\0\\0\\0\\0\\0\\0Clear Time\\0\\0\\0\\0\\0\\0%s<color0000"	"3C 72 94 45 7C 82 C9 82 F1 3E 00 00 00 00 00 00 00 83 4E 83 8A 83 41 83 5E 83 43 83 80"	"20 4E 69 6E 6A 61 00 00 00 00 00 00 00 00 00 00 00 43 6C 65 61 72 20 54 69 6D 65 00 00"
"BTL.BIN"	"0x1E3A1F"	"1980959"	"0x1E3A26"	"8"	"\\0%s<color000000>カウント\\0\\0\\0\\0\\0\\0\\0\\0\\0<r忍名|"	"\\0%s<color000000> Count\\0\\0\\0\\0\\0\\0\\0\\0\\0\\0\\0Shinobi"	"83 4A 83 45 83 93 83 67"	"20 43 6F 75 6E 74 00 00"
"BTL.BIN"	"0x1E3A30"	"1980976"	"0x1E3A41"	"18"	"Jウント\\0\\0\\0\\0\\0\\0\\0\\0\\0<r忍名|しのびめい>\\0\\0\\0\\0\\0\\0\\0\\0\\0\\0\\0\\0\\0\\0<r"	"Count\\0\\0\\0\\0\\0\\0\\0\\0\\0\\0\\0Shinobi Name\\0\\0\\0\\0\\0\\0\\0\\0\\0\\0\\0\\0\\0\\0\\0\\0\\0\\0\\0\\0Mo"	"3C 72 94 45 96 BC 7C 82 B5 82 CC 82 D1 82 DF 82 A2 3E"	"53 68 69 6E 6F 62 69 20 4E 61 6D 65 00 00 00 00 00 00"
"BTL.BIN"	"0x1E3A50"	"1981008"	"0x1E3A63"	"20"	"｢>\\0\\0\\0\\0\\0\\0\\0\\0\\0\\0\\0\\0\\0\\0<r所持金|しょじきん>\\0\\0\\0\\0\\0\\0\\0\\0\\0\\0\\0\\0<r報"	"\\0\\0\\0\\0\\0\\0\\0\\0\\0\\0\\0\\0\\0\\0\\0\\0Money Held\\0\\0\\0\\0\\0\\0\\0\\0\\0\\0\\0\\0\\0\\0\\0\\0\\0\\0\\0\\0\\0\\0Rewa"	"3C 72 8F 8A 8E 9D 8B E0 7C 82 B5 82 E5 82 B6 82 AB 82 F1 3E"	"4D 6F 6E 65 79 20 48 65 6C 64 00 00 00 00 00 00 00 00 00 00"
"BTL.BIN"	"0x1E3A70"	"1981040"	"0x1E3A87"	"24"	"ｫん>\\0\\0\\0\\0\\0\\0\\0\\0\\0\\0\\0\\0<r報酬金|ほうしゅうきん>\\0\\0\\0\\0\\0\\0\\0\\0<r両|り・"	"\\0\\0\\0\\0\\0\\0\\0\\0\\0\\0\\0\\0\\0\\0\\0\\0Reward Money\\0\\0\\0\\0\\0\\0\\0\\0\\0\\0\\0\\0\\0\\0\\0\\0\\0\\0\\0\\0Ryo\\0\\0\\0\\0\\0"	"3C 72 95 F1 8F 56 8B E0 7C 82 D9 82 A4 82 B5 82 E3 82 A4 82 AB 82 F1 3E"	"52 65 77 61 72 64 20 4D 6F 6E 65 79 00 00 00 00 00 00 00 00 00 00 00 00"
"BTL.BIN"	"0x1E3A90"	"1981072"	"0x1E3AB7"	"40"	"繧､きん>\\0\\0\\0\\0\\0\\0\\0\\0<r両|りょう>\\0\\0\\0\\0クリア<r報酬|ほうしゅう>\\0\\0\\0\\0\\0\\0\\0\\0レベルク"	"\\0\\0\\0\\0\\0\\0\\0\\0\\0\\0\\0\\0\\0\\0\\0\\0Ryo\\0\\0\\0\\0\\0\\0\\0\\0\\0\\0\\0\\0\\0Clear Reward\\0\\0\\0\\0\\0\\0\\0\\0\\0\\0\\0\\0\\0\\0\\0\\0\\0\\0\\0\\0Level Cl"	"3C 72 97 BC 7C 82 E8 82 E5 82 A4 3E 00 00 00 00 83 4E 83 8A 83 41 3C 72 95 F1 8F 56 7C 82 D9 82"	"52 79 6F 00 00 00 00 00 00 00 00 00 00 00 00 00 43 6C 65 61 72 20 52 65 77 61 72 64 00 00 00 00"
"BTL.BIN"	"0x1E3AC0"	"1981120"	"0x1E3B07"	"72"	"､しゅう>\\0\\0\\0\\0\\0\\0\\0\\0レベルクリア<r報酬|ほうしゅう>\\0\\0「<color2820FF>%s<color000000>」クリア！\\0\\0\\0\\0\\0\\0\\0\\0<r新|あ・"	"\\0\\0\\0\\0\\0\\0\\0\\0\\0\\0\\0\\0\\0\\0\\0\\0Level Clear Reward\\0\\0\\0\\0\\0\\0\\0\\0\\0\\0\\0\\0\\0\\0Cleared ""%s""!\\0\\0\\0\\0\\0\\0\\0\\0\\0\\0\\0\\0\\0\\0\\0\\0\\0\\0\\0\\0\\0\\0\\0\\0\\0\\0\\0\\0\\0\\0\\0\\0\\0\\0\\0New rank"	"83 8C 83 78 83 8B 83 4E 83 8A 83 41 3C 72 95 F1 8F 56 7C 82 D9 82 A4 82 B5 82 E3 82 A4 3E 00 00"	"4C 65 76 65 6C 20 43 6C 65 61 72 20 52 65 77 61 72 64 00 00 00 00 00 00 00 00 00 00 00 00 00 00"
"BTL.BIN"	"0x1E3B10"	"1981200"	"0x1E3B45"	"54"	"クリア！\\0\\0\\0\\0\\0\\0\\0\\0<r新|あら>たなランク「<color2820FF>%s<color000000>」に\\0\\0\\0\\0\\0\\0\\0\\0\\0\\0<r挑戦"	"\\0\\0\\0\\0\\0\\0\\0\\0\\0\\0\\0\\0\\0\\0\\0\\0New rank ""%s""\\0\\0\\0\\0\\0\\0\\0\\0\\0\\0\\0\\0\\0\\0\\0\\0\\0\\0\\0\\0\\0\\0\\0\\0\\0\\0\\0\\0\\0\\0\\0\\0\\0\\0\\0\\0\\0\\0\\0\\0\\0\\0\\0\\0\\0\\0\\0\\0\\0\\0\\0is now"	"3C 72 90 56 7C 82 A0 82 E7 3E 82 BD 82 C8 83 89 83 93 83 4E 81 75 3C 63 6F 6C 6F 72 32 38 32 30"	"4E 65 77 20 72 61 6E 6B 20 22 25 73 22 00 00 00 00 00 00 00 00 00 00 00 00 00 00 00 00 00 00 00"
"BTL.BIN"	"0x1E3B50"	"1981264"	"0x1E3B7B"	"44"	"0>」に\\0\\0\\0\\0\\0\\0\\0\\0\\0\\0<r挑戦|ちょうせん>できるようになりました！！\\0\\0\\0\\0炸・.J`\\0.z・"	"\\0\\0\\0\\0\\0\\0\\0\\0\\0\\0\\0\\0\\0\\0\\0\\0is now available!!\\0\\0\\0\\0\\0\\0\\0\\0\\0\\0\\0\\0\\0\\0\\0\\0\\0\\0\\0\\0\\0\\0\\0\\0\\0\\0\\0\\0\\0\\0炸・.J`\\0.z・"	"3C 72 92 A7 90 ED 7C 82 BF 82 E5 82 A4 82 B9 82 F1 3E 82 C5 82 AB 82 E9 82 E6 82 A4 82 C9 82 C8"	"69 73 20 6E 6F 77 20 61 76 61 69 6C 61 62 6C 65 21 21 00 00 00 00 00 00 00 00 00 00 00 00 00 00"
"BTL.BIN"	"0x1E3B90"	"1981328"	"0x1E3BC5"	"54"	"炸・.J`\\0.z・Pz・<r新|あら>たなレベル「<color2820FF>%s<color000000>」に\\0\\0\\0\\0\\0\\0\\0\\0\\0\\0炸・.J"	"炸・.J`\\0.z・Pz・New level ""%s""\\0\\0\\0\\0\\0\\0\\0\\0\\0\\0\\0\\0\\0\\0\\0\\0\\0\\0\\0\\0\\0\\0\\0\\0\\0\\0\\0\\0\\0\\0\\0\\0\\0\\0\\0\\0\\0\\0\\0\\0\\0\\0\\0\\0\\0\\0\\0\\0\\0\\0炸・.J"	"3C 72 90 56 7C 82 A0 82 E7 3E 82 BD 82 C8 83 8C 83 78 83 8B 81 75 3C 63 6F 6C 6F 72 32 38 32 30"	"4E 65 77 20 6C 65 76 65 6C 20 22 25 73 22 00 00 00 00 00 00 00 00 00 00 00 00 00 00 00 00 00 00"
"BTL.BIN"	"0x1E3BE0"	"1981408"	"0x1E3CC3"	"228"	"炸・.J`\\0諏・Pz・「<color080860><r究極連激戦|ナルティメットれんげきせん><color000000>」<r全|ぜん>クリア<r報酬|ほうしゅう>！\\0\\0\\0\\0\\0\\0<r装備品|そうびひん>「<color2820FF><r気配遮断装束|けはいしゃだんしょうぞく><color000000>」を<r手|て>に<r入|い>れた！\\0\\0\\0\\0\\0\\0\\0\\0\\0\\0\\0\\0「<c"	"炸・.J`\\0諏・Pz・All-clear reward for ""Ultimate Chain""!\\0\\0\\0\\0\\0\\0\\0\\0\\0\\0\\0\\0\\0\\0\\0\\0\\0\\0\\0\\0\\0\\0\\0\\0\\0\\0\\0\\0\\0\\0\\0\\0\\0\\0\\0\\0\\0\\0\\0\\0\\0\\0\\0\\0\\0\\0\\0\\0\\0\\0\\0\\0\\0\\0\\0\\0\\0\\0\\0\\0\\0\\0\\0\\0\\0\\0\\0\\0\\0\\0\\0\\0\\0\\0Got equipment ""Concealment Robe""!\\0\\0\\0\\0\\0\\0\\0\\0\\0\\0\\0\\0\\0\\0\\0\\0\\0\\0\\0\\0\\0\\0\\0\\0\\0\\0\\0\\0\\0\\0\\0\\0\\0\\0\\0\\0\\0\\0\\0\\0\\0\\0\\0\\0\\0\\0\\0\\0\\0\\0\\0\\0\\0\\0\\0\\0\\0\\0\\0\\0\\0\\0\\0\\0\\0\\0\\0\\0\\0\\0\\0\\0\\0\\0\\0\\0\\0\\0\\0\\0\\0\\0\\0\\0\\0\\0\\0\\0\\0\\0\\0\\0\\0\\0\\0In """	"81 75 3C 63 6F 6C 6F 72 30 38 30 38 36 30 3E 3C 72 8B 86 8B C9 98 41 8C 83 90 ED 7C 83 69 83 8B"	"41 6C 6C 2D 63 6C 65 61 72 20 72 65 77 61 72 64 20 66 6F 72 20 22 55 6C 74 69 6D 61 74 65 20 43"
"BTL.BIN"	"0x1E3CD0"	"1981648"	"0x1E3DC1"	"242"	"た！\\0\\0\\0\\0\\0\\0\\0\\0\\0\\0\\0\\0「<color080860>フリーバトル<color000000>」などの「<color080860><r難易度設定|なんいどせってい><color000000>」に\\0\\0<r最|もっと>も<r手強|てごわ>い<r難易度|なんいど>の「<color2820FF><r究極|ナルティメット><color000000>」が<r追加|ついか>されました！\\0\\0\\0\\0\\0\\0\\0\\0\\0\\0\\0\\0\\0\\0<r"	"\\0\\0\\0\\0\\0\\0\\0\\0\\0\\0\\0\\0\\0\\0\\0\\0In ""Free Battle"" and other ""Difficulty"" settings,\\0\\0\\0\\0\\0\\0\\0\\0\\0\\0\\0\\0\\0\\0\\0\\0\\0\\0\\0\\0\\0\\0\\0\\0\\0\\0\\0\\0\\0\\0\\0\\0\\0\\0\\0\\0\\0\\0\\0\\0\\0\\0\\0\\0\\0\\0\\0\\0\\0\\0\\0\\0\\0\\0\\0\\0\\0\\0\\0\\0\\0\\0\\0the toughest difficulty, ""Ultimate"", has been added!\\0\\0\\0\\0\\0\\0\\0\\0\\0\\0\\0\\0\\0\\0\\0\\0\\0\\0\\0\\0\\0\\0\\0\\0\\0\\0\\0\\0\\0\\0\\0\\0\\0\\0\\0\\0\\0\\0\\0\\0\\0\\0\\0\\0\\0\\0\\0\\0\\0\\0\\0\\0\\0\\0\\0\\0\\0\\0\\0\\0\\0\\0\\0\\0\\0\\0\\0\\0\\0\\0\\0\\0\\0\\0\\0\\0\\0\\0\\0\\0\\0\\0\\0\\0\\0\\0\\0\\0\\0\\0\\0\\0Sk"	"81 75 3C 63 6F 6C 6F 72 30 38 30 38 36 30 3E 83 74 83 8A 81 5B 83 6F 83 67 83 8B 3C 63 6F 6C 6F"	"49 6E 20 22 46 72 65 65 20 42 61 74 74 6C 65 22 20 61 6E 64 20 6F 74 68 65 72 20 22 44 69 66 66"
"BTL.BIN"	"0x1E3DD0"	"1981904"	"0x1E3E15"	"70"	"！\\0\\0\\0\\0\\0\\0\\0\\0\\0\\0\\0\\0\\0\\0<r腕|うで>に<r覚|おぼ>えのある<r者|もの>よ、<r挑戦|ちょうせん>せよ！！\\0\\0\\0\\0\\0\\0\\0\\0\\0\\0炳・.J"	"\\0\\0\\0\\0\\0\\0\\0\\0\\0\\0\\0\\0\\0\\0\\0\\0Skilled fighters, take the challenge!!\\0\\0\\0\\0\\0\\0\\0\\0\\0\\0\\0\\0\\0\\0\\0\\0\\0\\0\\0\\0\\0\\0\\0\\0\\0\\0\\0\\0\\0\\0\\0\\0\\0\\0\\0\\0\\0\\0\\0\\0\\0\\0炳・.J"	"3C 72 98 72 7C 82 A4 82 C5 3E 82 C9 3C 72 8A 6F 7C 82 A8 82 DA 3E 82 A6 82 CC 82 A0 82 E9 3C 72"	"53 6B 69 6C 6C 65 64 20 66 69 67 68 74 65 72 73 2C 20 74 61 6B 65 20 74 68 65 20 63 68 61 6C 6C"
"BTL.BIN"	"0x1E3E4D"	"1982029"	"0x1E3E77"	"43"	"\\0\\0\\0<color080860>ランクイン<r報酬|ほうしゅう>！<color000000>\\0\\0\\0\\0\\0\\0\\0\\0<color28"	"\\0\\0\\0<color080860>Ranking Reward!<color000000>\\0\\0\\0\\0\\0\\0\\0\\0\\0\\0\\0\\0\\0\\0\\0\\0\\0\\0\\0\\0\\0\\0\\0For plac"	"83 89 83 93 83 4E 83 43 83 93 3C 72 95 F1 8F 56 7C 82 D9 82 A4 82 B5 82 E3 82 A4 3E 81 49 3C 63"	"52 61 6E 6B 69 6E 67 20 52 65 77 61 72 64 21 3C 63 6F 6C 6F 72 30 30 30 30 30 30 3E 00 00 00 00"
"BTL.BIN"	"0x1E3E80"	"1982080"	"0x1E3EFD"	"126"	"r000000>\\0\\0\\0\\0\\0\\0\\0\\0<color2820FF>%s<r位|い><color000000>に<r入賞|にゅうしょう>した<r君|きみ>に\\0\\0\\0\\0\\0\\0「<color2820FF>%s<color000000>」をプレゼント！\\0\\0@}・.J`\\0.}・ﾐ}"	"\\0\\0\\0\\0\\0\\0\\0\\0\\0\\0\\0\\0\\0\\0\\0\\0For placing <color2820FF>%s<color000000>,\\0\\0\\0\\0\\0\\0\\0\\0\\0\\0\\0\\0\\0\\0\\0\\0\\0\\0\\0\\0\\0\\0\\0\\0\\0\\0\\0\\0\\0\\0\\0\\0\\0\\0\\0\\0\\0\\0\\0you receive ""%s""!\\0\\0\\0\\0\\0\\0\\0\\0\\0\\0\\0\\0\\0\\0\\0\\0\\0\\0\\0\\0\\0\\0\\0\\0\\0\\0\\0\\0\\0\\0\\0@}・.J`\\0.}・ﾐ}"	"3C 63 6F 6C 6F 72 32 38 32 30 46 46 3E 25 73 3C 72 88 CA 7C 82 A2 3E 3C 63 6F 6C 6F 72 30 30 30"	"46 6F 72 20 70 6C 61 63 69 6E 67 20 3C 63 6F 6C 6F 72 32 38 32 30 46 46 3E 25 73 3C 63 6F 6C 6F"
"BTL.BIN"	"0x1E4173"	"1982835"	"0x1E417F"	"13"	"A\\0\\0ﾀA\\0\\0砲\\0\\0\\0\\0%s × %s<r個|こ>\\0\\0\\0\\0\\0\\0\\0\\0\\0\\0\\0\\0\\0\\0\\0\\0"	"A\\0\\0ﾀA\\0\\0砲\\0\\0\\0\\0%s x %s\\0\\0\\0\\0\\0\\0\\0\\0\\0\\0\\0\\0\\0\\0\\0\\0\\0\\0\\0\\0\\0\\0\\0\\0\\0"	"81 7E 20 25 73 3C 72 8C C2 7C 82 B1 3E"	"78 20 25 73 00 00 00 00 00 00 00 00 00"
"BTL.BIN"	"0x1E4190"	"1982864"	"0x1E41B3"	"36"	"\\0\\0\\0\\0\\0\\0\\0\\0\\0\\0\\0\\0\\0\\0\\0\\0<r自分|じぶん>ルール<r戦闘|せんとう>\\0\\0\\0\\0\\0\\0\\0\\0\\0\\0\\0\\0ccSp"	"\\0\\0\\0\\0\\0\\0\\0\\0\\0\\0\\0\\0\\0\\0\\0\\0Custom Rules Battle\\0\\0\\0\\0\\0\\0\\0\\0\\0\\0\\0\\0\\0\\0\\0\\0\\0\\0\\0\\0\\0\\0\\0\\0\\0\\0\\0\\0\\0ccSp"	"3C 72 8E A9 95 AA 7C 82 B6 82 D4 82 F1 3E 83 8B 81 5B 83 8B 3C 72 90 ED 93 AC 7C 82 B9 82 F1 82"	"43 75 73 74 6F 6D 20 52 75 6C 65 73 20 42 61 74 74 6C 65 00 00 00 00 00 00 00 00 00 00 00 00 00"
"BTL.BIN"	"0x1E5550"	"1987920"	"0x1E5581"	"50"	".L`\\0・`\\0伸`\\0廊`\\0<r敵|てき>は<r忍術|にんじゅつ>にて<r攻|せ>めるべし\\0\\0\\0\\0\\0\\0\\0\\0\\0\\0\\0\\0\\0\\0<r"	".L`\\0・`\\0伸`\\0廊`\\0Attack with Ninjutsu\\0\\0\\0\\0\\0\\0\\0\\0\\0\\0\\0\\0\\0\\0\\0\\0\\0\\0\\0\\0\\0\\0\\0\\0\\0\\0\\0\\0\\0\\0\\0\\0\\0\\0\\0\\0\\0\\0\\0\\0\\0\\0\\0\\0At"	"3C 72 93 47 7C 82 C4 82 AB 3E 82 CD 3C 72 94 45 8F 70 7C 82 C9 82 F1 82 B6 82 E3 82 C2 3E 82 C9"	"41 74 74 61 63 6B 20 77 69 74 68 20 4E 69 6E 6A 75 74 73 75 00 00 00 00 00 00 00 00 00 00 00 00"
"BTL.BIN"	"0x1E5590"	"1987984"	"0x1E5635"	"166"	"し\\0\\0\\0\\0\\0\\0\\0\\0\\0\\0\\0\\0\\0\\0<r敵|てき>は<r奥義|おうぎ>にて<r攻|せ>めるべし\\0\\0<r敵|てき>は<r連係攻撃|れんけいこうげき>にて<r攻|せ>めるべし\\0\\0\\0\\0<r変|か>わり<r身|み>にて<r敵|てき>を<r欺|あざむ>くべし\\0\\0\\0\\0\\0\\0\\0\\0\\0\\0<r追|・"	"\\0\\0\\0\\0\\0\\0\\0\\0\\0\\0\\0\\0\\0\\0\\0\\0Attack with an Ultimate\\0\\0\\0\\0\\0\\0\\0\\0\\0\\0\\0\\0\\0\\0\\0\\0\\0\\0\\0\\0\\0\\0\\0\\0\\0Attack with Team Attacks\\0\\0\\0\\0\\0\\0\\0\\0\\0\\0\\0\\0\\0\\0\\0\\0\\0\\0\\0\\0\\0\\0\\0\\0\\0\\0\\0\\0\\0\\0\\0\\0\\0\\0\\0\\0\\0\\0\\0\\0Fool the enemy with Substitution\\0\\0\\0\\0\\0\\0\\0\\0\\0\\0\\0\\0\\0\\0\\0\\0\\0\\0\\0\\0\\0\\0\\0\\0\\0\\0\\0\\0\\0\\0\\0\\0Pursue"	"3C 72 93 47 7C 82 C4 82 AB 3E 82 CD 3C 72 89 9C 8B 60 7C 82 A8 82 A4 82 AC 3E 82 C9 82 C4 3C 72"	"41 74 74 61 63 6B 20 77 69 74 68 20 61 6E 20 55 6C 74 69 6D 61 74 65 00 00 00 00 00 00 00 00 00"
"BTL.BIN"	"0x1E5640"	"1988160"	"0x1E56C7"	"136"	"くべし\\0\\0\\0\\0\\0\\0\\0\\0\\0\\0<r追|お>い<r討|う>ちにて<r敵|てき>を<r追撃|ついげき>すべし\\0\\0\\0\\0\\0\\0<r連続|れんぞく><r攻撃|こうげき>にて<r敵|てき>を<r圧倒|あっとう>するべし\\0\\0\\0\\0\\0\\0\\0\\0<r特殊忍"	"\\0\\0\\0\\0\\0\\0\\0\\0\\0\\0\\0\\0\\0\\0\\0\\0Pursue with extra hits\\0\\0\\0\\0\\0\\0\\0\\0\\0\\0\\0\\0\\0\\0\\0\\0\\0\\0\\0\\0\\0\\0\\0\\0\\0\\0\\0\\0\\0\\0\\0\\0\\0\\0\\0\\0\\0\\0\\0\\0\\0\\0Overwhelm the enemy with combos\\0\\0\\0\\0\\0\\0\\0\\0\\0\\0\\0\\0\\0\\0\\0\\0\\0\\0\\0\\0\\0\\0\\0\\0\\0\\0\\0\\0\\0\\0\\0\\0\\0\\0\\0\\0\\0\\0\\0\\0\\0\\0\\0\\0\\0\\0\\0\\0\\0Attack w"	"3C 72 92 C7 7C 82 A8 3E 82 A2 3C 72 93 A2 7C 82 A4 3E 82 BF 82 C9 82 C4 3C 72 93 47 7C 82 C4 82"	"50 75 72 73 75 65 20 77 69 74 68 20 65 78 74 72 61 20 68 69 74 73 00 00 00 00 00 00 00 00 00 00"
"BTL.BIN"	"0x1E56D0"	"1988304"	"0x1E5741"	"114"	"するべし\\0\\0\\0\\0\\0\\0\\0\\0<r特殊忍具|とくしゅにんぐ>を<r用|もち>いて<r攻|せ>めるべし\\0\\0\\0\\0\\0\\0<r敵|てき>は<r素早|すばや>く<r排除|はいじょ>すべし\\0\\0\\0\\0\\0\\0\\0\\0\\0\\0\\0\\0\\0\\0<r"	"\\0\\0\\0\\0\\0\\0\\0\\0\\0\\0\\0\\0\\0\\0\\0\\0Attack with special ninja tools\\0\\0\\0\\0\\0\\0\\0\\0\\0\\0\\0\\0\\0\\0\\0\\0\\0\\0\\0\\0\\0\\0\\0\\0\\0\\0\\0\\0\\0\\0\\0\\0\\0Defeat the enemy quickly\\0\\0\\0\\0\\0\\0\\0\\0\\0\\0\\0\\0\\0\\0\\0\\0\\0\\0\\0\\0\\0\\0\\0\\0\\0\\0\\0\\0\\0\\0\\0\\0\\0\\0\\0\\0\\0\\0\\0\\0Pr"	"3C 72 93 C1 8E EA 94 45 8B EF 7C 82 C6 82 AD 82 B5 82 E3 82 C9 82 F1 82 AE 3E 82 F0 3C 72 97 70"	"41 74 74 61 63 6B 20 77 69 74 68 20 73 70 65 63 69 61 6C 20 6E 69 6E 6A 61 20 74 6F 6F 6C 73 00"
"BTL.BIN"	"0x1E5750"	"1988432"	"0x1E5787"	"56"	"し\\0\\0\\0\\0\\0\\0\\0\\0\\0\\0\\0\\0\\0\\0<r己|おのれ>の<r体力|たいりょく>は<r温存|おんぞん>すべし\\0\\0\\0\\0\\0\\0\\0\\0<r強者|・"	"\\0\\0\\0\\0\\0\\0\\0\\0\\0\\0\\0\\0\\0\\0\\0\\0Preserve your health\\0\\0\\0\\0\\0\\0\\0\\0\\0\\0\\0\\0\\0\\0\\0\\0\\0\\0\\0\\0\\0\\0\\0\\0\\0\\0\\0\\0\\0\\0\\0\\0\\0\\0\\0\\0\\0\\0\\0\\0\\0\\0\\0\\0Defeat t"	"3C 72 8C C8 7C 82 A8 82 CC 82 EA 3E 82 CC 3C 72 91 CC 97 CD 7C 82 BD 82 A2 82 E8 82 E5 82 AD 3E"	"50 72 65 73 65 72 76 65 20 79 6F 75 72 20 68 65 61 6C 74 68 00 00 00 00 00 00 00 00 00 00 00 00"
"BTL.BIN"	"0x1E5790"	"1988496"	"0x1E57F5"	"102"	"・すべし\\0\\0\\0\\0\\0\\0\\0\\0<r強者|つわもの>を<r打|う>ち<r破|やぶ>るべし\\0\\0\\0\\0<r秘|ひ>めたる<r力|ちから>を<r解|と>き<r放|はな>つべし\\0\\0\\0\\0\\0\\0\\0\\0\\0\\0<r挑発"	"\\0\\0\\0\\0\\0\\0\\0\\0\\0\\0\\0\\0\\0\\0\\0\\0Defeat the strong foe\\0\\0\\0\\0\\0\\0\\0\\0\\0\\0\\0\\0\\0\\0\\0\\0\\0\\0\\0\\0\\0\\0\\0\\0\\0\\0\\0Unleash hidden power\\0\\0\\0\\0\\0\\0\\0\\0\\0\\0\\0\\0\\0\\0\\0\\0\\0\\0\\0\\0\\0\\0\\0\\0\\0\\0\\0\\0\\0\\0\\0\\0\\0\\0\\0\\0\\0\\0\\0\\0\\0\\0\\0\\0Provok"	"3C 72 8B AD 8E D2 7C 82 C2 82 ED 82 E0 82 CC 3E 82 F0 3C 72 91 C5 7C 82 A4 3E 82 BF 3C 72 94 6A"	"44 65 66 65 61 74 20 74 68 65 20 73 74 72 6F 6E 67 20 66 6F 65 00 00 00 00 00 00 00 00 00 00 00"
"BTL.BIN"	"0x1E5800"	"1988608"	"0x1E583F"	"64"	"つべし\\0\\0\\0\\0\\0\\0\\0\\0\\0\\0<r挑発|ちょうはつ>を<r以|も>って<r敵|てき>を<r刺激|しげき>すべし\\0\\0\\0\\0\\0\\0\\0\\0\\0\\0\\0\\0\\0\\0\\0\\0"	"\\0\\0\\0\\0\\0\\0\\0\\0\\0\\0\\0\\0\\0\\0\\0\\0Provoke the enemy with taunts\\0\\0\\0\\0\\0\\0\\0\\0\\0\\0\\0\\0\\0\\0\\0\\0\\0\\0\\0\\0\\0\\0\\0\\0\\0\\0\\0\\0\\0\\0\\0\\0\\0\\0\\0\\0\\0\\0\\0\\0\\0\\0\\0\\0\\0\\0\\0\\0\\0\\0\\0"	"3C 72 92 A7 94 AD 7C 82 BF 82 E5 82 A4 82 CD 82 C2 3E 82 F0 3C 72 88 C8 7C 82 E0 3E 82 C1 82 C4"	"50 72 6F 76 6F 6B 65 20 74 68 65 20 65 6E 65 6D 79 20 77 69 74 68 20 74 61 75 6E 74 73 00 00 00"
"BTL.BIN"	"0x1E5850"	"1988688"	"0x1E58F5"	"166"	"\\0\\0\\0\\0\\0\\0\\0\\0\\0\\0\\0\\0\\0\\0\\0\\0<r壊|こわ>れ<r物|もの>を<r破壊|はかい>すべし\\0\\0\\0\\0<r特殊|とくしゅ><r条件|じょうけん>を<r完遂|かんすい>すべし\\0\\0\\0\\0\\0\\0<r敵|てき>の<r奥義|おうぎ>を<r打|う>ち<r破|やぶ>るべし\\0\\0\\0\\0\\0\\0\\0\\0\\0\\0<r術|・"	"\\0\\0\\0\\0\\0\\0\\0\\0\\0\\0\\0\\0\\0\\0\\0\\0Destroy breakable objects\\0\\0\\0\\0\\0\\0\\0\\0\\0\\0\\0\\0\\0\\0\\0\\0\\0\\0\\0\\0\\0\\0\\0Complete special conditions\\0\\0\\0\\0\\0\\0\\0\\0\\0\\0\\0\\0\\0\\0\\0\\0\\0\\0\\0\\0\\0\\0\\0\\0\\0\\0\\0\\0\\0\\0\\0\\0\\0\\0\\0\\0\\0Defeat the enemy Ultimate\\0\\0\\0\\0\\0\\0\\0\\0\\0\\0\\0\\0\\0\\0\\0\\0\\0\\0\\0\\0\\0\\0\\0\\0\\0\\0\\0\\0\\0\\0\\0\\0\\0\\0\\0\\0\\0\\0\\0Win th"	"3C 72 89 F3 7C 82 B1 82 ED 3E 82 EA 3C 72 95 A8 7C 82 E0 82 CC 3E 82 F0 3C 72 94 6A 89 F3 7C 82"	"44 65 73 74 72 6F 79 20 62 72 65 61 6B 61 62 6C 65 20 6F 62 6A 65 63 74 73 00 00 00 00 00 00 00"
"BTL.BIN"	"0x1E5900"	"1988864"	"0x1E5973"	"116"	"るべし\\0\\0\\0\\0\\0\\0\\0\\0\\0\\0<r術|じゅつ>の<r競|せ>り<r合|あ>いにて<r勝利|しょうり>すべし\\0\\0\\0\\0<r敵|てき>に<r残影|ざんえい>をもって<r挑|いど>むべし\\0\\0\\0\\0\\0\\0\\0\\0\\0\\0\\0\\0コン"	"\\0\\0\\0\\0\\0\\0\\0\\0\\0\\0\\0\\0\\0\\0\\0\\0Win the jutsu clash\\0\\0\\0\\0\\0\\0\\0\\0\\0\\0\\0\\0\\0\\0\\0\\0\\0\\0\\0\\0\\0\\0\\0\\0\\0\\0\\0\\0\\0\\0\\0\\0\\0\\0\\0\\0\\0\\0\\0\\0\\0\\0\\0\\0\\0Challenge with Afterimage\\0\\0\\0\\0\\0\\0\\0\\0\\0\\0\\0\\0\\0\\0\\0\\0\\0\\0\\0\\0\\0\\0\\0\\0\\0\\0\\0\\0\\0\\0\\0\\0\\0\\0\\0\\0\\0\\0\\0Comb"	"3C 72 8F 70 7C 82 B6 82 E3 82 C2 3E 82 CC 3C 72 8B A3 7C 82 B9 3E 82 E8 3C 72 8D 87 7C 82 A0 3E"	"57 69 6E 20 74 68 65 20 6A 75 74 73 75 20 63 6C 61 73 68 00 00 00 00 00 00 00 00 00 00 00 00 00"
"BTL.BIN"	"0x1E5980"	"1988992"	"0x1E59C7"	"72"	"べし\\0\\0\\0\\0\\0\\0\\0\\0\\0\\0\\0\\0コンボ<r数|すう>%sHitボーナス\\0\\0\\0<r所持|しょじ>アイテム%s<r個|こ>ボーナス\\0\\0\\0\\0\\0\\0\\0\\0<r背景破"	"\\0\\0\\0\\0\\0\\0\\0\\0\\0\\0\\0\\0\\0\\0\\0\\0Combo %sHit Bonus\\0\\0\\0\\0\\0\\0\\0\\0\\0\\0\\0\\0\\0\\0\\0Held Item %s Bonus\\0\\0\\0\\0\\0\\0\\0\\0\\0\\0\\0\\0\\0\\0\\0\\0\\0\\0\\0\\0\\0\\0\\0\\0\\0\\0\\0\\0\\0\\0Stage De"	"83 52 83 93 83 7B 3C 72 90 94 7C 82 B7 82 A4 3E 25 73 48 69 74 83 7B 81 5B 83 69 83 58 00 00 00"	"43 6F 6D 62 6F 20 25 73 48 69 74 20 42 6F 6E 75 73 00 00 00 00 00 00 00 00 00 00 00 00 00 00 00"
"BTL.BIN"	"0x1E59D0"	"1989072"	"0x1E59F1"	"34"	"ボーナス\\0\\0\\0\\0\\0\\0\\0\\0<r背景破壊|はいけいはかい>ボーナス\\0\\0\\0\\0\\0\\0\\0\\0\\0\\0\\0\\0\\0\\0<r"	"\\0\\0\\0\\0\\0\\0\\0\\0\\0\\0\\0\\0\\0\\0\\0\\0Stage Destruction Bonus\\0\\0\\0\\0\\0\\0\\0\\0\\0\\0\\0\\0\\0\\0\\0\\0\\0\\0\\0\\0\\0\\0\\0\\0\\0Af"	"3C 72 94 77 8C 69 94 6A 89 F3 7C 82 CD 82 A2 82 AF 82 A2 82 CD 82 A9 82 A2 3E 83 7B 81 5B 83 69"	"53 74 61 67 65 20 44 65 73 74 72 75 63 74 69 6F 6E 20 42 6F 6E 75 73 00 00 00 00 00 00 00 00 00"
"BTL.BIN"	"0x1E5A00"	"1989120"	"0x1E5A23"	"36"	"ス\\0\\0\\0\\0\\0\\0\\0\\0\\0\\0\\0\\0\\0\\0<r残影勝利|ざんえいしょうり>ボーナス\\0\\0\\0\\0\\0\\0\\0\\0\\0\\0\\0\\0<r奥"	"\\0\\0\\0\\0\\0\\0\\0\\0\\0\\0\\0\\0\\0\\0\\0\\0Afterimage Win Bonus\\0\\0\\0\\0\\0\\0\\0\\0\\0\\0\\0\\0\\0\\0\\0\\0\\0\\0\\0\\0\\0\\0\\0\\0\\0\\0\\0\\0Ulti"	"3C 72 8E 63 89 65 8F 9F 97 98 7C 82 B4 82 F1 82 A6 82 A2 82 B5 82 E5 82 A4 82 E8 3E 83 7B 81 5B"	"41 66 74 65 72 69 6D 61 67 65 20 57 69 6E 20 42 6F 6E 75 73 00 00 00 00 00 00 00 00 00 00 00 00"
"BTL.BIN"	"0x1E5A30"	"1989168"	"0x1E5A45"	"22"	"ナス\\0\\0\\0\\0\\0\\0\\0\\0\\0\\0\\0\\0<r奥義|おうぎ>ボーナス\\0\\0\\0\\0\\0\\0\\0\\0\\0\\0<r敵|・"	"\\0\\0\\0\\0\\0\\0\\0\\0\\0\\0\\0\\0\\0\\0\\0\\0Ultimate Bonus\\0\\0\\0\\0\\0\\0\\0\\0\\0\\0\\0\\0\\0\\0\\0\\0\\0\\0Defeat"	"3C 72 89 9C 8B 60 7C 82 A8 82 A4 82 AC 3E 83 7B 81 5B 83 69 83 58"	"55 6C 74 69 6D 61 74 65 20 42 6F 6E 75 73 00 00 00 00 00 00 00 00"
"BTL.BIN"	"0x1E5A50"	"1989200"	"0x1E5A83"	"52"	"ーナス\\0\\0\\0\\0\\0\\0\\0\\0\\0\\0<r敵|てき>%sカウント<r以内撃破|いないげきは>ボーナス\\0\\0\\0\\0\\0\\0\\0\\0\\0\\0\\0\\0<r体"	"\\0\\0\\0\\0\\0\\0\\0\\0\\0\\0\\0\\0\\0\\0\\0\\0Defeat Enemy in %s Count Bonus\\0\\0\\0\\0\\0\\0\\0\\0\\0\\0\\0\\0\\0\\0\\0\\0\\0\\0\\0\\0\\0\\0\\0\\0\\0\\0\\0\\0\\0\\0\\0\\0\\0\\0100%"	"3C 72 93 47 7C 82 C4 82 AB 3E 25 73 83 4A 83 45 83 93 83 67 3C 72 88 C8 93 E0 8C 82 94 6A 7C 82"	"44 65 66 65 61 74 20 45 6E 65 6D 79 20 69 6E 20 25 73 20 43 6F 75 6E 74 20 42 6F 6E 75 73 00 00"
"BTL.BIN"	"0x1E5A90"	"1989264"	"0x1E5AB1"	"34"	"ナス\\0\\0\\0\\0\\0\\0\\0\\0\\0\\0\\0\\0<r体力|たいりょく>１００％ボーナス\\0\\0\\0\\0\\0\\0\\0\\0\\0\\0\\0\\0\\0\\0キ"	"\\0\\0\\0\\0\\0\\0\\0\\0\\0\\0\\0\\0\\0\\0\\0\\0100% Health Bonus\\0\\0\\0\\0\\0\\0\\0\\0\\0\\0\\0\\0\\0\\0\\0\\0\\0\\0\\0\\0\\0\\0\\0\\0\\0\\0\\0\\0\\0\\0\\0Ch"	"3C 72 91 CC 97 CD 7C 82 BD 82 A2 82 E8 82 E5 82 AD 3E 82 50 82 4F 82 4F 81 93 83 7B 81 5B 83 69"	"31 30 30 25 20 48 65 61 6C 74 68 20 42 6F 6E 75 73 00 00 00 00 00 00 00 00 00 00 00 00 00 00 00"
"BTL.BIN"	"0x1E5AC0"	"1989312"	"0x1E5B24"	"101"	"ス\\0\\0\\0\\0\\0\\0\\0\\0\\0\\0\\0\\0\\0\\0キャラクター<r組|く>み<r合|あ>わせボーナス\\0\\0\\0\\0\\0\\0<r特殊連係攻撃|とくしゅれんけいこうげき>%sHitボーナス\\0\\0\\0\\0\\0\\0\\0\\0\\0\\0\\0<r連・"	"\\0\\0\\0\\0\\0\\0\\0\\0\\0\\0\\0\\0\\0\\0\\0\\0Character Pair Bonus\\0\\0\\0\\0\\0\\0\\0\\0\\0\\0\\0\\0\\0\\0\\0\\0\\0\\0\\0\\0\\0\\0\\0\\0\\0\\0\\0\\0Special Team Attack %sHit Bonus\\0\\0\\0\\0\\0\\0\\0\\0\\0\\0\\0\\0\\0\\0\\0\\0\\0\\0\\0\\0\\0\\0\\0\\0\\0\\0\\0\\0\\0\\0\\0\\0\\0Team"	"83 4C 83 83 83 89 83 4E 83 5E 81 5B 3C 72 91 67 7C 82 AD 3E 82 DD 3C 72 8D 87 7C 82 A0 3E 82 ED"	"43 68 61 72 61 63 74 65 72 20 50 61 69 72 20 42 6F 6E 75 73 00 00 00 00 00 00 00 00 00 00 00 00"
"BTL.BIN"	"0x1E5B30"	"1989424"	"0x1E5B86"	"87"	"[ナス\\0\\0\\0\\0\\0\\0\\0\\0\\0\\0\\0<r連係忍術|れんけいにんじゅつ>%sHitボーナス\\0\\0\\0\\0\\0<r連係奥義|れんけいおうぎ>%sHitボーナス\\0\\0\\0\\0\\0\\0\\0\\0\\0.L`\\0ｨL`"	"\\0\\0\\0\\0\\0\\0\\0\\0\\0\\0\\0\\0\\0\\0\\0\\0Team Ninjutsu %sHit Bonus\\0\\0\\0\\0\\0\\0\\0\\0\\0\\0\\0\\0\\0\\0\\0\\0\\0\\0\\0\\0\\0\\0\\0Team Ultimate %sHit Bonus\\0\\0\\0\\0\\0\\0\\0\\0\\0\\0\\0\\0\\0\\0\\0\\0\\0\\0\\0\\0\\0\\0\\0.L`\\0ｨL`"	"3C 72 98 41 8C 57 94 45 8F 70 7C 82 EA 82 F1 82 AF 82 A2 82 C9 82 F1 82 B6 82 E3 82 C2 3E 25 73"	"54 65 61 6D 20 4E 69 6E 6A 75 74 73 75 20 25 73 48 69 74 20 42 6F 6E 75 73 00 00 00 00 00 00 00"
"BTL.BIN"	"0x1E5BA0"	"1989536"	"0x1E5BC7"	"40"	".L`\\0ｨL`\\0ｰL`\\0ｸL`\\0<r回|かい>\\0\\0\\0\\0\\0\\0<r発|はつ>\\0\\0\\0\\0\\0\\0カウント\\0\\0\\0\\0\\0\\0\\0\\0<r個|こ>"	".L`\\0ｨL`\\0ｰL`\\0ｸL`\\0times\\0\\0\\0\\0\\0\\0\\0\\0\\0\\0\\0shots\\0\\0\\0\\0\\0\\0\\0\\0\\0\\0\\0Count\\0\\0\\0\\0\\0\\0\\0\\0\\0\\0\\0pcs\\0\\0\\0\\0\\0"	"3C 72 89 F1 7C 82 A9 82 A2 3E 00 00 00 00 00 00 3C 72 94 AD 7C 82 CD 82 C2 3E 00 00 00 00 00 00"	"74 69 6D 65 73 00 00 00 00 00 00 00 00 00 00 00 73 68 6F 74 73 00 00 00 00 00 00 00 00 00 00 00"
"BTL.BIN"	"0x1E5BD0"	"1989584"	"0x1E5BD7"	"8"	"カウント\\0\\0\\0\\0\\0\\0\\0\\0<r個|こ>\\0\\0\\0\\0\\0\\0\\0\\0ｼL`\\0.嚔\\0"	"Count\\0\\0\\0\\0\\0\\0\\0\\0\\0\\0\\0pcs\\0\\0\\0\\0\\0\\0\\0\\0\\0\\0\\0\\0\\0ｼL`\\0.嚔\\0"	"3C 72 8C C2 7C 82 B1 3E"	"70 63 73 00 00 00 00 00"
"BTL.BIN"	"0x1FA598"	"2074008"	"0x1FA5A4"	"13"	"1%scutin.ccs\\0\\0\\0\\0忍術生成失敗.\\0\\0\\0\\0\\0\\0\\0\\0\\0\\0\\0\\0\\0.?\\0"	"1%scutin.ccs\\0\\0\\0\\0Jutsu fail\\0\\0\\0\\0\\0\\0\\0\\0\\0\\0\\0\\0\\0\\0\\0\\0.?\\0"	"94 45 8F 70 90 B6 90 AC 8E B8 94 73 0A"	"4A 75 74 73 75 20 66 61 69 6C 00 00 00"
"BTL.BIN"	"0x203090"	"2109584"	"0x2030A3"	"20"	"OBJ_dummy02\\0\\0\\0\\0\\0赤丸スライドアタック\\0\\0\\0\\0\\0\\0\\0\\0\\0\\0\\0\\0ダイ"	"OBJ_dummy02\\0\\0\\0\\0\\0Akamaru Slide Attack\\0\\0\\0\\0\\0\\0\\0\\0\\0\\0\\0\\0Dyna"	"90 D4 8A DB 83 58 83 89 83 43 83 68 83 41 83 5E 83 62 83 4E"	"41 6B 61 6D 61 72 75 20 53 6C 69 64 65 20 41 74 74 61 63 6B"
"BTL.BIN"	"0x2030B0"	"2109616"	"0x2030C5"	"22"	"ック\\0\\0\\0\\0\\0\\0\\0\\0\\0\\0\\0\\0ダイナミックマーキング\\0\\0\\0\\0\\0\\0\\0\\0\\0\\0ブタ体"	"tack\\0\\0\\0\\0\\0\\0\\0\\0\\0\\0\\0\\0Dynamic Marking\\0\\0\\0\\0\\0\\0\\0\\0\\0\\0\\0\\0\\0\\0\\0\\0\\0Pig Ta"	"83 5F 83 43 83 69 83 7E 83 62 83 4E 83 7D 81 5B 83 4C 83 93 83 4F"	"44 79 6E 61 6D 69 63 20 4D 61 72 6B 69 6E 67 00 00 00 00 00 00 00"
"BTL.BIN"	"0x2030D0"	"2109648"	"0x2030E7"	"24"	"キング\\0\\0\\0\\0\\0\\0\\0\\0\\0\\0ブタ体当たりフィニッシュ\\0\\0\\0\\0\\0\\0\\0\\0イタチ"	"\\0\\0\\0\\0\\0\\0\\0\\0\\0\\0\\0\\0\\0\\0\\0\\0Pig Tackle Finish\\0\\0\\0\\0\\0\\0\\0\\0\\0\\0\\0\\0\\0\\0\\0Itachi C"	"83 75 83 5E 91 CC 93 96 82 BD 82 E8 83 74 83 42 83 6A 83 62 83 56 83 85"	"50 69 67 20 54 61 63 6B 6C 65 20 46 69 6E 69 73 68 00 00 00 00 00 00 00"
"BTL.BIN"	"0x2030F0"	"2109680"	"0x203101"	"18"	"ニッシュ\\0\\0\\0\\0\\0\\0\\0\\0イタチ　影分身　砕\\0\\0\\0\\0\\0\\0\\0\\0\\0\\0\\0\\0\\0\\0忍"	"h\\0\\0\\0\\0\\0\\0\\0\\0\\0\\0\\0\\0\\0\\0\\0Itachi Clone Crush\\0\\0\\0\\0\\0\\0\\0\\0\\0\\0\\0\\0\\0\\0Ni"	"83 43 83 5E 83 60 81 40 89 65 95 AA 90 67 81 40 8D D3"	"49 74 61 63 68 69 20 43 6C 6F 6E 65 20 43 72 75 73 68"
"BTL.BIN"	"0x203110"	"2109712"	"0x203121"	"18"	"砕\\0\\0\\0\\0\\0\\0\\0\\0\\0\\0\\0\\0\\0\\0忍犬　フィニッシュ\\0\\0\\0\\0\\0\\0\\0\\0\\0\\0\\0\\0\\0\\0忍"	"sh\\0\\0\\0\\0\\0\\0\\0\\0\\0\\0\\0\\0\\0\\0Ninken Finish\\0\\0\\0\\0\\0\\0\\0\\0\\0\\0\\0\\0\\0\\0\\0\\0\\0\\0\\0Ni"	"94 45 8C A2 81 40 83 74 83 42 83 6A 83 62 83 56 83 85"	"4E 69 6E 6B 65 6E 20 46 69 6E 69 73 68 00 00 00 00 00"
"BTL.BIN"	"0x203130"	"2109744"	"0x203146"	"23"	"ュ\\0\\0\\0\\0\\0\\0\\0\\0\\0\\0\\0\\0\\0\\0忍犬.フィニッシュブロー\\0\\0\\0\\0\\0\\0\\0\\0\\0鬼鮫ス・"	"\\0\\0\\0\\0\\0\\0\\0\\0\\0\\0\\0\\0\\0\\0\\0\\0Ninken Finish Blow\\0\\0\\0\\0\\0\\0\\0\\0\\0\\0\\0\\0\\0\\0Water S"	"94 45 8C A2 09 83 74 83 42 83 6A 83 62 83 56 83 85 83 75 83 8D 81 5B"	"4E 69 6E 6B 65 6E 20 46 69 6E 69 73 68 20 42 6C 6F 77 00 00 00 00 00"
"BTL.BIN"	"0x203150"	"2109776"	"0x20315F"	"16"	"・uロー\\0\\0\\0\\0\\0\\0\\0\\0\\0鬼鮫スイコウダン\\0\\0\\0\\0\\0\\0\\0\\02kswcha1"	"ow\\0\\0\\0\\0\\0\\0\\0\\0\\0\\0\\0\\0\\0\\0Water Shark\\0\\0\\0\\0\\0\\0\\0\\0\\0\\0\\0\\0\\02kswcha1"	"8B 53 8E 4C 83 58 83 43 83 52 83 45 83 5F 83 93"	"57 61 74 65 72 20 53 68 61 72 6B 00 00 00 00 00"
"BTL.BIN"	"0x208A30"	"2132528"	"0x208A97"	"104"	"ﾐ.・\\0\\0\\0\\0\\0\\0\\0\\0\\0\\0\\0\\0<r操作設定|そうさせってい>\\0\\0\\0\\0\\0\\0<r基本操作|きほんそうさ>コマンド<r表|ひょう>\\0\\0\\0\\0１Ｐコマンド<r表|ひょう>\\0\\0\\0\\0\\0\\0\\0\\0２Ｐコマ"	"ﾐ.・\\0\\0\\0\\0\\0\\0\\0\\0\\0\\0\\0\\0Control Settings\\0\\0\\0\\0\\0\\0\\0\\0\\0\\0\\0\\0\\0\\0\\0\\0Basic Commands\\0\\0\\0\\0\\0\\0\\0\\0\\0\\0\\0\\0\\0\\0\\0\\0\\0\\0\\0\\0\\0\\0\\0\\0\\0\\0\\0\\0\\0\\0\\0\\0\\0\\01P Commands\\0\\0\\0\\0\\0\\0\\0\\0\\0\\0\\0\\0\\0\\0\\0\\0\\0\\0\\0\\0\\02P Comma"	"3C 72 91 80 8D EC 90 DD 92 E8 7C 82 BB 82 A4 82 B3 82 B9 82 C1 82 C4 82 A2 3E 00 00 00 00 00 00"	"43 6F 6E 74 72 6F 6C 20 53 65 74 74 69 6E 67 73 00 00 00 00 00 00 00 00 00 00 00 00 00 00 00 00"
"BTL.BIN"	"0x208AA0"	"2132640"	"0x208AB7"	"24"	"|ひょう>\\0\\0\\0\\0\\0\\0\\0\\0２Ｐコマンド<r表|ひょう>\\0\\0\\0\\0\\0\\0\\0\\0１Ｐか２"	"\\0\\0\\0\\0\\0\\0\\0\\0\\0\\0\\0\\0\\0\\0\\0\\02P Commands\\0\\0\\0\\0\\0\\0\\0\\0\\0\\0\\0\\0\\0\\0\\0\\0\\0\\0\\0\\0\\01P/2P Co"	"82 51 82 6F 83 52 83 7D 83 93 83 68 3C 72 95 5C 7C 82 D0 82 E5 82 A4 3E"	"32 50 20 43 6F 6D 6D 61 6E 64 73 00 00 00 00 00 00 00 00 00 00 00 00 00"
"BTL.BIN"	"0x208AC0"	"2132672"	"0x208AE3"	"36"	"|ひょう>\\0\\0\\0\\0\\0\\0\\0\\0１Ｐか２Ｐのコマンド表（設定しろや）\\0\\0\\0\\0\\0\\0\\0\\0\\0\\0\\0\\0<r練"	"\\0\\0\\0\\0\\0\\0\\0\\0\\0\\0\\0\\0\\0\\0\\0\\01P/2P Commands\\0\\0\\0\\0\\0\\0\\0\\0\\0\\0\\0\\0\\0\\0\\0\\0\\0\\0\\0\\0\\0\\0\\0\\0\\0\\0\\0\\0\\0\\0\\0\\0\\0\\0Prac"	"82 50 82 6F 82 A9 82 51 82 6F 82 CC 83 52 83 7D 83 93 83 68 95 5C 81 69 90 DD 92 E8 82 B5 82 EB"	"31 50 2F 32 50 20 43 6F 6D 6D 61 6E 64 73 00 00 00 00 00 00 00 00 00 00 00 00 00 00 00 00 00 00"
"BTL.BIN"	"0x208AF0"	"2132720"	"0x208B37"	"72"	"や）\\0\\0\\0\\0\\0\\0\\0\\0\\0\\0\\0\\0<r練習設定|れんしゅうせってい>\\0\\0かんたん<r表示|ひょうじ><r設定|せってい>\\0\\0\\0\\0\\0\\0\\0\\0アイテム"	"\\0\\0\\0\\0\\0\\0\\0\\0\\0\\0\\0\\0\\0\\0\\0\\0Practice Settings\\0\\0\\0\\0\\0\\0\\0\\0\\0\\0\\0\\0\\0\\0\\0Simple Display Settings\\0\\0\\0\\0\\0\\0\\0\\0\\0\\0\\0\\0\\0\\0\\0\\0\\0\\0\\0\\0\\0\\0\\0\\0\\0Item Sto"	"3C 72 97 FB 8F 4B 90 DD 92 E8 7C 82 EA 82 F1 82 B5 82 E3 82 A4 82 B9 82 C1 82 C4 82 A2 3E 00 00"	"50 72 61 63 74 69 63 65 20 53 65 74 74 69 6E 67 73 00 00 00 00 00 00 00 00 00 00 00 00 00 00 00"
"BTL.BIN"	"0x208B40"	"2132800"	"0x208B4F"	"16"	"ｹってい>\\0\\0\\0\\0\\0\\0\\0\\0アイテムストック\\0\\0\\0\\0\\0\\0\\0\\0\\0\\0\\0\\0\\0\\0\\0\\0"	"\\0\\0\\0\\0\\0\\0\\0\\0\\0\\0\\0\\0\\0\\0\\0\\0Item Stock\\0\\0\\0\\0\\0\\0\\0\\0\\0\\0\\0\\0\\0\\0\\0\\0\\0\\0\\0\\0\\0\\0"	"83 41 83 43 83 65 83 80 83 58 83 67 83 62 83 4E"	"49 74 65 6D 20 53 74 6F 63 6B 00 00 00 00 00 00"
"BTL.BIN"	"0x208B60"	"2132832"	"0x208B81"	"34"	"\\0\\0\\0\\0\\0\\0\\0\\0\\0\\0\\0\\0\\0\\0\\0\\0<r任務|にんむ>の<r条件|じょうけん>\\0\\0\\0\\0\\0\\0\\0\\0\\0\\0\\0\\0\\0\\0ク"	"\\0\\0\\0\\0\\0\\0\\0\\0\\0\\0\\0\\0\\0\\0\\0\\0Mission Conditions\\0\\0\\0\\0\\0\\0\\0\\0\\0\\0\\0\\0\\0\\0\\0\\0\\0\\0\\0\\0\\0\\0\\0\\0\\0\\0\\0\\0\\0\\0Cl"	"3C 72 94 43 96 B1 7C 82 C9 82 F1 82 DE 3E 82 CC 3C 72 8F F0 8C 8F 7C 82 B6 82 E5 82 A4 82 AF 82"	"4D 69 73 73 69 6F 6E 20 43 6F 6E 64 69 74 69 6F 6E 73 00 00 00 00 00 00 00 00 00 00 00 00 00 00"
"BTL.BIN"	"0x208B90"	"2132880"	"0x208BA7"	"24"	"・\\0\\0\\0\\0\\0\\0\\0\\0\\0\\0\\0\\0\\0\\0クリア<r条件|じょうけん>\\0\\0\\0\\0\\0\\0\\0\\0ゲームモ"	"\\0\\0\\0\\0\\0\\0\\0\\0\\0\\0\\0\\0\\0\\0\\0\\0Clear Conditions\\0\\0\\0\\0\\0\\0\\0\\0\\0\\0\\0\\0\\0\\0\\0\\0Return t"	"83 4E 83 8A 83 41 3C 72 8F F0 8C 8F 7C 82 B6 82 E5 82 A4 82 AF 82 F1 3E"	"43 6C 65 61 72 20 43 6F 6E 64 69 74 69 6F 6E 73 00 00 00 00 00 00 00 00"
"BTL.BIN"	"0x208BB0"	"2132912"	"0x208C59"	"170"	"蛯､けん>\\0\\0\\0\\0\\0\\0\\0\\0ゲームモード<r選択|せんたく>に<r戻|もど>る\\0\\0\\0\\0\\0\\0キャラクター<r選択|せんたく>に<r戻|もど>る\\0\\0\\0\\0\\0\\0ヒーローモードに<r戻|もど>る\\0\\0\\0\\0<r対戦|たいせん>を<r終了|しゅうりょう>する\\0\\0\\0\\0\\0\\00ﾉ・Pﾉ・.ﾉ"	"\\0\\0\\0\\0\\0\\0\\0\\0\\0\\0\\0\\0\\0\\0\\0\\0Return to Mode Select\\0\\0\\0\\0\\0\\0\\0\\0\\0\\0\\0\\0\\0\\0\\0\\0\\0\\0\\0\\0\\0\\0\\0\\0\\0\\0\\0Return to Character Select\\0\\0\\0\\0\\0\\0\\0\\0\\0\\0\\0\\0\\0\\0\\0\\0\\0\\0\\0\\0\\0\\0Return to Hero Mode\\0\\0\\0\\0\\0\\0\\0\\0\\0\\0\\0\\0\\0End Versus\\0\\0\\0\\0\\0\\0\\0\\0\\0\\0\\0\\0\\0\\0\\0\\0\\0\\0\\0\\0\\0\\0\\0\\0\\0\\0\\0\\0\\0\\0\\0\\0\\0\\0\\0\\0\\0\\00ﾉ・Pﾉ・.ﾉ"	"83 51 81 5B 83 80 83 82 81 5B 83 68 3C 72 91 49 91 F0 7C 82 B9 82 F1 82 BD 82 AD 3E 82 C9 3C 72"	"52 65 74 75 72 6E 20 74 6F 20 4D 6F 64 65 20 53 65 6C 65 63 74 00 00 00 00 00 00 00 00 00 00 00"
"BTL.BIN"	"0x208CA8"	"2133160"	"0x208CB1"	"10"	"0ﾋ・ﾈY`\\0\\0\\0\\0\\0\\0\\0\\0\\0キャンセル\\0\\0\\0\\0\\0\\0<iconCANCE"	"0ﾋ・ﾈY`\\0\\0\\0\\0\\0\\0\\0\\0\\0Cancel\\0\\0\\0\\0\\0\\0\\0\\0\\0\\0<iconCANCE"	"83 4C 83 83 83 93 83 5A 83 8B"	"43 61 6E 63 65 6C 00 00 00 00"
"BTL.BIN"	"0x208CF0"	"2133232"	"0x208CFF"	"16"	"澪`\\0鏈`\\0.`\\0.`\\0<r対戦|たいせん>\\0\\0\\0\\0\\0\\0\\0\\0\\0\\0\\0\\0\\0\\0\\0\\0"	"澪`\\0鏈`\\0.`\\0.`\\0Versus: \\0\\0\\0\\0\\0\\0\\0\\0\\0\\0\\0\\0\\0\\0\\0\\0\\0\\0\\0\\0\\0\\0\\0\\0"	"3C 72 91 CE 90 ED 7C 82 BD 82 A2 82 B9 82 F1 3E"	"56 65 72 73 75 73 3A 20 00 00 00 00 00 00 00 00"
"BTL.BIN"	"0x208D10"	"2133264"	"0x208D21"	"18"	"\\0\\0\\0\\0\\0\\0\\0\\0\\0\\0\\0\\0\\0\\0\\0\\0<r練習|れんしゅう>\\0\\0\\0\\0\\0\\0\\0\\0\\0\\0\\0\\0\\0\\0を"	"\\0\\0\\0\\0\\0\\0\\0\\0\\0\\0\\0\\0\\0\\0\\0\\0Practice: \\0\\0\\0\\0\\0\\0\\0\\0\\0\\0\\0\\0\\0\\0\\0\\0\\0\\0\\0\\0\\0\\0En"	"3C 72 97 FB 8F 4B 7C 82 EA 82 F1 82 B5 82 E3 82 A4 3E"	"50 72 61 63 74 69 63 65 3A 20 00 00 00 00 00 00 00 00"
"BTL.BIN"	"0x208D30"	"2133296"	"0x208D76"	"71"	"､>\\0\\0\\0\\0\\0\\0\\0\\0\\0\\0\\0\\0\\0\\0を<r終了|しゅうりょう>しますが、よろしいですか？.<iconCANCEL>キャンセル\\0\\0\\0\\0\\0\\0\\0\\0\\0を<r終・"	"\\0\\0\\0\\0\\0\\0\\0\\0\\0\\0\\0\\0\\0\\0\\0\\0End this mode?.<iconCANCEL>Cancel\\0\\0\\0\\0\\0\\0\\0\\0\\0\\0\\0\\0\\0\\0\\0\\0\\0\\0\\0\\0\\0\\0\\0\\0\\0\\0\\0\\0\\0\\0\\0\\0\\0\\0\\0\\0\\0\\0\\0\\0\\0\\0\\0\\0\\0\\0\\0End and"	"82 F0 3C 72 8F 49 97 B9 7C 82 B5 82 E3 82 A4 82 E8 82 E5 82 A4 3E 82 B5 82 DC 82 B7 82 AA 81 41"	"45 6E 64 20 74 68 69 73 20 6D 6F 64 65 3F 0A 3C 69 63 6F 6E 43 41 4E 43 45 4C 3E 43 61 6E 63 65"
"BTL.BIN"	"0x208D80"	"2133376"	"0x208E34"	"181"	"ャ塔Zル\\0\\0\\0\\0\\0\\0\\0\\0\\0を<r終了|しゅうりょう>して\\0\\0\\0\\0\\0\\0キャラクター<r選択|せんたく>\\0\\0\\0\\0ゲームモード<r選択|せんたく>\\0\\0\\0\\0ヒーローモード\\0\\0に<r戻|もど>りますが、.よろしいですか？　　　　<iconCANCEL>キャンセル\\0\\0\\0\\0\\0\\0\\0\\0\\0\\0\\0.・."	"\\0\\0\\0\\0\\0\\0\\0\\0\\0\\0\\0\\0\\0\\0\\0\\0End and go to \\0\\0\\0\\0\\0\\0\\0\\0\\0\\0\\0\\0\\0\\0\\0\\0\\0\\0Character Select. \\0\\0\\0\\0\\0\\0\\0\\0\\0\\0\\0\\0\\0\\0Mode Select. \\0\\0\\0\\0\\0\\0\\0\\0\\0\\0\\0\\0\\0\\0\\0\\0\\0\\0\\0Hero Mode\\0\\0\\0\\0\\0\\0\\0OK?.<iconCANCEL>Cancel\\0\\0\\0\\0\\0\\0\\0\\0\\0\\0\\0\\0\\0\\0\\0\\0\\0\\0\\0\\0\\0\\0\\0\\0\\0\\0\\0\\0\\0\\0\\0\\0\\0\\0\\0\\0\\0\\0\\0\\0\\0\\0\\0\\0\\0\\0\\0\\0\\0\\0\\0\\0\\0\\0\\0\\0\\0\\0.・."	"82 F0 3C 72 8F 49 97 B9 7C 82 B5 82 E3 82 A4 82 E8 82 E5 82 A4 3E 82 B5 82 C4 00 00 00 00 00 00"	"45 6E 64 20 61 6E 64 20 67 6F 20 74 6F 20 00 00 00 00 00 00 00 00 00 00 00 00 00 00 00 00 00 00"
"BTL.BIN"	"0x208E60"	"2133600"	"0x208EF1"	"146"	".ﾌ・ﾀﾌ・猯・.・ナルティメットアクセル<r独特|どくとく>の<r操作|そうさ>を.<r分|わ>かりやすく<r表示|ひょうじ>する<r為|ため>の<r機能|きのう>です。\\0アイテム<r名|めい>\\0\\0\\0\\0\\0\\0\\0\\0\\0\\0\\0\\0\\0\\0<r"	".ﾌ・ﾀﾌ・猯・.・Shows Accel-specific controls in an easy-to-understand way.\\0\\0\\0\\0\\0\\0\\0\\0\\0\\0\\0\\0\\0\\0\\0\\0\\0\\0\\0\\0\\0\\0\\0\\0\\0\\0\\0\\0\\0\\0\\0\\0\\0\\0\\0\\0\\0\\0\\0\\0\\0\\0\\0\\0\\0\\0\\0\\0\\0\\0\\0\\0\\0\\0\\0\\0\\0\\0\\0\\0\\0\\0\\0\\0\\0\\0\\0\\0\\0Item Name\\0\\0\\0\\0\\0\\0\\0\\0\\0\\0\\0\\0\\0\\0\\0\\0\\0\\0\\0\\0\\0\\0\\0Ow"	"83 69 83 8B 83 65 83 42 83 81 83 62 83 67 83 41 83 4E 83 5A 83 8B 3C 72 93 C6 93 C1 7C 82 C7 82"	"53 68 6F 77 73 20 41 63 63 65 6C 2D 73 70 65 63 69 66 69 63 20 63 6F 6E 74 72 6F 6C 73 20 69 6E"
"BTL.BIN"	"0x208F00"	"2133760"	"0x208F13"	"20"	"｢>\\0\\0\\0\\0\\0\\0\\0\\0\\0\\0\\0\\0\\0\\0<r所持数|しょじすう>\\0\\0\\0\\0\\0\\0\\0\\0\\0\\0\\0\\0<r使"	"\\0\\0\\0\\0\\0\\0\\0\\0\\0\\0\\0\\0\\0\\0\\0\\0Owned\\0\\0\\0\\0\\0\\0\\0\\0\\0\\0\\0\\0\\0\\0\\0\\0\\0\\0\\0\\0\\0\\0\\0\\0\\0\\0\\0Used"	"3C 72 8F 8A 8E 9D 90 94 7C 82 B5 82 E5 82 B6 82 B7 82 A4 3E"	"4F 77 6E 65 64 00 00 00 00 00 00 00 00 00 00 00 00 00 00 00"
"BTL.BIN"	"0x208F20"	"2133792"	"0x208F33"	"20"	"ｷう>\\0\\0\\0\\0\\0\\0\\0\\0\\0\\0\\0\\0<r使用数|しようすう>\\0\\0\\0\\0\\0\\0\\0\\0\\0\\0\\0\\0<r空"	"\\0\\0\\0\\0\\0\\0\\0\\0\\0\\0\\0\\0\\0\\0\\0\\0Used\\0\\0\\0\\0\\0\\0\\0\\0\\0\\0\\0\\0\\0\\0\\0\\0\\0\\0\\0\\0\\0\\0\\0\\0\\0\\0\\0\\0Empt"	"3C 72 8E 67 97 70 90 94 7C 82 B5 82 E6 82 A4 82 B7 82 A4 3E"	"55 73 65 64 00 00 00 00 00 00 00 00 00 00 00 00 00 00 00 00"
"BTL.BIN"	"0x208F40"	"2133824"	"0x208F5B"	"28"	"ｷう>\\0\\0\\0\\0\\0\\0\\0\\0\\0\\0\\0\\0<r空|あき>ストック<r数|すう>\\0\\0\\0\\0猩・\\0ﾎ・ ﾎ・"	"\\0\\0\\0\\0\\0\\0\\0\\0\\0\\0\\0\\0\\0\\0\\0\\0Empty Stocks\\0\\0\\0\\0\\0\\0\\0\\0\\0\\0\\0\\0\\0\\0\\0\\0\\0\\0\\0\\0猩・\\0ﾎ・ ﾎ・"	"3C 72 8B F3 7C 82 A0 82 AB 3E 83 58 83 67 83 62 83 4E 3C 72 90 94 7C 82 B7 82 A4 3E"	"45 6D 70 74 79 20 53 74 6F 63 6B 73 00 00 00 00 00 00 00 00 00 00 00 00 00 00 00 00"
"BTL.BIN"	"0x208F70"	"2133872"	"0x208F93"	"36"	"猩・\\0ﾎ・ ﾎ・@ﾎ・チャクラゲージ<r壱以上|いちいじょう>\\0\\0\\0\\0\\0\\0\\0\\0\\0\\0\\0\\0チャ"	"猩・\\0ﾎ・ ﾎ・@ﾎ・Chakra 1+\\0\\0\\0\\0\\0\\0\\0\\0\\0\\0\\0\\0\\0\\0\\0\\0\\0\\0\\0\\0\\0\\0\\0\\0\\0\\0\\0\\0\\0\\0\\0\\0\\0\\0\\0\\0\\0\\0\\0Chak"	"83 60 83 83 83 4E 83 89 83 51 81 5B 83 57 3C 72 88 EB 88 C8 8F E3 7C 82 A2 82 BF 82 A2 82 B6 82"	"43 68 61 6B 72 61 20 31 2B 00 00 00 00 00 00 00 00 00 00 00 00 00 00 00 00 00 00 00 00 00 00 00"
"BTL.BIN"	"0x208FA0"	"2133920"	"0x208FC1"	"34"	"蛯､>\\0\\0\\0\\0\\0\\0\\0\\0\\0\\0\\0\\0チャクラゲージ<r弐以上|にいじょう>\\0\\0\\0\\0\\0\\0\\0\\0\\0\\0\\0\\0\\0\\0チ"	"\\0\\0\\0\\0\\0\\0\\0\\0\\0\\0\\0\\0\\0\\0\\0\\0Chakra 2+\\0\\0\\0\\0\\0\\0\\0\\0\\0\\0\\0\\0\\0\\0\\0\\0\\0\\0\\0\\0\\0\\0\\0\\0\\0\\0\\0\\0\\0\\0\\0\\0\\0\\0\\0\\0\\0\\0\\0Ch"	"83 60 83 83 83 4E 83 89 83 51 81 5B 83 57 3C 72 93 F3 88 C8 8F E3 7C 82 C9 82 A2 82 B6 82 E5 82"	"43 68 61 6B 72 61 20 32 2B 00 00 00 00 00 00 00 00 00 00 00 00 00 00 00 00 00 00 00 00 00 00 00"
"BTL.BIN"	"0x208FD0"	"2133968"	"0x208FE7"	"24"	"､>\\0\\0\\0\\0\\0\\0\\0\\0\\0\\0\\0\\0\\0\\0チャクラゲージ<r参|さん>\\0\\0\\0\\0\\0\\0\\0\\0<r地上|・"	"\\0\\0\\0\\0\\0\\0\\0\\0\\0\\0\\0\\0\\0\\0\\0\\0Chakra 3\\0\\0\\0\\0\\0\\0\\0\\0\\0\\0\\0\\0\\0\\0\\0\\0\\0\\0\\0\\0\\0\\0\\0\\0Ground T"	"83 60 83 83 83 4E 83 89 83 51 81 5B 83 57 3C 72 8E 51 7C 82 B3 82 F1 3E"	"43 68 61 6B 72 61 20 33 00 00 00 00 00 00 00 00 00 00 00 00 00 00 00 00"
"BTL.BIN"	"0x208FF0"	"2134000"	"0x209045"	"86"	"参|さん>\\0\\0\\0\\0\\0\\0\\0\\0<r地上|ちじょう><r投|な>げ\\0\\0\\0\\0\\0\\0<r空中|くうちゅう><r投|な>げ\\0\\0\\0\\0ジャンプ<r中|ちゅう>に\\0\\0\\0\\0\\0\\0\\0\\0\\0\\0チャク"	"\\0\\0\\0\\0\\0\\0\\0\\0\\0\\0\\0\\0\\0\\0\\0\\0Ground Throw\\0\\0\\0\\0\\0\\0\\0\\0\\0\\0\\0\\0\\0\\0\\0\\0\\0\\0\\0\\0Air Throw\\0\\0\\0\\0\\0\\0\\0\\0\\0\\0\\0\\0\\0\\0\\0\\0\\0\\0\\0\\0\\0\\0\\0During Jump\\0\\0\\0\\0\\0\\0\\0\\0\\0\\0\\0\\0\\0\\0\\0\\0\\0\\0\\0\\0\\0Uses C"	"3C 72 92 6E 8F E3 7C 82 BF 82 B6 82 E5 82 A4 3E 3C 72 93 8A 7C 82 C8 3E 82 B0 00 00 00 00 00 00"	"47 72 6F 75 6E 64 20 54 68 72 6F 77 00 00 00 00 00 00 00 00 00 00 00 00 00 00 00 00 00 00 00 00"
"BTL.BIN"	"0x209050"	"2134096"	"0x209067"	"24"	"繧､>に\\0\\0\\0\\0\\0\\0\\0\\0\\0\\0チャクラ<r消費|しょうひ>\\0\\0\\0\\0\\0\\0\\0\\0<r当|あ>"	"\\0\\0\\0\\0\\0\\0\\0\\0\\0\\0\\0\\0\\0\\0\\0\\0Uses Chakra\\0\\0\\0\\0\\0\\0\\0\\0\\0\\0\\0\\0\\0\\0\\0\\0\\0\\0\\0\\0\\0Counter"	"83 60 83 83 83 4E 83 89 3C 72 8F C1 94 EF 7C 82 B5 82 E5 82 A4 82 D0 3E"	"55 73 65 73 20 43 68 61 6B 72 61 00 00 00 00 00 00 00 00 00 00 00 00 00"
"BTL.BIN"	"0x209070"	"2134128"	"0x209087"	"24"	"ｵょうひ>\\0\\0\\0\\0\\0\\0\\0\\0<r当|あ>て<r身技|みわざ>\\0\\0\\0\\0\\0\\0\\0\\0<r連打技"	"\\0\\0\\0\\0\\0\\0\\0\\0\\0\\0\\0\\0\\0\\0\\0\\0Counter Move\\0\\0\\0\\0\\0\\0\\0\\0\\0\\0\\0\\0\\0\\0\\0\\0\\0\\0\\0\\0Mash Mov"	"3C 72 93 96 7C 82 A0 3E 82 C4 3C 72 90 67 8B 5A 7C 82 DD 82 ED 82 B4 3E"	"43 6F 75 6E 74 65 72 20 4D 6F 76 65 00 00 00 00 00 00 00 00 00 00 00 00"
"BTL.BIN"	"0x209090"	"2134160"	"0x2090A3"	"20"	"|みわざ>\\0\\0\\0\\0\\0\\0\\0\\0<r連打技|れんだわざ>\\0\\0\\0\\0\\0\\0\\0\\0\\0\\0\\0\\0<r溜"	"\\0\\0\\0\\0\\0\\0\\0\\0\\0\\0\\0\\0\\0\\0\\0\\0Mash Move\\0\\0\\0\\0\\0\\0\\0\\0\\0\\0\\0\\0\\0\\0\\0\\0\\0\\0\\0\\0\\0\\0\\0Char"	"3C 72 98 41 91 C5 8B 5A 7C 82 EA 82 F1 82 BE 82 ED 82 B4 3E"	"4D 61 73 68 20 4D 6F 76 65 00 00 00 00 00 00 00 00 00 00 00"
"BTL.BIN"	"0x2090B0"	"2134192"	"0x2090C3"	"20"	"墲ｴ>\\0\\0\\0\\0\\0\\0\\0\\0\\0\\0\\0\\0<r溜|た>め<r技|わざ>\\0\\0\\0\\0\\0\\0\\0\\0\\0\\0\\0\\0<r空"	"\\0\\0\\0\\0\\0\\0\\0\\0\\0\\0\\0\\0\\0\\0\\0\\0Charge Move\\0\\0\\0\\0\\0\\0\\0\\0\\0\\0\\0\\0\\0\\0\\0\\0\\0\\0\\0\\0\\0Air"	"3C 72 97 AD 7C 82 BD 3E 82 DF 3C 72 8B 5A 7C 82 ED 82 B4 3E"	"43 68 61 72 67 65 20 4D 6F 76 65 00 00 00 00 00 00 00 00 00"
"BTL.BIN"	"0x2090D0"	"2134224"	"0x2090F5"	"38"	"墲ｴ>\\0\\0\\0\\0\\0\\0\\0\\0\\0\\0\\0\\0<r空中|くうちゅう><r連打技|れんだわざ>\\0\\0\\0\\0\\0\\0\\0\\0\\0\\0<r空中"	"\\0\\0\\0\\0\\0\\0\\0\\0\\0\\0\\0\\0\\0\\0\\0\\0Air Mash Move\\0\\0\\0\\0\\0\\0\\0\\0\\0\\0\\0\\0\\0\\0\\0\\0\\0\\0\\0\\0\\0\\0\\0\\0\\0\\0\\0\\0\\0\\0\\0\\0\\0\\0\\0Air Ch"	"3C 72 8B F3 92 86 7C 82 AD 82 A4 82 BF 82 E3 82 A4 3E 3C 72 98 41 91 C5 8B 5A 7C 82 EA 82 F1 82"	"41 69 72 20 4D 61 73 68 20 4D 6F 76 65 00 00 00 00 00 00 00 00 00 00 00 00 00 00 00 00 00 00 00"
"BTL.BIN"	"0x209100"	"2134272"	"0x209125"	"38"	"ｾわざ>\\0\\0\\0\\0\\0\\0\\0\\0\\0\\0<r空中|くうちゅう><r溜|た>め<r技|わざ>\\0\\0\\0\\0\\0\\0\\0\\0\\0\\0チャク"	"\\0\\0\\0\\0\\0\\0\\0\\0\\0\\0\\0\\0\\0\\0\\0\\0Air Charge Move\\0\\0\\0\\0\\0\\0\\0\\0\\0\\0\\0\\0\\0\\0\\0\\0\\0\\0\\0\\0\\0\\0\\0\\0\\0\\0\\0\\0\\0\\0\\0\\0\\0Uses C"	"3C 72 8B F3 92 86 7C 82 AD 82 A4 82 BF 82 E3 82 A4 3E 3C 72 97 AD 7C 82 BD 3E 82 DF 3C 72 8B 5A"	"41 69 72 20 43 68 61 72 67 65 20 4D 6F 76 65 00 00 00 00 00 00 00 00 00 00 00 00 00 00 00 00 00"
"BTL.BIN"	"0x209130"	"2134320"	"0x209161"	"50"	"|わざ>\\0\\0\\0\\0\\0\\0\\0\\0\\0\\0チャクラ<r消費|しょうひ>／<r当|あ>て<r身技|みわざ>\\0\\0\\0\\0\\0\\0\\0\\0\\0\\0\\0\\0\\0\\0チ"	"\\0\\0\\0\\0\\0\\0\\0\\0\\0\\0\\0\\0\\0\\0\\0\\0Uses Chakra / Counter\\0\\0\\0\\0\\0\\0\\0\\0\\0\\0\\0\\0\\0\\0\\0\\0\\0\\0\\0\\0\\0\\0\\0\\0\\0\\0\\0\\0\\0\\0\\0\\0\\0\\0\\0\\0\\0\\0\\0\\0\\0\\0\\0Us"	"83 60 83 83 83 4E 83 89 3C 72 8F C1 94 EF 7C 82 B5 82 E5 82 A4 82 D0 3E 81 5E 3C 72 93 96 7C 82"	"55 73 65 73 20 43 68 61 6B 72 61 20 2F 20 43 6F 75 6E 74 65 72 00 00 00 00 00 00 00 00 00 00 00"
"BTL.BIN"	"0x209170"	"2134384"	"0x2091F1"	"130"	"ｴ>\\0\\0\\0\\0\\0\\0\\0\\0\\0\\0\\0\\0\\0\\0チャクラ<r消費|しょうひ>／<r溜|た>め<r技|わざ>\\0\\0チャクラ<r消費|しょうひ>／<r連打技|れんだわざ>\\0\\0<r溜|た>め<r技|わざ>　<r弱|じゃく>\\0\\0\\0\\0\\0\\0\\0\\0\\0\\0\\0\\0\\0\\0<r"	"\\0\\0\\0\\0\\0\\0\\0\\0\\0\\0\\0\\0\\0\\0\\0\\0Uses Chakra / Charge\\0\\0\\0\\0\\0\\0\\0\\0\\0\\0\\0\\0\\0\\0\\0\\0\\0\\0\\0\\0\\0\\0\\0\\0\\0\\0\\0\\0Uses Chakra / Mash\\0\\0\\0\\0\\0\\0\\0\\0\\0\\0\\0\\0\\0\\0\\0\\0\\0\\0\\0\\0\\0\\0\\0\\0\\0\\0\\0\\0\\0\\0Charge Move Weak\\0\\0\\0\\0\\0\\0\\0\\0\\0\\0\\0\\0\\0\\0\\0\\0\\0\\0\\0\\0\\0\\0\\0\\0\\0\\0\\0\\0\\0\\0\\0\\0Ch"	"83 60 83 83 83 4E 83 89 3C 72 8F C1 94 EF 7C 82 B5 82 E5 82 A4 82 D0 3E 81 5E 3C 72 97 AD 7C 82"	"55 73 65 73 20 43 68 61 6B 72 61 20 2F 20 43 68 61 72 67 65 00 00 00 00 00 00 00 00 00 00 00 00"
"BTL.BIN"	"0x209200"	"2134528"	"0x209221"	"34"	"ｭ>\\0\\0\\0\\0\\0\\0\\0\\0\\0\\0\\0\\0\\0\\0<r溜|た>め<r技|わざ>　<r強|きょう>\\0\\0\\0\\0\\0\\0\\0\\0\\0\\0\\0\\0\\0\\0／"	"\\0\\0\\0\\0\\0\\0\\0\\0\\0\\0\\0\\0\\0\\0\\0\\0Charge Move Strong\\0\\0\\0\\0\\0\\0\\0\\0\\0\\0\\0\\0\\0\\0\\0\\0\\0\\0\\0\\0\\0\\0\\0\\0\\0\\0\\0\\0\\0\\0/"	"3C 72 97 AD 7C 82 BD 3E 82 DF 3C 72 8B 5A 7C 82 ED 82 B4 3E 81 40 3C 72 8B AD 7C 82 AB 82 E5 82"	"43 68 61 72 67 65 20 4D 6F 76 65 20 53 74 72 6F 6E 67 00 00 00 00 00 00 00 00 00 00 00 00 00 00"
"BTL.BIN"	"0x209230"	"2134576"	"0x209247"	"24"	"､>\\0\\0\\0\\0\\0\\0\\0\\0\\0\\0\\0\\0\\0\\0／<r空中可|くうちゅうか>\\0\\0\\0\\0\\0\\0\\0\\0／<r通常"	"\\0\\0\\0\\0\\0\\0\\0\\0\\0\\0\\0\\0\\0\\0\\0\\0/ Air OK\\0\\0\\0\\0\\0\\0\\0\\0\\0\\0\\0\\0\\0\\0\\0\\0\\0\\0\\0\\0\\0\\0\\0\\0/ Normal"	"81 5E 3C 72 8B F3 92 86 89 C2 7C 82 AD 82 A4 82 BF 82 E3 82 A4 82 A9 3E"	"2F 20 41 69 72 20 4F 4B 00 00 00 00 00 00 00 00 00 00 00 00 00 00 00 00"
"BTL.BIN"	"0x209250"	"2134608"	"0x2092CB"	"124"	"ｿゅうか>\\0\\0\\0\\0\\0\\0\\0\\0／<r通常奥義|つうじょうおうぎ>\\0\\0／<r逆転奥義|ぎゃくてんおうぎ>\\0\\0／<r覚醒奥義|かくせいおうぎ>\\0\\0\\0\\0／<r連係奥義|れんけいおうぎ>\\0\\0\\0\\0.Z`\\0pﾎ・.ﾎ・"	"\\0\\0\\0\\0\\0\\0\\0\\0\\0\\0\\0\\0\\0\\0\\0\\0/ Normal Ultimate\\0\\0\\0\\0\\0\\0\\0\\0\\0\\0\\0\\0\\0\\0\\0/ Comeback Ultimate\\0\\0\\0\\0\\0\\0\\0\\0\\0\\0\\0\\0\\0/ Awakening Ultimate\\0\\0\\0\\0\\0\\0\\0\\0\\0\\0\\0\\0/ Team Ultimate\\0\\0\\0\\0\\0\\0\\0\\0\\0\\0\\0\\0\\0\\0\\0\\0\\0.Z`\\0pﾎ・.ﾎ・"	"81 5E 3C 72 92 CA 8F ED 89 9C 8B 60 7C 82 C2 82 A4 82 B6 82 E5 82 A4 82 A8 82 A4 82 AC 3E 00 00"	"2F 20 4E 6F 72 6D 61 6C 20 55 6C 74 69 6D 61 74 65 00 00 00 00 00 00 00 00 00 00 00 00 00 00 00"
"BTL.BIN"	"0x209330"	"2134832"	"0x209347"	"24"	"pﾑ・績・ｰﾑ・\\0\\0\\0\\0（ジャンプ<r中|ちゅう>）\\0\\0\\0\\0\\0\\0\\0\\0（<r相手"	"pﾑ・績・ｰﾑ・\\0\\0\\0\\0(During Jump)\\0\\0\\0\\0\\0\\0\\0\\0\\0\\0\\0\\0\\0\\0\\0\\0\\0\\0\\0(Near Op"	"81 69 83 57 83 83 83 93 83 76 3C 72 92 86 7C 82 BF 82 E3 82 A4 3E 81 6A"	"28 44 75 72 69 6E 67 20 4A 75 6D 70 29 00 00 00 00 00 00 00 00 00 00 00"
"BTL.BIN"	"0x209350"	"2134864"	"0x20936F"	"32"	"ｿゅう>）\\0\\0\\0\\0\\0\\0\\0\\0（<r相手|あいて>の<r前|まえ>で）\\0\\0\\0\\0\\0\\0\\0\\0\\0\\0\\0\\0\\0\\0\\0\\0"	"\\0\\0\\0\\0\\0\\0\\0\\0\\0\\0\\0\\0\\0\\0\\0\\0(Near Opponent)\\0\\0\\0\\0\\0\\0\\0\\0\\0\\0\\0\\0\\0\\0\\0\\0\\0\\0\\0\\0\\0\\0\\0\\0\\0\\0\\0\\0\\0\\0\\0\\0\\0"	"81 69 3C 72 91 8A 8E E8 7C 82 A0 82 A2 82 C4 3E 82 CC 3C 72 91 4F 7C 82 DC 82 A6 3E 82 C5 81 6A"	"28 4E 65 61 72 20 4F 70 70 6F 6E 65 6E 74 29 00 00 00 00 00 00 00 00 00 00 00 00 00 00 00 00 00"
"BTL.BIN"	"0x209380"	"2134912"	"0x2093A1"	"34"	"\\0\\0\\0\\0\\0\\0\\0\\0\\0\\0\\0\\0\\0\\0\\0\\0<r後側方向|うしろがわほうこう>キー\\0\\0\\0\\0\\0\\0\\0\\0\\0\\0\\0\\0\\0\\0（"	"\\0\\0\\0\\0\\0\\0\\0\\0\\0\\0\\0\\0\\0\\0\\0\\0Back Direction\\0\\0\\0\\0\\0\\0\\0\\0\\0\\0\\0\\0\\0\\0\\0\\0\\0\\0\\0\\0\\0\\0\\0\\0\\0\\0\\0\\0\\0\\0\\0\\0\\0\\0(A"	"3C 72 8C E3 91 A4 95 FB 8C FC 7C 82 A4 82 B5 82 EB 82 AA 82 ED 82 D9 82 A4 82 B1 82 A4 3E 83 4C"	"42 61 63 6B 20 44 69 72 65 63 74 69 6F 6E 00 00 00 00 00 00 00 00 00 00 00 00 00 00 00 00 00 00"
"BTL.BIN"	"0x2093B0"	"2134960"	"0x2093F3"	"68"	"ー\\0\\0\\0\\0\\0\\0\\0\\0\\0\\0\\0\\0\\0\\0（<r相手|あいて>の<r攻撃|こうげき>の<r当|あ>たる<r瞬間|しゅんかん>）\\0\\0\\0\\0\\0\\0\\0\\0\\0\\0\\0\\0（<r"	"\\0\\0\\0\\0\\0\\0\\0\\0\\0\\0\\0\\0\\0\\0\\0\\0(As enemy attack hits)\\0\\0\\0\\0\\0\\0\\0\\0\\0\\0\\0\\0\\0\\0\\0\\0\\0\\0\\0\\0\\0\\0\\0\\0\\0\\0\\0\\0\\0\\0\\0\\0\\0\\0\\0\\0\\0\\0\\0\\0\\0\\0\\0\\0\\0\\0\\0\\0\\0\\0\\0\\0\\0\\0\\0\\0\\0\\0(Whe"	"81 69 3C 72 91 8A 8E E8 7C 82 A0 82 A2 82 C4 3E 82 CC 3C 72 8D 55 8C 82 7C 82 B1 82 A4 82 B0 82"	"28 41 73 20 65 6E 65 6D 79 20 61 74 74 61 63 6B 20 68 69 74 73 29 00 00 00 00 00 00 00 00 00 00"
"BTL.BIN"	"0x209400"	"2135040"	"0x209491"	"146"	"・）\\0\\0\\0\\0\\0\\0\\0\\0\\0\\0\\0\\0（<r投|な>げられた<r時|とき>、<r叩|たた>き<r付|つ>けられる<r瞬間|しゅんかん>）\\0\\0（<r吹|ふ>っ<r飛|と>ばした<r方向|ほうこう>の<r方向|ほうこう>キー）\\0\\0\\0\\0\\0\\0\\0\\0\\0\\0\\0\\0\\0\\0（"	"\\0\\0\\0\\0\\0\\0\\0\\0\\0\\0\\0\\0\\0\\0\\0\\0(When thrown / slammed)\\0\\0\\0\\0\\0\\0\\0\\0\\0\\0\\0\\0\\0\\0\\0\\0\\0\\0\\0\\0\\0\\0\\0\\0\\0\\0\\0\\0\\0\\0\\0\\0\\0\\0\\0\\0\\0\\0\\0\\0\\0\\0\\0\\0\\0\\0\\0\\0\\0\\0\\0\\0\\0\\0\\0\\0\\0(Direction enemy was blown)\\0\\0\\0\\0\\0\\0\\0\\0\\0\\0\\0\\0\\0\\0\\0\\0\\0\\0\\0\\0\\0\\0\\0\\0\\0\\0\\0\\0\\0\\0\\0\\0\\0\\0\\0\\0\\0\\0\\0\\0\\0\\0\\0\\0\\0\\0\\0\\0\\0\\0\\0\\0\\0(A"	"81 69 3C 72 93 8A 7C 82 C8 3E 82 B0 82 E7 82 EA 82 BD 3C 72 8E 9E 7C 82 C6 82 AB 3E 81 41 3C 72"	"28 57 68 65 6E 20 74 68 72 6F 77 6E 20 2F 20 73 6C 61 6D 6D 65 64 29 00 00 00 00 00 00 00 00 00"
"BTL.BIN"	"0x2094A0"	"2135200"	"0x2094F7"	"88"	"）\\0\\0\\0\\0\\0\\0\\0\\0\\0\\0\\0\\0\\0\\0（<r相手|あいて>の<r追|お>い<r討|う>ち<r攻撃|こうげき>が<r当|あ>たる<r瞬間|しゅんかん>）\\0\\0\\0\\0\\0\\0\\0\\0（しばら"	"\\0\\0\\0\\0\\0\\0\\0\\0\\0\\0\\0\\0\\0\\0\\0\\0(As enemy pursuit attack hits)\\0\\0\\0\\0\\0\\0\\0\\0\\0\\0\\0\\0\\0\\0\\0\\0\\0\\0\\0\\0\\0\\0\\0\\0\\0\\0\\0\\0\\0\\0\\0\\0\\0\\0\\0\\0\\0\\0\\0\\0\\0\\0\\0\\0\\0\\0\\0\\0\\0\\0\\0\\0\\0\\0\\0\\0\\0\\0\\0\\0\\0\\0\\0\\0\\0\\0(Hold br"	"81 69 3C 72 91 8A 8E E8 7C 82 A0 82 A2 82 C4 3E 82 CC 3C 72 92 C7 7C 82 A8 3E 82 A2 3C 72 93 A2"	"28 41 73 20 65 6E 65 6D 79 20 70 75 72 73 75 69 74 20 61 74 74 61 63 6B 20 68 69 74 73 29 00 00"
"BTL.BIN"	"0x209500"	"2135296"	"0x209515"	"22"	".ｩん>）\\0\\0\\0\\0\\0\\0\\0\\0（しばらく<r押|お>す）\\0\\0\\0\\0\\0\\0\\0\\0\\0\\0（<r地"	"\\0\\0\\0\\0\\0\\0\\0\\0\\0\\0\\0\\0\\0\\0\\0\\0(Hold briefly)\\0\\0\\0\\0\\0\\0\\0\\0\\0\\0\\0\\0\\0\\0\\0\\0\\0\\0(On gr"	"81 69 82 B5 82 CE 82 E7 82 AD 3C 72 89 9F 7C 82 A8 3E 82 B7 81 6A"	"28 48 6F 6C 64 20 62 72 69 65 66 6C 79 29 00 00 00 00 00 00 00 00"
"BTL.BIN"	"0x209520"	"2135328"	"0x209535"	"22"	"ｨ>す）\\0\\0\\0\\0\\0\\0\\0\\0\\0\\0（<r地上|ちじょう>で）\\0\\0\\0\\0\\0\\0\\0\\0\\0\\0（<r高"	"\\0\\0\\0\\0\\0\\0\\0\\0\\0\\0\\0\\0\\0\\0\\0\\0(On ground)\\0\\0\\0\\0\\0\\0\\0\\0\\0\\0\\0\\0\\0\\0\\0\\0\\0\\0\\0\\0\\0(Durin"	"81 69 3C 72 92 6E 8F E3 7C 82 BF 82 B6 82 E5 82 A4 3E 82 C5 81 6A"	"28 4F 6E 20 67 72 6F 75 6E 64 29 00 00 00 00 00 00 00 00 00 00 00"
"BTL.BIN"	"0x209540"	"2135360"	"0x2095A3"	"100"	"､>で）\\0\\0\\0\\0\\0\\0\\0\\0\\0\\0（<r高速移動|こうそくいどう>の<r相殺中|そうさいちゅう>や<r攻撃|こうげき>の<r相殺中|そうさいちゅう>）\\0\\0\\0\\0\\0\\0\\0\\0\\0\\0\\0\\0（マ"	"\\0\\0\\0\\0\\0\\0\\0\\0\\0\\0\\0\\0\\0\\0\\0\\0(During high-speed or attack clash)\\0\\0\\0\\0\\0\\0\\0\\0\\0\\0\\0\\0\\0\\0\\0\\0\\0\\0\\0\\0\\0\\0\\0\\0\\0\\0\\0\\0\\0\\0\\0\\0\\0\\0\\0\\0\\0\\0\\0\\0\\0\\0\\0\\0\\0\\0\\0\\0\\0\\0\\0\\0\\0\\0\\0\\0\\0\\0\\0\\0\\0\\0\\0\\0\\0\\0\\0\\0\\0\\0\\0\\0\\0\\0\\0\\0\\0(Man"	"81 69 3C 72 8D 82 91 AC 88 DA 93 AE 7C 82 B1 82 A4 82 BB 82 AD 82 A2 82 C7 82 A4 3E 82 CC 3C 72"	"28 44 75 72 69 6E 67 20 68 69 67 68 2D 73 70 65 65 64 20 6F 72 20 61 74 74 61 63 6B 20 63 6C 61"
"BTL.BIN"	"0x2095B0"	"2135472"	"0x209603"	"84"	"､>）\\0\\0\\0\\0\\0\\0\\0\\0\\0\\0\\0\\0（マニュアル：<r出現後|しゅつげんご>もう<r一度|いちど><r押|お>すと<r攻撃|こうげき>）\\0\\0\\0\\0\\0\\0\\0\\0\\0\\0\\0\\00ﾒ・"	"\\0\\0\\0\\0\\0\\0\\0\\0\\0\\0\\0\\0\\0\\0\\0\\0(Manual: press again after it appears to attack)\\0\\0\\0\\0\\0\\0\\0\\0\\0\\0\\0\\0\\0\\0\\0\\0\\0\\0\\0\\0\\0\\0\\0\\0\\0\\0\\0\\0\\0\\0\\0\\0\\0\\0\\0\\0\\0\\0\\0\\0\\0\\0\\0\\0\\0\\0\\0\\00ﾒ・"	"81 69 83 7D 83 6A 83 85 83 41 83 8B 81 46 3C 72 8F 6F 8C BB 8C E3 7C 82 B5 82 E3 82 C2 82 B0 82"	"28 4D 61 6E 75 61 6C 3A 20 70 72 65 73 73 20 61 67 61 69 6E 20 61 66 74 65 72 20 69 74 20 61 70"
"BTL.BIN"	"0x209650"	"2135632"	"0x209687"	"56"	".Z`\\0\\0\\0\\0\\0\\0\\0\\0\\0\\0\\0\\0\\0<r連係攻撃|れんけいこうげき>\\0\\0\\0\\0アイテム<r選択|せんたく>\\0\\0\\0\\0\\0\\0\\0\\0アイテム"	".Z`\\0\\0\\0\\0\\0\\0\\0\\0\\0\\0\\0\\0\\0Team Attack\\0\\0\\0\\0\\0\\0\\0\\0\\0\\0\\0\\0\\0\\0\\0\\0\\0\\0\\0\\0\\0Item Select\\0\\0\\0\\0\\0\\0\\0\\0\\0\\0\\0\\0\\0\\0\\0\\0\\0\\0\\0\\0\\0Use Item"	"3C 72 98 41 8C 57 8D 55 8C 82 7C 82 EA 82 F1 82 AF 82 A2 82 B1 82 A4 82 B0 82 AB 3E 00 00 00 00"	"54 65 61 6D 20 41 74 74 61 63 6B 00 00 00 00 00 00 00 00 00 00 00 00 00 00 00 00 00 00 00 00 00"
"BTL.BIN"	"0x209690"	"2135696"	"0x2096AF"	"32"	"ｹんたく>\\0\\0\\0\\0\\0\\0\\0\\0アイテム<r使用|しよう>\\0\\0ジャンプ\\0\\0\\0\\0\\0\\0\\0\\0\\0\\0\\0\\0\\0\\0\\0\\0"	"\\0\\0\\0\\0\\0\\0\\0\\0\\0\\0\\0\\0\\0\\0\\0\\0Use Item\\0\\0\\0\\0\\0\\0\\0\\0\\0\\0\\0\\0\\0\\0\\0\\0Jump\\0\\0\\0\\0\\0\\0\\0\\0\\0\\0\\0\\0\\0\\0\\0\\0\\0\\0\\0\\0"	"83 41 83 43 83 65 83 80 3C 72 8E 67 97 70 7C 82 B5 82 E6 82 A4 3E 00 00 83 57 83 83 83 93 83 76"	"55 73 65 20 49 74 65 6D 00 00 00 00 00 00 00 00 00 00 00 00 00 00 00 00 4A 75 6D 70 00 00 00 00"
"BTL.BIN"	"0x2096C0"	"2135744"	"0x2096D5"	"22"	"\\0\\0\\0\\0\\0\\0\\0\\0\\0\\0\\0\\0\\0\\0\\0\\0<r二段|にだん>ジャンプ\\0\\0\\0\\0\\0\\0\\0\\0\\0\\0<r高速"	"\\0\\0\\0\\0\\0\\0\\0\\0\\0\\0\\0\\0\\0\\0\\0\\0Double Jump\\0\\0\\0\\0\\0\\0\\0\\0\\0\\0\\0\\0\\0\\0\\0\\0\\0\\0\\0\\0\\0High-S"	"3C 72 93 F1 92 69 7C 82 C9 82 BE 82 F1 3E 83 57 83 83 83 93 83 76"	"44 6F 75 62 6C 65 20 4A 75 6D 70 00 00 00 00 00 00 00 00 00 00 00"
"BTL.BIN"	"0x2096E0"	"2135776"	"0x209713"	"52"	"ャンプ\\0\\0\\0\\0\\0\\0\\0\\0\\0\\0<r高速移動|こうそくいどう>\\0\\0\\0\\0\\0\\0<r飛|と>び<r退|の>き\\0\\0\\0\\0\\0\\0\\0\\0\\0\\0\\0\\0<r変"	"\\0\\0\\0\\0\\0\\0\\0\\0\\0\\0\\0\\0\\0\\0\\0\\0High-Speed Move\\0\\0\\0\\0\\0\\0\\0\\0\\0\\0\\0\\0\\0\\0\\0\\0\\0Backstep\\0\\0\\0\\0\\0\\0\\0\\0\\0\\0\\0\\0\\0\\0\\0\\0\\0\\0\\0\\0\\0\\0\\0\\0Subs"	"3C 72 8D 82 91 AC 88 DA 93 AE 7C 82 B1 82 A4 82 BB 82 AD 82 A2 82 C7 82 A4 3E 00 00 00 00 00 00"	"48 69 67 68 2D 53 70 65 65 64 20 4D 6F 76 65 00 00 00 00 00 00 00 00 00 00 00 00 00 00 00 00 00"
"BTL.BIN"	"0x209720"	"2135840"	"0x209771"	"82"	"ﾌ>き\\0\\0\\0\\0\\0\\0\\0\\0\\0\\0\\0\\0<r変|か>わり<r身|み>の<r術|じゅつ>（チャクラ<r消費|しょうひ>）\\0\\0<r受|う>け<r身|み>\\0\\0\\0\\0\\0\\0\\0\\0\\0\\0\\0\\0\\0\\0<r"	"\\0\\0\\0\\0\\0\\0\\0\\0\\0\\0\\0\\0\\0\\0\\0\\0Substitution Jutsu (uses chakra)\\0\\0\\0\\0\\0\\0\\0\\0\\0\\0\\0\\0\\0\\0\\0\\0\\0\\0\\0\\0\\0\\0\\0\\0\\0\\0\\0\\0\\0\\0\\0\\0Ukemi\\0\\0\\0\\0\\0\\0\\0\\0\\0\\0\\0\\0\\0\\0\\0\\0\\0\\0\\0\\0\\0\\0\\0\\0\\0\\0\\0Pu"	"3C 72 95 CF 7C 82 A9 3E 82 ED 82 E8 3C 72 90 67 7C 82 DD 3E 82 CC 3C 72 8F 70 7C 82 B6 82 E3 82"	"53 75 62 73 74 69 74 75 74 69 6F 6E 20 4A 75 74 73 75 20 28 75 73 65 73 20 63 68 61 6B 72 61 29"
"BTL.BIN"	"0x209780"	"2135936"	"0x209793"	"20"	"ﾝ>\\0\\0\\0\\0\\0\\0\\0\\0\\0\\0\\0\\0\\0\\0<r追|お>い<r討|う>ち\\0\\0\\0\\0\\0\\0\\0\\0\\0\\0\\0\\0<r追"	"\\0\\0\\0\\0\\0\\0\\0\\0\\0\\0\\0\\0\\0\\0\\0\\0Pursuit\\0\\0\\0\\0\\0\\0\\0\\0\\0\\0\\0\\0\\0\\0\\0\\0\\0\\0\\0\\0\\0\\0\\0\\0\\0Purs"	"3C 72 92 C7 7C 82 A8 3E 82 A2 3C 72 93 A2 7C 82 A4 3E 82 BF"	"50 75 72 73 75 69 74 00 00 00 00 00 00 00 00 00 00 00 00 00"
"BTL.BIN"	"0x2097A0"	"2135968"	"0x2097BF"	"32"	"､>ち\\0\\0\\0\\0\\0\\0\\0\\0\\0\\0\\0\\0<r追|お>い<r討|う>ち<r返|がえ>し\\0\\0\\0\\0\\0\\0\\0\\0\\0\\0\\0\\0\\0\\0\\0\\0"	"\\0\\0\\0\\0\\0\\0\\0\\0\\0\\0\\0\\0\\0\\0\\0\\0Pursuit Counter\\0\\0\\0\\0\\0\\0\\0\\0\\0\\0\\0\\0\\0\\0\\0\\0\\0\\0\\0\\0\\0\\0\\0\\0\\0\\0\\0\\0\\0\\0\\0\\0\\0"	"3C 72 92 C7 7C 82 A8 3E 82 A2 3C 72 93 A2 7C 82 A4 3E 82 BF 3C 72 95 D4 7C 82 AA 82 A6 3E 82 B5"	"50 75 72 73 75 69 74 20 43 6F 75 6E 74 65 72 00 00 00 00 00 00 00 00 00 00 00 00 00 00 00 00 00"
"BTL.BIN"	"0x2097D0"	"2136016"	"0x2097DF"	"16"	"\\0\\0\\0\\0\\0\\0\\0\\0\\0\\0\\0\\0\\0\\0\\0\\0チャクラをためる\\0\\0\\0\\0\\0\\0\\0\\0\\0\\0\\0\\0\\0\\0\\0\\0"	"\\0\\0\\0\\0\\0\\0\\0\\0\\0\\0\\0\\0\\0\\0\\0\\0Charge Chakra\\0\\0\\0\\0\\0\\0\\0\\0\\0\\0\\0\\0\\0\\0\\0\\0\\0\\0\\0"	"83 60 83 83 83 4E 83 89 82 F0 82 BD 82 DF 82 E9"	"43 68 61 72 67 65 20 43 68 61 6B 72 61 00 00 00"
"BTL.BIN"	"0x2097F0"	"2136048"	"0x209801"	"18"	"\\0\\0\\0\\0\\0\\0\\0\\0\\0\\0\\0\\0\\0\\0\\0\\0<r挑発|ちょうはつ>\\0\\0\\0\\0\\0\\0\\0\\0\\0\\0\\0\\0\\0\\0<r"	"\\0\\0\\0\\0\\0\\0\\0\\0\\0\\0\\0\\0\\0\\0\\0\\0Taunt\\0\\0\\0\\0\\0\\0\\0\\0\\0\\0\\0\\0\\0\\0\\0\\0\\0\\0\\0\\0\\0\\0\\0\\0\\0\\0\\0Ax"	"3C 72 92 A7 94 AD 7C 82 BF 82 E5 82 A4 82 CD 82 C2 3E"	"54 61 75 6E 74 00 00 00 00 00 00 00 00 00 00 00 00 00"
"BTL.BIN"	"0x209810"	"2136080"	"0x20982F"	"32"	"ﾂ>\\0\\0\\0\\0\\0\\0\\0\\0\\0\\0\\0\\0\\0\\0<r奥|おく>へ<r軸移動|じくいどう>\\0\\0\\0\\0\\0\\0\\0\\0\\0\\0\\0\\0\\0\\0\\0\\0"	"\\0\\0\\0\\0\\0\\0\\0\\0\\0\\0\\0\\0\\0\\0\\0\\0Axis Move Away\\0\\0\\0\\0\\0\\0\\0\\0\\0\\0\\0\\0\\0\\0\\0\\0\\0\\0\\0\\0\\0\\0\\0\\0\\0\\0\\0\\0\\0\\0\\0\\0\\0\\0"	"3C 72 89 9C 7C 82 A8 82 AD 3E 82 D6 3C 72 8E B2 88 DA 93 AE 7C 82 B6 82 AD 82 A2 82 C7 82 A4 3E"	"41 78 69 73 20 4D 6F 76 65 20 41 77 61 79 00 00 00 00 00 00 00 00 00 00 00 00 00 00 00 00 00 00"
"BTL.BIN"	"0x209840"	"2136128"	"0x209863"	"36"	"\\0\\0\\0\\0\\0\\0\\0\\0\\0\\0\\0\\0\\0\\0\\0\\0<r手前|てまえ>へ<r軸移動|じくいどう>\\0\\0\\0\\0\\0\\0\\0\\0\\0\\0\\0\\0ガー"	"\\0\\0\\0\\0\\0\\0\\0\\0\\0\\0\\0\\0\\0\\0\\0\\0Axis Move Near\\0\\0\\0\\0\\0\\0\\0\\0\\0\\0\\0\\0\\0\\0\\0\\0\\0\\0\\0\\0\\0\\0\\0\\0\\0\\0\\0\\0\\0\\0\\0\\0\\0\\0Guar"	"3C 72 8E E8 91 4F 7C 82 C4 82 DC 82 A6 3E 82 D6 3C 72 8E B2 88 DA 93 AE 7C 82 B6 82 AD 82 A2 82"	"41 78 69 73 20 4D 6F 76 65 20 4E 65 61 72 00 00 00 00 00 00 00 00 00 00 00 00 00 00 00 00 00 00"
"BTL.BIN"	"0x209870"	"2136176"	"0x209881"	"18"	"ﾇう>\\0\\0\\0\\0\\0\\0\\0\\0\\0\\0\\0\\0ガード<r崩|くず>し\\0\\0\\0\\0\\0\\0\\0\\0\\0\\0\\0\\0\\0\\0<r"	"\\0\\0\\0\\0\\0\\0\\0\\0\\0\\0\\0\\0\\0\\0\\0\\0Guard Break\\0\\0\\0\\0\\0\\0\\0\\0\\0\\0\\0\\0\\0\\0\\0\\0\\0\\0\\0\\0\\0Af"	"83 4B 81 5B 83 68 3C 72 95 F6 7C 82 AD 82 B8 3E 82 B5"	"47 75 61 72 64 20 42 72 65 61 6B 00 00 00 00 00 00 00"
"BTL.BIN"	"0x209890"	"2136208"	"0x2098AF"	"32"	"し\\0\\0\\0\\0\\0\\0\\0\\0\\0\\0\\0\\0\\0\\0<r残影追|ざんえいお>い<r討|う>ち\\0\\0\\0\\0\\0\\0\\0\\0\\0\\0\\0\\0\\0\\0\\0\\0"	"\\0\\0\\0\\0\\0\\0\\0\\0\\0\\0\\0\\0\\0\\0\\0\\0Afterimage Pursuit\\0\\0\\0\\0\\0\\0\\0\\0\\0\\0\\0\\0\\0\\0\\0\\0\\0\\0\\0\\0\\0\\0\\0\\0\\0\\0\\0\\0\\0\\0"	"3C 72 8E 63 89 65 92 C7 7C 82 B4 82 F1 82 A6 82 A2 82 A8 3E 82 A2 3C 72 93 A2 7C 82 A4 3E 82 BF"	"41 66 74 65 72 69 6D 61 67 65 20 50 75 72 73 75 69 74 00 00 00 00 00 00 00 00 00 00 00 00 00 00"
"BTL.BIN"	"0x209C80"	"2137216"	"0x209C87"	"8"	"MDL_xclock00\\0\\0\\0\\0やさしい\\0\\0\\0\\0\\0\\0\\0\\0むずかし"	"MDL_xclock00\\0\\0\\0\\0Easy\\0\\0\\0\\0\\0\\0\\0\\0\\0\\0\\0\\0Hard\\0\\0\\0\\0"	"82 E2 82 B3 82 B5 82 A2"	"45 61 73 79 00 00 00 00"
"BTL.BIN"	"0x209C90"	"2137232"	"0x209C99"	"10"	"やさしい\\0\\0\\0\\0\\0\\0\\0\\0むずかしい\\0\\0\\0\\0\\0\\0HZ`\\0.ﾛ・PZ"	"Easy\\0\\0\\0\\0\\0\\0\\0\\0\\0\\0\\0\\0Hard\\0\\0\\0\\0\\0\\0\\0\\0\\0\\0\\0\\0HZ`\\0.ﾛ・PZ"	"82 DE 82 B8 82 A9 82 B5 82 A2"	"48 61 72 64 00 00 00 00 00 00"
"BTL.BIN"	"0x209CD0"	"2137296"	"0x209CD7"	"8"	"hZ`\\0pZ`\\0PZ`\\0xZ`\\0使用不可\\0\\0\\0\\0\\0\\0\\0\\0ランダム"	"hZ`\\0pZ`\\0PZ`\\0xZ`\\0Off\\0\\0\\0\\0\\0\\0\\0\\0\\0\\0\\0\\0\\0Random\\0\\0"	"8E 67 97 70 95 73 89 C2"	"4F 66 66 00 00 00 00 00"
"BTL.BIN"	"0x209CE0"	"2137312"	"0x209CE7"	"8"	"使用不可\\0\\0\\0\\0\\0\\0\\0\\0ランダム\\0\\0\\0\\0\\0\\0\\0\\0コマンド"	"Off\\0\\0\\0\\0\\0\\0\\0\\0\\0\\0\\0\\0\\0Random\\0\\0\\0\\0\\0\\0\\0\\0\\0\\0Command\\0"	"83 89 83 93 83 5F 83 80"	"52 61 6E 64 6F 6D 00 00"
"BTL.BIN"	"0x209CF0"	"2137328"	"0x209CF7"	"8"	"ランダム\\0\\0\\0\\0\\0\\0\\0\\0コマンド\\0\\0\\0\\0\\0\\0\\0\\0タイミン"	"Random\\0\\0\\0\\0\\0\\0\\0\\0\\0\\0Command\\0\\0\\0\\0\\0\\0\\0\\0\\0Timing\\0\\0"	"83 52 83 7D 83 93 83 68"	"43 6F 6D 6D 61 6E 64 00"
"BTL.BIN"	"0x209D00"	"2137344"	"0x209D09"	"10"	"コマンド\\0\\0\\0\\0\\0\\0\\0\\0タイミング\\0\\0\\0\\0\\0\\0ﾐﾛ・珈・."	"Command\\0\\0\\0\\0\\0\\0\\0\\0\\0Timing\\0\\0\\0\\0\\0\\0\\0\\0\\0\\0ﾐﾛ・珈・."	"83 5E 83 43 83 7E 83 93 83 4F"	"54 69 6D 69 6E 67 00 00 00 00"
"BTL.BIN"	"0x209D28"	"2137384"	"0x209D2F"	"8"	".・\\0ﾜ・六`\\0.Z`\\0ギリギリ\\0\\0\\0\\0\\0\\0\\0\\0.Z`\\0ﾈZ`\\0"	".・\\0ﾜ・六`\\0.Z`\\0Close\\0\\0\\0\\0\\0\\0\\0\\0\\0\\0\\0.Z`\\0ﾈZ`\\0"	"83 4D 83 8A 83 4D 83 8A"	"43 6C 6F 73 65 00 00 00"
"BTL.BIN"	"0x209D48"	"2137416"	"0x209D5F"	"24"	".Z`\\0ﾈZ`\\0(ﾜ・\\0\\0\\0\\0マニュアル\\0\\0\\0\\0\\0\\0ジャンプ\\0\\0\\0\\0\\0\\0\\0\\0二段ジャ"	".Z`\\0ﾈZ`\\0(ﾜ・\\0\\0\\0\\0Manual\\0\\0\\0\\0\\0\\0\\0\\0\\0\\0Jump\\0\\0\\0\\0\\0\\0\\0\\0\\0\\0\\0\\0Double J"	"83 7D 83 6A 83 85 83 41 83 8B 00 00 00 00 00 00 83 57 83 83 83 93 83 76"	"4D 61 6E 75 61 6C 00 00 00 00 00 00 00 00 00 00 4A 75 6D 70 00 00 00 00"
"BTL.BIN"	"0x209D68"	"2137448"	"0x209D73"	"12"	"ジャンプ\\0\\0\\0\\0\\0\\0\\0\\0二段ジャンプ\\0\\0\\0\\0\\0\\0\\0\\0\\0\\0\\0\\0.`\\0"	"Jump\\0\\0\\0\\0\\0\\0\\0\\0\\0\\0\\0\\0Double Jump\\0\\0\\0\\0\\0\\0\\0\\0\\0\\0\\0\\0\\0.`\\0"	"93 F1 92 69 83 57 83 83 83 93 83 76"	"44 6F 75 62 6C 65 20 4A 75 6D 70 00"
"BTL.BIN"	"0x209D98"	"2137496"	"0x209D9F"	"8"	"\\0[`\\0Xﾜ・hﾜ・\\0\\0\\0\\0飛び道具\\0\\0\\0\\0\\0\\0\\0\\0高速移動"	"\\0[`\\0Xﾜ・hﾜ・\\0\\0\\0\\0Proj.\\0\\0\\0\\0\\0\\0\\0\\0\\0\\0\\0Hi-Speed"	"94 F2 82 D1 93 B9 8B EF"	"50 72 6F 6A 2E 00 00 00"
"BTL.BIN"	"0x209DA8"	"2137512"	"0x209DAF"	"8"	"飛び道具\\0\\0\\0\\0\\0\\0\\0\\0高速移動\\0\\0\\0\\0\\0\\0\\0\\0\\0\\0\\0\\0\\0\\0\\0\\0"	"Proj.\\0\\0\\0\\0\\0\\0\\0\\0\\0\\0\\0Hi-Speed\\0\\0\\0\\0\\0\\0\\0\\0\\0\\0\\0\\0\\0\\0\\0\\0"	"8D 82 91 AC 88 DA 93 AE"	"48 69 2D 53 70 65 65 64"
"BTL.BIN"	"0x209DE0"	"2137568"	"0x209DE7"	"8"	"ｨﾜ・ [`\\0([`\\0\\0\\0\\0\\0動かない\\0\\0\\0\\0\\0\\0\\0\\0必ず返す"	"ｨﾜ・ [`\\0([`\\0\\0\\0\\0\\0Idle\\0\\0\\0\\0\\0\\0\\0\\0\\0\\0\\0\\0Always\\0\\0"	"93 AE 82 A9 82 C8 82 A2"	"49 64 6C 65 00 00 00 00"
"BTL.BIN"	"0x209DF0"	"2137584"	"0x209DF7"	"8"	"動かない\\0\\0\\0\\0\\0\\0\\0\\0必ず返す\\0\\0\\0\\0\\0\\0\\0\\0使用しな"	"Idle\\0\\0\\0\\0\\0\\0\\0\\0\\0\\0\\0\\0Always\\0\\0\\0\\0\\0\\0\\0\\0\\0\\0Do Not U"	"95 4B 82 B8 95 D4 82 B7"	"41 6C 77 61 79 73 00 00"
"BTL.BIN"	"0x209E00"	"2137600"	"0x209E09"	"10"	"必ず返す\\0\\0\\0\\0\\0\\0\\0\\0使用しない\\0\\0\\0\\0\\0\\0\\0ﾝ・.Z`\\0`["	"Always\\0\\0\\0\\0\\0\\0\\0\\0\\0\\0Do Not Use\\0\\0\\0\\0\\0\\0\\0ﾝ・.Z`\\0`["	"8E 67 97 70 82 B5 82 C8 82 A2"	"44 6F 20 4E 6F 74 20 55 73 65"
"BTL.BIN"	"0x209E20"	"2137632"	"0x209E83"	"100"	"\\0ﾝ・.Z`\\0`[`\\0\\0\\0\\0\\0「<r使用不可|しようふか>」は、<r奥義|おうぎ>が<r使|つか>えなくなるので<r注意|ちゅうい>してください。\\0\\0\\0\\0\\0\\0\\0\\0\\0\\0\\0\\0「ラ"	"\\0ﾝ・.Z`\\0`[`\\0\\0\\0\\0\\0If set to ""Off"", Ultimates cannot be used.\\0\\0\\0\\0\\0\\0\\0\\0\\0\\0\\0\\0\\0\\0\\0\\0\\0\\0\\0\\0\\0\\0\\0\\0\\0\\0\\0\\0\\0\\0\\0\\0\\0\\0\\0\\0\\0\\0\\0\\0\\0\\0\\0\\0\\0\\0\\0\\0\\0\\0\\0\\0\\0\\0\\0\\0\\0\\0\\0\\0\\0\\0\\0\\0\\0\\0\\0\\0\\0\\0If s"	"81 75 3C 72 8E 67 97 70 95 73 89 C2 7C 82 B5 82 E6 82 A4 82 D3 82 A9 3E 81 76 82 CD 81 41 3C 72"	"49 66 20 73 65 74 20 74 6F 20 22 4F 66 66 22 2C 20 55 6C 74 69 6D 61 74 65 73 20 63 61 6E 6E 6F"
"BTL.BIN"	"0x209E90"	"2137744"	"0x209F47"	"184"	"い。\\0\\0\\0\\0\\0\\0\\0\\0\\0\\0\\0\\0「ランダム」にすると<r入力勝負|にゅうりょくしょうぶ>の<r方法|ほうほう>が<r毎回変化|まいかいへんか>します。\\0\\0\\0\\0\\0\\0「コマンド」にするとボタンの<r入力勝負|にゅうりょくしょうぶ>になります。\\0\\0\\0\\0\\0\\0\\0\\0「タイミ"	"\\0\\0\\0\\0\\0\\0\\0\\0\\0\\0\\0\\0\\0\\0\\0\\0If set to ""Random"", the input battle changes each time.\\0\\0\\0\\0\\0\\0\\0\\0\\0\\0\\0\\0\\0\\0\\0\\0\\0\\0\\0\\0\\0\\0\\0\\0\\0\\0\\0\\0\\0\\0\\0\\0\\0\\0\\0\\0\\0\\0\\0\\0\\0\\0\\0\\0\\0\\0\\0\\0\\0\\0\\0\\0\\0\\0\\0\\0\\0If set to ""Command"", it becomes a button input battle.\\0\\0\\0\\0\\0\\0\\0\\0\\0\\0\\0\\0\\0\\0\\0\\0\\0\\0\\0\\0\\0\\0\\0\\0\\0\\0If set t"	"81 75 83 89 83 93 83 5F 83 80 81 76 82 C9 82 B7 82 E9 82 C6 3C 72 93 FC 97 CD 8F 9F 95 89 7C 82"	"49 66 20 73 65 74 20 74 6F 20 22 52 61 6E 64 6F 6D 22 2C 20 74 68 65 20 69 6E 70 75 74 20 62 61"
"BTL.BIN"	"0x209F50"	"2137936"	"0x209FA7"	"88"	"ります。\\0\\0\\0\\0\\0\\0\\0\\0「タイミング」にするとボタンをタイミング<r良|よ>く<r押|お>す<r勝負|しょうぶ>になります。\\0\\0\\0\\0\\0\\0\\0\\0「<r回転"	"\\0\\0\\0\\0\\0\\0\\0\\0\\0\\0\\0\\0\\0\\0\\0\\0If set to ""Timing"", press the button with good timing.\\0\\0\\0\\0\\0\\0\\0\\0\\0\\0\\0\\0\\0\\0\\0\\0\\0\\0\\0\\0\\0\\0\\0\\0\\0\\0\\0\\0\\0\\0\\0\\0\\0\\0\\0\\0\\0\\0\\0\\0\\0\\0If set t"	"81 75 83 5E 83 43 83 7E 83 93 83 4F 81 76 82 C9 82 B7 82 E9 82 C6 83 7B 83 5E 83 93 82 F0 83 5E"	"49 66 20 73 65 74 20 74 6F 20 22 54 69 6D 69 6E 67 22 2C 20 70 72 65 73 73 20 74 68 65 20 62 75"
"BTL.BIN"	"0x209FB0"	"2138032"	"0x20A02F"	"128"	"ります。\\0\\0\\0\\0\\0\\0\\0\\0「<r回転|かいてん>」にすると<r左|ひだり>スティック、もしくは<r右|みぎ>スティックの<r回転数勝負|かいてんすうしょうぶ>になります。\\0\\0\\0\\0\\0\\0\\0\\0\\0\\0\\0\\0\\0\\0\\0\\0"	"\\0\\0\\0\\0\\0\\0\\0\\0\\0\\0\\0\\0\\0\\0\\0\\0If set to ""Rotate"", it becomes a left/right stick rotation contest.\\0\\0\\0\\0\\0\\0\\0\\0\\0\\0\\0\\0\\0\\0\\0\\0\\0\\0\\0\\0\\0\\0\\0\\0\\0\\0\\0\\0\\0\\0\\0\\0\\0\\0\\0\\0\\0\\0\\0\\0\\0\\0\\0\\0\\0\\0\\0\\0\\0\\0\\0\\0\\0\\0\\0\\0\\0\\0\\0\\0\\0\\0\\0\\0\\0\\0\\0\\0\\0\\0\\0\\0\\0\\0\\0\\0\\0"	"81 75 3C 72 89 F1 93 5D 7C 82 A9 82 A2 82 C4 82 F1 3E 81 76 82 C9 82 B7 82 E9 82 C6 3C 72 8D B6"	"49 66 20 73 65 74 20 74 6F 20 22 52 6F 74 61 74 65 22 2C 20 69 74 20 62 65 63 6F 6D 65 73 20 61"
"BTL.BIN"	"0x20A040"	"2138176"	"0x20A087"	"72"	"\\0\\0\\0\\0\\0\\0\\0\\0\\0\\0\\0\\0\\0\\0\\0\\0「<r連打|れんだ>」にするとボタンの<r連打勝負|れんだしょうぶ>になります。\\0\\0\\0\\0\\0\\0\\0\\0 ﾝ・設・"	"\\0\\0\\0\\0\\0\\0\\0\\0\\0\\0\\0\\0\\0\\0\\0\\0If set to ""Mash"", it becomes a button-mashing contest.\\0\\0\\0\\0\\0\\0\\0\\0\\0\\0\\0\\0\\0\\0\\0\\0\\0\\0\\0\\0\\0\\0\\0\\0\\0\\0 ﾝ・設・"	"81 75 3C 72 98 41 91 C5 7C 82 EA 82 F1 82 BE 3E 81 76 82 C9 82 B7 82 E9 82 C6 83 7B 83 5E 83 93"	"49 66 20 73 65 74 20 74 6F 20 22 4D 61 73 68 22 2C 20 69 74 20 62 65 63 6F 6D 65 73 20 61 20 62"
"BTL.BIN"	"0x20A0B0"	"2138288"	"0x20A197"	"232"	"ｰﾞ・@ﾟ・\\0\\0\\0\\0\\0\\0\\0\\0「<r通常|つうじょう>」にすると<r一定時間|いっていじかん>で<r体力|たいりょく>が<r全回復|ぜんかいふく>します。\\0\\0\\0\\0「<r半分|はんぶん>」にすると<r一定時間|いっていじかん>で<r体力|たいりょく>が<r半分|はんぶん>まで<r回復|かいふく>します。\\0\\0\\0\\0\\0\\0\\0\\0「ギリギ"	"ｰﾞ・@ﾟ・\\0\\0\\0\\0\\0\\0\\0\\0If set to ""Normal"", health fully recovers after a set time.\\0\\0\\0\\0\\0\\0\\0\\0\\0\\0\\0\\0\\0\\0\\0\\0\\0\\0\\0\\0\\0\\0\\0\\0\\0\\0\\0\\0\\0\\0\\0\\0\\0\\0\\0\\0\\0\\0\\0\\0\\0\\0\\0\\0\\0\\0\\0\\0\\0\\0\\0\\0\\0If set to ""Half"", health recovers up to half after a set time.\\0\\0\\0\\0\\0\\0\\0\\0\\0\\0\\0\\0\\0\\0\\0\\0\\0\\0\\0\\0\\0\\0\\0\\0\\0\\0\\0\\0\\0\\0\\0\\0\\0\\0\\0\\0\\0\\0\\0\\0\\0\\0\\0\\0\\0\\0\\0\\0\\0\\0\\0\\0\\0\\0\\0\\0\\0\\0\\0\\0\\0\\0\\0\\0\\0\\0If set t"	"81 75 3C 72 92 CA 8F ED 7C 82 C2 82 A4 82 B6 82 E5 82 A4 3E 81 76 82 C9 82 B7 82 E9 82 C6 3C 72"	"49 66 20 73 65 74 20 74 6F 20 22 4E 6F 72 6D 61 6C 22 2C 20 68 65 61 6C 74 68 20 66 75 6C 6C 79"
"BTL.BIN"	"0x20A1A0"	"2138528"	"0x20A1FB"	"92"	"します。\\0\\0\\0\\0\\0\\0\\0\\0「ギリギリ」にすると<r常|つね>に<r体力|たいりょく>がギリギリの<r状態|じょうたい>になります。\\0\\0\\0\\0ｰﾟ・ 煖\\0.煖\\0"	"\\0\\0\\0\\0\\0\\0\\0\\0\\0\\0\\0\\0\\0\\0\\0\\0If set to ""Close"", health always stays barely above zero.\\0\\0\\0\\0\\0\\0\\0\\0\\0\\0\\0\\0\\0\\0\\0\\0\\0\\0\\0\\0\\0\\0\\0\\0\\0\\0\\0\\0\\0\\0\\0\\0\\0\\0\\0\\0\\0\\0\\0ｰﾟ・ 煖\\0.煖\\0"	"81 75 83 4D 83 8A 83 4D 83 8A 81 76 82 C9 82 B7 82 E9 82 C6 3C 72 8F ED 7C 82 C2 82 CB 3E 82 C9"	"49 66 20 73 65 74 20 74 6F 20 22 43 6C 6F 73 65 22 2C 20 68 65 61 6C 74 68 20 61 6C 77 61 79 73"
"BTL.BIN"	"0x20A210"	"2138640"	"0x20A217"	"8"	"ｰﾟ・ 煖\\0.煖\\0\\0\\0\\0\\0対戦時間\\0\\0\\0\\0\\0\\0\\0\\0アイテム"	"ｰﾟ・ 煖\\0.煖\\0\\0\\0\\0\\0Time\\0\\0\\0\\0\\0\\0\\0\\0\\0\\0\\0\\0Items\\0\\0\\0"	"91 CE 90 ED 8E 9E 8A D4"	"54 69 6D 65 00 00 00 00"
"BTL.BIN"	"0x20A220"	"2138656"	"0x20A237"	"24"	"対戦時間\\0\\0\\0\\0\\0\\0\\0\\0アイテム出現\\0\\0\\0\\0チャクラ\\0\\0\\0\\0\\0\\0\\0\\0ハンディ"	"Time\\0\\0\\0\\0\\0\\0\\0\\0\\0\\0\\0\\0Items\\0\\0\\0\\0\\0\\0\\0\\0\\0\\0\\0Chakra\\0\\0\\0\\0\\0\\0\\0\\0\\0\\0Handicap"	"83 41 83 43 83 65 83 80 8F 6F 8C BB 00 00 00 00 83 60 83 83 83 4E 83 89"	"49 74 65 6D 73 00 00 00 00 00 00 00 00 00 00 00 43 68 61 6B 72 61 00 00"
"BTL.BIN"	"0x20A240"	"2138688"	"0x20A24F"	"16"	"チャクラ\\0\\0\\0\\0\\0\\0\\0\\0ハンディキャップ\\0\\0\\0\\0\\0\\0\\0\\0\\0\\0\\0\\0\\0\\0\\0\\0"	"Chakra\\0\\0\\0\\0\\0\\0\\0\\0\\0\\0Handicap\\0\\0\\0\\0\\0\\0\\0\\0\\0\\0\\0\\0\\0\\0\\0\\0\\0\\0\\0\\0\\0\\0\\0\\0"	"83 6E 83 93 83 66 83 42 83 4C 83 83 83 62 83 76"	"48 61 6E 64 69 63 61 70 00 00 00 00 00 00 00 00"
"BTL.BIN"	"0x20A280"	"2138752"	"0x20A333"	"180"	"[`\\0@瘠\\0\\0\\0\\0\\0\\0\\0\\0\\0<r方向|ほうこう>キー<r左右|さゆう>で<r対戦時間|たいせんじかん>の<r変更|へんこう>ができます。\\0\\0\\0\\0<r方向|ほうこう>キー<r左右|さゆう>でＣＯＭの<r強|つよ>さを<r変更|へんこう>できます。\\0\\0\\0\\0\\0\\0\\0\\0\\0\\0\\0\\0<r方"	"[`\\0@瘠\\0\\0\\0\\0\\0\\0\\0\\0\\0Press Left/Right to change battle time.\\0\\0\\0\\0\\0\\0\\0\\0\\0\\0\\0\\0\\0\\0\\0\\0\\0\\0\\0\\0\\0\\0\\0\\0\\0\\0\\0\\0\\0\\0\\0\\0\\0\\0\\0\\0\\0\\0\\0\\0\\0\\0\\0\\0\\0\\0\\0\\0\\0\\0\\0\\0\\0\\0\\0\\0\\0Press Left/Right to change COM strength.\\0\\0\\0\\0\\0\\0\\0\\0\\0\\0\\0\\0\\0\\0\\0\\0\\0\\0\\0\\0\\0\\0\\0\\0\\0\\0\\0\\0\\0\\0\\0\\0\\0\\0\\0\\0\\0\\0\\0\\0\\0\\0\\0\\0\\0\\0\\0\\0\\0\\0\\0\\0\\0\\0\\0\\0Pres"	"3C 72 95 FB 8C FC 7C 82 D9 82 A4 82 B1 82 A4 3E 83 4C 81 5B 3C 72 8D B6 89 45 7C 82 B3 82 E4 82"	"50 72 65 73 73 20 4C 65 66 74 2F 52 69 67 68 74 20 74 6F 20 63 68 61 6E 67 65 20 62 61 74 74 6C"
"BTL.BIN"	"0x20A340"	"2138944"	"0x20A421"	"226"	"す。\\0\\0\\0\\0\\0\\0\\0\\0\\0\\0\\0\\0<r方向|ほうこう>キー<r左右|さゆう>でアイテムの<r出現率|しゅつげんりつ>が<r変更|へんこう>できます。　　　　　<r多|おお>めにすると、いつもよりゲーム<r中|ちゅう>に<r出現|しゅつげん>するアイテムの<r数|かず>が<r多|おお>くなります。\\0\\0\\0\\0\\0\\0\\0\\0\\0\\0\\0\\0\\0\\0<r"	"\\0\\0\\0\\0\\0\\0\\0\\0\\0\\0\\0\\0\\0\\0\\0\\0Press Left/Right to change item spawn rate. Higher settings make more items appear during battle.\\0\\0\\0\\0\\0\\0\\0\\0\\0\\0\\0\\0\\0\\0\\0\\0\\0\\0\\0\\0\\0\\0\\0\\0\\0\\0\\0\\0\\0\\0\\0\\0\\0\\0\\0\\0\\0\\0\\0\\0\\0\\0\\0\\0\\0\\0\\0\\0\\0\\0\\0\\0\\0\\0\\0\\0\\0\\0\\0\\0\\0\\0\\0\\0\\0\\0\\0\\0\\0\\0\\0\\0\\0\\0\\0\\0\\0\\0\\0\\0\\0\\0\\0\\0\\0\\0\\0\\0\\0\\0\\0\\0\\0\\0\\0\\0\\0\\0\\0\\0\\0\\0\\0\\0\\0\\0\\0\\0\\0\\0\\0\\0\\0\\0\\0\\0\\0\\0\\0\\0\\0\\0\\0\\0\\0\\0\\0\\0\\0\\0\\0\\0\\0\\0\\0\\0\\0\\0\\0\\0\\0\\0\\0Pr"	"3C 72 95 FB 8C FC 7C 82 D9 82 A4 82 B1 82 A4 3E 83 4C 81 5B 3C 72 8D B6 89 45 7C 82 B3 82 E4 82"	"50 72 65 73 73 20 4C 65 66 74 2F 52 69 67 68 74 20 74 6F 20 63 68 61 6E 67 65 20 69 74 65 6D 20"
"BTL.BIN"	"0x20A430"	"2139184"	"0x20A653"	"548"	"。\\0\\0\\0\\0\\0\\0\\0\\0\\0\\0\\0\\0\\0\\0<r方向|ほうこう>キー<r左右|さゆう>で<r忍術|にんじゅつ>などを<r使用|しよう>した<r時|とき>に、チャクラが<r減|へ>るか<r減|へ>らないかを<r設定|せってい>できます。\\0\\0<r方向|ほうこう>キー<r左右|さゆう>で<r奥義|おうぎ>の<r入力勝負|にゅうりょくしょうぶ>の<r切|き>り<r替|か>えなどが<r設定|せってい>できます。\\0\\0\\0\\0\\0\\0<r方向|ほうこう>キー<r左右|さゆう>でハンディキャップの<r設定|せってい>ができます。　　　　　<r赤|あか>いマークが<r多|おお>いほど、１Ｐが<r有利|ゆうり>。<r逆|ぎゃく>に<r青|あお>いマークが<r多|おお>いと２Ｐが<r有利|ゆうり>な<r設定|せってい>です。\\0\\0\\0\\0\\0\\0\\0\\0\\0\\0\\0\\0.瘠\\0"	"\\0\\0\\0\\0\\0\\0\\0\\0\\0\\0\\0\\0\\0\\0\\0\\0Press Left/Right to set whether chakra decreases when using Ninjutsu and similar actions.\\0\\0\\0\\0\\0\\0\\0\\0\\0\\0\\0\\0\\0\\0\\0\\0\\0\\0\\0\\0\\0\\0\\0\\0\\0\\0\\0\\0\\0\\0\\0\\0\\0\\0\\0\\0\\0\\0\\0\\0\\0\\0\\0\\0\\0\\0\\0\\0\\0\\0\\0\\0\\0\\0\\0\\0\\0\\0\\0\\0\\0\\0\\0\\0\\0\\0\\0\\0\\0\\0\\0Press Left/Right to switch the Ultimate input battle settings.\\0\\0\\0\\0\\0\\0\\0\\0\\0\\0\\0\\0\\0\\0\\0\\0\\0\\0\\0\\0\\0\\0\\0\\0\\0\\0\\0\\0\\0\\0\\0\\0\\0\\0\\0\\0\\0\\0\\0\\0\\0\\0\\0\\0\\0\\0\\0\\0\\0\\0\\0\\0\\0\\0\\0\\0\\0\\0\\0\\0\\0\\0\\0\\0\\0\\0\\0\\0\\0\\0\\0\\0\\0\\0\\0\\0\\0\\0\\0\\0\\0\\0Press Left/Right to set handicap. More red marks favor 1P; more blue marks favor 2P.\\0\\0\\0\\0\\0\\0\\0\\0\\0\\0\\0\\0\\0\\0\\0\\0\\0\\0\\0\\0\\0\\0\\0\\0\\0\\0\\0\\0\\0\\0\\0\\0\\0\\0\\0\\0\\0\\0\\0\\0\\0\\0\\0\\0\\0\\0\\0\\0\\0\\0\\0\\0\\0\\0\\0\\0\\0\\0\\0\\0\\0\\0\\0\\0\\0\\0\\0\\0\\0\\0\\0\\0\\0\\0\\0\\0\\0\\0\\0\\0\\0\\0\\0\\0\\0\\0\\0\\0\\0\\0\\0\\0\\0\\0\\0\\0\\0\\0\\0\\0\\0\\0\\0\\0\\0\\0\\0\\0\\0\\0\\0\\0\\0\\0\\0\\0\\0\\0\\0\\0\\0\\0\\0\\0\\0\\0\\0\\0\\0\\0\\0\\0\\0\\0\\0\\0\\0\\0\\0\\0\\0\\0\\0\\0\\0\\0\\0\\0\\0\\0\\0\\0\\0\\0\\0\\0\\0\\0\\0\\0\\0\\0\\0\\0\\0\\0\\0\\0\\0\\0\\0\\0.瘠\\0"	"3C 72 95 FB 8C FC 7C 82 D9 82 A4 82 B1 82 A4 3E 83 4C 81 5B 3C 72 8D B6 89 45 7C 82 B3 82 E4 82"	"50 72 65 73 73 20 4C 65 66 74 2F 52 69 67 68 74 20 74 6F 20 73 65 74 20 77 68 65 74 68 65 72 20"
"BTL.BIN"	"0x20A680"	"2139776"	"0x20A6BD"	"62"	"ﾐ繼\\0`芫\\0\\0\\0\\0\\0\\0\\0\\0\\0<r対戦設定|たいせんせってい>をデフォルトに<r戻|もど>しました。\\0\\0\\0\\0\\0\\0.ﾛ・ﾀﾛ・浸"	"ﾐ繼\\0`芫\\0\\0\\0\\0\\0\\0\\0\\0\\0Battle settings restored to default.\\0\\0\\0\\0\\0\\0\\0\\0\\0\\0\\0\\0\\0\\0\\0\\0\\0\\0\\0\\0\\0\\0\\0\\0\\0\\0\\0\\0\\0\\0\\0\\0.ﾛ・ﾀﾛ・浸"	"3C 72 91 CE 90 ED 90 DD 92 E8 7C 82 BD 82 A2 82 B9 82 F1 82 B9 82 C1 82 C4 82 A2 3E 82 F0 83 66"	"42 61 74 74 6C 65 20 73 65 74 74 69 6E 67 73 20 72 65 73 74 6F 72 65 64 20 74 6F 20 64 65 66 61"
"BTL.BIN"	"0x20A748"	"2139976"	"0x20A74F"	"8"	"TEX_xmenu\\0\\0\\0\\0\\0\\0\\0連係攻撃\\0\\0\\0\\0\\0\\0\\0\\0連係モー"	"TEX_xmenu\\0\\0\\0\\0\\0\\0\\0Team Atk\\0\\0\\0\\0\\0\\0\\0\\0Team Mod"	"98 41 8C 57 8D 55 8C 82"	"54 65 61 6D 20 41 74 6B"
"BTL.BIN"	"0x20A758"	"2139992"	"0x20A7B3"	"92"	"連係攻撃\\0\\0\\0\\0\\0\\0\\0\\0連係モード\\0\\0\\0\\0\\0\\0コマンド表示\\0\\0\\0\\0ダメージ量表示\\0\\0案内忍音声\\0\\0\\0\\0\\0\\0変わり身の術\\0\\0\\0\\0追い討ち返し\\0\\0\\0\\0\\0\\0\\0\\0\\0\\0\\0\\0.[`\\0"	"Team Atk\\0\\0\\0\\0\\0\\0\\0\\0Team Mode\\0\\0\\0\\0\\0\\0\\0Cmd Display\\0\\0\\0\\0\\0Dmg Display\\0\\0\\0\\0\\0Voice\\0\\0\\0\\0\\0\\0\\0\\0\\0\\0\\0Substitution\\0\\0\\0\\0Pursuit Ctr\\0\\0\\0\\0\\0\\0\\0\\0\\0\\0\\0\\0\\0.[`\\0"	"98 41 8C 57 83 82 81 5B 83 68 00 00 00 00 00 00 83 52 83 7D 83 93 83 68 95 5C 8E A6 00 00 00 00"	"54 65 61 6D 20 4D 6F 64 65 00 00 00 00 00 00 00 43 6D 64 20 44 69 73 70 6C 61 79 00 00 00 00 00"
"BTL.BIN"	"0x20A810"	"2140176"	"0x20A8F5"	"230"	"ｨ諡\\0\\0\\0\\0\\0\\0\\0\\0\\0\\0\\0\\0\\0<r方向|ほうこう>キー<r左右|さゆう>でプレイヤーの<r体力|たいりょく>の<r状態|じょうたい>を<r設定|せってい>することができます。\\0\\0\\0\\0<r方向|ほうこう>キー<r左右|さゆう>でチャクラが<r減|へ>るか<r減|へ>らないかを<r設定|せってい>できます。\\0\\0\\0\\0\\0\\0\\0\\0\\0\\0<r方向"	"ｨ諡\\0\\0\\0\\0\\0\\0\\0\\0\\0\\0\\0\\0\\0Press Left/Right to set player health state.\\0\\0\\0\\0\\0\\0\\0\\0\\0\\0\\0\\0\\0\\0\\0\\0\\0\\0\\0\\0\\0\\0\\0\\0\\0\\0\\0\\0\\0\\0\\0\\0\\0\\0\\0\\0\\0\\0\\0\\0\\0\\0\\0\\0\\0\\0\\0\\0\\0\\0\\0\\0\\0\\0\\0\\0\\0\\0\\0\\0\\0\\0\\0\\0\\0\\0\\0\\0\\0\\0\\0\\0\\0\\0\\0\\0\\0\\0\\0\\0\\0\\0\\0\\0Press Left/Right to set whether chakra decreases.\\0\\0\\0\\0\\0\\0\\0\\0\\0\\0\\0\\0\\0\\0\\0\\0\\0\\0\\0\\0\\0\\0\\0\\0\\0\\0\\0\\0\\0\\0\\0\\0\\0\\0\\0\\0\\0\\0\\0\\0\\0\\0\\0\\0\\0\\0\\0\\0\\0\\0\\0\\0\\0\\0\\0\\0\\0\\0\\0\\0\\0\\0\\0Press"	"3C 72 95 FB 8C FC 7C 82 D9 82 A4 82 B1 82 A4 3E 83 4C 81 5B 3C 72 8D B6 89 45 7C 82 B3 82 E4 82"	"50 72 65 73 73 20 4C 65 66 74 2F 52 69 67 68 74 20 74 6F 20 73 65 74 20 70 6C 61 79 65 72 20 68"
"BTL.BIN"	"0x20A900"	"2140416"	"0x20A983"	"132"	"ます。\\0\\0\\0\\0\\0\\0\\0\\0\\0\\0<r方向|ほうこう>キー<r左右|さゆう>でプレイヤーの<r連係|れんけい>ゲージの<r溜|た>まり<r方|かた>を<r設定|せってい>することができます。\\0\\0\\0\\0\\0\\0\\0\\0\\0\\0\\0\\0<r方"	"\\0\\0\\0\\0\\0\\0\\0\\0\\0\\0\\0\\0\\0\\0\\0\\0Press Left/Right to set how the team gauge fills.\\0\\0\\0\\0\\0\\0\\0\\0\\0\\0\\0\\0\\0\\0\\0\\0\\0\\0\\0\\0\\0\\0\\0\\0\\0\\0\\0\\0\\0\\0\\0\\0\\0\\0\\0\\0\\0\\0\\0\\0\\0\\0\\0\\0\\0\\0\\0\\0\\0\\0\\0\\0\\0\\0\\0\\0\\0\\0\\0\\0\\0\\0\\0\\0\\0\\0\\0\\0\\0\\0\\0\\0\\0\\0\\0\\0\\0\\0\\0\\0\\0\\0\\0\\0\\0\\0\\0\\0\\0\\0\\0\\0\\0\\0\\0Pres"	"3C 72 95 FB 8C FC 7C 82 D9 82 A4 82 B1 82 A4 3E 83 4C 81 5B 3C 72 8D B6 89 45 7C 82 B3 82 E4 82"	"50 72 65 73 73 20 4C 65 66 74 2F 52 69 67 68 74 20 74 6F 20 73 65 74 20 68 6F 77 20 74 68 65 20"
"BTL.BIN"	"0x20A990"	"2140560"	"0x20AA75"	"230"	"す。\\0\\0\\0\\0\\0\\0\\0\\0\\0\\0\\0\\0<r方向|ほうこう>キー<r左右|さゆう>で<r連係|れんけい>の<r発動|はつどう>の<r仕方|しかた>を<r設定|せってい>することができます。\\0\\0\\0\\0<r方向|ほうこう>キー<r左右|さゆう>でアイテムの<r出現頻度|しゅつげんひんど>を<r設定|せってい>できます。\\0\\0\\0\\0\\0\\0\\0\\0\\0\\0<r方向"	"\\0\\0\\0\\0\\0\\0\\0\\0\\0\\0\\0\\0\\0\\0\\0\\0Press Left/Right to set how team attacks are activated.\\0\\0\\0\\0\\0\\0\\0\\0\\0\\0\\0\\0\\0\\0\\0\\0\\0\\0\\0\\0\\0\\0\\0\\0\\0\\0\\0\\0\\0\\0\\0\\0\\0\\0\\0\\0\\0\\0\\0\\0\\0\\0\\0\\0\\0\\0\\0\\0\\0\\0\\0\\0\\0\\0\\0\\0\\0\\0\\0\\0\\0\\0\\0\\0\\0\\0\\0\\0\\0\\0\\0\\0\\0Press Left/Right to set item spawn frequency.\\0\\0\\0\\0\\0\\0\\0\\0\\0\\0\\0\\0\\0\\0\\0\\0\\0\\0\\0\\0\\0\\0\\0\\0\\0\\0\\0\\0\\0\\0\\0\\0\\0\\0\\0\\0\\0\\0\\0\\0\\0\\0\\0\\0\\0\\0\\0\\0\\0\\0\\0\\0\\0\\0\\0\\0\\0\\0\\0\\0\\0\\0\\0\\0\\0\\0\\0Press"	"3C 72 95 FB 8C FC 7C 82 D9 82 A4 82 B1 82 A4 3E 83 4C 81 5B 3C 72 8D B6 89 45 7C 82 B3 82 E4 82"	"50 72 65 73 73 20 4C 65 66 74 2F 52 69 67 68 74 20 74 6F 20 73 65 74 20 68 6F 77 20 74 65 61 6D"
"BTL.BIN"	"0x20AA80"	"2140800"	"0x20AB87"	"264"	"ます。\\0\\0\\0\\0\\0\\0\\0\\0\\0\\0<r方向|ほうこう>キー<r左右|さゆう>でコマンドの<r表示|ひょうじ>をするか、しないかの<r設定|せってい>ができます。\\0\\0<r方向|ほうこう>キー<r左右|さゆう>で<r相手|あいて>に<r対|たい>するダメージ<r量|りょう>の<r表示|ひょうじ>をするか、しないかの<r設定|せってい>ができます。\\0\\0\\0\\0\\0\\0\\0\\0<r方向|・"	"\\0\\0\\0\\0\\0\\0\\0\\0\\0\\0\\0\\0\\0\\0\\0\\0Press Left/Right to show or hide command display.\\0\\0\\0\\0\\0\\0\\0\\0\\0\\0\\0\\0\\0\\0\\0\\0\\0\\0\\0\\0\\0\\0\\0\\0\\0\\0\\0\\0\\0\\0\\0\\0\\0\\0\\0\\0\\0\\0\\0\\0\\0\\0\\0\\0\\0\\0\\0\\0\\0\\0\\0\\0\\0\\0\\0\\0\\0\\0\\0\\0\\0\\0\\0Press Left/Right to show or hide damage dealt to the opponent.\\0\\0\\0\\0\\0\\0\\0\\0\\0\\0\\0\\0\\0\\0\\0\\0\\0\\0\\0\\0\\0\\0\\0\\0\\0\\0\\0\\0\\0\\0\\0\\0\\0\\0\\0\\0\\0\\0\\0\\0\\0\\0\\0\\0\\0\\0\\0\\0\\0\\0\\0\\0\\0\\0\\0\\0\\0\\0\\0\\0\\0\\0\\0\\0\\0\\0\\0\\0\\0\\0\\0\\0\\0\\0\\0\\0\\0\\0\\0\\0\\0\\0\\0\\0\\0\\0\\0\\0\\0\\0\\0\\0\\0\\0\\0\\0\\0\\0Press Le"	"3C 72 95 FB 8C FC 7C 82 D9 82 A4 82 B1 82 A4 3E 83 4C 81 5B 3C 72 8D B6 89 45 7C 82 B3 82 E4 82"	"50 72 65 73 73 20 4C 65 66 74 2F 52 69 67 68 74 20 74 6F 20 73 68 6F 77 20 6F 72 20 68 69 64 65"
"BTL.BIN"	"0x20AB90"	"2141072"	"0x20AC17"	"136"	"きます。\\0\\0\\0\\0\\0\\0\\0\\0<r方向|ほうこう>キー<r左右|さゆう>でプラクティス<r中|ちゅう>の<r案内忍音声|あんないにんおんせい>の<r設定|せってい>をすることができます。\\0\\0\\0\\0\\0\\0\\0\\0<r状態|・"	"\\0\\0\\0\\0\\0\\0\\0\\0\\0\\0\\0\\0\\0\\0\\0\\0Press Left/Right to set the practice guide ninja voice.\\0\\0\\0\\0\\0\\0\\0\\0\\0\\0\\0\\0\\0\\0\\0\\0\\0\\0\\0\\0\\0\\0\\0\\0\\0\\0\\0\\0\\0\\0\\0\\0\\0\\0\\0\\0\\0\\0\\0\\0\\0\\0\\0\\0\\0\\0\\0\\0\\0\\0\\0\\0\\0\\0\\0\\0\\0\\0\\0\\0\\0\\0\\0\\0\\0\\0\\0\\0\\0\\0\\0\\0\\0\\0\\0\\0\\0\\0\\0\\0\\0\\0\\0\\0\\0\\0\\0\\0\\0Set COM"	"3C 72 95 FB 8C FC 7C 82 D9 82 A4 82 B1 82 A4 3E 83 4C 81 5B 3C 72 8D B6 89 45 7C 82 B3 82 E4 82"	"50 72 65 73 73 20 4C 65 66 74 2F 52 69 67 68 74 20 74 6F 20 73 65 74 20 74 68 65 20 70 72 61 63"
"BTL.BIN"	"0x20AC20"	"2141216"	"0x20ADC3"	"420"	"きます。\\0\\0\\0\\0\\0\\0\\0\\0<r状態|じょうたい>が「ＣＯＭ」に<r設定|せってい>されている<r時|とき>の<r強|つよ>さを<r指定|してい>できます。\\0\\0\\0\\0<r状態|じょうたい>が「<r立|た>ち・ジャンプ・<r二段|にだん>ジャンプ」に<r設定|せってい>されている<r時|とき>の<r攻撃|こうげき>パターンを<r指定|してい>できます。\\0\\0<r状態|じょうたい>が「<r立|た>ち・ジャンプ・<r二段|にだん>ジャンプ」に<r設定|せってい>されている<r時|とき>のガードパターンを<r指定|してい>できます。\\0\\0\\0\\0\\0\\0\\0\\0\\0\\0\\0\\0<r状"	"\\0\\0\\0\\0\\0\\0\\0\\0\\0\\0\\0\\0\\0\\0\\0\\0Set COM strength when State is set to COM.\\0\\0\\0\\0\\0\\0\\0\\0\\0\\0\\0\\0\\0\\0\\0\\0\\0\\0\\0\\0\\0\\0\\0\\0\\0\\0\\0\\0\\0\\0\\0\\0\\0\\0\\0\\0\\0\\0\\0\\0\\0\\0\\0\\0\\0\\0\\0\\0\\0\\0\\0\\0\\0\\0\\0\\0\\0\\0\\0\\0\\0\\0\\0\\0\\0\\0\\0\\0\\0\\0Set attack pattern when State is Stand, Jump, or Double Jump.\\0\\0\\0\\0\\0\\0\\0\\0\\0\\0\\0\\0\\0\\0\\0\\0\\0\\0\\0\\0\\0\\0\\0\\0\\0\\0\\0\\0\\0\\0\\0\\0\\0\\0\\0\\0\\0\\0\\0\\0\\0\\0\\0\\0\\0\\0\\0\\0\\0\\0\\0\\0\\0\\0\\0\\0\\0\\0\\0\\0\\0\\0\\0\\0\\0\\0\\0\\0\\0\\0\\0\\0\\0\\0\\0\\0\\0\\0\\0\\0\\0\\0\\0\\0\\0\\0\\0\\0\\0\\0\\0\\0\\0\\0\\0\\0\\0\\0\\0Set guard pattern when State is Stand, Jump, or Double Jump.\\0\\0\\0\\0\\0\\0\\0\\0\\0\\0\\0\\0\\0\\0\\0\\0\\0\\0\\0\\0\\0\\0\\0\\0\\0\\0\\0\\0\\0\\0\\0\\0\\0\\0\\0\\0\\0\\0\\0\\0\\0\\0\\0\\0\\0\\0\\0\\0\\0\\0\\0\\0\\0\\0\\0\\0\\0\\0\\0\\0\\0\\0\\0\\0\\0\\0\\0\\0\\0\\0\\0\\0\\0\\0\\0\\0\\0\\0\\0\\0\\0\\0\\0\\0\\0\\0\\0\\0\\0\\0\\0\\0\\0\\0\\0\\0\\0\\0\\0\\0Set"	"3C 72 8F F3 91 D4 7C 82 B6 82 E5 82 A4 82 BD 82 A2 3E 82 AA 81 75 82 62 82 6E 82 6C 81 76 82 C9"	"53 65 74 20 43 4F 4D 20 73 74 72 65 6E 67 74 68 20 77 68 65 6E 20 53 74 61 74 65 20 69 73 20 73"
"BTL.BIN"	"0x20ADD0"	"2141648"	"0x20B067"	"664"	"す。\\0\\0\\0\\0\\0\\0\\0\\0\\0\\0\\0\\0<r状態|じょうたい>が「<r立|た>ち・ジャンプ・<r二段|にだん>ジャンプ」に<r設定|せってい>されている<r時|とき>の<r行動|こうどう>パターンを<r指定|してい>できます。\\0\\0<r状態|じょうたい>が「ＣＯＭ」に<r設定|せってい>されている<r時|とき>の<r変|か>わり<r身|み>の<r術|じゅつ>の<r使用頻度|しようひんど>を<r指定|してい>できます。\\0\\0\\0\\0<r状態|じょうたい>が「<r手動|しゅどう>」<r以外|いがい>に<r設定|せってい>されている<r時|とき>の<r連係攻撃|れんけいこうげき>の<r使用頻度|しようひんど>を<r指定|してい>できます。\\0\\0<r状態|じょうたい>が「<r手動|しゅどう>」<r以外|いがい>に<r設定|せってい>されている<r時|とき>の<r追|お>い<r討|う>ち<r返|がえ>しの<r頻度|ひんど>を<r指定|してい>できます。\\0\\0\\0\\0\\0\\0\\0\\0.迢\\0千・"	"\\0\\0\\0\\0\\0\\0\\0\\0\\0\\0\\0\\0\\0\\0\\0\\0Set behavior pattern when State is Stand, Jump, or Double Jump.\\0\\0\\0\\0\\0\\0\\0\\0\\0\\0\\0\\0\\0\\0\\0\\0\\0\\0\\0\\0\\0\\0\\0\\0\\0\\0\\0\\0\\0\\0\\0\\0\\0\\0\\0\\0\\0\\0\\0\\0\\0\\0\\0\\0\\0\\0\\0\\0\\0\\0\\0\\0\\0\\0\\0\\0\\0\\0\\0\\0\\0\\0\\0\\0\\0\\0\\0\\0\\0\\0\\0\\0\\0\\0\\0\\0\\0\\0\\0\\0\\0\\0\\0\\0\\0\\0\\0\\0\\0\\0\\0\\0\\0\\0\\0\\0\\0Set Substitution frequency when State is COM.\\0\\0\\0\\0\\0\\0\\0\\0\\0\\0\\0\\0\\0\\0\\0\\0\\0\\0\\0\\0\\0\\0\\0\\0\\0\\0\\0\\0\\0\\0\\0\\0\\0\\0\\0\\0\\0\\0\\0\\0\\0\\0\\0\\0\\0\\0\\0\\0\\0\\0\\0\\0\\0\\0\\0\\0\\0\\0\\0\\0\\0\\0\\0\\0\\0\\0\\0\\0\\0\\0\\0\\0\\0\\0\\0\\0\\0\\0\\0\\0\\0\\0\\0\\0\\0\\0\\0\\0\\0\\0\\0\\0\\0\\0\\0\\0\\0\\0\\0\\0\\0\\0\\0\\0\\0\\0\\0\\0\\0\\0\\0\\0\\0\\0\\0Set Team Attack frequency when State is not Manual.\\0\\0\\0\\0\\0\\0\\0\\0\\0\\0\\0\\0\\0\\0\\0\\0\\0\\0\\0\\0\\0\\0\\0\\0\\0\\0\\0\\0\\0\\0\\0\\0\\0\\0\\0\\0\\0\\0\\0\\0\\0\\0\\0\\0\\0\\0\\0\\0\\0\\0\\0\\0\\0\\0\\0\\0\\0\\0\\0\\0\\0\\0\\0\\0\\0\\0\\0\\0\\0\\0\\0\\0\\0\\0\\0\\0\\0\\0\\0\\0\\0\\0\\0\\0\\0\\0\\0\\0\\0\\0\\0\\0\\0\\0\\0\\0\\0\\0\\0\\0\\0\\0\\0\\0\\0\\0\\0\\0\\0\\0\\0\\0\\0\\0\\0\\0\\0\\0\\0\\0\\0\\0\\0\\0\\0Set Pursuit Counter frequency when State is not Manual.\\0\\0\\0\\0\\0\\0\\0\\0\\0\\0\\0\\0\\0\\0\\0\\0\\0\\0\\0\\0\\0\\0\\0\\0\\0\\0\\0\\0\\0\\0\\0\\0\\0\\0\\0\\0\\0\\0\\0\\0\\0\\0\\0\\0\\0\\0\\0\\0\\0\\0\\0\\0\\0\\0\\0\\0\\0\\0\\0\\0\\0\\0\\0\\0\\0\\0\\0\\0\\0\\0\\0\\0\\0\\0\\0\\0\\0\\0\\0\\0\\0\\0\\0\\0\\0\\0\\0\\0\\0\\0\\0\\0\\0\\0\\0\\0\\0\\0\\0\\0\\0\\0\\0\\0\\0\\0\\0\\0\\0\\0\\0\\0\\0\\0\\0\\0\\0\\0\\0\\0\\0.迢\\0千・"	"3C 72 8F F3 91 D4 7C 82 B6 82 E5 82 A4 82 BD 82 A2 3E 82 AA 81 75 3C 72 97 A7 7C 82 BD 3E 82 BF"	"53 65 74 20 62 65 68 61 76 69 6F 72 20 70 61 74 74 65 72 6E 20 77 68 65 6E 20 53 74 61 74 65 20"
"BTL.BIN"	"0x20B0C0"	"2142400"	"0x20B163"	"164"	"ﾀ誾\\0\\0\\0\\0\\0\\0\\0\\0\\0\\0\\0\\0\\0<r対戦|たいせん><r相手|あいて>の<r状態|じょうたい>を<r指定|してい>できます。<r手動|しゅどう>では、<r別|べつ>のコントローラで<r操作|そうさ>する<r事|こと>ができます。\\0\\0\\0\\0\\0\\0\\0\\0\\0\\0\\0\\0<r対"	"ﾀ誾\\0\\0\\0\\0\\0\\0\\0\\0\\0\\0\\0\\0\\0Set opponent state. In Manual, control them with another controller.\\0\\0\\0\\0\\0\\0\\0\\0\\0\\0\\0\\0\\0\\0\\0\\0\\0\\0\\0\\0\\0\\0\\0\\0\\0\\0\\0\\0\\0\\0\\0\\0\\0\\0\\0\\0\\0\\0\\0\\0\\0\\0\\0\\0\\0\\0\\0\\0\\0\\0\\0\\0\\0\\0\\0\\0\\0\\0\\0\\0\\0\\0\\0\\0\\0\\0\\0\\0\\0\\0\\0\\0\\0\\0\\0\\0\\0\\0\\0\\0\\0\\0\\0\\0\\0\\0\\0\\0\\0\\0\\0\\0\\0\\0\\0\\0\\0\\0\\0\\0\\0\\0\\0\\0\\0\\0\\0\\0Set"	"3C 72 91 CE 90 ED 7C 82 BD 82 A2 82 B9 82 F1 3E 3C 72 91 8A 8E E8 7C 82 A0 82 A2 82 C4 3E 82 CC"	"53 65 74 20 6F 70 70 6F 6E 65 6E 74 20 73 74 61 74 65 2E 20 49 6E 20 4D 61 6E 75 61 6C 2C 20 63"
"BTL.BIN"	"0x20B170"	"2142576"	"0x20B1FF"	"144"	"す。\\0\\0\\0\\0\\0\\0\\0\\0\\0\\0\\0\\0<r対戦|たいせん><r相手|あいて>の<r状態|じょうたい>を<r指定|してい>できます。ＣＯＭでは、コンピュータと<r対戦|たいせん>する<r事|こと>ができます。\\0\\0\\0\\0\\0\\0\\0\\0\\0\\0\\0\\0\\0\\0\\0\\0"	"\\0\\0\\0\\0\\0\\0\\0\\0\\0\\0\\0\\0\\0\\0\\0\\0Set opponent state. In COM, fight against the computer.\\0\\0\\0\\0\\0\\0\\0\\0\\0\\0\\0\\0\\0\\0\\0\\0\\0\\0\\0\\0\\0\\0\\0\\0\\0\\0\\0\\0\\0\\0\\0\\0\\0\\0\\0\\0\\0\\0\\0\\0\\0\\0\\0\\0\\0\\0\\0\\0\\0\\0\\0\\0\\0\\0\\0\\0\\0\\0\\0\\0\\0\\0\\0\\0\\0\\0\\0\\0\\0\\0\\0\\0\\0\\0\\0\\0\\0\\0\\0\\0\\0\\0\\0\\0\\0\\0\\0\\0\\0\\0\\0\\0\\0\\0\\0\\0\\0\\0\\0\\0\\0\\0\\0\\0\\0"	"3C 72 91 CE 90 ED 7C 82 BD 82 A2 82 B9 82 F1 3E 3C 72 91 8A 8E E8 7C 82 A0 82 A2 82 C4 3E 82 CC"	"53 65 74 20 6F 70 70 6F 6E 65 6E 74 20 73 74 61 74 65 2E 20 49 6E 20 43 4F 4D 2C 20 66 69 67 68"
"BTL.BIN"	"0x20B210"	"2142736"	"0x20B2C5"	"182"	"\\0\\0\\0\\0\\0\\0\\0\\0\\0\\0\\0\\0\\0\\0\\0\\0<r対戦|たいせん><r相手|あいて>の<r状態|じょうたい>を<r指定|してい>できます。<r立|た>ちでは、<r立|た>った<r状態|じょうたい>で<r下記|かき>で<r指定|してい>した<r行動|こうどう>をします。\\0\\0\\0\\0\\0\\0\\0\\0\\0\\0<r対戦"	"\\0\\0\\0\\0\\0\\0\\0\\0\\0\\0\\0\\0\\0\\0\\0\\0Set opponent state. Stand makes them stand and use the actions below.\\0\\0\\0\\0\\0\\0\\0\\0\\0\\0\\0\\0\\0\\0\\0\\0\\0\\0\\0\\0\\0\\0\\0\\0\\0\\0\\0\\0\\0\\0\\0\\0\\0\\0\\0\\0\\0\\0\\0\\0\\0\\0\\0\\0\\0\\0\\0\\0\\0\\0\\0\\0\\0\\0\\0\\0\\0\\0\\0\\0\\0\\0\\0\\0\\0\\0\\0\\0\\0\\0\\0\\0\\0\\0\\0\\0\\0\\0\\0\\0\\0\\0\\0\\0\\0\\0\\0\\0\\0\\0\\0\\0\\0\\0\\0\\0\\0\\0\\0\\0\\0\\0\\0\\0\\0\\0\\0\\0\\0\\0\\0\\0\\0\\0\\0\\0\\0\\0\\0\\0\\0\\0\\0Set op"	"3C 72 91 CE 90 ED 7C 82 BD 82 A2 82 B9 82 F1 3E 3C 72 91 8A 8E E8 7C 82 A0 82 A2 82 C4 3E 82 CC"	"53 65 74 20 6F 70 70 6F 6E 65 6E 74 20 73 74 61 74 65 2E 20 53 74 61 6E 64 20 6D 61 6B 65 73 20"
"BTL.BIN"	"0x20B2D0"	"2142928"	"0x20B373"	"164"	"ます。\\0\\0\\0\\0\\0\\0\\0\\0\\0\\0<r対戦|たいせん><r相手|あいて>の<r状態|じょうたい>を<r指定|してい>できます。ジャンプでは、ジャンプしながら<r下記|かき>で<r指定|してい>した<r行動|こうどう>をします。\\0\\0\\0\\0\\0\\0\\0\\0\\0\\0\\0\\0<r対"	"\\0\\0\\0\\0\\0\\0\\0\\0\\0\\0\\0\\0\\0\\0\\0\\0Set opponent state. Jump makes them jump and use the actions below.\\0\\0\\0\\0\\0\\0\\0\\0\\0\\0\\0\\0\\0\\0\\0\\0\\0\\0\\0\\0\\0\\0\\0\\0\\0\\0\\0\\0\\0\\0\\0\\0\\0\\0\\0\\0\\0\\0\\0\\0\\0\\0\\0\\0\\0\\0\\0\\0\\0\\0\\0\\0\\0\\0\\0\\0\\0\\0\\0\\0\\0\\0\\0\\0\\0\\0\\0\\0\\0\\0\\0\\0\\0\\0\\0\\0\\0\\0\\0\\0\\0\\0\\0\\0\\0\\0\\0\\0\\0\\0\\0\\0\\0\\0\\0\\0\\0\\0\\0\\0\\0\\0\\0\\0\\0\\0\\0\\0\\0Set"	"3C 72 91 CE 90 ED 7C 82 BD 82 A2 82 B9 82 F1 3E 3C 72 91 8A 8E E8 7C 82 A0 82 A2 82 C4 3E 82 CC"	"53 65 74 20 6F 70 70 6F 6E 65 6E 74 20 73 74 61 74 65 2E 20 4A 75 6D 70 20 6D 61 6B 65 73 20 74"
"BTL.BIN"	"0x20B380"	"2143104"	"0x20B43F"	"192"	"す。\\0\\0\\0\\0\\0\\0\\0\\0\\0\\0\\0\\0<r対戦|たいせん><r相手|あいて>の<r状態|じょうたい>を<r指定|してい>できます。<r二段|にだん>ジャンプでは、<r二段|にだん>ジャンプしながら<r下記|かき>で<r指定|してい>した<r行動|こうどう>をします。\\0\\0\\0\\0\\0\\0\\0\\0\\0\\0\\0\\0\\0\\0\\0\\0"	"\\0\\0\\0\\0\\0\\0\\0\\0\\0\\0\\0\\0\\0\\0\\0\\0Set opponent state. Double Jump makes them double-jump and use the actions below.\\0\\0\\0\\0\\0\\0\\0\\0\\0\\0\\0\\0\\0\\0\\0\\0\\0\\0\\0\\0\\0\\0\\0\\0\\0\\0\\0\\0\\0\\0\\0\\0\\0\\0\\0\\0\\0\\0\\0\\0\\0\\0\\0\\0\\0\\0\\0\\0\\0\\0\\0\\0\\0\\0\\0\\0\\0\\0\\0\\0\\0\\0\\0\\0\\0\\0\\0\\0\\0\\0\\0\\0\\0\\0\\0\\0\\0\\0\\0\\0\\0\\0\\0\\0\\0\\0\\0\\0\\0\\0\\0\\0\\0\\0\\0\\0\\0\\0\\0\\0\\0\\0\\0\\0\\0\\0\\0\\0\\0\\0\\0\\0\\0\\0\\0\\0\\0\\0\\0\\0\\0\\0\\0\\0\\0\\0\\0"	"3C 72 91 CE 90 ED 7C 82 BD 82 A2 82 B9 82 F1 3E 3C 72 91 8A 8E E8 7C 82 A0 82 A2 82 C4 3E 82 CC"	"53 65 74 20 6F 70 70 6F 6E 65 6E 74 20 73 74 61 74 65 2E 20 44 6F 75 62 6C 65 20 4A 75 6D 70 20"
"BTL.BIN"	"0x20B468"	"2143336"	"0x20B475"	"14"	"..\\0ﾐ.\\0..\\0\\0\\0\\0\\0対戦相手の設定\\0\\0\\0\\0\\0\\0\\0\\0\\0\\08ﾜ・浸"	"..\\0ﾐ.\\0..\\0\\0\\0\\0\\0Opponent Set\\0\\0\\0\\0\\0\\0\\0\\0\\0\\0\\0\\08ﾜ・浸"	"91 CE 90 ED 91 8A 8E E8 82 CC 90 DD 92 E8"	"4F 70 70 6F 6E 65 6E 74 20 53 65 74 00 00"
"BTL.BIN"	"0x20B4D0"	"2143440"	"0x20B50F"	"64"	"P[`\\0\\0\\0\\0\\0\\0\\0\\0\\0\\0\\0\\0\\0<r練習設定|れんしゅうせってい>をデフォルトに<r戻|もど>しました。\\0\\0\\0\\0\\0\\0\\0\\0prac.ccs"	"P[`\\0\\0\\0\\0\\0\\0\\0\\0\\0\\0\\0\\0\\0Practice settings restored to default.\\0\\0\\0\\0\\0\\0\\0\\0\\0\\0\\0\\0\\0\\0\\0\\0\\0\\0\\0\\0\\0\\0\\0\\0\\0\\0\\0\\0\\0\\0\\0\\0\\0\\0prac.ccs"	"3C 72 97 FB 8F 4B 90 DD 92 E8 7C 82 EA 82 F1 82 B5 82 E3 82 A4 82 B9 82 C1 82 C4 82 A2 3E 82 F0"	"50 72 61 63 74 69 63 65 20 73 65 74 74 69 6E 67 73 20 72 65 73 74 6F 72 65 64 20 74 6F 20 64 65"
"BTL.BIN"	"0x20B7F8"	"2144248"	"0x20B7FF"	"8"	"00t0 body\\0\\0\\0\\0\\0\\0\\0連係攻撃\\0\\0\\0\\0\\0\\0\\0\\0BIN_%s%d"	"00t0 body\\0\\0\\0\\0\\0\\0\\0TeamAtk\\0\\0\\0\\0\\0\\0\\0\\0\\0BIN_%s%d"	"98 41 8C 57 8D 55 8C 82"	"54 65 61 6D 41 74 6B 00"
"ETC.BIN"	"0x24F50"	"151376"	"0x24FA5"	"86"	"panel\\0\\0\\0\\0\\0\\0\\0\\0\\0\\0\\0<color080860>コレクション<color000000>を<r終了|しゅうりょう>しますか？\\0\\0うずまきナルト\\0\\0\\0\\0\\0\\0\\0\\0\\0\\0<r春野"	"panel\\0\\0\\0\\0\\0\\0\\0\\0\\0\\0\\0Quit Collection?\\0\\0\\0\\0\\0\\0\\0\\0\\0\\0\\0\\0\\0\\0\\0\\0\\0\\0\\0\\0\\0\\0\\0\\0\\0\\0\\0\\0\\0\\0\\0\\0\\0\\0\\0\\0\\0\\0\\0\\0\\0\\0\\0\\0\\0\\0\\0\\0\\0\\0\\0\\0\\0\\0\\0\\0Naruto Uzumaki\\0\\0\\0\\0\\0\\0\\0\\0\\0\\0Sakura"	"3C 63 6F 6C 6F 72 30 38 30 38 36 30 3E 83 52 83 8C 83 4E 83 56 83 87 83 93 3C 63 6F 6C 6F 72 30"	"51 75 69 74 20 43 6F 6C 6C 65 63 74 69 6F 6E 3F 00 00 00 00 00 00 00 00 00 00 00 00 00 00 00 00"
"ETC.BIN"	"0x24FB0"	"151472"	"0x24FC3"	"20"	"ナルト\\0\\0\\0\\0\\0\\0\\0\\0\\0\\0<r春野|はるの>サクラ\\0\\0\\0\\0はたけカカシ"	"zumaki\\0\\0\\0\\0\\0\\0\\0\\0\\0\\0Sakura Haruno\\0\\0\\0\\0\\0\\0\\0\\0\\0\\0\\0はたけカカシ"	"3C 72 8F 74 96 EC 7C 82 CD 82 E9 82 CC 3E 83 54 83 4E 83 89"	"53 61 6B 75 72 61 20 48 61 72 75 6E 6F 00 00 00 00 00 00 00"
"ETC.BIN"	"0x24FE0"	"151520"	"0x2500F"	"48"	"カシ\\0\\0\\0\\0\\0\\0\\0\\0\\0\\0\\0\\0<r日向|ひゅうが>ネジ\\0\\0\\0\\0ロック・リー\\0\\0\\0\\0テンテン\\0\\0\\0\\0\\0\\0\\0\\0マイト・"	"カシ\\0\\0\\0\\0\\0\\0\\0\\0\\0\\0\\0\\0Neji Hyuga\\0\\0\\0\\0\\0\\0\\0\\0\\0\\0\\0\\0\\0\\0Rock Lee\\0\\0\\0\\0\\0\\0\\0\\0Tenten\\0\\0\\0\\0\\0\\0\\0\\0\\0\\0Might Gu"	"3C 72 93 FA 8C FC 7C 82 D0 82 E3 82 A4 82 AA 3E 83 6C 83 57 00 00 00 00 83 8D 83 62 83 4E 81 45"	"4E 65 6A 69 20 48 79 75 67 61 00 00 00 00 00 00 00 00 00 00 00 00 00 00 52 6F 63 6B 20 4C 65 65"
"ETC.BIN"	"0x25018"	"151576"	"0x25023"	"12"	"テンテン\\0\\0\\0\\0\\0\\0\\0\\0マイト・ガイ\\0\\0\\0\\0\\0\\0\\0\\0\\0\\0\\0\\0<r奈"	"Tenten\\0\\0\\0\\0\\0\\0\\0\\0\\0\\0Might Guy\\0\\0\\0\\0\\0\\0\\0\\0\\0\\0\\0\\0\\0\\0\\0Shik"	"83 7D 83 43 83 67 81 45 83 4B 83 43"	"4D 69 67 68 74 20 47 75 79 00 00 00"
"ETC.BIN"	"0x25030"	"151600"	"0x25043"	"20"	"ガイ\\0\\0\\0\\0\\0\\0\\0\\0\\0\\0\\0\\0<r奈良|なら>シカマル\\0\\0\\0\\0\\0\\0\\0\\0\\0\\0\\0\\0<r秋"	"y\\0\\0\\0\\0\\0\\0\\0\\0\\0\\0\\0\\0\\0\\0\\0Shikamaru Nara\\0\\0\\0\\0\\0\\0\\0\\0\\0\\0\\0\\0\\0\\0\\0\\0\\0\\0Choj"	"3C 72 93 DE 97 C7 7C 82 C8 82 E7 3E 83 56 83 4A 83 7D 83 8B"	"53 68 69 6B 61 6D 61 72 75 20 4E 61 72 61 00 00 00 00 00 00"
"ETC.BIN"	"0x25050"	"151632"	"0x25067"	"24"	"マル\\0\\0\\0\\0\\0\\0\\0\\0\\0\\0\\0\\0<r秋道|あきみち>チョウジ\\0\\0\\0\\0\\0\\0\\0\\0<r山中|・"	"\\0\\0\\0\\0\\0\\0\\0\\0\\0\\0\\0\\0\\0\\0\\0\\0Choji Akimichi\\0\\0\\0\\0\\0\\0\\0\\0\\0\\0\\0\\0\\0\\0\\0\\0\\0\\0Ino Yama"	"3C 72 8F 48 93 B9 7C 82 A0 82 AB 82 DD 82 BF 3E 83 60 83 87 83 45 83 57"	"43 68 6F 6A 69 20 41 6B 69 6D 69 63 68 69 00 00 00 00 00 00 00 00 00 00"
"ETC.BIN"	"0x25070"	"151664"	"0x25083"	"20"	"チョウジ\\0\\0\\0\\0\\0\\0\\0\\0<r山中|やまなか>いの\\0\\0\\0\\0\\0\\0\\0\\0\\0\\0\\0\\0<r猿"	"\\0\\0\\0\\0\\0\\0\\0\\0\\0\\0\\0\\0\\0\\0\\0\\0Ino Yamanaka\\0\\0\\0\\0\\0\\0\\0\\0\\0\\0\\0\\0\\0\\0\\0\\0\\0\\0\\0\\0Asum"	"3C 72 8E 52 92 86 7C 82 E2 82 DC 82 C8 82 A9 3E 82 A2 82 CC"	"49 6E 6F 20 59 61 6D 61 6E 61 6B 61 00 00 00 00 00 00 00 00"
"ETC.BIN"	"0x25090"	"151696"	"0x250A5"	"22"	"いの\\0\\0\\0\\0\\0\\0\\0\\0\\0\\0\\0\\0<r猿飛|さるとび>アスマ\\0\\0\\0\\0\\0\\0\\0\\0\\0\\0<r犬塚"	"\\0\\0\\0\\0\\0\\0\\0\\0\\0\\0\\0\\0\\0\\0\\0\\0Asuma Sarutobi\\0\\0\\0\\0\\0\\0\\0\\0\\0\\0\\0\\0\\0\\0\\0\\0\\0\\0Kiba I"	"3C 72 89 8E 94 F2 7C 82 B3 82 E9 82 C6 82 D1 3E 83 41 83 58 83 7D"	"41 73 75 6D 61 20 53 61 72 75 74 6F 62 69 00 00 00 00 00 00 00 00"
"ETC.BIN"	"0x250B0"	"151728"	"0x250C3"	"20"	"アスマ\\0\\0\\0\\0\\0\\0\\0\\0\\0\\0<r犬塚|いぬづか>キバ\\0\\0\\0\\0\\0\\0\\0\\0\\0\\0\\0\\0<r油"	"\\0\\0\\0\\0\\0\\0\\0\\0\\0\\0\\0\\0\\0\\0\\0\\0Kiba Inuzuka\\0\\0\\0\\0\\0\\0\\0\\0\\0\\0\\0\\0\\0\\0\\0\\0\\0\\0\\0\\0Shin"	"3C 72 8C A2 92 CB 7C 82 A2 82 CA 82 C3 82 A9 3E 83 4C 83 6F"	"4B 69 62 61 20 49 6E 75 7A 75 6B 61 00 00 00 00 00 00 00 00"
"ETC.BIN"	"0x250D0"	"151760"	"0x250E3"	"20"	"キバ\\0\\0\\0\\0\\0\\0\\0\\0\\0\\0\\0\\0<r油女|あぶらめ>シノ\\0\\0\\0\\0\\0\\0\\0\\0\\0\\0\\0\\0<r日"	"\\0\\0\\0\\0\\0\\0\\0\\0\\0\\0\\0\\0\\0\\0\\0\\0Shino Aburame\\0\\0\\0\\0\\0\\0\\0\\0\\0\\0\\0\\0\\0\\0\\0\\0\\0\\0\\0Hina"	"3C 72 96 FB 8F 97 7C 82 A0 82 D4 82 E7 82 DF 3E 83 56 83 6D"	"53 68 69 6E 6F 20 41 62 75 72 61 6D 65 00 00 00 00 00 00 00"
"ETC.BIN"	"0x250F0"	"151792"	"0x25105"	"22"	"シノ\\0\\0\\0\\0\\0\\0\\0\\0\\0\\0\\0\\0<r日向|ひゅうが>ヒナタ\\0\\0\\0\\0\\0\\0\\0\\0\\0\\0<r夕日"	"\\0\\0\\0\\0\\0\\0\\0\\0\\0\\0\\0\\0\\0\\0\\0\\0Hinata Hyuga\\0\\0\\0\\0\\0\\0\\0\\0\\0\\0\\0\\0\\0\\0\\0\\0\\0\\0\\0\\0Kurena"	"3C 72 93 FA 8C FC 7C 82 D0 82 E3 82 A4 82 AA 3E 83 71 83 69 83 5E"	"48 69 6E 61 74 61 20 48 79 75 67 61 00 00 00 00 00 00 00 00 00 00"
"ETC.BIN"	"0x25110"	"151824"	"0x25161"	"82"	"ヒナタ\\0\\0\\0\\0\\0\\0\\0\\0\\0\\0<r夕日|ゆうひ><r紅|くれない>\\0\\0\\0\\0<r風影|かぜかげ>・<r我愛羅|ガアラ>\\0\\0\\0\\0\\0\\0カンクロウ\\0\\0\\0\\0\\0\\0\\0\\0\\0\\0\\0\\0\\0\\0チ"	"\\0\\0\\0\\0\\0\\0\\0\\0\\0\\0\\0\\0\\0\\0\\0\\0Kurenai Yuhi\\0\\0\\0\\0\\0\\0\\0\\0\\0\\0\\0\\0\\0\\0\\0\\0\\0\\0\\0\\0Kazekage Gaara\\0\\0\\0\\0\\0\\0\\0\\0\\0\\0\\0\\0\\0\\0\\0\\0\\0\\0\\0\\0\\0\\0\\0\\0\\0\\0Kankuro\\0\\0\\0\\0\\0\\0\\0\\0\\0\\0\\0\\0\\0\\0\\0\\0\\0Ch"	"3C 72 97 5B 93 FA 7C 82 E4 82 A4 82 D0 3E 3C 72 8D 67 7C 82 AD 82 EA 82 C8 82 A2 3E 00 00 00 00"	"4B 75 72 65 6E 61 69 20 59 75 68 69 00 00 00 00 00 00 00 00 00 00 00 00 00 00 00 00 00 00 00 00"
"ETC.BIN"	"0x25170"	"151920"	"0x2518D"	"30"	"ウ\\0\\0\\0\\0\\0\\0\\0\\0\\0\\0\\0\\0\\0\\0チヨバア（<r体術|たいじゅつ>）\\0\\0うちはイタチ\\0\\0"	"\\0\\0\\0\\0\\0\\0\\0\\0\\0\\0\\0\\0\\0\\0\\0\\0Chiyo (Taijutsu)\\0\\0\\0\\0\\0\\0\\0\\0\\0\\0\\0\\0\\0\\0\\0\\0うちはイタチ\\0\\0"	"83 60 83 88 83 6F 83 41 81 69 3C 72 91 CC 8F 70 7C 82 BD 82 A2 82 B6 82 E3 82 C2 3E 81 6A"	"43 68 69 79 6F 20 28 54 61 69 6A 75 74 73 75 29 00 00 00 00 00 00 00 00 00 00 00 00 00 00"
"ETC.BIN"	"0x251A0"	"151968"	"0x251C7"	"40"	"うちはイタチ\\0\\0\\0\\0<r干柿鬼鮫|ほしがきキサメ>\\0\\0\\0\\0\\0\\0デイダラ\\0\\0\\0\\0\\0\\0\\0\\0サソリ・"	"うちはイタチ\\0\\0\\0\\0Kisame Hoshigaki\\0\\0\\0\\0\\0\\0\\0\\0\\0\\0\\0\\0\\0\\0\\0\\0Deidara\\0\\0\\0\\0\\0\\0\\0\\0\\0Sasori H"	"3C 72 8A B1 8A 60 8B 53 8E 4C 7C 82 D9 82 B5 82 AA 82 AB 83 4C 83 54 83 81 3E 00 00 00 00 00 00"	"4B 69 73 61 6D 65 20 48 6F 73 68 69 67 61 6B 69 00 00 00 00 00 00 00 00 00 00 00 00 00 00 00 00"
"ETC.BIN"	"0x251D0"	"152016"	"0x251E7"	"24"	"デイダラ\\0\\0\\0\\0\\0\\0\\0\\0サソリ・ヒルコ\\0\\0チヨバア\\0\\0\\0\\0\\0\\0\\0\\0<r自来也"	"Deidara\\0\\0\\0\\0\\0\\0\\0\\0\\0Sasori Hiruko\\0\\0\\0Chiyo\\0\\0\\0\\0\\0\\0\\0\\0\\0\\0\\0Jiraiya\\0"	"83 54 83 5C 83 8A 81 45 83 71 83 8B 83 52 00 00 83 60 83 88 83 6F 83 41"	"53 61 73 6F 72 69 20 48 69 72 75 6B 6F 00 00 00 43 68 69 79 6F 00 00 00"
"ETC.BIN"	"0x251F0"	"152048"	"0x25215"	"38"	"チヨバア\\0\\0\\0\\0\\0\\0\\0\\0<r自来也|じらいや>\\0\\0\\0\\0\\0\\0<r綱手|ツナデ>\\0\\0\\0\\0\\0\\0\\0\\0\\0\\0<r大蛇"	"Chiyo\\0\\0\\0\\0\\0\\0\\0\\0\\0\\0\\0Jiraiya\\0\\0\\0\\0\\0\\0\\0\\0\\0\\0\\0\\0\\0\\0\\0\\0\\0Tsunade\\0\\0\\0\\0\\0\\0\\0\\0\\0\\0\\0\\0\\0\\0\\0\\0\\0Orochi"	"3C 72 8E A9 97 88 96 E7 7C 82 B6 82 E7 82 A2 82 E2 3E 00 00 00 00 00 00 3C 72 8D 6A 8E E8 7C 83"	"4A 69 72 61 69 79 61 00 00 00 00 00 00 00 00 00 00 00 00 00 00 00 00 00 54 73 75 6E 61 64 65 00"
"ETC.BIN"	"0x25220"	"152096"	"0x25233"	"20"	"cナデ>\\0\\0\\0\\0\\0\\0\\0\\0\\0\\0<r大蛇丸|オロチまる>\\0\\0\\0\\0\\0\\0\\0\\0\\0\\0\\0\\0<r薬"	"\\0\\0\\0\\0\\0\\0\\0\\0\\0\\0\\0\\0\\0\\0\\0\\0Orochimaru\\0\\0\\0\\0\\0\\0\\0\\0\\0\\0\\0\\0\\0\\0\\0\\0\\0\\0\\0\\0\\0\\0Kabu"	"3C 72 91 E5 8E D6 8A DB 7C 83 49 83 8D 83 60 82 DC 82 E9 3E"	"4F 72 6F 63 68 69 6D 61 72 75 00 00 00 00 00 00 00 00 00 00"
"ETC.BIN"	"0x25240"	"152128"	"0x25253"	"20"	"ﾜる>\\0\\0\\0\\0\\0\\0\\0\\0\\0\\0\\0\\0<r薬師|やくし>カブト\\0\\0\\0\\0うちはサスケ"	"\\0\\0\\0\\0\\0\\0\\0\\0\\0\\0\\0\\0\\0\\0\\0\\0Kabuto Yakushi\\0\\0\\0\\0\\0\\0\\0\\0\\0\\0うちはサスケ"	"3C 72 96 F2 8E 74 7C 82 E2 82 AD 82 B5 3E 83 4A 83 75 83 67"	"4B 61 62 75 74 6F 20 59 61 6B 75 73 68 69 00 00 00 00 00 00"
"ETC.BIN"	"0x25270"	"152176"	"0x252A5"	"54"	"スケ\\0\\0\\0\\0\\0\\0\\0\\0\\0\\0\\0\\0<r九尾第四覚醒状態|きゅうびだいよんかくせいじょうたい>\\0\\0\\0\\0\\0\\0\\0\\0\\0\\0サソリ"	"スケ\\0\\0\\0\\0\\0\\0\\0\\0\\0\\0\\0\\04-Tail Naruto\\0\\0\\0\\0\\0\\0\\0\\0\\0\\0\\0\\0\\0\\0\\0\\0\\0\\0\\0\\0\\0\\0\\0\\0\\0\\0\\0\\0\\0\\0\\0\\0\\0\\0\\0\\0\\0\\0\\0\\0\\0\\0\\0\\0\\0\\0\\0\\0\\0\\0\\0Sasori"	"3C 72 8B E3 94 F6 91 E6 8E 6C 8A 6F 90 C1 8F F3 91 D4 7C 82 AB 82 E3 82 A4 82 D1 82 BE 82 A2 82"	"34 2D 54 61 69 6C 20 4E 61 72 75 74 6F 00 00 00 00 00 00 00 00 00 00 00 00 00 00 00 00 00 00 00"
"ETC.BIN"	"0x252B0"	"152240"	"0x252D1"	"34"	"､たい>\\0\\0\\0\\0\\0\\0\\0\\0\\0\\0サソリ（<r自分傀儡|じぶんくぐつ>）\\0\\0\\0\\0\\0\\0\\0\\0\\0\\0\\0\\0\\0\\0う"	"\\0\\0\\0\\0\\0\\0\\0\\0\\0\\0\\0\\0\\0\\0\\0\\0Sasori (Puppet)\\0\\0\\0\\0\\0\\0\\0\\0\\0\\0\\0\\0\\0\\0\\0\\0\\0\\0\\0\\0\\0\\0\\0\\0\\0\\0\\0\\0\\0\\0\\0\\0\\0Na"	"83 54 83 5C 83 8A 81 69 3C 72 8E A9 95 AA 98 F8 99 53 7C 82 B6 82 D4 82 F1 82 AD 82 AE 82 C2 3E"	"53 61 73 6F 72 69 20 28 50 75 70 70 65 74 29 00 00 00 00 00 00 00 00 00 00 00 00 00 00 00 00 00"
"ETC.BIN"	"0x252E0"	"152288"	"0x25305"	"38"	"）\\0\\0\\0\\0\\0\\0\\0\\0\\0\\0\\0\\0\\0\\0うずまきナルト（<r旧章|きゅうしょう>）\\0\\0\\0\\0\\0\\0\\0\\0\\0\\0うちは"	"\\0\\0\\0\\0\\0\\0\\0\\0\\0\\0\\0\\0\\0\\0\\0\\0Naruto (PTS)\\0\\0\\0\\0\\0\\0\\0\\0\\0\\0\\0\\0\\0\\0\\0\\0\\0\\0\\0\\0\\0\\0\\0\\0\\0\\0\\0\\0\\0\\0\\0\\0\\0\\0\\0\\0Sasuke"	"82 A4 82 B8 82 DC 82 AB 83 69 83 8B 83 67 81 69 3C 72 8B 8C 8F CD 7C 82 AB 82 E3 82 A4 82 B5 82"	"4E 61 72 75 74 6F 20 28 50 54 53 29 00 00 00 00 00 00 00 00 00 00 00 00 00 00 00 00 00 00 00 00"
"ETC.BIN"	"0x25310"	"152336"	"0x25333"	"36"	"蛯､>）\\0\\0\\0\\0\\0\\0\\0\\0\\0\\0うちはサスケ（<r旧章|きゅうしょう>）\\0\\0\\0\\0\\0\\0\\0\\0\\0\\0\\0\\0<r春"	"\\0\\0\\0\\0\\0\\0\\0\\0\\0\\0\\0\\0\\0\\0\\0\\0Sasuke (PTS)\\0\\0\\0\\0\\0\\0\\0\\0\\0\\0\\0\\0\\0\\0\\0\\0\\0\\0\\0\\0\\0\\0\\0\\0\\0\\0\\0\\0\\0\\0\\0\\0\\0\\0\\0\\0Saku"	"82 A4 82 BF 82 CD 83 54 83 58 83 50 81 69 3C 72 8B 8C 8F CD 7C 82 AB 82 E3 82 A4 82 B5 82 E5 82"	"53 61 73 75 6B 65 20 28 50 54 53 29 00 00 00 00 00 00 00 00 00 00 00 00 00 00 00 00 00 00 00 00"
"ETC.BIN"	"0x25340"	"152384"	"0x253C3"	"132"	"､>）\\0\\0\\0\\0\\0\\0\\0\\0\\0\\0\\0\\0<r春野|はるの>サクラ（<r旧章|きゅうしょう>）\\0\\0\\0\\0<r日向|ひゅうが>ネジ（<r旧章|きゅうしょう>）\\0\\0\\0\\0ロック・リー（<r旧章|きゅうしょう>）\\0\\0\\0\\0\\0\\0\\0\\0\\0\\0\\0\\0テン"	"\\0\\0\\0\\0\\0\\0\\0\\0\\0\\0\\0\\0\\0\\0\\0\\0Sakura (PTS)\\0\\0\\0\\0\\0\\0\\0\\0\\0\\0\\0\\0\\0\\0\\0\\0\\0\\0\\0\\0\\0\\0\\0\\0\\0\\0\\0\\0\\0\\0\\0\\0\\0\\0\\0\\0Neji (PTS)\\0\\0\\0\\0\\0\\0\\0\\0\\0\\0\\0\\0\\0\\0\\0\\0\\0\\0\\0\\0\\0\\0\\0\\0\\0\\0\\0\\0\\0\\0\\0\\0\\0\\0\\0\\0\\0\\0Lee (PTS)\\0\\0\\0\\0\\0\\0\\0\\0\\0\\0\\0\\0\\0\\0\\0\\0\\0\\0\\0\\0\\0\\0\\0\\0\\0\\0\\0\\0\\0\\0\\0\\0\\0\\0\\0\\0\\0\\0\\0Tent"	"3C 72 8F 74 96 EC 7C 82 CD 82 E9 82 CC 3E 83 54 83 4E 83 89 81 69 3C 72 8B 8C 8F CD 7C 82 AB 82"	"53 61 6B 75 72 61 20 28 50 54 53 29 00 00 00 00 00 00 00 00 00 00 00 00 00 00 00 00 00 00 00 00"
"ETC.BIN"	"0x253D0"	"152528"	"0x253EF"	"32"	"､>）\\0\\0\\0\\0\\0\\0\\0\\0\\0\\0\\0\\0テンテン（<r旧章|きゅうしょう>）\\0\\0\\0\\0\\0\\0\\0\\0\\0\\0\\0\\0\\0\\0\\0\\0"	"\\0\\0\\0\\0\\0\\0\\0\\0\\0\\0\\0\\0\\0\\0\\0\\0Tenten (PTS)\\0\\0\\0\\0\\0\\0\\0\\0\\0\\0\\0\\0\\0\\0\\0\\0\\0\\0\\0\\0\\0\\0\\0\\0\\0\\0\\0\\0\\0\\0\\0\\0\\0\\0\\0\\0"	"83 65 83 93 83 65 83 93 81 69 3C 72 8B 8C 8F CD 7C 82 AB 82 E3 82 A4 82 B5 82 E5 82 A4 3E 81 6A"	"54 65 6E 74 65 6E 20 28 50 54 53 29 00 00 00 00 00 00 00 00 00 00 00 00 00 00 00 00 00 00 00 00"
"ETC.BIN"	"0x25400"	"152576"	"0x2545F"	"96"	"\\0\\0\\0\\0\\0\\0\\0\\0\\0\\0\\0\\0\\0\\0\\0\\0<r奈良|なら>シカマル（<r旧章|きゅうしょう>）\\0\\0\\0\\0<r秋道|あきみち>チョウジ（<r旧章|きゅうしょう>）\\0\\0\\0\\0\\0\\0\\0\\0\\0\\0\\0\\0\\0\\0\\0\\0"	"\\0\\0\\0\\0\\0\\0\\0\\0\\0\\0\\0\\0\\0\\0\\0\\0Shikamaru (PTS)\\0\\0\\0\\0\\0\\0\\0\\0\\0\\0\\0\\0\\0\\0\\0\\0\\0\\0\\0\\0\\0\\0\\0\\0\\0\\0\\0\\0\\0\\0\\0\\0\\0Choji (PTS)\\0\\0\\0\\0\\0\\0\\0\\0\\0\\0\\0\\0\\0\\0\\0\\0\\0\\0\\0\\0\\0\\0\\0\\0\\0\\0\\0\\0\\0\\0\\0\\0\\0\\0\\0\\0\\0\\0\\0\\0\\0\\0\\0\\0\\0\\0\\0\\0\\0\\0\\0\\0\\0"	"3C 72 93 DE 97 C7 7C 82 C8 82 E7 3E 83 56 83 4A 83 7D 83 8B 81 69 3C 72 8B 8C 8F CD 7C 82 AB 82"	"53 68 69 6B 61 6D 61 72 75 20 28 50 54 53 29 00 00 00 00 00 00 00 00 00 00 00 00 00 00 00 00 00"
"ETC.BIN"	"0x25470"	"152688"	"0x25545"	"214"	"\\0\\0\\0\\0\\0\\0\\0\\0\\0\\0\\0\\0\\0\\0\\0\\0<r山中|やまなか>いの（<r旧章|きゅうしょう>）\\0\\0\\0\\0<r犬塚|いぬづか>キバ（<r旧章|きゅうしょう>）\\0\\0\\0\\0<r油女|あぶらめ>シノ（<r旧章|きゅうしょう>）\\0\\0\\0\\0<r日向|ひゅうが>ヒナタ（<r旧章|きゅうしょう>）\\0\\0<r日向|ひゅうが>ハナビ\\0\\0\\0\\0\\0\\0\\0\\0\\0\\0<r木|・"	"\\0\\0\\0\\0\\0\\0\\0\\0\\0\\0\\0\\0\\0\\0\\0\\0Ino (PTS)\\0\\0\\0\\0\\0\\0\\0\\0\\0\\0\\0\\0\\0\\0\\0\\0\\0\\0\\0\\0\\0\\0\\0\\0\\0\\0\\0\\0\\0\\0\\0\\0\\0\\0\\0\\0\\0\\0\\0Kiba (PTS)\\0\\0\\0\\0\\0\\0\\0\\0\\0\\0\\0\\0\\0\\0\\0\\0\\0\\0\\0\\0\\0\\0\\0\\0\\0\\0\\0\\0\\0\\0\\0\\0\\0\\0\\0\\0\\0\\0Shino (PTS)\\0\\0\\0\\0\\0\\0\\0\\0\\0\\0\\0\\0\\0\\0\\0\\0\\0\\0\\0\\0\\0\\0\\0\\0\\0\\0\\0\\0\\0\\0\\0\\0\\0\\0\\0\\0\\0Hinata (PTS)\\0\\0\\0\\0\\0\\0\\0\\0\\0\\0\\0\\0\\0\\0\\0\\0\\0\\0\\0\\0\\0\\0\\0\\0\\0\\0\\0\\0\\0\\0\\0\\0\\0\\0\\0\\0Hanabi Hyuga\\0\\0\\0\\0\\0\\0\\0\\0\\0\\0\\0\\0\\0\\0\\0\\0\\0\\0\\0\\0Konoha"	"3C 72 8E 52 92 86 7C 82 E2 82 DC 82 C8 82 A9 3E 82 A2 82 CC 81 69 3C 72 8B 8C 8F CD 7C 82 AB 82"	"49 6E 6F 20 28 50 54 53 29 00 00 00 00 00 00 00 00 00 00 00 00 00 00 00 00 00 00 00 00 00 00 00"
"ETC.BIN"	"0x25550"	"152912"	"0x25577"	"40"	"ハナビ\\0\\0\\0\\0\\0\\0\\0\\0\\0\\0<r木|こ>ノ<r葉丸|はまる><r軍団|ぐんだん>\\0\\0\\0\\0\\0\\0\\0\\0みたらし"	"\\0\\0\\0\\0\\0\\0\\0\\0\\0\\0\\0\\0\\0\\0\\0\\0Konohamaru Corps\\0\\0\\0\\0\\0\\0\\0\\0\\0\\0\\0\\0\\0\\0\\0\\0\\0\\0\\0\\0\\0\\0\\0\\0\\0\\0\\0\\0\\0\\0\\0\\0Anko Mit"	"3C 72 96 D8 7C 82 B1 3E 83 6D 3C 72 97 74 8A DB 7C 82 CD 82 DC 82 E9 3E 3C 72 8C 52 92 63 7C 82"	"4B 6F 6E 6F 68 61 6D 61 72 75 20 43 6F 72 70 73 00 00 00 00 00 00 00 00 00 00 00 00 00 00 00 00"
"ETC.BIN"	"0x25580"	"152960"	"0x2560F"	"144"	"ｮんだん>\\0\\0\\0\\0\\0\\0\\0\\0みたらしアンコ\\0\\0<r初代火影|しょだいほかげ>\\0\\0\\0\\0\\0\\0<r二代目火影|にだいめほかげ>\\0\\0\\0\\0<r三代目火影|さんだいめほかげ>\\0\\0<r黄色|きいろ>い<r閃光|せんこう>\\0\\0\\0\\0\\0\\0\\0\\0\\0\\0\\0\\0\\0\\0\\0\\0"	"\\0\\0\\0\\0\\0\\0\\0\\0\\0\\0\\0\\0\\0\\0\\0\\0Anko Mitarashi\\0\\01st Hokage\\0\\0\\0\\0\\0\\0\\0\\0\\0\\0\\0\\0\\0\\0\\0\\0\\0\\0\\0\\0\\0\\02nd Hokage\\0\\0\\0\\0\\0\\0\\0\\0\\0\\0\\0\\0\\0\\0\\0\\0\\0\\0\\0\\0\\0\\03rd Hokage\\0\\0\\0\\0\\0\\0\\0\\0\\0\\0\\0\\0\\0\\0\\0\\0\\0\\0\\0\\0\\0\\0Yellow Flash\\0\\0\\0\\0\\0\\0\\0\\0\\0\\0\\0\\0\\0\\0\\0\\0\\0\\0\\0\\0\\0\\0\\0\\0\\0\\0\\0\\0\\0\\0\\0\\0\\0\\0\\0\\0"	"82 DD 82 BD 82 E7 82 B5 83 41 83 93 83 52 00 00 3C 72 8F 89 91 E3 89 CE 89 65 7C 82 B5 82 E5 82"	"41 6E 6B 6F 20 4D 69 74 61 72 61 73 68 69 00 00 31 73 74 20 48 6F 6B 61 67 65 00 00 00 00 00 00"
"ETC.BIN"	"0x25620"	"153120"	"0x25657"	"56"	"\\0\\0\\0\\0\\0\\0\\0\\0\\0\\0\\0\\0\\0\\0\\0\\0<r砂瀑|さばく>の<r我愛羅|ガアラ>（<r旧章|きゅうしょう>）\\0\\0\\0\\0\\0\\0\\0\\0カンクロ"	"\\0\\0\\0\\0\\0\\0\\0\\0\\0\\0\\0\\0\\0\\0\\0\\0Gaara (PTS)\\0\\0\\0\\0\\0\\0\\0\\0\\0\\0\\0\\0\\0\\0\\0\\0\\0\\0\\0\\0\\0\\0\\0\\0\\0\\0\\0\\0\\0\\0\\0\\0\\0\\0\\0\\0\\0\\0\\0\\0\\0\\0\\0\\0\\0\\0\\0\\0\\0\\0\\0\\0\\0Kankuro"	"3C 72 8D BB E0 65 7C 82 B3 82 CE 82 AD 3E 82 CC 3C 72 89 E4 88 A4 97 85 7C 83 4B 83 41 83 89 3E"	"47 61 61 72 61 20 28 50 54 53 29 00 00 00 00 00 00 00 00 00 00 00 00 00 00 00 00 00 00 00 00 00"
"ETC.BIN"	"0x25660"	"153184"	"0x25681"	"34"	"ｵょう>）\\0\\0\\0\\0\\0\\0\\0\\0カンクロウ（<r旧章|きゅうしょう>）\\0\\0\\0\\0\\0\\0\\0\\0\\0\\0\\0\\0\\0\\0テ"	"\\0\\0\\0\\0\\0\\0\\0\\0\\0\\0\\0\\0\\0\\0\\0\\0Kankuro (PTS)\\0\\0\\0\\0\\0\\0\\0\\0\\0\\0\\0\\0\\0\\0\\0\\0\\0\\0\\0\\0\\0\\0\\0\\0\\0\\0\\0\\0\\0\\0\\0\\0\\0\\0\\0Te"	"83 4A 83 93 83 4E 83 8D 83 45 81 69 3C 72 8B 8C 8F CD 7C 82 AB 82 E3 82 A4 82 B5 82 E5 82 A4 3E"	"4B 61 6E 6B 75 72 6F 20 28 50 54 53 29 00 00 00 00 00 00 00 00 00 00 00 00 00 00 00 00 00 00 00"
"ETC.BIN"	"0x25690"	"153232"	"0x256D5"	"70"	"）\\0\\0\\0\\0\\0\\0\\0\\0\\0\\0\\0\\0\\0\\0テマリ（<r旧章|きゅうしょう>）\\0\\0<r君麻呂|キミマロ>\\0\\0\\0\\0\\0\\0<r左近|サコン>\\0\\0\\0\\0\\0\\0\\0\\0\\0\\0<r多由"	"\\0\\0\\0\\0\\0\\0\\0\\0\\0\\0\\0\\0\\0\\0\\0\\0Temari (PTS)\\0\\0\\0\\0\\0\\0\\0\\0\\0\\0\\0\\0\\0\\0\\0\\0\\0\\0\\0\\0Kimimaro\\0\\0\\0\\0\\0\\0\\0\\0\\0\\0\\0\\0\\0\\0\\0\\0Sakon\\0\\0\\0\\0\\0\\0\\0\\0\\0\\0\\0\\0\\0\\0\\0\\0\\0\\0\\0Tayuya"	"83 65 83 7D 83 8A 81 69 3C 72 8B 8C 8F CD 7C 82 AB 82 E3 82 A4 82 B5 82 E5 82 A4 3E 81 6A 00 00"	"54 65 6D 61 72 69 20 28 50 54 53 29 00 00 00 00 00 00 00 00 00 00 00 00 00 00 00 00 00 00 00 00"
"ETC.BIN"	"0x256E0"	"153312"	"0x256EF"	"16"	"Tコン>\\0\\0\\0\\0\\0\\0\\0\\0\\0\\0<r多由也|タユヤ>\\0\\0\\0\\0\\0\\0\\0\\0\\0\\0\\0\\0\\0\\0\\0\\0"	"\\0\\0\\0\\0\\0\\0\\0\\0\\0\\0\\0\\0\\0\\0\\0\\0Tayuya\\0\\0\\0\\0\\0\\0\\0\\0\\0\\0\\0\\0\\0\\0\\0\\0\\0\\0\\0\\0\\0\\0\\0\\0\\0\\0"	"3C 72 91 BD 97 52 96 E7 7C 83 5E 83 86 83 84 3E"	"54 61 79 75 79 61 00 00 00 00 00 00 00 00 00 00"
"ETC.BIN"	"0x25700"	"153344"	"0x25713"	"20"	"\\0\\0\\0\\0\\0\\0\\0\\0\\0\\0\\0\\0\\0\\0\\0\\0<r鬼童丸|キドウマル>\\0\\0\\0\\0\\0\\0\\0\\0\\0\\0\\0\\0<r次"	"\\0\\0\\0\\0\\0\\0\\0\\0\\0\\0\\0\\0\\0\\0\\0\\0Kidomaru\\0\\0\\0\\0\\0\\0\\0\\0\\0\\0\\0\\0\\0\\0\\0\\0\\0\\0\\0\\0\\0\\0\\0\\0Jiro"	"3C 72 8B 53 93 B6 8A DB 7C 83 4C 83 68 83 45 83 7D 83 8B 3E"	"4B 69 64 6F 6D 61 72 75 00 00 00 00 00 00 00 00 00 00 00 00"
"ETC.BIN"	"0x25720"	"153376"	"0x25733"	"20"	"}ル>\\0\\0\\0\\0\\0\\0\\0\\0\\0\\0\\0\\0<r次郎坊|ジロウボウ>\\0\\0\\0\\0\\0\\0\\0\\0\\0\\0\\0\\0<r桃"	"\\0\\0\\0\\0\\0\\0\\0\\0\\0\\0\\0\\0\\0\\0\\0\\0Jirobo\\0\\0\\0\\0\\0\\0\\0\\0\\0\\0\\0\\0\\0\\0\\0\\0\\0\\0\\0\\0\\0\\0\\0\\0\\0\\0Zabu"	"3C 72 8E 9F 98 59 96 56 7C 83 57 83 8D 83 45 83 7B 83 45 3E"	"4A 69 72 6F 62 6F 00 00 00 00 00 00 00 00 00 00 00 00 00 00"
"ETC.BIN"	"0x25740"	"153408"	"0x25791"	"82"	"{ウ>\\0\\0\\0\\0\\0\\0\\0\\0\\0\\0\\0\\0<r桃地|ももち><r再不斬|ザブザ>\\0\\0<r白|ハク>\\0\\0\\0\\0\\0\\0うずまきナルト（<r九尾|きゅうび>）\\0\\0\\0\\0\\0\\0\\0\\0\\0\\0\\0\\0\\0\\0う"	"\\0\\0\\0\\0\\0\\0\\0\\0\\0\\0\\0\\0\\0\\0\\0\\0Zabuza Momochi\\0\\0\\0\\0\\0\\0\\0\\0\\0\\0\\0\\0\\0\\0\\0\\0\\0\\0Haku\\0\\0\\0\\0\\0\\0\\0\\0\\0\\0\\0\\0Naruto (Nine-Tails)\\0\\0\\0\\0\\0\\0\\0\\0\\0\\0\\0\\0\\0\\0\\0\\0\\0\\0\\0\\0\\0\\0\\0\\0\\0\\0\\0\\0\\0Sa"	"3C 72 93 8D 92 6E 7C 82 E0 82 E0 82 BF 3E 3C 72 8D C4 95 73 8E 61 7C 83 55 83 75 83 55 3E 00 00"	"5A 61 62 75 7A 61 20 4D 6F 6D 6F 63 68 69 00 00 00 00 00 00 00 00 00 00 00 00 00 00 00 00 00 00"
"ETC.BIN"	"0x257A0"	"153504"	"0x257BF"	"32"	"）\\0\\0\\0\\0\\0\\0\\0\\0\\0\\0\\0\\0\\0\\0うちはサスケ<r状態|じょうたい>２\\0\\0\\0\\0\\0\\0\\0\\0\\0\\0\\0\\0\\0\\0\\0\\0"	"\\0\\0\\0\\0\\0\\0\\0\\0\\0\\0\\0\\0\\0\\0\\0\\0Sasuke State 2\\0\\0\\0\\0\\0\\0\\0\\0\\0\\0\\0\\0\\0\\0\\0\\0\\0\\0\\0\\0\\0\\0\\0\\0\\0\\0\\0\\0\\0\\0\\0\\0\\0\\0"	"82 A4 82 BF 82 CD 83 54 83 58 83 50 3C 72 8F F3 91 D4 7C 82 B6 82 E5 82 A4 82 BD 82 A2 3E 82 51"	"53 61 73 75 6B 65 20 53 74 61 74 65 20 32 00 00 00 00 00 00 00 00 00 00 00 00 00 00 00 00 00 00"
"ETC.BIN"	"0x257D0"	"153552"	"0x257E1"	"18"	"\\0\\0\\0\\0\\0\\0\\0\\0\\0\\0\\0\\0\\0\\0\\0\\0すい<r拳|けん>リー\\0\\0\\0\\0\\0\\0\\0\\0\\0\\0\\0\\0\\0\\0<r"	"\\0\\0\\0\\0\\0\\0\\0\\0\\0\\0\\0\\0\\0\\0\\0\\0Drunken Lee\\0\\0\\0\\0\\0\\0\\0\\0\\0\\0\\0\\0\\0\\0\\0\\0\\0\\0\\0\\0\\0Sh"	"82 B7 82 A2 3C 72 8C 9D 7C 82 AF 82 F1 3E 83 8A 81 5B"	"44 72 75 6E 6B 65 6E 20 4C 65 65 00 00 00 00 00 00 00"
"ETC.BIN"	"0x257F0"	"153584"	"0x25811"	"34"	"ー\\0\\0\\0\\0\\0\\0\\0\\0\\0\\0\\0\\0\\0\\0<r憑依体我愛羅|ひょういたいガアラ>\\0\\0\\0\\0\\0\\0\\0\\0\\0\\0\\0\\0\\0\\0<r"	"\\0\\0\\0\\0\\0\\0\\0\\0\\0\\0\\0\\0\\0\\0\\0\\0Shukaku Gaara\\0\\0\\0\\0\\0\\0\\0\\0\\0\\0\\0\\0\\0\\0\\0\\0\\0\\0\\0\\0\\0\\0\\0\\0\\0\\0\\0\\0\\0\\0\\0\\0\\0\\0\\0Su"	"3C 72 9C DF 88 CB 91 CC 89 E4 88 A4 97 85 7C 82 D0 82 E5 82 A4 82 A2 82 BD 82 A2 83 4B 83 41 83"	"53 68 75 6B 61 6B 75 20 47 61 61 72 61 00 00 00 00 00 00 00 00 00 00 00 00 00 00 00 00 00 00 00"
"ETC.BIN"	"0x25820"	"153632"	"0x25833"	"20"	"・\\0\\0\\0\\0\\0\\0\\0\\0\\0\\0\\0\\0\\0\\0<r超|ちょう>チョウジ\\0\\0\\0\\0\\0\\0\\0\\0\\0\\0\\0\\0<r次"	"\\0\\0\\0\\0\\0\\0\\0\\0\\0\\0\\0\\0\\0\\0\\0\\0Super Choji\\0\\0\\0\\0\\0\\0\\0\\0\\0\\0\\0\\0\\0\\0\\0\\0\\0\\0\\0\\0\\0Jiro"	"3C 72 92 B4 7C 82 BF 82 E5 82 A4 3E 83 60 83 87 83 45 83 57"	"53 75 70 65 72 20 43 68 6F 6A 69 00 00 00 00 00 00 00 00 00"
"ETC.BIN"	"0x25840"	"153664"	"0x25867"	"40"	"ウジ\\0\\0\\0\\0\\0\\0\\0\\0\\0\\0\\0\\0<r次郎坊|ジロウボウ><r状態|じょうたい>２\\0\\0\\0\\0\\0\\0\\0\\0<r鬼童丸"	"\\0\\0\\0\\0\\0\\0\\0\\0\\0\\0\\0\\0\\0\\0\\0\\0Jirobo State 2\\0\\0\\0\\0\\0\\0\\0\\0\\0\\0\\0\\0\\0\\0\\0\\0\\0\\0\\0\\0\\0\\0\\0\\0\\0\\0\\0\\0\\0\\0\\0\\0\\0\\0Kidomaru"	"3C 72 8E 9F 98 59 96 56 7C 83 57 83 8D 83 45 83 7B 83 45 3E 3C 72 8F F3 91 D4 7C 82 B6 82 E5 82"	"4A 69 72 6F 62 6F 20 53 74 61 74 65 20 32 00 00 00 00 00 00 00 00 00 00 00 00 00 00 00 00 00 00"
"ETC.BIN"	"0x25870"	"153712"	"0x25897"	"40"	"､たい>２\\0\\0\\0\\0\\0\\0\\0\\0<r鬼童丸|キドウマル><r状態|じょうたい>２\\0\\0\\0\\0\\0\\0\\0\\0<r多由也"	"\\0\\0\\0\\0\\0\\0\\0\\0\\0\\0\\0\\0\\0\\0\\0\\0Kidomaru State 2\\0\\0\\0\\0\\0\\0\\0\\0\\0\\0\\0\\0\\0\\0\\0\\0\\0\\0\\0\\0\\0\\0\\0\\0\\0\\0\\0\\0\\0\\0\\0\\0Tayuya S"	"3C 72 8B 53 93 B6 8A DB 7C 83 4C 83 68 83 45 83 7D 83 8B 3E 3C 72 8F F3 91 D4 7C 82 B6 82 E5 82"	"4B 69 64 6F 6D 61 72 75 20 53 74 61 74 65 20 32 00 00 00 00 00 00 00 00 00 00 00 00 00 00 00 00"
"ETC.BIN"	"0x258A0"	"153760"	"0x258C3"	"36"	"､たい>２\\0\\0\\0\\0\\0\\0\\0\\0<r多由也|タユヤ><r状態|じょうたい>２\\0\\0\\0\\0\\0\\0\\0\\0\\0\\0\\0\\0<r左"	"\\0\\0\\0\\0\\0\\0\\0\\0\\0\\0\\0\\0\\0\\0\\0\\0Tayuya State 2\\0\\0\\0\\0\\0\\0\\0\\0\\0\\0\\0\\0\\0\\0\\0\\0\\0\\0\\0\\0\\0\\0\\0\\0\\0\\0\\0\\0\\0\\0\\0\\0\\0\\0Sako"	"3C 72 91 BD 97 52 96 E7 7C 83 5E 83 86 83 84 3E 3C 72 8F F3 91 D4 7C 82 B6 82 E5 82 A4 82 BD 82"	"54 61 79 75 79 61 20 53 74 61 74 65 20 32 00 00 00 00 00 00 00 00 00 00 00 00 00 00 00 00 00 00"
"ETC.BIN"	"0x258D0"	"153808"	"0x258F1"	"34"	"｢>２\\0\\0\\0\\0\\0\\0\\0\\0\\0\\0\\0\\0<r左近|サコン><r状態|じょうたい>２\\0\\0\\0\\0\\0\\0\\0\\0\\0\\0\\0\\0\\0\\0<r"	"\\0\\0\\0\\0\\0\\0\\0\\0\\0\\0\\0\\0\\0\\0\\0\\0Sakon State 2\\0\\0\\0\\0\\0\\0\\0\\0\\0\\0\\0\\0\\0\\0\\0\\0\\0\\0\\0\\0\\0\\0\\0\\0\\0\\0\\0\\0\\0\\0\\0\\0\\0\\0\\0Ki"	"3C 72 8D B6 8B DF 7C 83 54 83 52 83 93 3E 3C 72 8F F3 91 D4 7C 82 B6 82 E5 82 A4 82 BD 82 A2 3E"	"53 61 6B 6F 6E 20 53 74 61 74 65 20 32 00 00 00 00 00 00 00 00 00 00 00 00 00 00 00 00 00 00 00"
"ETC.BIN"	"0x25900"	"153856"	"0x2592F"	"48"	"２\\0\\0\\0\\0\\0\\0\\0\\0\\0\\0\\0\\0\\0\\0<r君麻呂|キミマロ><r状態|じょうたい>２\\0\\0ジオラマ\\0\\0\\0\\0\\0\\0\\0\\0\\0\\0\\0\\0\\0\\0\\0\\0"	"\\0\\0\\0\\0\\0\\0\\0\\0\\0\\0\\0\\0\\0\\0\\0\\0Kimimaro State 2\\0\\0\\0\\0\\0\\0\\0\\0\\0\\0\\0\\0\\0\\0\\0\\0\\0\\0\\0\\0\\0\\0\\0\\0Diorama\\0\\0\\0\\0\\0\\0\\0\\0\\0\\0\\0\\0\\0\\0\\0\\0\\0"	"3C 72 8C 4E 96 83 98 43 7C 83 4C 83 7E 83 7D 83 8D 3E 3C 72 8F F3 91 D4 7C 82 B6 82 E5 82 A4 82"	"4B 69 6D 69 6D 61 72 6F 20 53 74 61 74 65 20 32 00 00 00 00 00 00 00 00 00 00 00 00 00 00 00 00"
"ETC.BIN"	"0x25D00"	"154880"	"0x25D23"	"36"	"2\\0\\0\\0\\0\\0\\0\\0\\0\\0\\0\\0\\0\\0\\0\\0<r影分身|かげぶんしん>の<r術|じゅつ>\\0\\0\\0\\0ifnrwanm3\\0\\0\\0"	"2\\0\\0\\0\\0\\0\\0\\0\\0\\0\\0\\0\\0\\0\\0\\0Shadow Clone\\0\\0\\0\\0\\0\\0\\0\\0\\0\\0\\0\\0\\0\\0\\0\\0\\0\\0\\0\\0\\0\\0\\0\\0\\0\\0\\0\\0ifnrwanm3\\0\\0\\0"	"3C 72 89 65 95 AA 90 67 7C 82 A9 82 B0 82 D4 82 F1 82 B5 82 F1 3E 82 CC 3C 72 8F 70 7C 82 B6 82"	"53 68 61 64 6F 77 20 43 6C 6F 6E 65 00 00 00 00 00 00 00 00 00 00 00 00 00 00 00 00 00 00 00 00"
"ETC.BIN"	"0x25D40"	"154944"	"0x25D4F"	"16"	"3\\0\\0\\0\\0\\0\\0\\0\\0\\0\\0\\0\\0\\0\\0\\0<r暴走|ぼうそう>\\0\\0\\0\\0\\0\\0\\0\\0ifskwanm"	"3\\0\\0\\0\\0\\0\\0\\0\\0\\0\\0\\0\\0\\0\\0\\0Rampage\\0\\0\\0\\0\\0\\0\\0\\0\\0\\0\\0\\0\\0\\0\\0\\0\\0ifskwanm"	"3C 72 96 5C 91 96 7C 82 DA 82 A4 82 BB 82 A4 3E"	"52 61 6D 70 61 67 65 00 00 00 00 00 00 00 00 00"
"ETC.BIN"	"0x25D70"	"154992"	"0x25D91"	"34"	"1\\0\\0\\0\\0\\0\\0\\0\\0\\0\\0\\0\\0\\0\\0\\0<r気|き>を<r引|ひ>き<r締|し>めて…\\0\\0\\0\\0\\0\\0ifskwanm2\\0"	"1\\0\\0\\0\\0\\0\\0\\0\\0\\0\\0\\0\\0\\0\\0\\0Stay Sharp...\\0\\0\\0\\0\\0\\0\\0\\0\\0\\0\\0\\0\\0\\0\\0\\0\\0\\0\\0\\0\\0\\0\\0\\0\\0\\0\\0ifskwanm2\\0"	"3C 72 8B 43 7C 82 AB 3E 82 F0 3C 72 88 F8 7C 82 D0 3E 82 AB 3C 72 92 F7 7C 82 B5 3E 82 DF 82 C4"	"53 74 61 79 20 53 68 61 72 70 2E 2E 2E 00 00 00 00 00 00 00 00 00 00 00 00 00 00 00 00 00 00 00"
"ETC.BIN"	"0x25DB0"	"155056"	"0x25DC1"	"18"	"2\\0\\0\\0\\0\\0\\0\\0\\0\\0\\0\\0\\0\\0\\0\\0<r女|おんな>らしく\\0\\0\\0\\0\\0\\0ifskwanm3\\0"	"2\\0\\0\\0\\0\\0\\0\\0\\0\\0\\0\\0\\0\\0\\0\\0Like a Lady\\0\\0\\0\\0\\0\\0\\0\\0\\0\\0\\0\\0\\0ifskwanm3\\0"	"3C 72 8F 97 7C 82 A8 82 F1 82 C8 3E 82 E7 82 B5 82 AD"	"4C 69 6B 65 20 61 20 4C 61 64 79 00 00 00 00 00 00 00"
"ETC.BIN"	"0x25DE0"	"155104"	"0x25DFD"	"30"	"3\\0\\0\\0\\0\\0\\0\\0\\0\\0\\0\\0\\0\\0\\0\\0<r拳|こぶし>に<r力|ちから>を！\\0\\0ifsaianm1\\0\\0\\0\\0\\0"	"3\\0\\0\\0\\0\\0\\0\\0\\0\\0\\0\\0\\0\\0\\0\\0Power Fist!\\0\\0\\0\\0\\0\\0\\0\\0\\0\\0\\0\\0\\0\\0\\0\\0\\0\\0\\0\\0\\0ifsaianm1\\0\\0\\0\\0\\0"	"3C 72 8C 9D 7C 82 B1 82 D4 82 B5 3E 82 C9 3C 72 97 CD 7C 82 BF 82 A9 82 E7 3E 82 F0 81 49"	"50 6F 77 65 72 20 46 69 73 74 21 00 00 00 00 00 00 00 00 00 00 00 00 00 00 00 00 00 00 00"
"ETC.BIN"	"0x25E10"	"155152"	"0x25E3D"	"46"	"ifsaianm1\\0\\0\\0\\0\\0\\0\\0<r忍法|にんぽう>・<r超獣偽画|ちょうじゅうぎが>\\0\\0ifsaianm2\\0\\0\\0\\0\\0"	"ifsaianm1\\0\\0\\0\\0\\0\\0\\0Super Beast Scroll\\0\\0\\0\\0\\0\\0\\0\\0\\0\\0\\0\\0\\0\\0\\0\\0\\0\\0\\0\\0\\0\\0\\0\\0\\0\\0\\0\\0\\0\\0ifsaianm2\\0\\0\\0\\0\\0"	"3C 72 94 45 96 40 7C 82 C9 82 F1 82 DB 82 A4 3E 81 45 3C 72 92 B4 8F 62 8B 55 89 E6 7C 82 BF 82"	"53 75 70 65 72 20 42 65 61 73 74 20 53 63 72 6F 6C 6C 00 00 00 00 00 00 00 00 00 00 00 00 00 00"
"ETC.BIN"	"0x25E50"	"155216"	"0x25E5F"	"16"	"ifsaianm2\\0\\0\\0\\0\\0\\0\\0<r索敵|さくてき>\\0\\0\\0\\0\\0\\0\\0\\0ifsaianm"	"ifsaianm2\\0\\0\\0\\0\\0\\0\\0Search\\0\\0\\0\\0\\0\\0\\0\\0\\0\\0\\0\\0\\0\\0\\0\\0\\0\\0ifsaianm"	"3C 72 8D F5 93 47 7C 82 B3 82 AD 82 C4 82 AB 3E"	"53 65 61 72 63 68 00 00 00 00 00 00 00 00 00 00"
"ETC.BIN"	"0x25E80"	"155264"	"0x25E8F"	"16"	"3\\0\\0\\0\\0\\0\\0\\0\\0\\0\\0\\0\\0\\0\\0\\0<r飛翔|ひしょう>\\0\\0\\0\\0\\0\\0\\0\\0ifkkwanm"	"3\\0\\0\\0\\0\\0\\0\\0\\0\\0\\0\\0\\0\\0\\0\\0Flight\\0\\0\\0\\0\\0\\0\\0\\0\\0\\0\\0\\0\\0\\0\\0\\0\\0\\0ifkkwanm"	"3C 72 94 F2 E3 C4 7C 82 D0 82 B5 82 E5 82 A4 3E"	"46 6C 69 67 68 74 00 00 00 00 00 00 00 00 00 00"
"ETC.BIN"	"0x25EF0"	"155376"	"0x25F0B"	"28"	"ifkkwanm2\\0\\0\\0\\0\\0\\0\\0<r牽制攻撃|けんせいこうげき>\\0\\0\\0\\0ifkkwanm3\\0\\0\\0"	"ifkkwanm2\\0\\0\\0\\0\\0\\0\\0Feint Attack\\0\\0\\0\\0\\0\\0\\0\\0\\0\\0\\0\\0\\0\\0\\0\\0\\0\\0\\0\\0ifkkwanm3\\0\\0\\0"	"3C 72 8C A1 90 A7 8D 55 8C 82 7C 82 AF 82 F1 82 B9 82 A2 82 B1 82 A4 82 B0 82 AB 3E"	"46 65 69 6E 74 20 41 74 74 61 63 6B 00 00 00 00 00 00 00 00 00 00 00 00 00 00 00 00"
"ETC.BIN"	"0x25F20"	"155424"	"0x25F3B"	"28"	"ifkkwanm3\\0\\0\\0\\0\\0\\0\\0<r忍犬口寄|にんけんくちよ>せ\\0\\0\\0\\0ifnewanm1\\0\\0\\0"	"ifkkwanm3\\0\\0\\0\\0\\0\\0\\0Ninken Summon\\0\\0\\0\\0\\0\\0\\0\\0\\0\\0\\0\\0\\0\\0\\0\\0\\0\\0\\0ifnewanm1\\0\\0\\0"	"3C 72 94 45 8C A2 8C FB 8A F1 7C 82 C9 82 F1 82 AF 82 F1 82 AD 82 BF 82 E6 3E 82 B9"	"4E 69 6E 6B 65 6E 20 53 75 6D 6D 6F 6E 00 00 00 00 00 00 00 00 00 00 00 00 00 00 00"
"ETC.BIN"	"0x25F50"	"155472"	"0x25F61"	"18"	"ifnewanm1\\0\\0\\0\\0\\0\\0\\0<r柔拳|じゅうけん>\\0\\0\\0\\0\\0\\0ifnewanm2\\0"	"ifnewanm1\\0\\0\\0\\0\\0\\0\\0Gentle Fist\\0\\0\\0\\0\\0\\0\\0\\0\\0\\0\\0\\0\\0ifnewanm2\\0"	"3C 72 8F 5F 8C 9D 7C 82 B6 82 E3 82 A4 82 AF 82 F1 3E"	"47 65 6E 74 6C 65 20 46 69 73 74 00 00 00 00 00 00 00"
"ETC.BIN"	"0x25F80"	"155520"	"0x25F9B"	"28"	"2\\0\\0\\0\\0\\0\\0\\0\\0\\0\\0\\0\\0\\0\\0\\0<r八卦空掌|はっけくうしょう>\\0\\0\\0\\0ifnewanm3\\0\\0\\0"	"2\\0\\0\\0\\0\\0\\0\\0\\0\\0\\0\\0\\0\\0\\0\\0Air Palm\\0\\0\\0\\0\\0\\0\\0\\0\\0\\0\\0\\0\\0\\0\\0\\0\\0\\0\\0\\0\\0\\0\\0\\0ifnewanm3\\0\\0\\0"	"3C 72 94 AA 8C 54 8B F3 8F B6 7C 82 CD 82 C1 82 AF 82 AD 82 A4 82 B5 82 E5 82 A4 3E"	"41 69 72 20 50 61 6C 6D 00 00 00 00 00 00 00 00 00 00 00 00 00 00 00 00 00 00 00 00"
"ETC.BIN"	"0x25FE0"	"155616"	"0x25FF9"	"26"	"ifrowanm1\\0\\0\\0\\0\\0\\0\\0<r戦闘姿勢|せんとうしせい>\\0\\0\\0\\0\\0\\0ifrowanm2\\0"	"ifrowanm1\\0\\0\\0\\0\\0\\0\\0Battle Stance\\0\\0\\0\\0\\0\\0\\0\\0\\0\\0\\0\\0\\0\\0\\0\\0\\0\\0\\0ifrowanm2\\0"	"3C 72 90 ED 93 AC 8E 70 90 A8 7C 82 B9 82 F1 82 C6 82 A4 82 B5 82 B9 82 A2 3E"	"42 61 74 74 6C 65 20 53 74 61 6E 63 65 00 00 00 00 00 00 00 00 00 00 00 00 00"
"ETC.BIN"	"0x26010"	"155664"	"0x2602F"	"32"	"ifrowanm2\\0\\0\\0\\0\\0\\0\\0<r木|こ>ノ<r葉昇風|はしょうふう>\\0\\0\\0\\0\\0\\0\\0\\0ifrowanm"	"ifrowanm2\\0\\0\\0\\0\\0\\0\\0Leaf Rising Wind\\0\\0\\0\\0\\0\\0\\0\\0\\0\\0\\0\\0\\0\\0\\0\\0\\0\\0\\0\\0\\0\\0\\0\\0ifrowanm"	"3C 72 96 D8 7C 82 B1 3E 83 6D 3C 72 97 74 8F B8 95 97 7C 82 CD 82 B5 82 E5 82 A4 82 D3 82 A4 3E"	"4C 65 61 66 20 52 69 73 69 6E 67 20 57 69 6E 64 00 00 00 00 00 00 00 00 00 00 00 00 00 00 00 00"
"ETC.BIN"	"0x26050"	"155728"	"0x2606F"	"32"	"3\\0\\0\\0\\0\\0\\0\\0\\0\\0\\0\\0\\0\\0\\0\\0<r限界|げんかい>を<r超|こ>えろ！\\0\\0\\0\\0\\0\\0\\0\\0iftewanm"	"3\\0\\0\\0\\0\\0\\0\\0\\0\\0\\0\\0\\0\\0\\0\\0Break Limits!\\0\\0\\0\\0\\0\\0\\0\\0\\0\\0\\0\\0\\0\\0\\0\\0\\0\\0\\0\\0\\0\\0\\0\\0\\0\\0\\0iftewanm"	"3C 72 8C C0 8A 45 7C 82 B0 82 F1 82 A9 82 A2 3E 82 F0 3C 72 92 B4 7C 82 B1 3E 82 A6 82 EB 81 49"	"42 72 65 61 6B 20 4C 69 6D 69 74 73 21 00 00 00 00 00 00 00 00 00 00 00 00 00 00 00 00 00 00 00"
"ETC.BIN"	"0x26090"	"155792"	"0x260B3"	"36"	"1\\0\\0\\0\\0\\0\\0\\0\\0\\0\\0\\0\\0\\0\\0\\0<r忍具|にんぐ>の<r使|つか>い<r手|て>\\0\\0\\0\\0iftewanm2\\0\\0\\0"	"1\\0\\0\\0\\0\\0\\0\\0\\0\\0\\0\\0\\0\\0\\0\\0Tool User\\0\\0\\0\\0\\0\\0\\0\\0\\0\\0\\0\\0\\0\\0\\0\\0\\0\\0\\0\\0\\0\\0\\0\\0\\0\\0\\0\\0\\0\\0\\0iftewanm2\\0\\0\\0"	"3C 72 94 45 8B EF 7C 82 C9 82 F1 82 AE 3E 82 CC 3C 72 8E 67 7C 82 C2 82 A9 3E 82 A2 3C 72 8E E8"	"54 6F 6F 6C 20 55 73 65 72 00 00 00 00 00 00 00 00 00 00 00 00 00 00 00 00 00 00 00 00 00 00 00"
"ETC.BIN"	"0x260D0"	"155856"	"0x260E7"	"24"	"2\\0\\0\\0\\0\\0\\0\\0\\0\\0\\0\\0\\0\\0\\0\\0<r棒体術|ぼうたいじゅつ>\\0\\0\\0\\0\\0\\0\\0\\0iftewanm"	"2\\0\\0\\0\\0\\0\\0\\0\\0\\0\\0\\0\\0\\0\\0\\0Staff Taijutsu\\0\\0\\0\\0\\0\\0\\0\\0\\0\\0\\0\\0\\0\\0\\0\\0\\0\\0iftewanm"	"3C 72 96 5F 91 CC 8F 70 7C 82 DA 82 A4 82 BD 82 A2 82 B6 82 E3 82 C2 3E"	"53 74 61 66 66 20 54 61 69 6A 75 74 73 75 00 00 00 00 00 00 00 00 00 00"
"ETC.BIN"	"0x26140"	"155968"	"0x26165"	"38"	"1\\0\\0\\0\\0\\0\\0\\0\\0\\0\\0\\0\\0\\0\\0\\0<r熱血青春|ねっけつせいしゅん>ポーズ！\\0\\0ifguwanm2\\0\\0\\0\\0\\0"	"1\\0\\0\\0\\0\\0\\0\\0\\0\\0\\0\\0\\0\\0\\0\\0Hot-Blooded Pose!\\0\\0\\0\\0\\0\\0\\0\\0\\0\\0\\0\\0\\0\\0\\0\\0\\0\\0\\0\\0\\0\\0\\0ifguwanm2\\0\\0\\0\\0\\0"	"3C 72 94 4D 8C 8C 90 C2 8F 74 7C 82 CB 82 C1 82 AF 82 C2 82 B9 82 A2 82 B5 82 E3 82 F1 3E 83 7C"	"48 6F 74 2D 42 6C 6F 6F 64 65 64 20 50 6F 73 65 21 00 00 00 00 00 00 00 00 00 00 00 00 00 00 00"
"ETC.BIN"	"0x26180"	"156032"	"0x26195"	"22"	"2\\0\\0\\0\\0\\0\\0\\0\\0\\0\\0\\0\\0\\0\\0\\0<r朝孔雀|あさくじゃく>\\0\\0ifguwanm3\\0\\0\\0\\0\\0"	"2\\0\\0\\0\\0\\0\\0\\0\\0\\0\\0\\0\\0\\0\\0\\0Morning Peacock\\0\\0\\0\\0\\0\\0\\0\\0\\0ifguwanm3\\0\\0\\0\\0\\0"	"3C 72 92 A9 8D 45 90 9D 7C 82 A0 82 B3 82 AD 82 B6 82 E1 82 AD 3E"	"4D 6F 72 6E 69 6E 67 20 50 65 61 63 6F 63 6B 00 00 00 00 00 00 00"
"ETC.BIN"	"0x261B0"	"156080"	"0x261C3"	"20"	"3\\0\\0\\0\\0\\0\\0\\0\\0\\0\\0\\0\\0\\0\\0\\0<r開門|かいもん>ッ！\\0\\0\\0\\0ifsiwanm1\\0\\0\\0"	"3\\0\\0\\0\\0\\0\\0\\0\\0\\0\\0\\0\\0\\0\\0\\0Open Gate!\\0\\0\\0\\0\\0\\0\\0\\0\\0\\0\\0\\0\\0\\0ifsiwanm1\\0\\0\\0"	"3C 72 8A 4A 96 E5 7C 82 A9 82 A2 82 E0 82 F1 3E 83 62 81 49"	"4F 70 65 6E 20 47 61 74 65 21 00 00 00 00 00 00 00 00 00 00"
"ETC.BIN"	"0x261E8"	"156136"	"0x261F1"	"10"	"ifsiwanm2\\0\\0\\0\\0\\0\\0\\0ホラよっ！\\0\\0\\0\\0\\0\\0ifsiwanm3\\0"	"ifsiwanm2\\0\\0\\0\\0\\0\\0\\0Here!\\0\\0\\0\\0\\0\\0\\0\\0\\0\\0\\0ifsiwanm3\\0"	"83 7A 83 89 82 E6 82 C1 81 49"	"48 65 72 65 21 00 00 00 00 00"
"ETC.BIN"	"0x26210"	"156176"	"0x26231"	"34"	"3\\0\\0\\0\\0\\0\\0\\0\\0\\0\\0\\0\\0\\0\\0\\0<r忍法|にんぽう>・<r影縫|かげぬ>い\\0\\0\\0\\0\\0\\0iftywanm1\\0"	"3\\0\\0\\0\\0\\0\\0\\0\\0\\0\\0\\0\\0\\0\\0\\0Shadow Stitching\\0\\0\\0\\0\\0\\0\\0\\0\\0\\0\\0\\0\\0\\0\\0\\0\\0\\0\\0\\0\\0\\0\\0\\0iftywanm1\\0"	"3C 72 94 45 96 40 7C 82 C9 82 F1 82 DB 82 A4 3E 81 45 3C 72 89 65 96 44 7C 82 A9 82 B0 82 CA 3E"	"53 68 61 64 6F 77 20 53 74 69 74 63 68 69 6E 67 00 00 00 00 00 00 00 00 00 00 00 00 00 00 00 00"
"ETC.BIN"	"0x26320"	"156448"	"0x2632F"	"16"	"2\\0\\0\\0\\0\\0\\0\\0\\0\\0\\0\\0\\0\\0\\0\\0かわいさアピール\\0\\0\\0\\0\\0\\0\\0\\0ifinwanm"	"2\\0\\0\\0\\0\\0\\0\\0\\0\\0\\0\\0\\0\\0\\0\\0Cute Appeal\\0\\0\\0\\0\\0\\0\\0\\0\\0\\0\\0\\0\\0ifinwanm"	"82 A9 82 ED 82 A2 82 B3 83 41 83 73 81 5B 83 8B"	"43 75 74 65 20 41 70 70 65 61 6C 00 00 00 00 00"
"ETC.BIN"	"0x26350"	"156496"	"0x26369"	"26"	"3\\0\\0\\0\\0\\0\\0\\0\\0\\0\\0\\0\\0\\0\\0\\0<r綺麗|きれい>な<r花|はな>\\0\\0\\0\\0\\0\\0ifaswanm1\\0"	"3\\0\\0\\0\\0\\0\\0\\0\\0\\0\\0\\0\\0\\0\\0\\0Pretty Flower\\0\\0\\0\\0\\0\\0\\0\\0\\0\\0\\0\\0\\0\\0\\0\\0\\0\\0\\0ifaswanm1\\0"	"3C 72 E3 59 97 ED 7C 82 AB 82 EA 82 A2 3E 82 C8 3C 72 89 D4 7C 82 CD 82 C8 3E"	"50 72 65 74 74 79 20 46 6C 6F 77 65 72 00 00 00 00 00 00 00 00 00 00 00 00 00"
"ETC.BIN"	"0x263A0"	"156576"	"0x263B3"	"20"	"ifaswanm2\\0\\0\\0\\0\\0\\0\\0<r装着|そうちゃく>！\\0\\0\\0\\0ifaswanm3\\0\\0\\0"	"ifaswanm2\\0\\0\\0\\0\\0\\0\\0Equip!\\0\\0\\0\\0\\0\\0\\0\\0\\0\\0\\0\\0\\0\\0\\0\\0\\0\\0ifaswanm3\\0\\0\\0"	"3C 72 91 95 92 85 7C 82 BB 82 A4 82 BF 82 E1 82 AD 3E 81 49"	"45 71 75 69 70 21 00 00 00 00 00 00 00 00 00 00 00 00 00 00"
"ETC.BIN"	"0x263D0"	"156624"	"0x263E1"	"18"	"3\\0\\0\\0\\0\\0\\0\\0\\0\\0\\0\\0\\0\\0\\0\\0<r一閃|いっせん>！\\0\\0\\0\\0\\0\\0ifkiwanm1\\0"	"3\\0\\0\\0\\0\\0\\0\\0\\0\\0\\0\\0\\0\\0\\0\\0Flash!\\0\\0\\0\\0\\0\\0\\0\\0\\0\\0\\0\\0\\0\\0\\0\\0\\0\\0ifkiwanm1\\0"	"3C 72 88 EA 91 4D 7C 82 A2 82 C1 82 B9 82 F1 3E 81 49"	"46 6C 61 73 68 21 00 00 00 00 00 00 00 00 00 00 00 00"
"ETC.BIN"	"0x26400"	"156672"	"0x26411"	"18"	"1\\0\\0\\0\\0\\0\\0\\0\\0\\0\\0\\0\\0\\0\\0\\0<r登場|とうじょう>\\0\\0\\0\\0\\0\\0ifkiwanm2\\0"	"1\\0\\0\\0\\0\\0\\0\\0\\0\\0\\0\\0\\0\\0\\0\\0Entrance\\0\\0\\0\\0\\0\\0\\0\\0\\0\\0\\0\\0\\0\\0\\0\\0ifkiwanm2\\0"	"3C 72 93 6F 8F EA 7C 82 C6 82 A4 82 B6 82 E5 82 A4 3E"	"45 6E 74 72 61 6E 63 65 00 00 00 00 00 00 00 00 00 00"
"ETC.BIN"	"0x26458"	"156760"	"0x26465"	"14"	"ifkiwanm3\\0\\0\\0\\0\\0\\0\\0ダイナミック！\\0\\0ifsnwanm1\\0\\0\\0\\0\\0"	"ifkiwanm3\\0\\0\\0\\0\\0\\0\\0Dynamic!\\0\\0\\0\\0\\0\\0\\0\\0ifsnwanm1\\0\\0\\0\\0\\0"	"83 5F 83 43 83 69 83 7E 83 62 83 4E 81 49"	"44 79 6E 61 6D 69 63 21 00 00 00 00 00 00"
"ETC.BIN"	"0x26480"	"156800"	"0x26499"	"26"	"1\\0\\0\\0\\0\\0\\0\\0\\0\\0\\0\\0\\0\\0\\0\\0<r静|しず>かな<r男|おとこ>\\0\\0\\0\\0\\0\\0ifsnwanm2\\0"	"1\\0\\0\\0\\0\\0\\0\\0\\0\\0\\0\\0\\0\\0\\0\\0Quiet Man\\0\\0\\0\\0\\0\\0\\0\\0\\0\\0\\0\\0\\0\\0\\0\\0\\0\\0\\0\\0\\0\\0\\0ifsnwanm2\\0"	"3C 72 90 C3 7C 82 B5 82 B8 3E 82 A9 82 C8 3C 72 92 6A 7C 82 A8 82 C6 82 B1 3E"	"51 75 69 65 74 20 4D 61 6E 00 00 00 00 00 00 00 00 00 00 00 00 00 00 00 00 00"
"ETC.BIN"	"0x264B0"	"156848"	"0x264C5"	"22"	"ifsnwanm2\\0\\0\\0\\0\\0\\0\\0<r寄壊蟲|きかいちゅう>\\0\\0ifsnwanm3\\0\\0\\0\\0\\0"	"ifsnwanm2\\0\\0\\0\\0\\0\\0\\0Destruction Bugs\\0\\0\\0\\0\\0\\0\\0\\0ifsnwanm3\\0\\0\\0\\0\\0"	"3C 72 8A F1 89 F3 E5 B3 7C 82 AB 82 A9 82 A2 82 BF 82 E3 82 A4 3E"	"44 65 73 74 72 75 63 74 69 6F 6E 20 42 75 67 73 00 00 00 00 00 00"
"ETC.BIN"	"0x26580"	"157056"	"0x26591"	"18"	"3\\0\\0\\0\\0\\0\\0\\0\\0\\0\\0\\0\\0\\0\\0\\0<r掌打|しょうだ>！\\0\\0\\0\\0\\0\\0ifkrwanm1\\0"	"3\\0\\0\\0\\0\\0\\0\\0\\0\\0\\0\\0\\0\\0\\0\\0Palm Strike!\\0\\0\\0\\0\\0\\0\\0\\0\\0\\0\\0\\0ifkrwanm1\\0"	"3C 72 8F B6 91 C5 7C 82 B5 82 E5 82 A4 82 BE 3E 81 49"	"50 61 6C 6D 20 53 74 72 69 6B 65 21 00 00 00 00 00 00"
"ETC.BIN"	"0x265E0"	"157152"	"0x265FD"	"30"	"ifkrwanm2\\0\\0\\0\\0\\0\\0\\0<r幻術発動|げんじゅつはつどう>\\0\\0ifkrwanm3\\0\\0\\0\\0\\0"	"ifkrwanm2\\0\\0\\0\\0\\0\\0\\0Genjutsu Activate\\0\\0\\0\\0\\0\\0\\0\\0\\0\\0\\0\\0\\0\\0\\0ifkrwanm3\\0\\0\\0\\0\\0"	"3C 72 8C B6 8F 70 94 AD 93 AE 7C 82 B0 82 F1 82 B6 82 E3 82 C2 82 CD 82 C2 82 C7 82 A4 3E"	"47 65 6E 6A 75 74 73 75 20 41 63 74 69 76 61 74 65 00 00 00 00 00 00 00 00 00 00 00 00 00"
"ETC.BIN"	"0x26610"	"157200"	"0x2661B"	"12"	"ifkrwanm3\\0\\0\\0\\0\\0\\0\\0こんなものね\\0\\0\\0\\0ifgawanm1\\0\\0\\0"	"ifkrwanm3\\0\\0\\0\\0\\0\\0\\0That's That\\0\\0\\0\\0\\0ifgawanm1\\0\\0\\0"	"82 B1 82 F1 82 C8 82 E0 82 CC 82 CB"	"54 68 61 74 27 73 20 54 68 61 74 00"
"ETC.BIN"	"0x26630"	"157232"	"0x2663D"	"14"	"ifgawanm1\\0\\0\\0\\0\\0\\0\\0<r威圧|いあつ>\\0\\0ifgawanm2\\0\\0\\0\\0\\0"	"ifgawanm1\\0\\0\\0\\0\\0\\0\\0Pressure\\0\\0\\0\\0\\0\\0\\0\\0ifgawanm2\\0\\0\\0\\0\\0"	"3C 72 88 D0 88 B3 7C 82 A2 82 A0 82 C2 3E"	"50 72 65 73 73 75 72 65 00 00 00 00 00 00"
"ETC.BIN"	"0x26650"	"157264"	"0x26665"	"22"	"ifgawanm2\\0\\0\\0\\0\\0\\0\\0<r砂|すな>の<r殻|から>\\0\\0ifgawanm3\\0\\0\\0\\0\\0"	"ifgawanm2\\0\\0\\0\\0\\0\\0\\0Sand Shell\\0\\0\\0\\0\\0\\0\\0\\0\\0\\0\\0\\0\\0\\0ifgawanm3\\0\\0\\0\\0\\0"	"3C 72 8D BB 7C 82 B7 82 C8 3E 82 CC 3C 72 8A 6B 7C 82 A9 82 E7 3E"	"53 61 6E 64 20 53 68 65 6C 6C 00 00 00 00 00 00 00 00 00 00 00 00"
"ETC.BIN"	"0x26680"	"157312"	"0x2668F"	"16"	"3\\0\\0\\0\\0\\0\\0\\0\\0\\0\\0\\0\\0\\0\\0\\0<r逃|に>がさん…\\0\\0\\0\\0\\0\\0\\0\\0ifknwanm"	"3\\0\\0\\0\\0\\0\\0\\0\\0\\0\\0\\0\\0\\0\\0\\0No Escape...\\0\\0\\0\\0\\0\\0\\0\\0\\0\\0\\0\\0ifknwanm"	"3C 72 93 A6 7C 82 C9 3E 82 AA 82 B3 82 F1 81 63"	"4E 6F 20 45 73 63 61 70 65 2E 2E 2E 00 00 00 00"
"ETC.BIN"	"0x266C0"	"157376"	"0x266DF"	"32"	"2\\0\\0\\0\\0\\0\\0\\0\\0\\0\\0\\0\\0\\0\\0\\0<r傀儡|くぐつ>の<r巻物|まきもの>\\0\\0\\0\\0\\0\\0\\0\\0ifknwanm"	"2\\0\\0\\0\\0\\0\\0\\0\\0\\0\\0\\0\\0\\0\\0\\0Puppet Scroll\\0\\0\\0\\0\\0\\0\\0\\0\\0\\0\\0\\0\\0\\0\\0\\0\\0\\0\\0\\0\\0\\0\\0\\0\\0\\0\\0ifknwanm"	"3C 72 98 F8 99 53 7C 82 AD 82 AE 82 C2 3E 82 CC 3C 72 8A AA 95 A8 7C 82 DC 82 AB 82 E0 82 CC 3E"	"50 75 70 70 65 74 20 53 63 72 6F 6C 6C 00 00 00 00 00 00 00 00 00 00 00 00 00 00 00 00 00 00 00"
"ETC.BIN"	"0x26730"	"157488"	"0x26749"	"26"	"iftmwanm1\\0\\0\\0\\0\\0\\0\\0<r巨大扇子|きょだいせんす>\\0\\0\\0\\0\\0\\0iftmwanm2\\0"	"iftmwanm1\\0\\0\\0\\0\\0\\0\\0Giant Fan\\0\\0\\0\\0\\0\\0\\0\\0\\0\\0\\0\\0\\0\\0\\0\\0\\0\\0\\0\\0\\0\\0\\0iftmwanm2\\0"	"3C 72 8B 90 91 E5 90 EE 8E 71 7C 82 AB 82 E5 82 BE 82 A2 82 B9 82 F1 82 B7 3E"	"47 69 61 6E 74 20 46 61 6E 00 00 00 00 00 00 00 00 00 00 00 00 00 00 00 00 00"
"ETC.BIN"	"0x26800"	"157696"	"0x26815"	"22"	"ifchyanm1\\0\\0\\0\\0\\0\\0\\0<r父|ちち>と<r母|はは>\\0\\0ifchyanm2\\0\\0\\0\\0\\0"	"ifchyanm1\\0\\0\\0\\0\\0\\0\\0Father and Mother\\0\\0\\0\\0\\0\\0\\0ifchyanm2\\0\\0\\0\\0\\0"	"3C 72 95 83 7C 82 BF 82 BF 3E 82 C6 3C 72 95 EA 7C 82 CD 82 CD 3E"	"46 61 74 68 65 72 20 61 6E 64 20 4D 6F 74 68 65 72 00 00 00 00 00"
"ETC.BIN"	"0x26880"	"157824"	"0x26897"	"24"	"ifitwanm2\\0\\0\\0\\0\\0\\0\\0<r鋭|するど>い<r蹴|け>り\\0\\0\\0\\0\\0\\0\\0\\0ifitwanm"	"ifitwanm2\\0\\0\\0\\0\\0\\0\\0Sharp Kick\\0\\0\\0\\0\\0\\0\\0\\0\\0\\0\\0\\0\\0\\0\\0\\0\\0\\0\\0\\0\\0\\0ifitwanm"	"3C 72 89 73 7C 82 B7 82 E9 82 C7 3E 82 A2 3C 72 8F 52 7C 82 AF 3E 82 E8"	"53 68 61 72 70 20 4B 69 63 6B 00 00 00 00 00 00 00 00 00 00 00 00 00 00"
"ETC.BIN"	"0x268B0"	"157872"	"0x268C5"	"22"	"ifitwanm3\\0\\0\\0\\0\\0\\0\\0<r幻術|げんじゅつ>！？\\0\\0ifkswanm1\\0\\0\\0\\0\\0"	"ifitwanm3\\0\\0\\0\\0\\0\\0\\0Genjutsu!?\\0\\0\\0\\0\\0\\0\\0\\0\\0\\0\\0\\0\\0\\0ifkswanm1\\0\\0\\0\\0\\0"	"3C 72 8C B6 8F 70 7C 82 B0 82 F1 82 B6 82 E3 82 C2 3E 81 49 81 48"	"47 65 6E 6A 75 74 73 75 21 3F 00 00 00 00 00 00 00 00 00 00 00 00"
"ETC.BIN"	"0x26920"	"157984"	"0x26941"	"34"	"2\\0\\0\\0\\0\\0\\0\\0\\0\\0\\0\\0\\0\\0\\0\\0<r大刀|だいとう>・<r鮫肌|サメハダ>\\0\\0\\0\\0\\0\\0ifkswanm3\\0"	"2\\0\\0\\0\\0\\0\\0\\0\\0\\0\\0\\0\\0\\0\\0\\0Samehada\\0\\0\\0\\0\\0\\0\\0\\0\\0\\0\\0\\0\\0\\0\\0\\0\\0\\0\\0\\0\\0\\0\\0\\0\\0\\0\\0\\0\\0\\0\\0\\0ifkswanm3\\0"	"3C 72 91 E5 93 81 7C 82 BE 82 A2 82 C6 82 A4 3E 81 45 3C 72 8E 4C 94 A7 7C 83 54 83 81 83 6E 83"	"53 61 6D 65 68 61 64 61 00 00 00 00 00 00 00 00 00 00 00 00 00 00 00 00 00 00 00 00 00 00 00 00"
"ETC.BIN"	"0x269D0"	"158160"	"0x269ED"	"30"	"2\\0\\0\\0\\0\\0\\0\\0\\0\\0\\0\\0\\0\\0\\0\\0<r芸術作品|げいじゅつさくひん>\\0\\0ifddranm3\\0\\0\\0\\0\\0"	"2\\0\\0\\0\\0\\0\\0\\0\\0\\0\\0\\0\\0\\0\\0\\0Artwork\\0\\0\\0\\0\\0\\0\\0\\0\\0\\0\\0\\0\\0\\0\\0\\0\\0\\0\\0\\0\\0\\0\\0\\0\\0ifddranm3\\0\\0\\0\\0\\0"	"3C 72 8C 7C 8F 70 8D EC 95 69 7C 82 B0 82 A2 82 B6 82 E3 82 C2 82 B3 82 AD 82 D0 82 F1 3E"	"41 72 74 77 6F 72 6B 00 00 00 00 00 00 00 00 00 00 00 00 00 00 00 00 00 00 00 00 00 00 00"
"ETC.BIN"	"0x26A00"	"158208"	"0x26A1B"	"28"	"ifddranm3\\0\\0\\0\\0\\0\\0\\0<r空|そら>から<r攻|せ>める！\\0\\0\\0\\0ifschanm1\\0\\0\\0"	"ifddranm3\\0\\0\\0\\0\\0\\0\\0Attack from Above!\\0\\0\\0\\0\\0\\0\\0\\0\\0\\0\\0\\0\\0\\0ifschanm1\\0\\0\\0"	"3C 72 8B F3 7C 82 BB 82 E7 3E 82 A9 82 E7 3C 72 8D 55 7C 82 B9 3E 82 DF 82 E9 81 49"	"41 74 74 61 63 6B 20 66 72 6F 6D 20 41 62 6F 76 65 21 00 00 00 00 00 00 00 00 00 00"
"ETC.BIN"	"0x26A30"	"158256"	"0x26A53"	"36"	"ifschanm1\\0\\0\\0\\0\\0\\0\\0<r完璧|かんぺき>なる<r攻守|こうしゅ>\\0\\0\\0\\0ifscoanm1\\0\\0\\0"	"ifschanm1\\0\\0\\0\\0\\0\\0\\0Perfect Off/Def\\0\\0\\0\\0\\0\\0\\0\\0\\0\\0\\0\\0\\0\\0\\0\\0\\0\\0\\0\\0\\0\\0\\0\\0\\0ifscoanm1\\0\\0\\0"	"3C 72 8A AE E0 F8 7C 82 A9 82 F1 82 D8 82 AB 3E 82 C8 82 E9 3C 72 8D 55 8E E7 7C 82 B1 82 A4 82"	"50 65 72 66 65 63 74 20 4F 66 66 2F 44 65 66 00 00 00 00 00 00 00 00 00 00 00 00 00 00 00 00 00"
"ETC.BIN"	"0x26A70"	"158320"	"0x26A97"	"40"	"1\\0\\0\\0\\0\\0\\0\\0\\0\\0\\0\\0\\0\\0\\0\\0<r一番|いちばん>のお<r気|き>に<r入|い>り\\0\\0\\0\\0\\0\\0\\0\\0ifscvanm"	"1\\0\\0\\0\\0\\0\\0\\0\\0\\0\\0\\0\\0\\0\\0\\0Favorite\\0\\0\\0\\0\\0\\0\\0\\0\\0\\0\\0\\0\\0\\0\\0\\0\\0\\0\\0\\0\\0\\0\\0\\0\\0\\0\\0\\0\\0\\0\\0\\0\\0\\0\\0\\0\\0\\0\\0\\0ifscvanm"	"3C 72 88 EA 94 D4 7C 82 A2 82 BF 82 CE 82 F1 3E 82 CC 82 A8 3C 72 8B 43 7C 82 AB 3E 82 C9 3C 72"	"46 61 76 6F 72 69 74 65 00 00 00 00 00 00 00 00 00 00 00 00 00 00 00 00 00 00 00 00 00 00 00 00"
"ETC.BIN"	"0x26AB0"	"158384"	"0x26AC7"	"24"	"ifscvanm1\\0\\0\\0\\0\\0\\0\\0<r自分自身|じぶんじしん>\\0\\0\\0\\0\\0\\0\\0\\0ifjrwanm"	"ifscvanm1\\0\\0\\0\\0\\0\\0\\0Myself\\0\\0\\0\\0\\0\\0\\0\\0\\0\\0\\0\\0\\0\\0\\0\\0\\0\\0\\0\\0\\0\\0\\0\\0\\0\\0ifjrwanm"	"3C 72 8E A9 95 AA 8E A9 90 67 7C 82 B6 82 D4 82 F1 82 B6 82 B5 82 F1 3E"	"4D 79 73 65 6C 66 00 00 00 00 00 00 00 00 00 00 00 00 00 00 00 00 00 00"
"ETC.BIN"	"0x26B10"	"158480"	"0x26B3F"	"48"	"ifjrwanm2\\0\\0\\0\\0\\0\\0\\0<r四代目|よんだいめ>が<r遺|のこ>した<r術|じゅつ>\\0\\0\\0\\0\\0\\0\\0\\0ifjrwanm"	"ifjrwanm2\\0\\0\\0\\0\\0\\0\\04th's Jutsu\\0\\0\\0\\0\\0\\0\\0\\0\\0\\0\\0\\0\\0\\0\\0\\0\\0\\0\\0\\0\\0\\0\\0\\0\\0\\0\\0\\0\\0\\0\\0\\0\\0\\0\\0\\0\\0\\0\\0\\0\\0\\0\\0\\0\\0ifjrwanm"	"3C 72 8E 6C 91 E3 96 DA 7C 82 E6 82 F1 82 BE 82 A2 82 DF 3E 82 AA 3C 72 88 E2 7C 82 CC 82 B1 3E"	"34 74 68 27 73 20 4A 75 74 73 75 00 00 00 00 00 00 00 00 00 00 00 00 00 00 00 00 00 00 00 00 00"
"ETC.BIN"	"0x26B60"	"158560"	"0x26B77"	"24"	"3\\0\\0\\0\\0\\0\\0\\0\\0\\0\\0\\0\\0\\0\\0\\0<r蝦蟇仙人|ガマせんにん>\\0\\0\\0\\0\\0\\0\\0\\0iftnwanm"	"3\\0\\0\\0\\0\\0\\0\\0\\0\\0\\0\\0\\0\\0\\0\\0Toad Sage\\0\\0\\0\\0\\0\\0\\0\\0\\0\\0\\0\\0\\0\\0\\0\\0\\0\\0\\0\\0\\0\\0\\0iftnwanm"	"3C 72 89 DA E5 AF 90 E5 90 6C 7C 83 4B 83 7D 82 B9 82 F1 82 C9 82 F1 3E"	"54 6F 61 64 20 53 61 67 65 00 00 00 00 00 00 00 00 00 00 00 00 00 00 00"
"ETC.BIN"	"0x26C00"	"158720"	"0x26C17"	"24"	"iftnwanm3\\0\\0\\0\\0\\0\\0\\0<r痛天脚|つうてんきゃく>\\0\\0\\0\\0\\0\\0\\0\\0ifszwanm"	"iftnwanm3\\0\\0\\0\\0\\0\\0\\0Heaven Kick\\0\\0\\0\\0\\0\\0\\0\\0\\0\\0\\0\\0\\0\\0\\0\\0\\0\\0\\0\\0\\0ifszwanm"	"3C 72 92 C9 93 56 8B 72 7C 82 C2 82 A4 82 C4 82 F1 82 AB 82 E1 82 AD 3E"	"48 65 61 76 65 6E 20 4B 69 63 6B 00 00 00 00 00 00 00 00 00 00 00 00 00"
"ETC.BIN"	"0x26C70"	"158832"	"0x26C81"	"18"	"3\\0\\0\\0\\0\\0\\0\\0\\0\\0\\0\\0\\0\\0\\0\\0<r突撃|とつげき>！\\0\\0\\0\\0\\0\\0ifymtanm1\\0"	"3\\0\\0\\0\\0\\0\\0\\0\\0\\0\\0\\0\\0\\0\\0\\0Charge!\\0\\0\\0\\0\\0\\0\\0\\0\\0\\0\\0\\0\\0\\0\\0\\0\\0ifymtanm1\\0"	"3C 72 93 CB 8C 82 7C 82 C6 82 C2 82 B0 82 AB 3E 81 49"	"43 68 61 72 67 65 21 00 00 00 00 00 00 00 00 00 00 00"
"ETC.BIN"	"0x26CF0"	"158960"	"0x26D19"	"42"	"3\\0\\0\\0\\0\\0\\0\\0\\0\\0\\0\\0\\0\\0\\0\\0<r木遁|もくとん>・<r木錠壁|もくじょうへき>\\0\\0\\0\\0\\0\\0iforwanm1\\0"	"3\\0\\0\\0\\0\\0\\0\\0\\0\\0\\0\\0\\0\\0\\0\\0Wood Locking Wall\\0\\0\\0\\0\\0\\0\\0\\0\\0\\0\\0\\0\\0\\0\\0\\0\\0\\0\\0\\0\\0\\0\\0\\0\\0\\0\\0\\0\\0\\0\\0iforwanm1\\0"	"3C 72 96 D8 93 D9 7C 82 E0 82 AD 82 C6 82 F1 3E 81 45 3C 72 96 D8 8F F9 95 C7 7C 82 E0 82 AD 82"	"57 6F 6F 64 20 4C 6F 63 6B 69 6E 67 20 57 61 6C 6C 00 00 00 00 00 00 00 00 00 00 00 00 00 00 00"
"ETC.BIN"	"0x26D30"	"159024"	"0x26D49"	"26"	"iforwanm1\\0\\0\\0\\0\\0\\0\\0<r不敵|ふてき>な<r笑|え>み\\0\\0\\0\\0\\0\\0iforwanm2\\0"	"iforwanm1\\0\\0\\0\\0\\0\\0\\0Fearless Smile\\0\\0\\0\\0\\0\\0\\0\\0\\0\\0\\0\\0\\0\\0\\0\\0\\0\\0iforwanm2\\0"	"3C 72 95 73 93 47 7C 82 D3 82 C4 82 AB 3E 82 C8 3C 72 8F CE 7C 82 A6 3E 82 DD"	"46 65 61 72 6C 65 73 73 20 53 6D 69 6C 65 00 00 00 00 00 00 00 00 00 00 00 00"
"ETC.BIN"	"0x26D60"	"159072"	"0x26D7F"	"32"	"iforwanm2\\0\\0\\0\\0\\0\\0\\0<r潜影多蛇手|せんえいたじゃしゅ>\\0\\0\\0\\0\\0\\0\\0\\0iforwanm"	"iforwanm2\\0\\0\\0\\0\\0\\0\\0Hidden Shadow Snakes\\0\\0\\0\\0\\0\\0\\0\\0\\0\\0\\0\\0\\0\\0\\0\\0\\0\\0\\0\\0iforwanm"	"3C 72 90 F6 89 65 91 BD 8E D6 8E E8 7C 82 B9 82 F1 82 A6 82 A2 82 BD 82 B6 82 E1 82 B5 82 E3 3E"	"48 69 64 64 65 6E 20 53 68 61 64 6F 77 20 53 6E 61 6B 65 73 00 00 00 00 00 00 00 00 00 00 00 00"
"ETC.BIN"	"0x26DA0"	"159136"	"0x26DC1"	"34"	"3\\0\\0\\0\\0\\0\\0\\0\\0\\0\\0\\0\\0\\0\\0\\0<r脅威|きょうい>の<r存在|そんざい>\\0\\0\\0\\0\\0\\0ifkbwanm1\\0"	"3\\0\\0\\0\\0\\0\\0\\0\\0\\0\\0\\0\\0\\0\\0\\0Threat\\0\\0\\0\\0\\0\\0\\0\\0\\0\\0\\0\\0\\0\\0\\0\\0\\0\\0\\0\\0\\0\\0\\0\\0\\0\\0\\0\\0\\0\\0\\0\\0\\0\\0ifkbwanm1\\0"	"3C 72 8B BA 88 D0 7C 82 AB 82 E5 82 A4 82 A2 3E 82 CC 3C 72 91 B6 8D DD 7C 82 BB 82 F1 82 B4 82"	"54 68 72 65 61 74 00 00 00 00 00 00 00 00 00 00 00 00 00 00 00 00 00 00 00 00 00 00 00 00 00 00"
"ETC.BIN"	"0x26DE0"	"159200"	"0x26E09"	"42"	"1\\0\\0\\0\\0\\0\\0\\0\\0\\0\\0\\0\\0\\0\\0\\0<r大蛇丸|オロチまる>への<r忠誠|ちゅうせい>\\0\\0\\0\\0\\0\\0ifkbwanm2\\0"	"1\\0\\0\\0\\0\\0\\0\\0\\0\\0\\0\\0\\0\\0\\0\\0Loyal to Orochimaru\\0\\0\\0\\0\\0\\0\\0\\0\\0\\0\\0\\0\\0\\0\\0\\0\\0\\0\\0\\0\\0\\0\\0\\0\\0\\0\\0\\0\\0ifkbwanm2\\0"	"3C 72 91 E5 8E D6 8A DB 7C 83 49 83 8D 83 60 82 DC 82 E9 3E 82 D6 82 CC 3C 72 92 89 90 BD 7C 82"	"4C 6F 79 61 6C 20 74 6F 20 4F 72 6F 63 68 69 6D 61 72 75 00 00 00 00 00 00 00 00 00 00 00 00 00"
"ETC.BIN"	"0x26E40"	"159296"	"0x26E47"	"8"	"ifkbwanm3\\0\\0\\0\\0\\0\\0\\0ストック\\0\\0\\0\\0\\0\\0\\0\\0ifsswanm"	"ifkbwanm3\\0\\0\\0\\0\\0\\0\\0Stock\\0\\0\\0\\0\\0\\0\\0\\0\\0\\0\\0ifsswanm"	"83 58 83 67 83 62 83 4E"	"53 74 6F 63 6B 00 00 00"
"ETC.BIN"	"0x26EC8"	"159432"	"0x26ED5"	"14"	"ifsswanm3\\0\\0\\0\\0\\0\\0\\0<r千鳥|ちどり>\\0\\0\\0\\0\\0\\0\\0\\0\\0\\0\\0\\0\\0\\0.o"	"ifsswanm3\\0\\0\\0\\0\\0\\0\\0Chidori\\0\\0\\0\\0\\0\\0\\0\\0\\0\\0\\0\\0\\0\\0\\0\\0\\0\\0\\0\\0\\0.o"	"3C 72 90 E7 92 B9 7C 82 BF 82 C7 82 E8 3E"	"43 68 69 64 6F 72 69 00 00 00 00 00 00 00"
"ETC.BIN"	"0x28610"	"165392"	"0x28631"	"34"	"<r龍|りゅう>\\0\\0\\0\\0<r雷切|らいきり>・<r一尖|いっせん>\\0\\0\\0\\0\\0\\0\\0\\0\\0\\0\\0\\0\\0\\0<r"	"<r龍|りゅう>\\0\\0\\0\\0Raikiri: Issen\\0\\0\\0\\0\\0\\0\\0\\0\\0\\0\\0\\0\\0\\0\\0\\0\\0\\0\\0\\0\\0\\0\\0\\0\\0\\0\\0\\0\\0\\0\\0\\0\\0\\0<r"	"3C 72 97 8B 90 D8 7C 82 E7 82 A2 82 AB 82 E8 3E 81 45 3C 72 88 EA 90 EB 7C 82 A2 82 C1 82 B9 82"	"52 61 69 6B 69 72 69 3A 20 49 73 73 65 6E 00 00 00 00 00 00 00 00 00 00 00 00 00 00 00 00 00 00"
"ETC.BIN"	"0x28670"	"165488"	"0x28687"	"24"	".ｪ>\\0\\0\\0\\0\\0\\0\\0\\0\\0\\0\\0\\0コピー<r忍術|にんじゅつ>\\0\\0\\0\\0\\0\\0\\0\\0<r八卦四"	".ｪ>\\0\\0\\0\\0\\0\\0\\0\\0\\0\\0\\0\\0Copy Ninjutsu\\0\\0\\0\\0\\0\\0\\0\\0\\0\\0\\0\\0\\0\\0\\0\\0\\0\\0\\0<r八卦四"	"83 52 83 73 81 5B 3C 72 94 45 8F 70 7C 82 C9 82 F1 82 B6 82 E3 82 C2 3E"	"43 6F 70 79 20 4E 69 6E 6A 75 74 73 75 00 00 00 00 00 00 00 00 00 00 00"
"ETC.BIN"	"0x286C0"	"165568"	"0x286E9"	"42"	"ｵょう>\\0\\0\\0\\0\\0\\0\\0\\0\\0\\0<r八卦六十四掌|はっけろくじゅうよんしょう>\\0\\0\\0\\0\\0\\0<r八卦破山"	"ｵょう>\\0\\0\\0\\0\\0\\0\\0\\0\\0\\064 Palms\\0\\0\\0\\0\\0\\0\\0\\0\\0\\0\\0\\0\\0\\0\\0\\0\\0\\0\\0\\0\\0\\0\\0\\0\\0\\0\\0\\0\\0\\0\\0\\0\\0\\0\\0\\0\\0\\0\\0\\0<r八卦破山"	"3C 72 94 AA 8C 54 98 5A 8F 5C 8E 6C 8F B6 7C 82 CD 82 C1 82 AF 82 EB 82 AD 82 B6 82 E3 82 A4 82"	"36 34 20 50 61 6C 6D 73 00 00 00 00 00 00 00 00 00 00 00 00 00 00 00 00 00 00 00 00 00 00 00 00"
"ETC.BIN"	"0x28AE0"	"166624"	"0x28AF3"	"20"	"ｭさつ>\\0\\0\\0\\0\\0\\0\\0\\0\\0\\0<r砂縛牢|さばくろう>\\0\\0\\0\\0\\0\\0\\0\\0\\0\\0\\0\\0<r砂"	"ｭさつ>\\0\\0\\0\\0\\0\\0\\0\\0\\0\\0Sand Prison\\0\\0\\0\\0\\0\\0\\0\\0\\0\\0\\0\\0\\0\\0\\0\\0\\0\\0\\0\\0\\0<r砂"	"3C 72 8D BB 94 9B 98 53 7C 82 B3 82 CE 82 AD 82 EB 82 A4 3E"	"53 61 6E 64 20 50 72 69 73 6F 6E 00 00 00 00 00 00 00 00 00"
"ETC.BIN"	"0x29740"	"169792"	"0x29751"	"18"	"ｭ>り\\0\\0\\0\\0\\0\\0\\0\\0\\0\\0\\0\\0<r牙通牙|がつうが>\\0\\0\\0\\0\\0\\0\\0\\0\\0\\0\\0\\0\\0\\0<r"	"ｭ>り\\0\\0\\0\\0\\0\\0\\0\\0\\0\\0\\0\\0Fang Over Fang\\0\\0\\0\\0\\0\\0\\0\\0\\0\\0\\0\\0\\0\\0\\0\\0\\0\\0Wo"	"3C 72 89 E5 92 CA 89 E5 7C 82 AA 82 C2 82 A4 82 AA 3E"	"46 61 6E 67 20 4F 76 65 72 20 46 61 6E 67 00 00 00 00"
"ETC.BIN"	"0x29760"	"169824"	"0x29771"	"18"	"ｪ>\\0\\0\\0\\0\\0\\0\\0\\0\\0\\0\\0\\0\\0\\0<r牙狼牙|がろうが>\\0\\0\\0\\0\\0\\0\\0\\0\\0\\0\\0\\0\\0\\0<r"	"\\0\\0\\0\\0\\0\\0\\0\\0\\0\\0\\0\\0\\0\\0\\0\\0Wolf Fang\\0\\0\\0\\0\\0\\0\\0\\0\\0\\0\\0\\0\\0\\0\\0\\0\\0\\0\\0\\0\\0\\0\\0<r"	"3C 72 89 E5 98 54 89 E5 7C 82 AA 82 EB 82 A4 82 AA 3E"	"57 6F 6C 66 20 46 61 6E 67 00 00 00 00 00 00 00 00 00"
"ETC.BIN"	"0x29830"	"170032"	"0x29841"	"18"	"轤・\\0\\0\\0\\0\\0\\0\\0\\0\\0\\0\\0\\0<r白眼|びゃくがん>\\0\\0\\0\\0\\0\\0\\0\\0\\0\\0\\0\\0\\0\\0<r"	"轤・\\0\\0\\0\\0\\0\\0\\0\\0\\0\\0\\0\\0Byakugan\\0\\0\\0\\0\\0\\0\\0\\0\\0\\0\\0\\0\\0\\0\\0\\0\\0\\0\\0\\0\\0\\0\\0\\0<r"	"3C 72 94 92 8A E1 7C 82 D1 82 E1 82 AD 82 AA 82 F1 3E"	"42 79 61 6B 75 67 61 6E 00 00 00 00 00 00 00 00 00 00"
"ETC.BIN"	"0x29A60"	"170592"	"0x29A81"	"34"	"､いん>\\0\\0\\0\\0\\0\\0\\0\\0\\0\\0<r飛雷神|ひらいしん>の<r術|じゅつ>\\0\\0\\0\\0\\0\\0\\0\\0\\0\\0\\0\\0\\0\\0<r"	"､いん>\\0\\0\\0\\0\\0\\0\\0\\0\\0\\0Flying Raijin\\0\\0\\0\\0\\0\\0\\0\\0\\0\\0\\0\\0\\0\\0\\0\\0\\0\\0\\0\\0\\0\\0\\0\\0\\0\\0\\0\\0\\0\\0\\0\\0\\0\\0\\0Sa"	"3C 72 94 F2 97 8B 90 5F 7C 82 D0 82 E7 82 A2 82 B5 82 F1 3E 82 CC 3C 72 8F 70 7C 82 B6 82 E3 82"	"46 6C 79 69 6E 67 20 52 61 69 6A 69 6E 00 00 00 00 00 00 00 00 00 00 00 00 00 00 00 00 00 00 00"
"ETC.BIN"	"0x29A90"	"170640"	"0x29AA9"	"26"	"ﾂ>\\0\\0\\0\\0\\0\\0\\0\\0\\0\\0\\0\\0\\0\\0<r砂瀑大葬|さばくたいそう>\\0\\0\\0\\0\\0\\0<r砂手裏剣"	"\\0\\0\\0\\0\\0\\0\\0\\0\\0\\0\\0\\0\\0\\0\\0\\0Sand Burial\\0\\0\\0\\0\\0\\0\\0\\0\\0\\0\\0\\0\\0\\0\\0\\0\\0\\0\\0\\0\\0<r砂手裏剣"	"3C 72 8D BB E0 65 91 E5 91 92 7C 82 B3 82 CE 82 AD 82 BD 82 A2 82 BB 82 A4 3E"	"53 61 6E 64 20 42 75 72 69 61 6C 00 00 00 00 00 00 00 00 00 00 00 00 00 00 00"
"ETC.BIN"	"0x2B2E0"	"176864"	"0x2B355"	"118"	".\\0\\0\\0・\\0\\0.\\0\\0\\0`.\\0<r木|こ>ノ<r葉|は><r隠|がく>れの<r里|さと>\\0\\0\\0\\0\\0\\0<r木|こ>ノ<r葉|は>の<r門|もん>\\0\\0<r五封結界|ごふうけっかい>の<r崖|がけ>\\0\\0\\0\\0\\0\\0\\0\\0\\0\\0<r暁|・"	".\\0\\0\\0・\\0\\0.\\0\\0\\0`.\\0Hidden Leaf\\0\\0\\0\\0\\0\\0\\0\\0\\0\\0\\0\\0\\0\\0\\0\\0\\0\\0\\0\\0\\0\\0\\0\\0\\0\\0\\0\\0\\0\\0\\0\\0\\0\\0\\0\\0\\0Leaf Gate\\0\\0\\0\\0\\0\\0\\0\\0\\0\\0\\0\\0\\0\\0\\0\\0\\0\\0\\0\\0\\0\\0\\0Five-Seal Cliff\\0\\0\\0\\0\\0\\0\\0\\0\\0\\0\\0\\0\\0\\0\\0\\0\\0\\0\\0\\0\\0\\0\\0\\0\\0\\0\\0\\0\\0\\0\\0\\0\\0Akatsu"	"3C 72 96 D8 7C 82 B1 3E 83 6D 3C 72 97 74 7C 82 CD 3E 3C 72 89 42 7C 82 AA 82 AD 3E 82 EA 82 CC"	"48 69 64 64 65 6E 20 4C 65 61 66 00 00 00 00 00 00 00 00 00 00 00 00 00 00 00 00 00 00 00 00 00"
"ETC.BIN"	"0x2B360"	"176992"	"0x2B375"	"22"	"|がけ>\\0\\0\\0\\0\\0\\0\\0\\0\\0\\0<r暁|あかつき>のアジト\\0\\0\\0\\0\\0\\0\\0\\0\\0\\0<r根|・"	"\\0\\0\\0\\0\\0\\0\\0\\0\\0\\0\\0\\0\\0\\0\\0\\0Akatsuki Hideout\\0\\0\\0\\0\\0\\0\\0\\0\\0\\0\\0\\0\\0\\0\\0\\0Root H"	"3C 72 8B C5 7C 82 A0 82 A9 82 C2 82 AB 3E 82 CC 83 41 83 57 83 67"	"41 6B 61 74 73 75 6B 69 20 48 69 64 65 6F 75 74 00 00 00 00 00 00"
"ETC.BIN"	"0x2B380"	"177024"	"0x2B397"	"24"	"アジト\\0\\0\\0\\0\\0\\0\\0\\0\\0\\0<r根|ね>の<r本部|ほんぶ>\\0\\0\\0\\0\\0\\0\\0\\0<r天地橋"	"\\0\\0\\0\\0\\0\\0\\0\\0\\0\\0\\0\\0\\0\\0\\0\\0Root HQ\\0\\0\\0\\0\\0\\0\\0\\0\\0\\0\\0\\0\\0\\0\\0\\0\\0\\0\\0\\0\\0\\0\\0\\0\\0Tenchi B"	"3C 72 8D AA 7C 82 CB 3E 82 CC 3C 72 96 7B 95 94 7C 82 D9 82 F1 82 D4 3E"	"52 6F 6F 74 20 48 51 00 00 00 00 00 00 00 00 00 00 00 00 00 00 00 00 00"
"ETC.BIN"	"0x2B3A0"	"177056"	"0x2B3B5"	"22"	"|ほんぶ>\\0\\0\\0\\0\\0\\0\\0\\0<r天地橋|てんちきょう>\\0\\0\\0\\0\\0\\0\\0\\0\\0\\0<r大蛇"	"\\0\\0\\0\\0\\0\\0\\0\\0\\0\\0\\0\\0\\0\\0\\0\\0Tenchi Bridge\\0\\0\\0\\0\\0\\0\\0\\0\\0\\0\\0\\0\\0\\0\\0\\0\\0\\0\\0Orochi"	"3C 72 93 56 92 6E 8B B4 7C 82 C4 82 F1 82 BF 82 AB 82 E5 82 A4 3E"	"54 65 6E 63 68 69 20 42 72 69 64 67 65 00 00 00 00 00 00 00 00 00"
"ETC.BIN"	"0x2B3C0"	"177088"	"0x2B401"	"66"	"ｫょう>\\0\\0\\0\\0\\0\\0\\0\\0\\0\\0<r大蛇丸|オロチまる>のアジト\\0\\0\\0\\0<r大蛇|だいじゃ>の<r祭壇|さいだん>\\0\\0\\0\\0\\0\\0\\0\\0\\0\\0\\0\\0\\0\\0<r"	"\\0\\0\\0\\0\\0\\0\\0\\0\\0\\0\\0\\0\\0\\0\\0\\0Orochimaru Hideout\\0\\0\\0\\0\\0\\0\\0\\0\\0\\0\\0\\0\\0\\0Great Snake Altar\\0\\0\\0\\0\\0\\0\\0\\0\\0\\0\\0\\0\\0\\0\\0\\0\\0\\0\\0\\0\\0\\0\\0\\0\\0\\0\\0\\0\\0\\0\\0Bu"	"3C 72 91 E5 8E D6 8A DB 7C 83 49 83 8D 83 60 82 DC 82 E9 3E 82 CC 83 41 83 57 83 67 00 00 00 00"	"4F 72 6F 63 68 69 6D 61 72 75 20 48 69 64 65 6F 75 74 00 00 00 00 00 00 00 00 00 00 00 00 00 00"
"ETC.BIN"	"0x2B410"	"177168"	"0x2B4AF"	"160"	"・\\0\\0\\0\\0\\0\\0\\0\\0\\0\\0\\0\\0\\0\\0<r賑|にぎ>わいの<r里|さと>\\0\\0\\0\\0\\0\\0<r火影|ほかげ>の<r屋敷|やしき>\\0\\0<r世界|せかい>を<r駆|か>ける\\0\\0\\0\\0<r砂隠|すながく>れの<r里|さと>\\0\\0<r邪傑|じゃけつ>の<r巣穴|すあな>\\0\\0\\0\\0\\0\\0\\0\\0\\0\\0\\0\\0\\0\\0\\0\\0"	"\\0\\0\\0\\0\\0\\0\\0\\0\\0\\0\\0\\0\\0\\0\\0\\0Busy Village\\0\\0\\0\\0\\0\\0\\0\\0\\0\\0\\0\\0\\0\\0\\0\\0\\0\\0\\0\\0Hokage Mansion\\0\\0\\0\\0\\0\\0\\0\\0\\0\\0\\0\\0\\0\\0\\0\\0\\0\\0Across the World\\0\\0\\0\\0\\0\\0\\0\\0\\0\\0\\0\\0\\0\\0\\0\\0Hidden Sand\\0\\0\\0\\0\\0\\0\\0\\0\\0\\0\\0\\0\\0\\0\\0\\0\\0\\0\\0\\0\\0Villain Lair\\0\\0\\0\\0\\0\\0\\0\\0\\0\\0\\0\\0\\0\\0\\0\\0\\0\\0\\0\\0\\0\\0\\0\\0\\0\\0\\0\\0\\0\\0\\0\\0\\0\\0\\0\\0"	"3C 72 93 F6 7C 82 C9 82 AC 3E 82 ED 82 A2 82 CC 3C 72 97 A2 7C 82 B3 82 C6 3E 00 00 00 00 00 00"	"42 75 73 79 20 56 69 6C 6C 61 67 65 00 00 00 00 00 00 00 00 00 00 00 00 00 00 00 00 00 00 00 00"
"ETC.BIN"	"0x2B4C0"	"177344"	"0x2B4CF"	"16"	"\\0\\0\\0\\0\\0\\0\\0\\0\\0\\0\\0\\0\\0\\0\\0\\0<r赤雲|せきうん>\\0\\0\\0\\0\\0\\0\\0\\0\\0\\0\\0\\0\\0\\0\\0\\0"	"\\0\\0\\0\\0\\0\\0\\0\\0\\0\\0\\0\\0\\0\\0\\0\\0Red Clouds\\0\\0\\0\\0\\0\\0\\0\\0\\0\\0\\0\\0\\0\\0\\0\\0\\0\\0\\0\\0\\0\\0"	"3C 72 90 D4 89 5F 7C 82 B9 82 AB 82 A4 82 F1 3E"	"52 65 64 20 43 6C 6F 75 64 73 00 00 00 00 00 00"
"ETC.BIN"	"0x2B4E0"	"177376"	"0x2B517"	"56"	"\\0\\0\\0\\0\\0\\0\\0\\0\\0\\0\\0\\0\\0\\0\\0\\0<r激戦|げきせん>を<r越|こ>えて\\0\\0カカシ<r道場|どうじょう>\\0\\0\\0\\0\\0\\0\\0\\0やすらぎ"	"\\0\\0\\0\\0\\0\\0\\0\\0\\0\\0\\0\\0\\0\\0\\0\\0After Fierce Battle\\0\\0\\0\\0\\0\\0\\0\\0\\0\\0\\0\\0\\0Kakashi Dojo\\0\\0\\0\\0\\0\\0\\0\\0\\0\\0\\0\\0\\0\\0\\0\\0\\0\\0\\0\\0Peace an"	"3C 72 8C 83 90 ED 7C 82 B0 82 AB 82 B9 82 F1 3E 82 F0 3C 72 89 7A 7C 82 B1 3E 82 A6 82 C4 00 00"	"41 66 74 65 72 20 46 69 65 72 63 65 20 42 61 74 74 6C 65 00 00 00 00 00 00 00 00 00 00 00 00 00"
"ETC.BIN"	"0x2B520"	"177440"	"0x2B581"	"98"	"､じょう>\\0\\0\\0\\0\\0\\0\\0\\0やすらぎと<r再会|さいかい>と\\0\\0\\0\\0<r暗雲|あんうん><r来|きた>る\\0\\0\\0\\0<r風影|かぜかげ><r襲撃|しゅうげき>\\0\\0\\0\\0\\0\\0\\0\\0\\0\\0\\0\\0\\0\\0<r"	"\\0\\0\\0\\0\\0\\0\\0\\0\\0\\0\\0\\0\\0\\0\\0\\0Peace and Reunion\\0\\0\\0\\0\\0\\0\\0\\0\\0\\0\\0\\0\\0\\0\\0Dark Clouds\\0\\0\\0\\0\\0\\0\\0\\0\\0\\0\\0\\0\\0\\0\\0\\0\\0\\0\\0\\0\\0Kazekage Assault\\0\\0\\0\\0\\0\\0\\0\\0\\0\\0\\0\\0\\0\\0\\0\\0\\0\\0\\0\\0\\0\\0\\0\\0\\0\\0\\0\\0\\0\\0\\0\\0Em"	"82 E2 82 B7 82 E7 82 AC 82 C6 3C 72 8D C4 89 EF 7C 82 B3 82 A2 82 A9 82 A2 3E 82 C6 00 00 00 00"	"50 65 61 63 65 20 61 6E 64 20 52 65 75 6E 69 6F 6E 00 00 00 00 00 00 00 00 00 00 00 00 00 00 00"
"ETC.BIN"	"0x2B590"	"177552"	"0x2B5EF"	"96"	"ｫ>\\0\\0\\0\\0\\0\\0\\0\\0\\0\\0\\0\\0\\0\\0<r緊急指令|きんきゅうしれい>\\0\\0\\0\\0<r走|はし>る<r緊迫|きんぱく>\\0\\0\\0\\0<r恐|おそ>ろしき<r怪人|かいじん>\\0\\0\\0\\0\\0\\0\\0\\0\\0\\0\\0\\0\\0\\0\\0\\0"	"\\0\\0\\0\\0\\0\\0\\0\\0\\0\\0\\0\\0\\0\\0\\0\\0Emergency Order\\0\\0\\0\\0\\0\\0\\0\\0\\0\\0\\0\\0\\0\\0\\0\\0\\0Rising Tension\\0\\0\\0\\0\\0\\0\\0\\0\\0\\0\\0\\0\\0\\0\\0\\0\\0\\0Fearsome Monster\\0\\0\\0\\0\\0\\0\\0\\0\\0\\0\\0\\0\\0\\0\\0\\0\\0\\0\\0\\0\\0\\0\\0\\0\\0\\0\\0\\0\\0\\0\\0\\0"	"3C 72 8B D9 8B 7D 8E 77 97 DF 7C 82 AB 82 F1 82 AB 82 E3 82 A4 82 B5 82 EA 82 A2 3E 00 00 00 00"	"45 6D 65 72 67 65 6E 63 79 20 4F 72 64 65 72 00 00 00 00 00 00 00 00 00 00 00 00 00 00 00 00 00"
"ETC.BIN"	"0x2B600"	"177664"	"0x2B61F"	"32"	"\\0\\0\\0\\0\\0\\0\\0\\0\\0\\0\\0\\0\\0\\0\\0\\0<r真紅|しんく>の<r激闘|げきとう>\\0\\0\\0\\0\\0\\0\\0\\0\\0\\0\\0\\0\\0\\0\\0\\0"	"\\0\\0\\0\\0\\0\\0\\0\\0\\0\\0\\0\\0\\0\\0\\0\\0Crimson Battle\\0\\0\\0\\0\\0\\0\\0\\0\\0\\0\\0\\0\\0\\0\\0\\0\\0\\0\\0\\0\\0\\0\\0\\0\\0\\0\\0\\0\\0\\0\\0\\0\\0\\0"	"3C 72 90 5E 8D 67 7C 82 B5 82 F1 82 AD 3E 82 CC 3C 72 8C 83 93 AC 7C 82 B0 82 AB 82 C6 82 A4 3E"	"43 72 69 6D 73 6F 6E 20 42 61 74 74 6C 65 00 00 00 00 00 00 00 00 00 00 00 00 00 00 00 00 00 00"
"ETC.BIN"	"0x2B630"	"177712"	"0x2B657"	"40"	"\\0\\0\\0\\0\\0\\0\\0\\0\\0\\0\\0\\0\\0\\0\\0\\0<r闇|やみ>を<r抱|いだ>きし<r者|もの>たち\\0\\0\\0\\0\\0\\0\\0\\0<r虚|う・"	"\\0\\0\\0\\0\\0\\0\\0\\0\\0\\0\\0\\0\\0\\0\\0\\0Those Bearing Darkness\\0\\0\\0\\0\\0\\0\\0\\0\\0\\0\\0\\0\\0\\0\\0\\0\\0\\0\\0\\0\\0\\0\\0\\0\\0\\0Fading H"	"3C 72 88 C5 7C 82 E2 82 DD 3E 82 F0 3C 72 95 F8 7C 82 A2 82 BE 3E 82 AB 82 B5 3C 72 8E D2 7C 82"	"54 68 6F 73 65 20 42 65 61 72 69 6E 67 20 44 61 72 6B 6E 65 73 73 00 00 00 00 00 00 00 00 00 00"
"ETC.BIN"	"0x2B660"	"177760"	"0x2B687"	"40"	"烽ﾌ>たち\\0\\0\\0\\0\\0\\0\\0\\0<r虚|うつ>ろ<r消|き>えゆく<r世界|せかい>\\0\\0\\0\\0\\0\\0\\0\\0<r絆|き・"	"\\0\\0\\0\\0\\0\\0\\0\\0\\0\\0\\0\\0\\0\\0\\0\\0Fading Hollow World\\0\\0\\0\\0\\0\\0\\0\\0\\0\\0\\0\\0\\0\\0\\0\\0\\0\\0\\0\\0\\0\\0\\0\\0\\0\\0\\0\\0\\0Bonds\\0\\0\\0"	"3C 72 8B 95 7C 82 A4 82 C2 3E 82 EB 3C 72 8F C1 7C 82 AB 3E 82 A6 82 E4 82 AD 3C 72 90 A2 8A 45"	"46 61 64 69 6E 67 20 48 6F 6C 6C 6F 77 20 57 6F 72 6C 64 00 00 00 00 00 00 00 00 00 00 00 00 00"
"ETC.BIN"	"0x2B690"	"177808"	"0x2B6BF"	"48"	"|せかい>\\0\\0\\0\\0\\0\\0\\0\\0<r絆|きずな>\\0\\0\\0\\0<r偽|いつわ>りの<r存在|そんざい>\\0\\0\\0\\0\\0\\0\\0\\0\\0\\0\\0\\0\\0\\0\\0\\0"	"\\0\\0\\0\\0\\0\\0\\0\\0\\0\\0\\0\\0\\0\\0\\0\\0Bonds\\0\\0\\0\\0\\0\\0\\0\\0\\0\\0\\0False Existence\\0\\0\\0\\0\\0\\0\\0\\0\\0\\0\\0\\0\\0\\0\\0\\0\\0\\0\\0\\0\\0\\0\\0\\0\\0\\0\\0\\0\\0\\0\\0\\0\\0"	"3C 72 E3 4A 7C 82 AB 82 B8 82 C8 3E 00 00 00 00 3C 72 8B 55 7C 82 A2 82 C2 82 ED 3E 82 E8 82 CC"	"42 6F 6E 64 73 00 00 00 00 00 00 00 00 00 00 00 46 61 6C 73 65 20 45 78 69 73 74 65 6E 63 65 00"
"ETC.BIN"	"0x2B6D0"	"177872"	"0x2B6F5"	"38"	"\\0\\0\\0\\0\\0\\0\\0\\0\\0\\0\\0\\0\\0\\0\\0\\0<r最凶|さいきょう>の<r傀儡師|くぐつし>\\0\\0\\0\\0\\0\\0\\0\\0\\0\\0<r決意"	"\\0\\0\\0\\0\\0\\0\\0\\0\\0\\0\\0\\0\\0\\0\\0\\0Deadliest Puppeteer\\0\\0\\0\\0\\0\\0\\0\\0\\0\\0\\0\\0\\0\\0\\0\\0\\0\\0\\0\\0\\0\\0\\0\\0\\0\\0\\0\\0\\0Firm R"	"3C 72 8D C5 8B A5 7C 82 B3 82 A2 82 AB 82 E5 82 A4 3E 82 CC 3C 72 98 F8 99 53 8E 74 7C 82 AD 82"	"44 65 61 64 6C 69 65 73 74 20 50 75 70 70 65 74 65 65 72 00 00 00 00 00 00 00 00 00 00 00 00 00"
"ETC.BIN"	"0x2B700"	"177920"	"0x2B72F"	"48"	"ｮつし>\\0\\0\\0\\0\\0\\0\\0\\0\\0\\0<r決意|けつい><r固|かた>めて\\0\\0\\0\\0サクラ<r舞|ま>う\\0\\0\\0\\0\\0\\0\\0\\0\\0\\0\\0\\0\\0\\0\\0\\0"	"\\0\\0\\0\\0\\0\\0\\0\\0\\0\\0\\0\\0\\0\\0\\0\\0Firm Resolve\\0\\0\\0\\0\\0\\0\\0\\0\\0\\0\\0\\0\\0\\0\\0\\0\\0\\0\\0\\0Sakura Dances\\0\\0\\0\\0\\0\\0\\0\\0\\0\\0\\0\\0\\0\\0\\0\\0\\0\\0\\0"	"3C 72 8C 88 88 D3 7C 82 AF 82 C2 82 A2 3E 3C 72 8C C5 7C 82 A9 82 BD 3E 82 DF 82 C4 00 00 00 00"	"46 69 72 6D 20 52 65 73 6F 6C 76 65 00 00 00 00 00 00 00 00 00 00 00 00 00 00 00 00 00 00 00 00"
"ETC.BIN"	"0x2B740"	"177984"	"0x2B75F"	"32"	"\\0\\0\\0\\0\\0\\0\\0\\0\\0\\0\\0\\0\\0\\0\\0\\0<r猛|た>け<r吼|ほ>ゆる<r者|もの>\\0\\0\\0\\0\\0\\0\\0\\0\\0\\0\\0\\0\\0\\0\\0\\0"	"\\0\\0\\0\\0\\0\\0\\0\\0\\0\\0\\0\\0\\0\\0\\0\\0Roaring Beast\\0\\0\\0\\0\\0\\0\\0\\0\\0\\0\\0\\0\\0\\0\\0\\0\\0\\0\\0\\0\\0\\0\\0\\0\\0\\0\\0\\0\\0\\0\\0\\0\\0\\0\\0"	"3C 72 96 D2 7C 82 BD 3E 82 AF 3C 72 99 E1 7C 82 D9 3E 82 E4 82 E9 3C 72 8E D2 7C 82 E0 82 CC 3E"	"52 6F 61 72 69 6E 67 20 42 65 61 73 74 00 00 00 00 00 00 00 00 00 00 00 00 00 00 00 00 00 00 00"
"ETC.BIN"	"0x2B770"	"178032"	"0x2B795"	"38"	"\\0\\0\\0\\0\\0\\0\\0\\0\\0\\0\\0\\0\\0\\0\\0\\0<r願|ねが>い…<r空|そら>に<r舞|ま>いて\\0\\0\\0\\0\\0\\0\\0\\0\\0\\0<r新生"	"\\0\\0\\0\\0\\0\\0\\0\\0\\0\\0\\0\\0\\0\\0\\0\\0Wish in the Sky\\0\\0\\0\\0\\0\\0\\0\\0\\0\\0\\0\\0\\0\\0\\0\\0\\0\\0\\0\\0\\0\\0\\0\\0\\0\\0\\0\\0\\0\\0\\0\\0\\0New Te"	"3C 72 8A E8 7C 82 CB 82 AA 3E 82 A2 81 63 3C 72 8B F3 7C 82 BB 82 E7 3E 82 C9 3C 72 95 91 7C 82"	"57 69 73 68 20 69 6E 20 74 68 65 20 53 6B 79 00 00 00 00 00 00 00 00 00 00 00 00 00 00 00 00 00"
"ETC.BIN"	"0x2B7A0"	"178080"	"0x2B7C1"	"34"	"ﾜ>いて\\0\\0\\0\\0\\0\\0\\0\\0\\0\\0<r新生|しんせい>の<r一斑|いっぱん>\\0\\0\\0\\0\\0\\0\\0\\0\\0\\0\\0\\0\\0\\0<r"	"\\0\\0\\0\\0\\0\\0\\0\\0\\0\\0\\0\\0\\0\\0\\0\\0New Team\\0\\0\\0\\0\\0\\0\\0\\0\\0\\0\\0\\0\\0\\0\\0\\0\\0\\0\\0\\0\\0\\0\\0\\0\\0\\0\\0\\0\\0\\0\\0\\0\\0\\0\\0\\0\\0\\0\\0\\0Bl"	"3C 72 90 56 90 B6 7C 82 B5 82 F1 82 B9 82 A2 3E 82 CC 3C 72 88 EA 94 C1 7C 82 A2 82 C1 82 CF 82"	"4E 65 77 20 54 65 61 6D 00 00 00 00 00 00 00 00 00 00 00 00 00 00 00 00 00 00 00 00 00 00 00 00"
"ETC.BIN"	"0x2B7D0"	"178128"	"0x2B831"	"98"	"・\\0\\0\\0\\0\\0\\0\\0\\0\\0\\0\\0\\0\\0\\0<r碧|あお>き<r背中|せなか>\\0\\0\\0\\0\\0\\0<r巨悪現|きょあくあらわ>る\\0\\0\\0\\0\\0\\0<r荒|あ>れ<r狂|くる>う<r獣|けもの>\\0\\0\\0\\0\\0\\0\\0\\0\\0\\0\\0\\0\\0\\0<r"	"\\0\\0\\0\\0\\0\\0\\0\\0\\0\\0\\0\\0\\0\\0\\0\\0Blue Back\\0\\0\\0\\0\\0\\0\\0\\0\\0\\0\\0\\0\\0\\0\\0\\0\\0\\0\\0\\0\\0\\0\\0Great Evil Appears\\0\\0\\0\\0\\0\\0\\0\\0\\0\\0\\0\\0\\0\\0Raging Beast\\0\\0\\0\\0\\0\\0\\0\\0\\0\\0\\0\\0\\0\\0\\0\\0\\0\\0\\0\\0\\0\\0\\0\\0\\0\\0\\0\\0\\0\\0\\0\\0\\0\\0\\0\\0Tw"	"3C 72 95 C9 7C 82 A0 82 A8 3E 82 AB 3C 72 94 77 92 86 7C 82 B9 82 C8 82 A9 3E 00 00 00 00 00 00"	"42 6C 75 65 20 42 61 63 6B 00 00 00 00 00 00 00 00 00 00 00 00 00 00 00 00 00 00 00 00 00 00 00"
"ETC.BIN"	"0x2B840"	"178240"	"0x2B85F"	"32"	"ﾌ>\\0\\0\\0\\0\\0\\0\\0\\0\\0\\0\\0\\0\\0\\0<r切迫|せっぱく>の<r二人|ふたり>\\0\\0\\0\\0\\0\\0\\0\\0\\0\\0\\0\\0\\0\\0\\0\\0"	"\\0\\0\\0\\0\\0\\0\\0\\0\\0\\0\\0\\0\\0\\0\\0\\0Two in Crisis\\0\\0\\0\\0\\0\\0\\0\\0\\0\\0\\0\\0\\0\\0\\0\\0\\0\\0\\0\\0\\0\\0\\0\\0\\0\\0\\0\\0\\0\\0\\0\\0\\0\\0\\0"	"3C 72 90 D8 94 97 7C 82 B9 82 C1 82 CF 82 AD 3E 82 CC 3C 72 93 F1 90 6C 7C 82 D3 82 BD 82 E8 3E"	"54 77 6F 20 69 6E 20 43 72 69 73 69 73 00 00 00 00 00 00 00 00 00 00 00 00 00 00 00 00 00 00 00"
"ETC.BIN"	"0x2B870"	"178288"	"0x2B88F"	"32"	"\\0\\0\\0\\0\\0\\0\\0\\0\\0\\0\\0\\0\\0\\0\\0\\0<r帰|かえ>るべき<r場所|ばしょ>へ\\0\\0\\0\\0\\0\\0\\0\\0オルゴー"	"\\0\\0\\0\\0\\0\\0\\0\\0\\0\\0\\0\\0\\0\\0\\0\\0Where We Belong\\0\\0\\0\\0\\0\\0\\0\\0\\0\\0\\0\\0\\0\\0\\0\\0\\0\\0\\0\\0\\0\\0\\0\\0\\0Music Bo"	"3C 72 8B 41 7C 82 A9 82 A6 3E 82 E9 82 D7 82 AB 3C 72 8F EA 8F 8A 7C 82 CE 82 B5 82 E5 3E 82 D6"	"57 68 65 72 65 20 57 65 20 42 65 6C 6F 6E 67 00 00 00 00 00 00 00 00 00 00 00 00 00 00 00 00 00"
"ETC.BIN"	"0x2B898"	"178328"	"0x2B8A1"	"10"	"ﾎしょ>へ\\0\\0\\0\\0\\0\\0\\0\\0オルゴール\\0\\0\\0\\0\\0\\0\\0\\0\\0\\0\\0\\0\\0\\0\\0\\0"	"\\0\\0\\0\\0\\0\\0\\0\\0\\0\\0\\0\\0\\0\\0\\0\\0Music Box\\0\\0\\0\\0\\0\\0\\0\\0\\0\\0\\0\\0\\0\\0\\0\\0\\0"	"83 49 83 8B 83 53 81 5B 83 8B"	"4D 75 73 69 63 20 42 6F 78 00"
"ETC.BIN"	"0x2BB60"	"179040"	"0x2BB95"	"54"	"....\\0\\0\\0\\0\\0\\0\\0\\0\\0\\0\\0\\0<r悲|かな>しみと<r怒|いか>り\\0\\0\\0\\0ナルトの<r決意|けつい>\\0\\0\\0\\0\\0\\0\\0\\0\\0\\0<r激情"	"....\\0\\0\\0\\0\\0\\0\\0\\0\\0\\0\\0\\0Sadness and Anger\\0\\0\\0\\0\\0\\0\\0\\0\\0\\0\\0\\0\\0\\0\\0Naruto's Resolve\\0\\0\\0\\0\\0\\0\\0\\0\\0\\0\\0\\0\\0\\0\\0\\0Passio"	"3C 72 94 DF 7C 82 A9 82 C8 3E 82 B5 82 DD 82 C6 3C 72 93 7B 7C 82 A2 82 A9 3E 82 E8 00 00 00 00"	"53 61 64 6E 65 73 73 20 61 6E 64 20 41 6E 67 65 72 00 00 00 00 00 00 00 00 00 00 00 00 00 00 00"
"ETC.BIN"	"0x2BBA0"	"179104"	"0x2BBB1"	"18"	"ｯつい>\\0\\0\\0\\0\\0\\0\\0\\0\\0\\0<r激情|げきじょう>\\0\\0\\0\\0\\0\\0\\0\\0\\0\\0\\0\\0\\0\\0<r"	"\\0\\0\\0\\0\\0\\0\\0\\0\\0\\0\\0\\0\\0\\0\\0\\0Passion\\0\\0\\0\\0\\0\\0\\0\\0\\0\\0\\0\\0\\0\\0\\0\\0\\0\\0\\0\\0\\0\\0\\0\\0\\0Tw"	"3C 72 8C 83 8F EE 7C 82 B0 82 AB 82 B6 82 E5 82 A4 3E"	"50 61 73 73 69 6F 6E 00 00 00 00 00 00 00 00 00 00 00"
"ETC.BIN"	"0x2BBC0"	"179136"	"0x2BC17"	"88"	"､>\\0\\0\\0\\0\\0\\0\\0\\0\\0\\0\\0\\0\\0\\0<r二人|ふたり>の<r繋|つな>がり\\0\\0<r再会|さいかい>…そして…\\0\\0\\0\\0\\0\\0サクラの<r約束|やくそく>\\0\\0\\0\\0\\0\\0\\0\\0<r決意|・"	"\\0\\0\\0\\0\\0\\0\\0\\0\\0\\0\\0\\0\\0\\0\\0\\0Two Bonds\\0\\0\\0\\0\\0\\0\\0\\0\\0\\0\\0\\0\\0\\0\\0\\0\\0\\0\\0\\0\\0\\0\\0Reunion... And...\\0\\0\\0\\0\\0\\0\\0\\0\\0\\0\\0\\0\\0\\0\\0Sakura's Promise\\0\\0\\0\\0\\0\\0\\0\\0\\0\\0\\0\\0\\0\\0\\0\\0Resolve\\0"	"3C 72 93 F1 90 6C 7C 82 D3 82 BD 82 E8 3E 82 CC 3C 72 8C 71 7C 82 C2 82 C8 3E 82 AA 82 E8 00 00"	"54 77 6F 20 42 6F 6E 64 73 00 00 00 00 00 00 00 00 00 00 00 00 00 00 00 00 00 00 00 00 00 00 00"
"ETC.BIN"	"0x2BC20"	"179232"	"0x2BC55"	"54"	"竄ｭそく>\\0\\0\\0\\0\\0\\0\\0\\0<r決意|けつい>\\0\\0<r負|ま>けん<r気|き>\\0\\0\\0\\0ナルトのために\\0\\0\\0\\0\\0\\0\\0\\0\\0\\0いつも"	"\\0\\0\\0\\0\\0\\0\\0\\0\\0\\0\\0\\0\\0\\0\\0\\0Resolve\\0\\0\\0\\0\\0\\0\\0\\0\\0Fighting Spirit\\0\\0\\0\\0\\0\\0\\0\\0\\0For Naruto\\0\\0\\0\\0\\0\\0\\0\\0\\0\\0\\0\\0\\0\\0As Alw"	"3C 72 8C 88 88 D3 7C 82 AF 82 C2 82 A2 3E 00 00 3C 72 95 89 7C 82 DC 3E 82 AF 82 F1 3C 72 8B 43"	"52 65 73 6F 6C 76 65 00 00 00 00 00 00 00 00 00 46 69 67 68 74 69 6E 67 20 53 70 69 72 69 74 00"
"ETC.BIN"	"0x2BC60"	"179296"	"0x2BC71"	"18"	"ために\\0\\0\\0\\0\\0\\0\\0\\0\\0\\0いつも<r通|どお>り\\0\\0\\0\\0\\0\\0\\0\\0\\0\\0\\0\\0\\0\\0<r"	"to\\0\\0\\0\\0\\0\\0\\0\\0\\0\\0\\0\\0\\0\\0As Always\\0\\0\\0\\0\\0\\0\\0\\0\\0\\0\\0\\0\\0\\0\\0\\0\\0\\0\\0\\0\\0\\0\\0Fi"	"82 A2 82 C2 82 E0 3C 72 92 CA 7C 82 C7 82 A8 3E 82 E8"	"41 73 20 41 6C 77 61 79 73 00 00 00 00 00 00 00 00 00"
"ETC.BIN"	"0x2BC80"	"179328"	"0x2BC9F"	"32"	"り\\0\\0\\0\\0\\0\\0\\0\\0\\0\\0\\0\\0\\0\\0<r初|はじ>めての<r一言|ひとこと>\\0\\0\\0\\0\\0\\0\\0\\0\\0\\0\\0\\0\\0\\0\\0\\0"	"\\0\\0\\0\\0\\0\\0\\0\\0\\0\\0\\0\\0\\0\\0\\0\\0First Words\\0\\0\\0\\0\\0\\0\\0\\0\\0\\0\\0\\0\\0\\0\\0\\0\\0\\0\\0\\0\\0\\0\\0\\0\\0\\0\\0\\0\\0\\0\\0\\0\\0\\0\\0\\0\\0"	"3C 72 8F 89 7C 82 CD 82 B6 3E 82 DF 82 C4 82 CC 3C 72 88 EA 8C BE 7C 82 D0 82 C6 82 B1 82 C6 3E"	"46 69 72 73 74 20 57 6F 72 64 73 00 00 00 00 00 00 00 00 00 00 00 00 00 00 00 00 00 00 00 00 00"
"ETC.BIN"	"0x2BCB0"	"179376"	"0x2BCCF"	"32"	"\\0\\0\\0\\0\\0\\0\\0\\0\\0\\0\\0\\0\\0\\0\\0\\0<r狙|ねら>ったキャラ<r位置|いち>\\0\\0\\0\\0\\0\\0\\0\\0\\0\\0\\0\\0\\0\\0\\0\\0"	"\\0\\0\\0\\0\\0\\0\\0\\0\\0\\0\\0\\0\\0\\0\\0\\0Target Position\\0\\0\\0\\0\\0\\0\\0\\0\\0\\0\\0\\0\\0\\0\\0\\0\\0\\0\\0\\0\\0\\0\\0\\0\\0\\0\\0\\0\\0\\0\\0\\0\\0"	"3C 72 91 5F 7C 82 CB 82 E7 3E 82 C1 82 BD 83 4C 83 83 83 89 3C 72 88 CA 92 75 7C 82 A2 82 BF 3E"	"54 61 72 67 65 74 20 50 6F 73 69 74 69 6F 6E 00 00 00 00 00 00 00 00 00 00 00 00 00 00 00 00 00"
"ETC.BIN"	"0x2BCE0"	"179424"	"0x2BD11"	"50"	"\\0\\0\\0\\0\\0\\0\\0\\0\\0\\0\\0\\0\\0\\0\\0\\0<r冷|つめ>たい<r言葉|ことば>\\0\\0\\0\\0<r感情|かんじょう>\\0\\0\\0\\0\\0\\0\\0\\0\\0\\0\\0\\0\\0\\0<r"	"\\0\\0\\0\\0\\0\\0\\0\\0\\0\\0\\0\\0\\0\\0\\0\\0Cold Words\\0\\0\\0\\0\\0\\0\\0\\0\\0\\0\\0\\0\\0\\0\\0\\0\\0\\0\\0\\0\\0\\0Emotion\\0\\0\\0\\0\\0\\0\\0\\0\\0\\0\\0\\0\\0\\0\\0\\0\\0\\0\\0\\0\\0\\0\\0\\0\\0Wh"	"3C 72 97 E2 7C 82 C2 82 DF 3E 82 BD 82 A2 3C 72 8C BE 97 74 7C 82 B1 82 C6 82 CE 3E 00 00 00 00"	"43 6F 6C 64 20 57 6F 72 64 73 00 00 00 00 00 00 00 00 00 00 00 00 00 00 00 00 00 00 00 00 00 00"
"ETC.BIN"	"0x2BD20"	"179488"	"0x2BD35"	"22"	"､>\\0\\0\\0\\0\\0\\0\\0\\0\\0\\0\\0\\0\\0\\0<r確|たし>かめたいもの\\0\\0\\0\\0\\0\\0\\0\\0\\0\\0カカシ"	"\\0\\0\\0\\0\\0\\0\\0\\0\\0\\0\\0\\0\\0\\0\\0\\0What I Want to Know\\0\\0\\0\\0\\0\\0\\0\\0\\0\\0\\0\\0\\0Kakash"	"3C 72 8A 6D 7C 82 BD 82 B5 3E 82 A9 82 DF 82 BD 82 A2 82 E0 82 CC"	"57 68 61 74 20 49 20 57 61 6E 74 20 74 6F 20 4B 6E 6F 77 00 00 00"
"ETC.BIN"	"0x2BD40"	"179520"	"0x2BD55"	"22"	"いもの\\0\\0\\0\\0\\0\\0\\0\\0\\0\\0カカシの<r本気|ほんき>\\0\\0\\0\\0\\0\\0\\0\\0\\0\\0<r成長"	"now\\0\\0\\0\\0\\0\\0\\0\\0\\0\\0\\0\\0\\0Kakashi Serious\\0\\0\\0\\0\\0\\0\\0\\0\\0\\0\\0\\0\\0\\0\\0\\0\\0Joy of"	"83 4A 83 4A 83 56 82 CC 3C 72 96 7B 8B 43 7C 82 D9 82 F1 82 AB 3E"	"4B 61 6B 61 73 68 69 20 53 65 72 69 6F 75 73 00 00 00 00 00 00 00"
"ETC.BIN"	"0x2BD60"	"179552"	"0x2BD83"	"36"	"ﾙんき>\\0\\0\\0\\0\\0\\0\\0\\0\\0\\0<r成長|せいちょう>への<r喜|よろこ>び\\0\\0\\0\\0\\0\\0\\0\\0\\0\\0\\0\\0ナル"	"\\0\\0\\0\\0\\0\\0\\0\\0\\0\\0\\0\\0\\0\\0\\0\\0Joy of Growth\\0\\0\\0\\0\\0\\0\\0\\0\\0\\0\\0\\0\\0\\0\\0\\0\\0\\0\\0\\0\\0\\0\\0\\0\\0\\0\\0\\0\\0\\0\\0\\0\\0\\0\\0Naru"	"3C 72 90 AC 92 B7 7C 82 B9 82 A2 82 BF 82 E5 82 A4 3E 82 D6 82 CC 3C 72 8A EC 7C 82 E6 82 EB 82"	"4A 6F 79 20 6F 66 20 47 72 6F 77 74 68 00 00 00 00 00 00 00 00 00 00 00 00 00 00 00 00 00 00 00"
"ETC.BIN"	"0x2BD90"	"179600"	"0x2BDB1"	"34"	"ｱ>び\\0\\0\\0\\0\\0\\0\\0\\0\\0\\0\\0\\0ナルトの<r気持|きも>ち・<r壱|いち>\\0\\0\\0\\0\\0\\0\\0\\0\\0\\0\\0\\0\\0\\0ナ"	"\\0\\0\\0\\0\\0\\0\\0\\0\\0\\0\\0\\0\\0\\0\\0\\0Naruto's Feelings 1\\0\\0\\0\\0\\0\\0\\0\\0\\0\\0\\0\\0\\0\\0\\0\\0\\0\\0\\0\\0\\0\\0\\0\\0\\0\\0\\0\\0\\0Na"	"83 69 83 8B 83 67 82 CC 3C 72 8B 43 8E 9D 7C 82 AB 82 E0 3E 82 BF 81 45 3C 72 88 EB 7C 82 A2 82"	"4E 61 72 75 74 6F 27 73 20 46 65 65 6C 69 6E 67 73 20 31 00 00 00 00 00 00 00 00 00 00 00 00 00"
"ETC.BIN"	"0x2BDC0"	"179648"	"0x2BDDF"	"32"	"ｿ>\\0\\0\\0\\0\\0\\0\\0\\0\\0\\0\\0\\0\\0\\0ナルトの<r気持|きも>ち・<r弐|に>\\0\\0\\0\\0\\0\\0\\0\\0\\0\\0\\0\\0\\0\\0\\0\\0"	"\\0\\0\\0\\0\\0\\0\\0\\0\\0\\0\\0\\0\\0\\0\\0\\0Naruto's Feelings 2\\0\\0\\0\\0\\0\\0\\0\\0\\0\\0\\0\\0\\0\\0\\0\\0\\0\\0\\0\\0\\0\\0\\0\\0\\0\\0\\0\\0\\0"	"83 69 83 8B 83 67 82 CC 3C 72 8B 43 8E 9D 7C 82 AB 82 E0 3E 82 BF 81 45 3C 72 93 F3 7C 82 C9 3E"	"4E 61 72 75 74 6F 27 73 20 46 65 65 6C 69 6E 67 73 20 32 00 00 00 00 00 00 00 00 00 00 00 00 00"
"ETC.BIN"	"0x2BDF0"	"179696"	"0x2BE2F"	"64"	"\\0\\0\\0\\0\\0\\0\\0\\0\\0\\0\\0\\0\\0\\0\\0\\0<r正|ただ>しき<r道|みち>へ\\0\\0\\0\\0\\0\\0“<r暁|あかつき>”を<r前|まえ>に\\0\\0\\0\\0\\0\\0\\0\\0\\0\\0\\0\\0\\0\\0\\0\\0"	"\\0\\0\\0\\0\\0\\0\\0\\0\\0\\0\\0\\0\\0\\0\\0\\0To the Right Path\\0\\0\\0\\0\\0\\0\\0\\0\\0\\0\\0\\0\\0\\0\\0Facing Akatsuki\\0\\0\\0\\0\\0\\0\\0\\0\\0\\0\\0\\0\\0\\0\\0\\0\\0\\0\\0\\0\\0\\0\\0\\0\\0\\0\\0\\0\\0\\0\\0\\0\\0"	"3C 72 90 B3 7C 82 BD 82 BE 3E 82 B5 82 AB 3C 72 93 B9 7C 82 DD 82 BF 3E 82 D6 00 00 00 00 00 00"	"54 6F 20 74 68 65 20 52 69 67 68 74 20 50 61 74 68 00 00 00 00 00 00 00 00 00 00 00 00 00 00 00"
"ETC.BIN"	"0x2BE40"	"179776"	"0x2BE63"	"36"	"\\0\\0\\0\\0\\0\\0\\0\\0\\0\\0\\0\\0\\0\\0\\0\\0<r偽者|にせもの>との<r遭遇|そうぐう>\\0\\0\\0\\0\\0\\0\\0\\0\\0\\0\\0\\0<r勝"	"\\0\\0\\0\\0\\0\\0\\0\\0\\0\\0\\0\\0\\0\\0\\0\\0Fake Encounter\\0\\0\\0\\0\\0\\0\\0\\0\\0\\0\\0\\0\\0\\0\\0\\0\\0\\0\\0\\0\\0\\0\\0\\0\\0\\0\\0\\0\\0\\0\\0\\0\\0\\0Cert"	"3C 72 8B 55 8E D2 7C 82 C9 82 B9 82 E0 82 CC 3E 82 C6 82 CC 3C 72 91 98 8B F6 7C 82 BB 82 A4 82"	"46 61 6B 65 20 45 6E 63 6F 75 6E 74 65 72 00 00 00 00 00 00 00 00 00 00 00 00 00 00 00 00 00 00"
"ETC.BIN"	"0x2BE70"	"179824"	"0x2BE91"	"34"	"ｮう>\\0\\0\\0\\0\\0\\0\\0\\0\\0\\0\\0\\0<r勝利|しょうり>の<r確信|かくしん>\\0\\0\\0\\0\\0\\0\\0\\0\\0\\0\\0\\0\\0\\0<r"	"\\0\\0\\0\\0\\0\\0\\0\\0\\0\\0\\0\\0\\0\\0\\0\\0Certain Victory\\0\\0\\0\\0\\0\\0\\0\\0\\0\\0\\0\\0\\0\\0\\0\\0\\0\\0\\0\\0\\0\\0\\0\\0\\0\\0\\0\\0\\0\\0\\0\\0\\0Cl"	"3C 72 8F 9F 97 98 7C 82 B5 82 E5 82 A4 82 E8 3E 82 CC 3C 72 8A 6D 90 4D 7C 82 A9 82 AD 82 B5 82"	"43 65 72 74 61 69 6E 20 56 69 63 74 6F 72 79 00 00 00 00 00 00 00 00 00 00 00 00 00 00 00 00 00"
"ETC.BIN"	"0x2BEA0"	"179872"	"0x2BF11"	"114"	"・\\0\\0\\0\\0\\0\\0\\0\\0\\0\\0\\0\\0\\0\\0<r近距離戦|きんきょりせん>\\0\\0\\0\\0\\0\\0<r揺|ゆ>るぎない<r自信|じしん>\\0\\0<r修業不足|しゅぎょうぶそく>？\\0\\0<r勝利|しょうり>！\\0\\0\\0\\0\\0\\0\\0\\0\\0\\0\\0\\0\\0\\0<r"	"\\0\\0\\0\\0\\0\\0\\0\\0\\0\\0\\0\\0\\0\\0\\0\\0Close Combat\\0\\0\\0\\0\\0\\0\\0\\0\\0\\0\\0\\0\\0\\0\\0\\0\\0\\0\\0\\0Unshakable Confidence\\0\\0\\0\\0\\0\\0\\0\\0\\0\\0\\0Need More Training?\\0\\0\\0\\0\\0\\0\\0\\0\\0\\0\\0\\0\\0Victory!\\0\\0\\0\\0\\0\\0\\0\\0\\0\\0\\0\\0\\0\\0\\0\\0\\0\\0\\0\\0\\0\\0\\0\\0Se"	"3C 72 8B DF 8B 97 97 A3 90 ED 7C 82 AB 82 F1 82 AB 82 E5 82 E8 82 B9 82 F1 3E 00 00 00 00 00 00"	"43 6C 6F 73 65 20 43 6F 6D 62 61 74 00 00 00 00 00 00 00 00 00 00 00 00 00 00 00 00 00 00 00 00"
"ETC.BIN"	"0x2BF20"	"180000"	"0x2BF57"	"56"	"！\\0\\0\\0\\0\\0\\0\\0\\0\\0\\0\\0\\0\\0\\0<r真剣勝負|しんけんしょうぶ>！\\0\\0<r青春|せいしゅん>とは！\\0\\0\\0\\0\\0\\0\\0\\0<r感激|・"	"\\0\\0\\0\\0\\0\\0\\0\\0\\0\\0\\0\\0\\0\\0\\0\\0Serious Match!\\0\\0\\0\\0\\0\\0\\0\\0\\0\\0\\0\\0\\0\\0\\0\\0\\0\\0What Is Youth!\\0\\0\\0\\0\\0\\0\\0\\0\\0\\0\\0\\0\\0\\0\\0\\0\\0\\0Moved!\\0\\0"	"3C 72 90 5E 8C 95 8F 9F 95 89 7C 82 B5 82 F1 82 AF 82 F1 82 B5 82 E5 82 A4 82 D4 3E 81 49 00 00"	"53 65 72 69 6F 75 73 20 4D 61 74 63 68 21 00 00 00 00 00 00 00 00 00 00 00 00 00 00 00 00 00 00"
"ETC.BIN"	"0x2BF60"	"180064"	"0x2BF71"	"18"	"・とは！\\0\\0\\0\\0\\0\\0\\0\\0<r感激|かんげき>！\\0\\0\\0\\0\\0\\0\\0\\0\\0\\0\\0\\0\\0\\0つ"	"\\0\\0\\0\\0\\0\\0\\0\\0\\0\\0\\0\\0\\0\\0\\0\\0Moved!\\0\\0\\0\\0\\0\\0\\0\\0\\0\\0\\0\\0\\0\\0\\0\\0\\0\\0\\0\\0\\0\\0\\0\\0\\0\\0St"	"3C 72 8A B4 8C 83 7C 82 A9 82 F1 82 B0 82 AB 3E 81 49"	"4D 6F 76 65 64 21 00 00 00 00 00 00 00 00 00 00 00 00"
"ETC.BIN"	"0x2BF80"	"180096"	"0x2BF91"	"18"	"！\\0\\0\\0\\0\\0\\0\\0\\0\\0\\0\\0\\0\\0\\0つっこみ<r役|やく>\\0\\0\\0\\0\\0\\0\\0\\0\\0\\0\\0\\0\\0\\0テ"	"\\0\\0\\0\\0\\0\\0\\0\\0\\0\\0\\0\\0\\0\\0\\0\\0Straight Man\\0\\0\\0\\0\\0\\0\\0\\0\\0\\0\\0\\0\\0\\0\\0\\0\\0\\0\\0\\0Te"	"82 C2 82 C1 82 B1 82 DD 3C 72 96 F0 7C 82 E2 82 AD 3E"	"53 74 72 61 69 67 68 74 20 4D 61 6E 00 00 00 00 00 00"
"ETC.BIN"	"0x2BFA0"	"180128"	"0x2BFB7"	"24"	"ｭ>\\0\\0\\0\\0\\0\\0\\0\\0\\0\\0\\0\\0\\0\\0テンテンの<r自信|じしん>\\0\\0\\0\\0\\0\\0\\0\\0<r勝負開"	"\\0\\0\\0\\0\\0\\0\\0\\0\\0\\0\\0\\0\\0\\0\\0\\0Tenten's Confidence\\0\\0\\0\\0\\0\\0\\0\\0\\0\\0\\0\\0\\0Battle S"	"83 65 83 93 83 65 83 93 82 CC 3C 72 8E A9 90 4D 7C 82 B6 82 B5 82 F1 3E"	"54 65 6E 74 65 6E 27 73 20 43 6F 6E 66 69 64 65 6E 63 65 00 00 00 00 00"
"ETC.BIN"	"0x2BFC0"	"180160"	"0x2BFF7"	"56"	"|じしん>\\0\\0\\0\\0\\0\\0\\0\\0<r勝負開始|しょうぶかいし>\\0\\0\\0\\0\\0\\0ちょっと<r感心|かんしん>\\0\\0\\0\\0\\0\\0\\0\\0<r川|か・"	"nce\\0\\0\\0\\0\\0\\0\\0\\0\\0\\0\\0\\0\\0Battle Start\\0\\0\\0\\0\\0\\0\\0\\0\\0\\0\\0\\0\\0\\0\\0\\0\\0\\0\\0\\0A Bit Impressed\\0\\0\\0\\0\\0\\0\\0\\0\\0\\0\\0\\0\\0\\0\\0\\0\\0To the L"	"3C 72 8F 9F 95 89 8A 4A 8E 6E 7C 82 B5 82 E5 82 A4 82 D4 82 A9 82 A2 82 B5 3E 00 00 00 00 00 00"	"42 61 74 74 6C 65 20 53 74 61 72 74 00 00 00 00 00 00 00 00 00 00 00 00 00 00 00 00 00 00 00 00"
"ETC.BIN"	"0x2C000"	"180224"	"0x2C035"	"54"	"ｩんしん>\\0\\0\\0\\0\\0\\0\\0\\0<r川|かわ>の<r国|くに>へ！！\\0\\0\\0\\0<r獣|けもの>レベル…？\\0\\0\\0\\0\\0\\0\\0\\0\\0\\0<r高揚"	"\\0\\0\\0\\0\\0\\0\\0\\0\\0\\0\\0\\0\\0\\0\\0\\0To the Land of Rivers!!\\0\\0\\0\\0\\0\\0\\0\\0\\0Beast Level...?\\0\\0\\0\\0\\0\\0\\0\\0\\0\\0\\0\\0\\0\\0\\0\\0\\0Rising"	"3C 72 90 EC 7C 82 A9 82 ED 3E 82 CC 3C 72 8D 91 7C 82 AD 82 C9 3E 82 D6 81 49 81 49 00 00 00 00"	"54 6F 20 74 68 65 20 4C 61 6E 64 20 6F 66 20 52 69 76 65 72 73 21 21 00 00 00 00 00 00 00 00 00"
"ETC.BIN"	"0x2C040"	"180288"	"0x2C075"	"54"	"ル…？\\0\\0\\0\\0\\0\\0\\0\\0\\0\\0<r高揚|こうよう>する<r心|こころ>！！\\0\\0\\0\\0さすがオレ！！\\0\\0\\0\\0\\0\\0\\0\\0\\0\\0<r謎|・"	"\\0\\0\\0\\0\\0\\0\\0\\0\\0\\0\\0\\0\\0\\0\\0\\0Rising Excitement!!\\0\\0\\0\\0\\0\\0\\0\\0\\0\\0\\0\\0\\0\\0\\0\\0\\0\\0\\0\\0\\0That's Me!!\\0\\0\\0\\0\\0\\0\\0\\0\\0\\0\\0\\0\\0Myster"	"3C 72 8D 82 97 67 7C 82 B1 82 A4 82 E6 82 A4 3E 82 B7 82 E9 3C 72 90 53 7C 82 B1 82 B1 82 EB 3E"	"52 69 73 69 6E 67 20 45 78 63 69 74 65 6D 65 6E 74 21 21 00 00 00 00 00 00 00 00 00 00 00 00 00"
"ETC.BIN"	"0x2C080"	"180352"	"0x2C0A1"	"34"	"レ！！\\0\\0\\0\\0\\0\\0\\0\\0\\0\\0<r謎|なぞ>の<r忍現|しのびあらわ>る\\0\\0\\0\\0\\0\\0やはりシカ"	"e!!\\0\\0\\0\\0\\0\\0\\0\\0\\0\\0\\0\\0\\0Mysterious Ninja\\0\\0\\0\\0\\0\\0\\0\\0\\0\\0\\0\\0\\0\\0\\0\\0\\0\\0\\0\\0\\0\\0\\0\\0やはりシカ"	"3C 72 93 E4 7C 82 C8 82 BC 3E 82 CC 3C 72 94 45 8C BB 7C 82 B5 82 CC 82 D1 82 A0 82 E7 82 ED 3E"	"4D 79 73 74 65 72 69 6F 75 73 20 4E 69 6E 6A 61 00 00 00 00 00 00 00 00 00 00 00 00 00 00 00 00"
"ETC.BIN"	"0x2C0C0"	"180416"	"0x2C0E5"	"38"	"カマル\\0\\0\\0\\0\\0\\0\\0\\0\\0\\0<r面倒|めんどう>くささ<r満点|まんてん>\\0\\0\\0\\0\\0\\0\\0\\0\\0\\0<r男|・"	"カマル\\0\\0\\0\\0\\0\\0\\0\\0\\0\\0Total Drag\\0\\0\\0\\0\\0\\0\\0\\0\\0\\0\\0\\0\\0\\0\\0\\0\\0\\0\\0\\0\\0\\0\\0\\0\\0\\0\\0\\0\\0\\0\\0\\0\\0\\0\\0\\0\\0\\0Manly"	"3C 72 96 CA 93 7C 7C 82 DF 82 F1 82 C7 82 A4 3E 82 AD 82 B3 82 B3 3C 72 96 9E 93 5F 7C 82 DC 82"	"54 6F 74 61 6C 20 44 72 61 67 00 00 00 00 00 00 00 00 00 00 00 00 00 00 00 00 00 00 00 00 00 00"
"ETC.BIN"	"0x2C0F0"	"180464"	"0x2C12F"	"64"	".ﾄん>\\0\\0\\0\\0\\0\\0\\0\\0\\0\\0<r男|おとこ>の<r意地|いじ>\\0\\0\\0\\0\\0\\0<r明晰|めいせき>な<r頭脳|ずのう>\\0\\0\\0\\0\\0\\0\\0\\0\\0\\0\\0\\0\\0\\0\\0\\0"	"\\0\\0\\0\\0\\0\\0\\0\\0\\0\\0\\0\\0\\0\\0\\0\\0Manly Pride\\0\\0\\0\\0\\0\\0\\0\\0\\0\\0\\0\\0\\0\\0\\0\\0\\0\\0\\0\\0\\0Sharp Mind\\0\\0\\0\\0\\0\\0\\0\\0\\0\\0\\0\\0\\0\\0\\0\\0\\0\\0\\0\\0\\0\\0\\0\\0\\0\\0\\0\\0\\0\\0\\0\\0\\0\\0\\0\\0\\0\\0"	"3C 72 92 6A 7C 82 A8 82 C6 82 B1 3E 82 CC 3C 72 88 D3 92 6E 7C 82 A2 82 B6 3E 00 00 00 00 00 00"	"4D 61 6E 6C 79 20 50 72 69 64 65 00 00 00 00 00 00 00 00 00 00 00 00 00 00 00 00 00 00 00 00 00"
"ETC.BIN"	"0x2C140"	"180544"	"0x2C153"	"20"	"\\0\\0\\0\\0\\0\\0\\0\\0\\0\\0\\0\\0\\0\\0\\0\\0ポッチャリ<r系|けい>\\0\\0\\0\\0\\0\\0\\0\\0\\0\\0\\0\\0<r強"	"\\0\\0\\0\\0\\0\\0\\0\\0\\0\\0\\0\\0\\0\\0\\0\\0Chubby Type\\0\\0\\0\\0\\0\\0\\0\\0\\0\\0\\0\\0\\0\\0\\0\\0\\0\\0\\0\\0\\0Powe"	"83 7C 83 62 83 60 83 83 83 8A 3C 72 8C 6E 7C 82 AF 82 A2 3E"	"43 68 75 62 62 79 20 54 79 70 65 00 00 00 00 00 00 00 00 00"
"ETC.BIN"	"0x2C160"	"180576"	"0x2C177"	"24"	"ｯい>\\0\\0\\0\\0\\0\\0\\0\\0\\0\\0\\0\\0<r強力|ごうりき>チョウジ\\0\\0\\0\\0\\0\\0\\0\\0シカマル"	"\\0\\0\\0\\0\\0\\0\\0\\0\\0\\0\\0\\0\\0\\0\\0\\0Powerful Choji\\0\\0\\0\\0\\0\\0\\0\\0\\0\\0\\0\\0\\0\\0\\0\\0\\0\\0Teamwork"	"3C 72 8B AD 97 CD 7C 82 B2 82 A4 82 E8 82 AB 3E 83 60 83 87 83 45 83 57"	"50 6F 77 65 72 66 75 6C 20 43 68 6F 6A 69 00 00 00 00 00 00 00 00 00 00"
"ETC.BIN"	"0x2C180"	"180608"	"0x2C1F5"	"118"	"チョウジ\\0\\0\\0\\0\\0\\0\\0\\0シカマルとの<r連係|れんけい>\\0\\0\\0\\0<r準備万端|じゅんびばんたん>\\0\\0\\0\\0<r旧知|きゅうち>の<r仲|なか>\\0\\0\\0\\0いの<r登場|とうじょう>\\0\\0\\0\\0\\0\\0\\0\\0\\0\\0<r久々"	"\\0\\0\\0\\0\\0\\0\\0\\0\\0\\0\\0\\0\\0\\0\\0\\0Teamwork with Shikamaru\\0\\0\\0\\0\\0\\0\\0\\0\\0All Ready\\0\\0\\0\\0\\0\\0\\0\\0\\0\\0\\0\\0\\0\\0\\0\\0\\0\\0\\0\\0\\0\\0\\0Old Friends\\0\\0\\0\\0\\0\\0\\0\\0\\0\\0\\0\\0\\0\\0\\0\\0\\0\\0\\0\\0\\0Ino Appears\\0\\0\\0\\0\\0\\0\\0\\0\\0\\0\\0\\0\\0\\0\\0\\0\\0\\0\\0\\0\\0Reunio"	"83 56 83 4A 83 7D 83 8B 82 C6 82 CC 3C 72 98 41 8C 57 7C 82 EA 82 F1 82 AF 82 A2 3E 00 00 00 00"	"54 65 61 6D 77 6F 72 6B 20 77 69 74 68 20 53 68 69 6B 61 6D 61 72 75 00 00 00 00 00 00 00 00 00"
"ETC.BIN"	"0x2C200"	"180736"	"0x2C221"	"34"	"ｶょう>\\0\\0\\0\\0\\0\\0\\0\\0\\0\\0<r久々|ひさびさ>の<r対面|たいめん>\\0\\0\\0\\0\\0\\0\\0\\0\\0\\0\\0\\0\\0\\0サ"	"\\0\\0\\0\\0\\0\\0\\0\\0\\0\\0\\0\\0\\0\\0\\0\\0Reunion After Long\\0\\0\\0\\0\\0\\0\\0\\0\\0\\0\\0\\0\\0\\0\\0\\0\\0\\0\\0\\0\\0\\0\\0\\0\\0\\0\\0\\0\\0\\0Te"	"3C 72 8B 76 81 58 7C 82 D0 82 B3 82 D1 82 B3 3E 82 CC 3C 72 91 CE 96 CA 7C 82 BD 82 A2 82 DF 82"	"52 65 75 6E 69 6F 6E 20 41 66 74 65 72 20 4C 6F 6E 67 00 00 00 00 00 00 00 00 00 00 00 00 00 00"
"ETC.BIN"	"0x2C230"	"180784"	"0x2C2A1"	"114"	"・\\0\\0\\0\\0\\0\\0\\0\\0\\0\\0\\0\\0\\0\\0サクラと<r共闘|きょうとう>？\\0\\0\\0\\0チョウジと<r連係|れんけい>\\0\\0\\0\\0\\0\\0<r自信満々|じしんまんまん>\\0\\0\\0\\0\\0\\0<r戦闘|せんとう>へ\\0\\0\\0\\0\\0\\0\\0\\0\\0\\0\\0\\0\\0\\0<r"	"\\0\\0\\0\\0\\0\\0\\0\\0\\0\\0\\0\\0\\0\\0\\0\\0Team Up with Sakura?\\0\\0\\0\\0\\0\\0\\0\\0\\0\\0\\0\\0Teamwork with Choji\\0\\0\\0\\0\\0\\0\\0\\0\\0\\0\\0\\0\\0Full Confidence\\0\\0\\0\\0\\0\\0\\0\\0\\0\\0\\0\\0\\0\\0\\0\\0\\0To Battle\\0\\0\\0\\0\\0\\0\\0\\0\\0\\0\\0\\0\\0\\0\\0\\0\\0\\0\\0\\0\\0\\0\\0Ki"	"83 54 83 4E 83 89 82 C6 3C 72 8B A4 93 AC 7C 82 AB 82 E5 82 A4 82 C6 82 A4 3E 81 48 00 00 00 00"	"54 65 61 6D 20 55 70 20 77 69 74 68 20 53 61 6B 75 72 61 3F 00 00 00 00 00 00 00 00 00 00 00 00"
"ETC.BIN"	"0x2C2B0"	"180912"	"0x2C2DF"	"48"	"へ\\0\\0\\0\\0\\0\\0\\0\\0\\0\\0\\0\\0\\0\\0<r優|やさ>しい<r言葉|ことば>\\0\\0\\0\\0<r感謝|かんしゃ>\\0\\0\\0\\0\\0\\0\\0\\0\\0\\0\\0\\0\\0\\0\\0\\0"	"\\0\\0\\0\\0\\0\\0\\0\\0\\0\\0\\0\\0\\0\\0\\0\\0Kind Words\\0\\0\\0\\0\\0\\0\\0\\0\\0\\0\\0\\0\\0\\0\\0\\0\\0\\0\\0\\0\\0\\0Thanks\\0\\0\\0\\0\\0\\0\\0\\0\\0\\0\\0\\0\\0\\0\\0\\0\\0\\0\\0\\0\\0\\0\\0\\0\\0\\0"	"3C 72 97 44 7C 82 E2 82 B3 3E 82 B5 82 A2 3C 72 8C BE 97 74 7C 82 B1 82 C6 82 CE 3E 00 00 00 00"	"4B 69 6E 64 20 57 6F 72 64 73 00 00 00 00 00 00 00 00 00 00 00 00 00 00 00 00 00 00 00 00 00 00"
"ETC.BIN"	"0x2C2F0"	"180976"	"0x2C303"	"20"	"\\0\\0\\0\\0\\0\\0\\0\\0\\0\\0\\0\\0\\0\\0\\0\\0アスマの<r意地|いじ>\\0\\0\\0\\0\\0\\0\\0\\0\\0\\0\\0\\0<r新"	"\\0\\0\\0\\0\\0\\0\\0\\0\\0\\0\\0\\0\\0\\0\\0\\0Asuma's Pride\\0\\0\\0\\0\\0\\0\\0\\0\\0\\0\\0\\0\\0\\0\\0\\0\\0\\0\\0A Ne"	"83 41 83 58 83 7D 82 CC 3C 72 88 D3 92 6E 7C 82 A2 82 B6 3E"	"41 73 75 6D 61 27 73 20 50 72 69 64 65 00 00 00 00 00 00 00"
"ETC.BIN"	"0x2C310"	"181008"	"0x2C325"	"22"	"｢じ>\\0\\0\\0\\0\\0\\0\\0\\0\\0\\0\\0\\0<r新|あら>たな<r手|て>\\0\\0\\0\\0\\0\\0\\0\\0\\0\\0ナルト"	"\\0\\0\\0\\0\\0\\0\\0\\0\\0\\0\\0\\0\\0\\0\\0\\0A New Move\\0\\0\\0\\0\\0\\0\\0\\0\\0\\0\\0\\0\\0\\0\\0\\0\\0\\0\\0\\0\\0\\0Reunio"	"3C 72 90 56 7C 82 A0 82 E7 3E 82 BD 82 C8 3C 72 8E E8 7C 82 C4 3E"	"41 20 4E 65 77 20 4D 6F 76 65 00 00 00 00 00 00 00 00 00 00 00 00"
"ETC.BIN"	"0x2C330"	"181040"	"0x2C365"	"54"	"手|て>\\0\\0\\0\\0\\0\\0\\0\\0\\0\\0ナルトとの<r再会|さいかい>\\0\\0\\0\\0\\0\\0<r大|おお>きくなった？\\0\\0\\0\\0\\0\\0\\0\\0\\0\\0ヒナタ"	"\\0\\0\\0\\0\\0\\0\\0\\0\\0\\0\\0\\0\\0\\0\\0\\0Reunion with Naruto\\0\\0\\0\\0\\0\\0\\0\\0\\0\\0\\0\\0\\0Grown Up?\\0\\0\\0\\0\\0\\0\\0\\0\\0\\0\\0\\0\\0\\0\\0\\0\\0\\0\\0\\0\\0\\0\\0Hinata"	"83 69 83 8B 83 67 82 C6 82 CC 3C 72 8D C4 89 EF 7C 82 B3 82 A2 82 A9 82 A2 3E 00 00 00 00 00 00"	"52 65 75 6E 69 6F 6E 20 77 69 74 68 20 4E 61 72 75 74 6F 00 00 00 00 00 00 00 00 00 00 00 00 00"
"ETC.BIN"	"0x2C370"	"181104"	"0x2C385"	"22"	"った？\\0\\0\\0\\0\\0\\0\\0\\0\\0\\0ヒナタが<r倒|たお>れて\\0\\0\\0\\0\\0\\0\\0\\0\\0\\0ヒナタ"	"\\0\\0\\0\\0\\0\\0\\0\\0\\0\\0\\0\\0\\0\\0\\0\\0Hinata Falls\\0\\0\\0\\0\\0\\0\\0\\0\\0\\0\\0\\0\\0\\0\\0\\0\\0\\0\\0\\0Protec"	"83 71 83 69 83 5E 82 AA 3C 72 93 7C 7C 82 BD 82 A8 3E 82 EA 82 C4"	"48 69 6E 61 74 61 20 46 61 6C 6C 73 00 00 00 00 00 00 00 00 00 00"
"ETC.BIN"	"0x2C390"	"181136"	"0x2C3A5"	"22"	"ｨ>れて\\0\\0\\0\\0\\0\\0\\0\\0\\0\\0ヒナタを<r守|まも>って\\0\\0キバとシノ\\0\\0\\0\\0"	"\\0\\0\\0\\0\\0\\0\\0\\0\\0\\0\\0\\0\\0\\0\\0\\0Protect Hinata\\0\\0\\0\\0\\0\\0\\0\\0\\0\\0キバとシノ\\0\\0\\0\\0"	"83 71 83 69 83 5E 82 F0 3C 72 8E E7 7C 82 DC 82 E0 3E 82 C1 82 C4"	"50 72 6F 74 65 63 74 20 48 69 6E 61 74 61 00 00 00 00 00 00 00 00"
"ETC.BIN"	"0x2C410"	"181264"	"0x2C465"	"86"	"・<r弐|に>\\0\\0\\0\\0\\0\\0<r静|しず>かなる<r自信|じしん>\\0\\0<r微|かす>かな<r安心|あんしん>\\0\\0ナルトを<r見|み>かけて\\0\\0\\0\\0\\0\\0\\0\\0\\0\\0<r戦闘"	"・<r弐|に>\\0\\0\\0\\0\\0\\0Quiet Confidence\\0\\0\\0\\0\\0\\0\\0\\0\\0\\0\\0\\0\\0\\0\\0\\0Faint Relief\\0\\0\\0\\0\\0\\0\\0\\0\\0\\0\\0\\0\\0\\0\\0\\0\\0\\0\\0\\0Spotting Naruto\\0\\0\\0\\0\\0\\0\\0\\0\\0\\0\\0\\0\\0\\0\\0\\0\\0Before"	"3C 72 90 C3 7C 82 B5 82 B8 3E 82 A9 82 C8 82 E9 3C 72 8E A9 90 4D 7C 82 B6 82 B5 82 F1 3E 00 00"	"51 75 69 65 74 20 43 6F 6E 66 69 64 65 6E 63 65 00 00 00 00 00 00 00 00 00 00 00 00 00 00 00 00"
"ETC.BIN"	"0x2C470"	"181360"	"0x2C485"	"22"	"かけて\\0\\0\\0\\0\\0\\0\\0\\0\\0\\0<r戦闘前|せんとうまえ>\\0\\0\\0\\0\\0\\0\\0\\0\\0\\0つのる"	"\\0\\0\\0\\0\\0\\0\\0\\0\\0\\0\\0\\0\\0\\0\\0\\0Before Battle\\0\\0\\0\\0\\0\\0\\0\\0\\0\\0\\0\\0\\0\\0\\0\\0\\0\\0\\0Growin"	"3C 72 90 ED 93 AC 91 4F 7C 82 B9 82 F1 82 C6 82 A4 82 DC 82 A6 3E"	"42 65 66 6F 72 65 20 42 61 74 74 6C 65 00 00 00 00 00 00 00 00 00"
"ETC.BIN"	"0x2C490"	"181392"	"0x2C4A5"	"22"	"､まえ>\\0\\0\\0\\0\\0\\0\\0\\0\\0\\0つのる<r心配|しんぱい>\\0\\0\\0\\0\\0\\0\\0\\0\\0\\0ナルト"	"\\0\\0\\0\\0\\0\\0\\0\\0\\0\\0\\0\\0\\0\\0\\0\\0Growing Worry\\0\\0\\0\\0\\0\\0\\0\\0\\0\\0\\0\\0\\0\\0\\0\\0\\0\\0\\0Naruto"	"82 C2 82 CC 82 E9 3C 72 90 53 94 7A 7C 82 B5 82 F1 82 CF 82 A2 3E"	"47 72 6F 77 69 6E 67 20 57 6F 72 72 79 00 00 00 00 00 00 00 00 00"
"ETC.BIN"	"0x2C4B0"	"181424"	"0x2C4EF"	"64"	".ﾏい>\\0\\0\\0\\0\\0\\0\\0\\0\\0\\0ナルトの<r助太刀|すけだち>\\0\\0\\0\\0\\0\\0<r感謝|かんしゃ>の<r言葉|ことば>\\0\\0\\0\\0\\0\\0\\0\\0\\0\\0\\0\\0\\0\\0\\0\\0"	"\\0\\0\\0\\0\\0\\0\\0\\0\\0\\0\\0\\0\\0\\0\\0\\0Naruto Helps\\0\\0\\0\\0\\0\\0\\0\\0\\0\\0\\0\\0\\0\\0\\0\\0\\0\\0\\0\\0Words of Thanks\\0\\0\\0\\0\\0\\0\\0\\0\\0\\0\\0\\0\\0\\0\\0\\0\\0\\0\\0\\0\\0\\0\\0\\0\\0\\0\\0\\0\\0\\0\\0\\0\\0"	"83 69 83 8B 83 67 82 CC 3C 72 8F 95 91 BE 93 81 7C 82 B7 82 AF 82 BE 82 BF 3E 00 00 00 00 00 00"	"4E 61 72 75 74 6F 20 48 65 6C 70 73 00 00 00 00 00 00 00 00 00 00 00 00 00 00 00 00 00 00 00 00"
"ETC.BIN"	"0x2C500"	"181504"	"0x2C54F"	"80"	"\\0\\0\\0\\0\\0\\0\\0\\0\\0\\0\\0\\0\\0\\0\\0\\0<r幻術使|げんじゅつつか>い\\0\\0\\0\\0\\0\\0アスマと<r共闘|きょうとう>\\0\\0\\0\\0\\0\\0<r共|とも>に…！\\0\\0\\0\\0\\0\\0\\0\\0\\0\\0\\0\\0\\0\\0\\0\\0"	"\\0\\0\\0\\0\\0\\0\\0\\0\\0\\0\\0\\0\\0\\0\\0\\0Genjutsu User\\0\\0\\0\\0\\0\\0\\0\\0\\0\\0\\0\\0\\0\\0\\0\\0\\0\\0\\0Team Up with Asuma\\0\\0\\0\\0\\0\\0\\0\\0\\0\\0\\0\\0\\0\\0Together...!\\0\\0\\0\\0\\0\\0\\0\\0\\0\\0\\0\\0\\0\\0\\0\\0\\0\\0\\0\\0"	"3C 72 8C B6 8F 70 8E 67 7C 82 B0 82 F1 82 B6 82 E3 82 C2 82 C2 82 A9 3E 82 A2 00 00 00 00 00 00"	"47 65 6E 6A 75 74 73 75 20 55 73 65 72 00 00 00 00 00 00 00 00 00 00 00 00 00 00 00 00 00 00 00"
"ETC.BIN"	"0x2C560"	"181600"	"0x2C571"	"18"	"\\0\\0\\0\\0\\0\\0\\0\\0\\0\\0\\0\\0\\0\\0\\0\\0<r肩透|かたす>かし\\0\\0\\0\\0\\0\\0\\0\\0\\0\\0\\0\\0\\0\\0<r"	"\\0\\0\\0\\0\\0\\0\\0\\0\\0\\0\\0\\0\\0\\0\\0\\0Letdown\\0\\0\\0\\0\\0\\0\\0\\0\\0\\0\\0\\0\\0\\0\\0\\0\\0\\0\\0\\0\\0\\0\\0\\0\\0No"	"3C 72 8C A8 93 A7 7C 82 A9 82 BD 82 B7 3E 82 A9 82 B5"	"4C 65 74 64 6F 77 6E 00 00 00 00 00 00 00 00 00 00 00"
"ETC.BIN"	"0x2C580"	"181632"	"0x2C59F"	"32"	"し\\0\\0\\0\\0\\0\\0\\0\\0\\0\\0\\0\\0\\0\\0<r不注意厳禁|ふちゅういげんきん>\\0\\0\\0\\0\\0\\0\\0\\0\\0\\0\\0\\0\\0\\0\\0\\0"	"\\0\\0\\0\\0\\0\\0\\0\\0\\0\\0\\0\\0\\0\\0\\0\\0No Carelessness\\0\\0\\0\\0\\0\\0\\0\\0\\0\\0\\0\\0\\0\\0\\0\\0\\0\\0\\0\\0\\0\\0\\0\\0\\0\\0\\0\\0\\0\\0\\0\\0\\0"	"3C 72 95 73 92 8D 88 D3 8C B5 8B D6 7C 82 D3 82 BF 82 E3 82 A4 82 A2 82 B0 82 F1 82 AB 82 F1 3E"	"4E 6F 20 43 61 72 65 6C 65 73 73 6E 65 73 73 00 00 00 00 00 00 00 00 00 00 00 00 00 00 00 00 00"
"ETC.BIN"	"0x2C5B0"	"181680"	"0x2C5C5"	"22"	"\\0\\0\\0\\0\\0\\0\\0\\0\\0\\0\\0\\0\\0\\0\\0\\0<r風影|かぜかげ>として\\0\\0\\0\\0\\0\\0\\0\\0\\0\\0<r空虚"	"\\0\\0\\0\\0\\0\\0\\0\\0\\0\\0\\0\\0\\0\\0\\0\\0As Kazekage\\0\\0\\0\\0\\0\\0\\0\\0\\0\\0\\0\\0\\0\\0\\0\\0\\0\\0\\0\\0\\0In an"	"3C 72 95 97 89 65 7C 82 A9 82 BA 82 A9 82 B0 3E 82 C6 82 B5 82 C4"	"41 73 20 4B 61 7A 65 6B 61 67 65 00 00 00 00 00 00 00 00 00 00 00"
"ETC.BIN"	"0x2C5D0"	"181712"	"0x2C5F1"	"34"	"として\\0\\0\\0\\0\\0\\0\\0\\0\\0\\0<r空虚|くうきょ>な<r世界|せかい>で\\0\\0\\0\\0\\0\\0\\0\\0\\0\\0\\0\\0\\0\\0<r"	"\\0\\0\\0\\0\\0\\0\\0\\0\\0\\0\\0\\0\\0\\0\\0\\0In an Empty World\\0\\0\\0\\0\\0\\0\\0\\0\\0\\0\\0\\0\\0\\0\\0\\0\\0\\0\\0\\0\\0\\0\\0\\0\\0\\0\\0\\0\\0\\0\\0Ex"	"3C 72 8B F3 8B 95 7C 82 AD 82 A4 82 AB 82 E5 3E 82 C8 3C 72 90 A2 8A 45 7C 82 B9 82 A9 82 A2 3E"	"49 6E 20 61 6E 20 45 6D 70 74 79 20 57 6F 72 6C 64 00 00 00 00 00 00 00 00 00 00 00 00 00 00 00"
"ETC.BIN"	"0x2C600"	"181760"	"0x2C60F"	"16"	"で\\0\\0\\0\\0\\0\\0\\0\\0\\0\\0\\0\\0\\0\\0<r存在|そんざい>\\0\\0\\0\\0\\0\\0\\0\\0\\0\\0\\0\\0\\0\\0\\0\\0"	"\\0\\0\\0\\0\\0\\0\\0\\0\\0\\0\\0\\0\\0\\0\\0\\0Existence\\0\\0\\0\\0\\0\\0\\0\\0\\0\\0\\0\\0\\0\\0\\0\\0\\0\\0\\0\\0\\0\\0\\0"	"3C 72 91 B6 8D DD 7C 82 BB 82 F1 82 B4 82 A2 3E"	"45 78 69 73 74 65 6E 63 65 00 00 00 00 00 00 00"
"ETC.BIN"	"0x2C620"	"181792"	"0x2C665"	"70"	"\\0\\0\\0\\0\\0\\0\\0\\0\\0\\0\\0\\0\\0\\0\\0\\0<r新|あたら>しい<r自分|じぶん>\\0\\0<r弟|おとうと>のために\\0\\0<r驚|おどろ>き\\0\\0\\0\\0\\0\\0\\0\\0\\0\\0<r滲|・"	"\\0\\0\\0\\0\\0\\0\\0\\0\\0\\0\\0\\0\\0\\0\\0\\0New Self\\0\\0\\0\\0\\0\\0\\0\\0\\0\\0\\0\\0\\0\\0\\0\\0\\0\\0\\0\\0\\0\\0\\0\\0For My Brother\\0\\0\\0\\0\\0\\0\\0\\0\\0\\0Surprise\\0\\0\\0\\0\\0\\0\\0\\0\\0\\0\\0\\0\\0\\0\\0\\0Leakin"	"3C 72 90 56 7C 82 A0 82 BD 82 E7 3E 82 B5 82 A2 3C 72 8E A9 95 AA 7C 82 B6 82 D4 82 F1 3E 00 00"	"4E 65 77 20 53 65 6C 66 00 00 00 00 00 00 00 00 00 00 00 00 00 00 00 00 00 00 00 00 00 00 00 00"
"ETC.BIN"	"0x2C670"	"181872"	"0x2C693"	"36"	"ﾇろ>き\\0\\0\\0\\0\\0\\0\\0\\0\\0\\0<r滲|にじ>み<r出|で>る<r悔|くや>しさ\\0\\0\\0\\0\\0\\0\\0\\0\\0\\0\\0\\0<r自"	"\\0\\0\\0\\0\\0\\0\\0\\0\\0\\0\\0\\0\\0\\0\\0\\0Leaking Frustration\\0\\0\\0\\0\\0\\0\\0\\0\\0\\0\\0\\0\\0\\0\\0\\0\\0\\0\\0\\0\\0\\0\\0\\0\\0\\0\\0\\0\\0Prou"	"3C 72 9F F8 7C 82 C9 82 B6 3E 82 DD 3C 72 8F 6F 7C 82 C5 3E 82 E9 3C 72 89 F7 7C 82 AD 82 E2 3E"	"4C 65 61 6B 69 6E 67 20 46 72 75 73 74 72 61 74 69 6F 6E 00 00 00 00 00 00 00 00 00 00 00 00 00"
"ETC.BIN"	"0x2C6A0"	"181920"	"0x2C6D7"	"56"	"しさ\\0\\0\\0\\0\\0\\0\\0\\0\\0\\0\\0\\0<r自慢|じまん>の<r傀儡|くぐつ>\\0\\0<r姉|あね>と<r共|とも>に\\0\\0\\0\\0\\0\\0\\0\\0<r風|か・"	"\\0\\0\\0\\0\\0\\0\\0\\0\\0\\0\\0\\0\\0\\0\\0\\0Proud Puppet\\0\\0\\0\\0\\0\\0\\0\\0\\0\\0\\0\\0\\0\\0\\0\\0\\0\\0\\0\\0With My Sister\\0\\0\\0\\0\\0\\0\\0\\0\\0\\0\\0\\0\\0\\0\\0\\0\\0\\0Wind Use"	"3C 72 8E A9 96 9D 7C 82 B6 82 DC 82 F1 3E 82 CC 3C 72 98 F8 99 53 7C 82 AD 82 AE 82 C2 3E 00 00"	"50 72 6F 75 64 20 50 75 70 70 65 74 00 00 00 00 00 00 00 00 00 00 00 00 00 00 00 00 00 00 00 00"
"ETC.BIN"	"0x2C6E0"	"181984"	"0x2C6FF"	"32"	"|とも>に\\0\\0\\0\\0\\0\\0\\0\\0<r風|かぜ>の<r使|つか>い<r手|て>\\0\\0\\0\\0\\0\\0\\0\\0\\0\\0\\0\\0\\0\\0\\0\\0"	"\\0\\0\\0\\0\\0\\0\\0\\0\\0\\0\\0\\0\\0\\0\\0\\0Wind User\\0\\0\\0\\0\\0\\0\\0\\0\\0\\0\\0\\0\\0\\0\\0\\0\\0\\0\\0\\0\\0\\0\\0\\0\\0\\0\\0\\0\\0\\0\\0\\0\\0\\0\\0\\0\\0\\0\\0"	"3C 72 95 97 7C 82 A9 82 BA 3E 82 CC 3C 72 8E 67 7C 82 C2 82 A9 3E 82 A2 3C 72 8E E8 7C 82 C4 3E"	"57 69 6E 64 20 55 73 65 72 00 00 00 00 00 00 00 00 00 00 00 00 00 00 00 00 00 00 00 00 00 00 00"
"ETC.BIN"	"0x2C710"	"182032"	"0x2C741"	"50"	"\\0\\0\\0\\0\\0\\0\\0\\0\\0\\0\\0\\0\\0\\0\\0\\0<r我愛羅|ガアラ>の<r前|まえ>で\\0\\0<r手加減|てかげん>\\0\\0\\0\\0\\0\\0\\0\\0\\0\\0\\0\\0\\0\\0<r"	"\\0\\0\\0\\0\\0\\0\\0\\0\\0\\0\\0\\0\\0\\0\\0\\0Before Gaara\\0\\0\\0\\0\\0\\0\\0\\0\\0\\0\\0\\0\\0\\0\\0\\0\\0\\0\\0\\0Holding Back\\0\\0\\0\\0\\0\\0\\0\\0\\0\\0\\0\\0\\0\\0\\0\\0\\0\\0\\0\\0Si"	"3C 72 89 E4 88 A4 97 85 7C 83 4B 83 41 83 89 3E 82 CC 3C 72 91 4F 7C 82 DC 82 A6 3E 82 C5 00 00"	"42 65 66 6F 72 65 20 47 61 61 72 61 00 00 00 00 00 00 00 00 00 00 00 00 00 00 00 00 00 00 00 00"
"ETC.BIN"	"0x2C750"	"182096"	"0x2C77F"	"48"	"・\\0\\0\\0\\0\\0\\0\\0\\0\\0\\0\\0\\0\\0\\0<r姉|あね>の<r喜|よろこ>び\\0\\0\\0\\0\\0\\0<r邂逅|かいこう>\\0\\0\\0\\0\\0\\0\\0\\0\\0\\0\\0\\0\\0\\0\\0\\0"	"\\0\\0\\0\\0\\0\\0\\0\\0\\0\\0\\0\\0\\0\\0\\0\\0Sister's Joy\\0\\0\\0\\0\\0\\0\\0\\0\\0\\0\\0\\0\\0\\0\\0\\0\\0\\0\\0\\0Encounter\\0\\0\\0\\0\\0\\0\\0\\0\\0\\0\\0\\0\\0\\0\\0\\0\\0\\0\\0\\0\\0\\0\\0"	"3C 72 8E 6F 7C 82 A0 82 CB 3E 82 CC 3C 72 8A EC 7C 82 E6 82 EB 82 B1 3E 82 D1 00 00 00 00 00 00"	"53 69 73 74 65 72 27 73 20 4A 6F 79 00 00 00 00 00 00 00 00 00 00 00 00 00 00 00 00 00 00 00 00"
"ETC.BIN"	"0x2C790"	"182160"	"0x2C7B5"	"38"	"\\0\\0\\0\\0\\0\\0\\0\\0\\0\\0\\0\\0\\0\\0\\0\\0<r忠告|ちゅうこく>\\0\\0\\0\\0\\0\\0<r余裕|よゆう>\\0\\0\\0\\0\\0\\0\\0\\0\\0\\0<r九尾"	"\\0\\0\\0\\0\\0\\0\\0\\0\\0\\0\\0\\0\\0\\0\\0\\0Warning\\0\\0\\0\\0\\0\\0\\0\\0\\0\\0\\0\\0\\0\\0\\0\\0\\0Composure\\0\\0\\0\\0\\0\\0\\0\\0\\0\\0\\0\\0\\0\\0\\0Nine-T"	"3C 72 92 89 8D 90 7C 82 BF 82 E3 82 A4 82 B1 82 AD 3E 00 00 00 00 00 00 3C 72 97 5D 97 54 7C 82"	"57 61 72 6E 69 6E 67 00 00 00 00 00 00 00 00 00 00 00 00 00 00 00 00 00 43 6F 6D 70 6F 73 75 72"
"ETC.BIN"	"0x2C7C0"	"182208"	"0x2C80F"	"80"	"謔艪､>\\0\\0\\0\\0\\0\\0\\0\\0\\0\\0<r九尾|きゅうび>の<r人柱力|じんちゅうりき>\\0\\0\\0\\0\\0\\0<r強者|きょうしゃ>の<r男|おとこ>\\0\\0\\0\\0\\0\\0\\0\\0\\0\\0\\0\\0\\0\\0\\0\\0"	"e\\0\\0\\0\\0\\0\\0\\0\\0\\0\\0\\0\\0\\0\\0\\0Nine-Tails Jinchuriki\\0\\0\\0\\0\\0\\0\\0\\0\\0\\0\\0\\0\\0\\0\\0\\0\\0\\0\\0\\0\\0\\0\\0\\0\\0\\0\\0Strong Man\\0\\0\\0\\0\\0\\0\\0\\0\\0\\0\\0\\0\\0\\0\\0\\0\\0\\0\\0\\0\\0\\0\\0\\0\\0\\0\\0\\0\\0\\0\\0\\0\\0\\0\\0\\0\\0\\0"	"3C 72 8B E3 94 F6 7C 82 AB 82 E3 82 A4 82 D1 3E 82 CC 3C 72 90 6C 92 8C 97 CD 7C 82 B6 82 F1 82"	"4E 69 6E 65 2D 54 61 69 6C 73 20 4A 69 6E 63 68 75 72 69 6B 69 00 00 00 00 00 00 00 00 00 00 00"
"ETC.BIN"	"0x2C820"	"182304"	"0x2C845"	"38"	"\\0\\0\\0\\0\\0\\0\\0\\0\\0\\0\\0\\0\\0\\0\\0\\0<r珍獣|ちんじゅう>との<r再会|さいかい>\\0\\0\\0\\0\\0\\0\\0\\0\\0\\0<r獣|・"	"\\0\\0\\0\\0\\0\\0\\0\\0\\0\\0\\0\\0\\0\\0\\0\\0Reunion with Beast\\0\\0\\0\\0\\0\\0\\0\\0\\0\\0\\0\\0\\0\\0\\0\\0\\0\\0\\0\\0\\0\\0\\0\\0\\0\\0\\0\\0\\0\\0Beast"	"3C 72 92 BF 8F 62 7C 82 BF 82 F1 82 B6 82 E3 82 A4 3E 82 C6 82 CC 3C 72 8D C4 89 EF 7C 82 B3 82"	"52 65 75 6E 69 6F 6E 20 77 69 74 68 20 42 65 61 73 74 00 00 00 00 00 00 00 00 00 00 00 00 00 00"
"ETC.BIN"	"0x2C850"	"182352"	"0x2C861"	"18"	"｢かい>\\0\\0\\0\\0\\0\\0\\0\\0\\0\\0<r獣|けもの>レベル\\0\\0\\0\\0\\0\\0\\0\\0\\0\\0\\0\\0\\0\\0<r"	"\\0\\0\\0\\0\\0\\0\\0\\0\\0\\0\\0\\0\\0\\0\\0\\0Beast Level\\0\\0\\0\\0\\0\\0\\0\\0\\0\\0\\0\\0\\0\\0\\0\\0\\0\\0\\0\\0\\0Ki"	"3C 72 8F 62 7C 82 AF 82 E0 82 CC 3E 83 8C 83 78 83 8B"	"42 65 61 73 74 20 4C 65 76 65 6C 00 00 00 00 00 00 00"
"ETC.BIN"	"0x2C870"	"182384"	"0x2C895"	"38"	"ル\\0\\0\\0\\0\\0\\0\\0\\0\\0\\0\\0\\0\\0\\0<r襲|おそ>い<r掛|か>かる<r鬼鮫|キサメ>\\0\\0\\0\\0\\0\\0\\0\\0\\0\\0<r高揚"	"\\0\\0\\0\\0\\0\\0\\0\\0\\0\\0\\0\\0\\0\\0\\0\\0Kisame Attacks\\0\\0\\0\\0\\0\\0\\0\\0\\0\\0\\0\\0\\0\\0\\0\\0\\0\\0\\0\\0\\0\\0\\0\\0\\0\\0\\0\\0\\0\\0\\0\\0\\0\\0Rising"	"3C 72 8F 50 7C 82 A8 82 BB 3E 82 A2 3C 72 8A 7C 7C 82 A9 3E 82 A9 82 E9 3C 72 8B 53 8E 4C 7C 83"	"4B 69 73 61 6D 65 20 41 74 74 61 63 6B 73 00 00 00 00 00 00 00 00 00 00 00 00 00 00 00 00 00 00"
"ETC.BIN"	"0x2C8A0"	"182432"	"0x2C8BF"	"32"	"Lサメ>\\0\\0\\0\\0\\0\\0\\0\\0\\0\\0<r高揚|こうよう>する<r心|こころ>\\0\\0\\0\\0\\0\\0\\0\\0\\0\\0\\0\\0\\0\\0\\0\\0"	"\\0\\0\\0\\0\\0\\0\\0\\0\\0\\0\\0\\0\\0\\0\\0\\0Rising Excitement\\0\\0\\0\\0\\0\\0\\0\\0\\0\\0\\0\\0\\0\\0\\0\\0\\0\\0\\0\\0\\0\\0\\0\\0\\0\\0\\0\\0\\0\\0\\0"	"3C 72 8D 82 97 67 7C 82 B1 82 A4 82 E6 82 A4 3E 82 B7 82 E9 3C 72 90 53 7C 82 B1 82 B1 82 EB 3E"	"52 69 73 69 6E 67 20 45 78 63 69 74 65 6D 65 6E 74 00 00 00 00 00 00 00 00 00 00 00 00 00 00 00"
"ETC.BIN"	"0x2C8D0"	"182480"	"0x2C8DF"	"16"	"\\0\\0\\0\\0\\0\\0\\0\\0\\0\\0\\0\\0\\0\\0\\0\\0<r苛立|いらだ>ち\\0\\0\\0\\0\\0\\0\\0\\0\\0\\0\\0\\0\\0\\0\\0\\0"	"\\0\\0\\0\\0\\0\\0\\0\\0\\0\\0\\0\\0\\0\\0\\0\\0Irritation\\0\\0\\0\\0\\0\\0\\0\\0\\0\\0\\0\\0\\0\\0\\0\\0\\0\\0\\0\\0\\0\\0"	"3C 72 89 D5 97 A7 7C 82 A2 82 E7 82 BE 3E 82 BF"	"49 72 72 69 74 61 74 69 6F 6E 00 00 00 00 00 00"
"ETC.BIN"	"0x2C8F0"	"182512"	"0x2C917"	"40"	"\\0\\0\\0\\0\\0\\0\\0\\0\\0\\0\\0\\0\\0\\0\\0\\0<r一尾|いちび>の<r人柱力|じんちゅうりき>\\0\\0\\0\\0\\0\\0\\0\\0<r刺激|・"	"\\0\\0\\0\\0\\0\\0\\0\\0\\0\\0\\0\\0\\0\\0\\0\\0One-Tail Jinchuriki\\0\\0\\0\\0\\0\\0\\0\\0\\0\\0\\0\\0\\0\\0\\0\\0\\0\\0\\0\\0\\0\\0\\0\\0\\0\\0\\0\\0\\0Seeking"	"3C 72 88 EA 94 F6 7C 82 A2 82 BF 82 D1 3E 82 CC 3C 72 90 6C 92 8C 97 CD 7C 82 B6 82 F1 82 BF 82"	"4F 6E 65 2D 54 61 69 6C 20 4A 69 6E 63 68 75 72 69 6B 69 00 00 00 00 00 00 00 00 00 00 00 00 00"
"ETC.BIN"	"0x2C920"	"182560"	"0x2C955"	"54"	"繧､りき>\\0\\0\\0\\0\\0\\0\\0\\0<r刺激|しげき>を<r求|もと>めて\\0\\0<r変|か>わり<r者|もの>\\0\\0\\0\\0\\0\\0\\0\\0\\0\\0デイダ"	"\\0\\0\\0\\0\\0\\0\\0\\0\\0\\0\\0\\0\\0\\0\\0\\0Seeking Excitement\\0\\0\\0\\0\\0\\0\\0\\0\\0\\0\\0\\0\\0\\0Oddball\\0\\0\\0\\0\\0\\0\\0\\0\\0\\0\\0\\0\\0\\0\\0\\0\\0\\0\\0\\0\\0\\0\\0\\0\\0Deidar"	"3C 72 8E 68 8C 83 7C 82 B5 82 B0 82 AB 3E 82 F0 3C 72 8B 81 7C 82 E0 82 C6 3E 82 DF 82 C4 00 00"	"53 65 65 6B 69 6E 67 20 45 78 63 69 74 65 6D 65 6E 74 00 00 00 00 00 00 00 00 00 00 00 00 00 00"
"ETC.BIN"	"0x2C960"	"182624"	"0x2C98D"	"46"	"|もの>\\0\\0\\0\\0\\0\\0\\0\\0\\0\\0デイダラの<r挑発|ちょうはつ>\\0\\0\\0\\0<r予告|よこく>\\0\\0ギャハギャハギ"	"\\0\\0\\0\\0\\0\\0\\0\\0\\0\\0\\0\\0\\0\\0\\0\\0Deidara's Taunt\\0\\0\\0\\0\\0\\0\\0\\0\\0\\0\\0\\0\\0\\0\\0\\0\\0Notice\\0\\0\\0\\0\\0\\0\\0\\0\\0\\0ギャハギャハギ"	"83 66 83 43 83 5F 83 89 82 CC 3C 72 92 A7 94 AD 7C 82 BF 82 E5 82 A4 82 CD 82 C2 3E 00 00 00 00"	"44 65 69 64 61 72 61 27 73 20 54 61 75 6E 74 00 00 00 00 00 00 00 00 00 00 00 00 00 00 00 00 00"
"ETC.BIN"	"0x2C9C0"	"182720"	"0x2CA37"	"120"	"と\\0\\0\\0\\0\\0\\0\\0\\0\\0\\0\\0\\0\\0\\0<r最後|さいご>の<r喜|よろこ>び\\0\\0<r砂|すな>と<r木|こ>ノ<r葉|は>\\0\\0<r最後|さいご>のお<r願|ねが>い\\0\\0サソリの<r性格|せいかく>\\0\\0\\0\\0\\0\\0\\0\\0<r三代目"	"と\\0\\0\\0\\0\\0\\0\\0\\0\\0\\0\\0\\0\\0\\0Final Joy\\0\\0\\0\\0\\0\\0\\0\\0\\0\\0\\0\\0\\0\\0\\0\\0\\0\\0\\0\\0\\0\\0\\0Sand and Leaf\\0\\0\\0\\0\\0\\0\\0\\0\\0\\0\\0\\0\\0\\0\\0\\0\\0\\0\\0Last Request\\0\\0\\0\\0\\0\\0\\0\\0\\0\\0\\0\\0\\0\\0\\0\\0\\0\\0\\0\\0Sasori's Nature\\0\\0\\0\\0\\0\\0\\0\\0\\0\\0\\0\\0\\0\\0\\0\\0\\0Third Ka"	"3C 72 8D C5 8C E3 7C 82 B3 82 A2 82 B2 3E 82 CC 3C 72 8A EC 7C 82 E6 82 EB 82 B1 3E 82 D1 00 00"	"46 69 6E 61 6C 20 4A 6F 79 00 00 00 00 00 00 00 00 00 00 00 00 00 00 00 00 00 00 00 00 00 00 00"
"ETC.BIN"	"0x2CA40"	"182848"	"0x2CA5F"	"32"	"ｹいかく>\\0\\0\\0\\0\\0\\0\\0\\0<r三代目風影|さんだいめかぜかげ>\\0\\0\\0\\0\\0\\0\\0\\0\\0\\0\\0\\0\\0\\0\\0\\0"	"\\0\\0\\0\\0\\0\\0\\0\\0\\0\\0\\0\\0\\0\\0\\0\\0Third Kazekage\\0\\0\\0\\0\\0\\0\\0\\0\\0\\0\\0\\0\\0\\0\\0\\0\\0\\0\\0\\0\\0\\0\\0\\0\\0\\0\\0\\0\\0\\0\\0\\0\\0\\0"	"3C 72 8E 4F 91 E3 96 DA 95 97 89 65 7C 82 B3 82 F1 82 BE 82 A2 82 DF 82 A9 82 BA 82 A9 82 B0 3E"	"54 68 69 72 64 20 4B 61 7A 65 6B 61 67 65 00 00 00 00 00 00 00 00 00 00 00 00 00 00 00 00 00 00"
"ETC.BIN"	"0x2CA70"	"182896"	"0x2CA87"	"24"	"\\0\\0\\0\\0\\0\\0\\0\\0\\0\\0\\0\\0\\0\\0\\0\\0<r自分傀儡|じぶんくぐつ>\\0\\0\\0\\0\\0\\0\\0\\0<r止|と>"	"\\0\\0\\0\\0\\0\\0\\0\\0\\0\\0\\0\\0\\0\\0\\0\\0Self Puppet\\0\\0\\0\\0\\0\\0\\0\\0\\0\\0\\0\\0\\0\\0\\0\\0\\0\\0\\0\\0\\0Stopped"	"3C 72 8E A9 95 AA 98 F8 99 53 7C 82 B6 82 D4 82 F1 82 AD 82 AE 82 C2 3E"	"53 65 6C 66 20 50 75 70 70 65 74 00 00 00 00 00 00 00 00 00 00 00 00 00"
"ETC.BIN"	"0x2CA90"	"182928"	"0x2CAD5"	"70"	".ｭぐつ>\\0\\0\\0\\0\\0\\0\\0\\0<r止|と>まる<r傀儡|くぐつ>\\0\\0\\0\\0\\0\\0<r自来也|じらいや>の<r魅力|みりょく>？\\0\\0\\0\\0\\0\\0\\0\\0\\0\\0<r取材"	"\\0\\0\\0\\0\\0\\0\\0\\0\\0\\0\\0\\0\\0\\0\\0\\0Stopped Puppet\\0\\0\\0\\0\\0\\0\\0\\0\\0\\0\\0\\0\\0\\0\\0\\0\\0\\0Jiraiya's Charm?\\0\\0\\0\\0\\0\\0\\0\\0\\0\\0\\0\\0\\0\\0\\0\\0\\0\\0\\0\\0\\0\\0\\0\\0\\0\\0\\0\\0\\0\\0\\0\\0Resear"	"3C 72 8E 7E 7C 82 C6 3E 82 DC 82 E9 3C 72 98 F8 99 53 7C 82 AD 82 AE 82 C2 3E 00 00 00 00 00 00"	"53 74 6F 70 70 65 64 20 50 75 70 70 65 74 00 00 00 00 00 00 00 00 00 00 00 00 00 00 00 00 00 00"
"ETC.BIN"	"0x2CAE0"	"183008"	"0x2CAEF"	"16"	"蛯ｭ>？\\0\\0\\0\\0\\0\\0\\0\\0\\0\\0<r取材|しゅざい>\\0\\0\\0\\0\\0\\0\\0\\0\\0\\0\\0\\0\\0\\0\\0\\0"	"\\0\\0\\0\\0\\0\\0\\0\\0\\0\\0\\0\\0\\0\\0\\0\\0Research\\0\\0\\0\\0\\0\\0\\0\\0\\0\\0\\0\\0\\0\\0\\0\\0\\0\\0\\0\\0\\0\\0\\0\\0"	"3C 72 8E E6 8D DE 7C 82 B5 82 E3 82 B4 82 A2 3E"	"52 65 73 65 61 72 63 68 00 00 00 00 00 00 00 00"
"ETC.BIN"	"0x2CB00"	"183040"	"0x2CB15"	"22"	"\\0\\0\\0\\0\\0\\0\\0\\0\\0\\0\\0\\0\\0\\0\\0\\0<r因縁|いんねん>のケリ\\0\\0\\0\\0\\0\\0\\0\\0\\0\\0<r高笑"	"\\0\\0\\0\\0\\0\\0\\0\\0\\0\\0\\0\\0\\0\\0\\0\\0End of a Grudge\\0\\0\\0\\0\\0\\0\\0\\0\\0\\0\\0\\0\\0\\0\\0\\0\\0Loud L"	"3C 72 88 F6 89 8F 7C 82 A2 82 F1 82 CB 82 F1 3E 82 CC 83 50 83 8A"	"45 6E 64 20 6F 66 20 61 20 47 72 75 64 67 65 00 00 00 00 00 00 00"
"ETC.BIN"	"0x2CB20"	"183072"	"0x2CB31"	"18"	"のケリ\\0\\0\\0\\0\\0\\0\\0\\0\\0\\0<r高笑|たかわら>い\\0\\0\\0\\0\\0\\0\\0\\0\\0\\0\\0\\0\\0\\0<r"	"\\0\\0\\0\\0\\0\\0\\0\\0\\0\\0\\0\\0\\0\\0\\0\\0Loud Laugh\\0\\0\\0\\0\\0\\0\\0\\0\\0\\0\\0\\0\\0\\0\\0\\0\\0\\0\\0\\0\\0\\0Sa"	"3C 72 8D 82 8F CE 7C 82 BD 82 A9 82 ED 82 E7 3E 82 A2"	"4C 6F 75 64 20 4C 61 75 67 68 00 00 00 00 00 00 00 00"
"ETC.BIN"	"0x2CB40"	"183104"	"0x2CB75"	"54"	"い\\0\\0\\0\\0\\0\\0\\0\\0\\0\\0\\0\\0\\0\\0<r三忍|さんにん>の<r実力|じつりょく>\\0\\0\\0\\0<r監視|かんし>\\0\\0\\0\\0\\0\\0\\0\\0\\0\\0<r決着"	"\\0\\0\\0\\0\\0\\0\\0\\0\\0\\0\\0\\0\\0\\0\\0\\0Sannin Power\\0\\0\\0\\0\\0\\0\\0\\0\\0\\0\\0\\0\\0\\0\\0\\0\\0\\0\\0\\0\\0\\0\\0\\0\\0\\0\\0\\0Watch\\0\\0\\0\\0\\0\\0\\0\\0\\0\\0\\0\\0\\0\\0\\0\\0\\0\\0\\0Time t"	"3C 72 8E 4F 94 45 7C 82 B3 82 F1 82 C9 82 F1 3E 82 CC 3C 72 8E C0 97 CD 7C 82 B6 82 C2 82 E8 82"	"53 61 6E 6E 69 6E 20 50 6F 77 65 72 00 00 00 00 00 00 00 00 00 00 00 00 00 00 00 00 00 00 00 00"
"ETC.BIN"	"0x2CB80"	"183168"	"0x2CBBF"	"64"	"ｩんし>\\0\\0\\0\\0\\0\\0\\0\\0\\0\\0<r決着|けっちゃく>の<r時|とき>\\0\\0<r綱手|ツナデ>の<r性格|せいかく>\\0\\0\\0\\0\\0\\0\\0\\0\\0\\0\\0\\0\\0\\0\\0\\0"	"\\0\\0\\0\\0\\0\\0\\0\\0\\0\\0\\0\\0\\0\\0\\0\\0Time to Settle\\0\\0\\0\\0\\0\\0\\0\\0\\0\\0\\0\\0\\0\\0\\0\\0\\0\\0Tsunade's Nature\\0\\0\\0\\0\\0\\0\\0\\0\\0\\0\\0\\0\\0\\0\\0\\0\\0\\0\\0\\0\\0\\0\\0\\0\\0\\0\\0\\0\\0\\0\\0\\0"	"3C 72 8C 88 92 85 7C 82 AF 82 C1 82 BF 82 E1 82 AD 3E 82 CC 3C 72 8E 9E 7C 82 C6 82 AB 3E 00 00"	"54 69 6D 65 20 74 6F 20 53 65 74 74 6C 65 00 00 00 00 00 00 00 00 00 00 00 00 00 00 00 00 00 00"
"ETC.BIN"	"0x2CBD0"	"183248"	"0x2CC83"	"180"	"\\0\\0\\0\\0\\0\\0\\0\\0\\0\\0\\0\\0\\0\\0\\0\\0<r五代目火影|ごだいめほかげ>\\0\\0\\0\\0<r綱手|ツナデ>と<r組手|くみて>\\0\\0<r本領発揮|ほんりょうはっき>\\0\\0\\0\\0<r付|つ>き<r人|びと>シズネ\\0\\0\\0\\0\\0\\0<r医療忍者|いりょうにんじゃ>として\\0\\0\\0\\0\\0\\0おめでとう！\\0\\0\\0\\0\\0\\0\\0\\0\\0\\0\\0\\0<r代"	"\\0\\0\\0\\0\\0\\0\\0\\0\\0\\0\\0\\0\\0\\0\\0\\0Fifth Hokage\\0\\0\\0\\0\\0\\0\\0\\0\\0\\0\\0\\0\\0\\0\\0\\0\\0\\0\\0\\0Spar with Tsunade\\0\\0\\0\\0\\0\\0\\0\\0\\0\\0\\0\\0\\0\\0\\0True Power\\0\\0\\0\\0\\0\\0\\0\\0\\0\\0\\0\\0\\0\\0\\0\\0\\0\\0\\0\\0\\0\\0Attendant Shizune\\0\\0\\0\\0\\0\\0\\0\\0\\0\\0\\0\\0\\0\\0\\0As a Medical Ninja\\0\\0\\0\\0\\0\\0\\0\\0\\0\\0\\0\\0\\0\\0\\0\\0\\0\\0\\0\\0\\0\\0Congrats!\\0\\0\\0\\0\\0\\0\\0\\0\\0\\0\\0\\0\\0\\0\\0Subs"	"3C 72 8C DC 91 E3 96 DA 89 CE 89 65 7C 82 B2 82 BE 82 A2 82 DF 82 D9 82 A9 82 B0 3E 00 00 00 00"	"46 69 66 74 68 20 48 6F 6B 61 67 65 00 00 00 00 00 00 00 00 00 00 00 00 00 00 00 00 00 00 00 00"
"ETC.BIN"	"0x2CC90"	"183440"	"0x2CCE3"	"84"	"う！\\0\\0\\0\\0\\0\\0\\0\\0\\0\\0\\0\\0<r代行|だいこう>の<r男|おとこ>\\0\\0チームワーク\\0\\0\\0\\0<r共通|きょうつう>の<r目的|もくてき>\\0\\0\\0\\0\\0\\0\\0\\0\\0\\0\\0\\0<r軽"	"!\\0\\0\\0\\0\\0\\0\\0\\0\\0\\0\\0\\0\\0\\0\\0Substitute Man\\0\\0\\0\\0\\0\\0\\0\\0\\0\\0\\0\\0\\0\\0\\0\\0\\0\\0Teamwork\\0\\0\\0\\0\\0\\0\\0\\0Common Goal\\0\\0\\0\\0\\0\\0\\0\\0\\0\\0\\0\\0\\0\\0\\0\\0\\0\\0\\0\\0\\0\\0\\0\\0\\0\\0\\0\\0\\0\\0\\0\\0\\0\\0\\0\\0\\0Ligh"	"3C 72 91 E3 8D 73 7C 82 BE 82 A2 82 B1 82 A4 3E 82 CC 3C 72 92 6A 7C 82 A8 82 C6 82 B1 3E 00 00"	"53 75 62 73 74 69 74 75 74 65 20 4D 61 6E 00 00 00 00 00 00 00 00 00 00 00 00 00 00 00 00 00 00"
"ETC.BIN"	"0x2CCF0"	"183536"	"0x2CD27"	"56"	"ﾄき>\\0\\0\\0\\0\\0\\0\\0\\0\\0\\0\\0\\0<r軽|かる>い<r挑発|ちょうはつ>\\0\\0<r行動|こうどう>あるのみ\\0\\0\\0\\0\\0\\0\\0\\0<r大蛇丸"	"\\0\\0\\0\\0\\0\\0\\0\\0\\0\\0\\0\\0\\0\\0\\0\\0Light Taunt\\0\\0\\0\\0\\0\\0\\0\\0\\0\\0\\0\\0\\0\\0\\0\\0\\0\\0\\0\\0\\0Act Now\\0\\0\\0\\0\\0\\0\\0\\0\\0\\0\\0\\0\\0\\0\\0\\0\\0\\0\\0\\0\\0\\0\\0\\0\\0Orochima"	"3C 72 8C 79 7C 82 A9 82 E9 3E 82 A2 3C 72 92 A7 94 AD 7C 82 BF 82 E5 82 A4 82 CD 82 C2 3E 00 00"	"4C 69 67 68 74 20 54 61 75 6E 74 00 00 00 00 00 00 00 00 00 00 00 00 00 00 00 00 00 00 00 00 00"
"ETC.BIN"	"0x2CD30"	"183600"	"0x2CD51"	"34"	"あるのみ\\0\\0\\0\\0\\0\\0\\0\\0<r大蛇丸|オロチまる><r現|あらわ>る\\0\\0\\0\\0\\0\\0\\0\\0\\0\\0\\0\\0\\0\\0<r"	"\\0\\0\\0\\0\\0\\0\\0\\0\\0\\0\\0\\0\\0\\0\\0\\0Orochimaru Appears\\0\\0\\0\\0\\0\\0\\0\\0\\0\\0\\0\\0\\0\\0\\0\\0\\0\\0\\0\\0\\0\\0\\0\\0\\0\\0\\0\\0\\0\\0Ta"	"3C 72 91 E5 8E D6 8A DB 7C 83 49 83 8D 83 60 82 DC 82 E9 3E 3C 72 8C BB 7C 82 A0 82 E7 82 ED 3E"	"4F 72 6F 63 68 69 6D 61 72 75 20 41 70 70 65 61 72 73 00 00 00 00 00 00 00 00 00 00 00 00 00 00"
"ETC.BIN"	"0x2CD60"	"183648"	"0x2CD71"	"18"	"る\\0\\0\\0\\0\\0\\0\\0\\0\\0\\0\\0\\0\\0\\0<r挑発|ちょうはつ>\\0\\0\\0\\0\\0\\0\\0\\0\\0\\0\\0\\0\\0\\0<r"	"\\0\\0\\0\\0\\0\\0\\0\\0\\0\\0\\0\\0\\0\\0\\0\\0Taunt\\0\\0\\0\\0\\0\\0\\0\\0\\0\\0\\0\\0\\0\\0\\0\\0\\0\\0\\0\\0\\0\\0\\0\\0\\0\\0\\0Tw"	"3C 72 92 A7 94 AD 7C 82 BF 82 E5 82 A4 82 CD 82 C2 3E"	"54 61 75 6E 74 00 00 00 00 00 00 00 00 00 00 00 00 00"
"ETC.BIN"	"0x2CD80"	"183680"	"0x2CDAF"	"48"	"ﾂ>\\0\\0\\0\\0\\0\\0\\0\\0\\0\\0\\0\\0\\0\\0<r二人|ふたり>の<r対比|たいひ>\\0\\0<r通告|つうこく>\\0\\0\\0\\0\\0\\0\\0\\0\\0\\0\\0\\0\\0\\0\\0\\0"	"\\0\\0\\0\\0\\0\\0\\0\\0\\0\\0\\0\\0\\0\\0\\0\\0Two Contrasts\\0\\0\\0\\0\\0\\0\\0\\0\\0\\0\\0\\0\\0\\0\\0\\0\\0\\0\\0Notice\\0\\0\\0\\0\\0\\0\\0\\0\\0\\0\\0\\0\\0\\0\\0\\0\\0\\0\\0\\0\\0\\0\\0\\0\\0\\0"	"3C 72 93 F1 90 6C 7C 82 D3 82 BD 82 E8 3E 82 CC 3C 72 91 CE 94 E4 7C 82 BD 82 A2 82 D0 3E 00 00"	"54 77 6F 20 43 6F 6E 74 72 61 73 74 73 00 00 00 00 00 00 00 00 00 00 00 00 00 00 00 00 00 00 00"
"ETC.BIN"	"0x2CDC0"	"183744"	"0x2CDE3"	"36"	"\\0\\0\\0\\0\\0\\0\\0\\0\\0\\0\\0\\0\\0\\0\\0\\0<r五年|ごねん>ぶりの<r再会|さいかい>\\0\\0\\0\\0\\0\\0\\0\\0\\0\\0\\0\\0<r共"	"\\0\\0\\0\\0\\0\\0\\0\\0\\0\\0\\0\\0\\0\\0\\0\\0Reunion After 5 Years\\0\\0\\0\\0\\0\\0\\0\\0\\0\\0\\0\\0\\0\\0\\0\\0\\0\\0\\0\\0\\0\\0\\0\\0\\0\\0\\0Symp"	"3C 72 8C DC 94 4E 7C 82 B2 82 CB 82 F1 3E 82 D4 82 E8 82 CC 3C 72 8D C4 89 EF 7C 82 B3 82 A2 82"	"52 65 75 6E 69 6F 6E 20 41 66 74 65 72 20 35 20 59 65 61 72 73 00 00 00 00 00 00 00 00 00 00 00"
"ETC.BIN"	"0x2CDF0"	"183792"	"0x2CE01"	"18"	"ｩい>\\0\\0\\0\\0\\0\\0\\0\\0\\0\\0\\0\\0<r共感|きょうかん>\\0\\0\\0\\0\\0\\0\\0\\0\\0\\0\\0\\0\\0\\0カ"	"\\0\\0\\0\\0\\0\\0\\0\\0\\0\\0\\0\\0\\0\\0\\0\\0Sympathy\\0\\0\\0\\0\\0\\0\\0\\0\\0\\0\\0\\0\\0\\0\\0\\0\\0\\0\\0\\0\\0\\0\\0\\0Ka"	"3C 72 8B A4 8A B4 7C 82 AB 82 E5 82 A4 82 A9 82 F1 3E"	"53 79 6D 70 61 74 68 79 00 00 00 00 00 00 00 00 00 00"
"ETC.BIN"	"0x2CE10"	"183824"	"0x2CE3F"	"48"	"・\\0\\0\\0\\0\\0\\0\\0\\0\\0\\0\\0\\0\\0\\0カブトの<r挑発|ちょうはつ>\\0\\0\\0\\0\\0\\0<r感心|かんしん>\\0\\0\\0\\0\\0\\0\\0\\0\\0\\0\\0\\0\\0\\0\\0\\0"	"\\0\\0\\0\\0\\0\\0\\0\\0\\0\\0\\0\\0\\0\\0\\0\\0Kabuto's Taunt\\0\\0\\0\\0\\0\\0\\0\\0\\0\\0\\0\\0\\0\\0\\0\\0\\0\\0Impressed\\0\\0\\0\\0\\0\\0\\0\\0\\0\\0\\0\\0\\0\\0\\0\\0\\0\\0\\0\\0\\0\\0\\0"	"83 4A 83 75 83 67 82 CC 3C 72 92 A7 94 AD 7C 82 BF 82 E5 82 A4 82 CD 82 C2 3E 00 00 00 00 00 00"	"4B 61 62 75 74 6F 27 73 20 54 61 75 6E 74 00 00 00 00 00 00 00 00 00 00 00 00 00 00 00 00 00 00"
"ETC.BIN"	"0x2CE50"	"183888"	"0x2CE67"	"24"	"\\0\\0\\0\\0\\0\\0\\0\\0\\0\\0\\0\\0\\0\\0\\0\\0サスケの<r存在|そんざい>\\0\\0\\0\\0\\0\\0\\0\\0ナルトと"	"\\0\\0\\0\\0\\0\\0\\0\\0\\0\\0\\0\\0\\0\\0\\0\\0Sasuke's Existence\\0\\0\\0\\0\\0\\0\\0\\0\\0\\0\\0\\0\\0\\0ナルトと"	"83 54 83 58 83 50 82 CC 3C 72 91 B6 8D DD 7C 82 BB 82 F1 82 B4 82 A2 3E"	"53 61 73 75 6B 65 27 73 20 45 78 69 73 74 65 6E 63 65 00 00 00 00 00 00"
"ETC.BIN"	"0x2CE80"	"183936"	"0x2CEA3"	"36"	"ナルトとサスケ\\0\\0<r気|き>まぐれ\\0\\0<r愚|おろ>かなること\\0\\0\\0\\0\\0\\0\\0\\0\\0\\0\\0\\0<r兄"	"ナルトとサスケ\\0\\0Whim\\0\\0\\0\\0\\0\\0\\0\\0\\0\\0\\0\\0Foolishness\\0\\0\\0\\0\\0\\0\\0\\0\\0\\0\\0\\0\\0\\0\\0\\0\\0\\0\\0\\0\\0Bond"	"3C 72 8B 43 7C 82 AB 3E 82 DC 82 AE 82 EA 00 00 3C 72 8B F0 7C 82 A8 82 EB 3E 82 A9 82 C8 82 E9"	"57 68 69 6D 00 00 00 00 00 00 00 00 00 00 00 00 46 6F 6F 6C 69 73 68 6E 65 73 73 00 00 00 00 00"
"ETC.BIN"	"0x2CEB0"	"183984"	"0x2CEF1"	"66"	"こと\\0\\0\\0\\0\\0\\0\\0\\0\\0\\0\\0\\0<r兄|あに>との<r繋|つな>がり\\0\\0\\0\\0<r目障|めざわ>りな<r存在|そんざい>\\0\\0\\0\\0\\0\\0\\0\\0\\0\\0\\0\\0\\0\\0\\0\\0"	"\\0\\0\\0\\0\\0\\0\\0\\0\\0\\0\\0\\0\\0\\0\\0\\0Bond with Brother\\0\\0\\0\\0\\0\\0\\0\\0\\0\\0\\0\\0\\0\\0\\0Eyesore\\0\\0\\0\\0\\0\\0\\0\\0\\0\\0\\0\\0\\0\\0\\0\\0\\0\\0\\0\\0\\0\\0\\0\\0\\0\\0\\0\\0\\0\\0\\0\\0\\0\\0\\0\\0\\0\\0\\0\\0\\0\\0\\0"	"3C 72 8C 5A 7C 82 A0 82 C9 3E 82 C6 82 CC 3C 72 8C 71 7C 82 C2 82 C8 3E 82 AA 82 E8 00 00 00 00"	"42 6F 6E 64 20 77 69 74 68 20 42 72 6F 74 68 65 72 00 00 00 00 00 00 00 00 00 00 00 00 00 00 00"
"ETC.BIN"	"0x2D950"	"186704"	"0x2D971"	"34"	"....\\0\\0\\0\\0\\0\\0\\0\\0\\0\\0\\0\\0<r紅班勢揃|くれないはんせいぞろ>い\\0\\0\\0\\0\\0\\0dio1snw_dm"	"....\\0\\0\\0\\0\\0\\0\\0\\0\\0\\0\\0\\0Team Kurenai Assembles\\0\\0\\0\\0\\0\\0\\0\\0\\0\\0\\0\\0\\0\\0\\0\\0\\0\\0dio1snw_dm"	"3C 72 8D 67 94 C7 90 A8 91 B5 7C 82 AD 82 EA 82 C8 82 A2 82 CD 82 F1 82 B9 82 A2 82 BC 82 EB 3E"	"54 65 61 6D 20 4B 75 72 65 6E 61 69 20 41 73 73 65 6D 62 6C 65 73 00 00 00 00 00 00 00 00 00 00"
"ETC.BIN"	"0x2D9D0"	"186832"	"0x2D9E3"	"20"	"dmy\\0\\0\\0\\0\\0\\0\\0\\0\\0\\0\\0\\0\\0いのシカチョウトリオ\\0\\0\\0\\0dio2siw_dmy\\0"	"dmy\\0\\0\\0\\0\\0\\0\\0\\0\\0\\0\\0\\0\\0Ino-Shika-Cho Trio\\0\\0\\0\\0\\0\\0dio2siw_dmy\\0"	"82 A2 82 CC 83 56 83 4A 83 60 83 87 83 45 83 67 83 8A 83 49"	"49 6E 6F 2D 53 68 69 6B 61 2D 43 68 6F 20 54 72 69 6F 00 00"
"ETC.BIN"	"0x2DA30"	"186928"	"0x2DA47"	"24"	"dmy\\0\\0\\0\\0\\0\\0\\0\\0\\0\\0\\0\\0\\0ナルトの<r帰郷|ききょう>\\0\\0\\0\\0\\0\\0\\0\\0dio3nrw_"	"dmy\\0\\0\\0\\0\\0\\0\\0\\0\\0\\0\\0\\0\\0Naruto Returns\\0\\0\\0\\0\\0\\0\\0\\0\\0\\0\\0\\0\\0\\0\\0\\0\\0\\0dio3nrw_"	"83 69 83 8B 83 67 82 CC 3C 72 8B 41 8B BD 7C 82 AB 82 AB 82 E5 82 A4 3E"	"4E 61 72 75 74 6F 20 52 65 74 75 72 6E 73 00 00 00 00 00 00 00 00 00 00"
"ETC.BIN"	"0x2DA70"	"186992"	"0x2DA8F"	"32"	"dio3bg1_dmy\\0\\0\\0\\0\\0<r風影|かぜかげ>の<r闘|たたか>い\\0\\0\\0\\0\\0\\0\\0\\0dio5bg1_"	"dio3bg1_dmy\\0\\0\\0\\0\\0Kazekage Battle\\0\\0\\0\\0\\0\\0\\0\\0\\0\\0\\0\\0\\0\\0\\0\\0\\0\\0\\0\\0\\0\\0\\0\\0\\0dio5bg1_"	"3C 72 95 97 89 65 7C 82 A9 82 BA 82 A9 82 B0 3E 82 CC 3C 72 93 AC 7C 82 BD 82 BD 82 A9 3E 82 A2"	"4B 61 7A 65 6B 61 67 65 20 42 61 74 74 6C 65 00 00 00 00 00 00 00 00 00 00 00 00 00 00 00 00 00"
"ETC.BIN"	"0x2DAE0"	"187104"	"0x2DB0D"	"46"	"dmy\\0\\0\\0\\0\\0\\0\\0\\0\\0\\0\\0\\0\\0<r木|こ>ノ<r葉|は>の<r白|しろ>い<r牙|きば>！？\\0\\0dio6bg1_dmy\\0\\0\\0"	"dmy\\0\\0\\0\\0\\0\\0\\0\\0\\0\\0\\0\\0\\0White Fang of Leaf!?\\0\\0\\0\\0\\0\\0\\0\\0\\0\\0\\0\\0\\0\\0\\0\\0\\0\\0\\0\\0\\0\\0\\0\\0\\0\\0\\0\\0dio6bg1_dmy\\0\\0\\0"	"3C 72 96 D8 7C 82 B1 3E 83 6D 3C 72 97 74 7C 82 CD 3E 82 CC 3C 72 94 92 7C 82 B5 82 EB 3E 82 A2"	"57 68 69 74 65 20 46 61 6E 67 20 6F 66 20 4C 65 61 66 21 3F 00 00 00 00 00 00 00 00 00 00 00 00"
"ETC.BIN"	"0x2DB80"	"187264"	"0x2DBA3"	"36"	"dio6nrw2_dmy\\0\\0\\0\\0“<r暁|あかつき>”の<r目的|もくてき>\\0\\0\\0\\0dio7_l_hands"	"dio6nrw2_dmy\\0\\0\\0\\0Akatsuki Goal\\0\\0\\0\\0\\0\\0\\0\\0\\0\\0\\0\\0\\0\\0\\0\\0\\0\\0\\0\\0\\0\\0\\0\\0\\0\\0\\0dio7_l_hands"	"81 67 3C 72 8B C5 7C 82 A0 82 A9 82 C2 82 AB 3E 81 68 82 CC 3C 72 96 DA 93 49 7C 82 E0 82 AD 82"	"41 6B 61 74 73 75 6B 69 20 47 6F 61 6C 00 00 00 00 00 00 00 00 00 00 00 00 00 00 00 00 00 00 00"
"ETC.BIN"	"0x2DC30"	"187440"	"0x2DC53"	"36"	"dmy\\0\\0\\0\\0\\0\\0\\0\\0\\0\\0\\0\\0\\0<r傀儡師|くぐつし>の<r激闘|げきとう>\\0\\0\\0\\0dio8bg1_dmy\\0"	"dmy\\0\\0\\0\\0\\0\\0\\0\\0\\0\\0\\0\\0\\0Puppeteer Battle\\0\\0\\0\\0\\0\\0\\0\\0\\0\\0\\0\\0\\0\\0\\0\\0\\0\\0\\0\\0\\0\\0\\0\\0dio8bg1_dmy\\0"	"3C 72 98 F8 99 53 8E 74 7C 82 AD 82 AE 82 C2 82 B5 3E 82 CC 3C 72 8C 83 93 AC 7C 82 B0 82 AB 82"	"50 75 70 70 65 74 65 65 72 20 42 61 74 74 6C 65 00 00 00 00 00 00 00 00 00 00 00 00 00 00 00 00"
"ETC.BIN"	"0x2DCA0"	"187552"	"0x2DCC5"	"38"	"dmy\\0\\0\\0\\0\\0\\0\\0\\0\\0\\0\\0\\0\\0<r突然|とつぜん>の<r襲撃|しゅうげき>！\\0\\0dio9_dmy\\0\\0\\0\\0\\0\\0"	"dmy\\0\\0\\0\\0\\0\\0\\0\\0\\0\\0\\0\\0\\0Sudden Attack!\\0\\0\\0\\0\\0\\0\\0\\0\\0\\0\\0\\0\\0\\0\\0\\0\\0\\0\\0\\0\\0\\0\\0\\0\\0\\0dio9_dmy\\0\\0\\0\\0\\0\\0"	"3C 72 93 CB 91 52 7C 82 C6 82 C2 82 BA 82 F1 3E 82 CC 3C 72 8F 50 8C 82 7C 82 B5 82 E3 82 A4 82"	"53 75 64 64 65 6E 20 41 74 74 61 63 6B 21 00 00 00 00 00 00 00 00 00 00 00 00 00 00 00 00 00 00"
"ETC.BIN"	"0x2DDA0"	"187808"	"0x2DDAF"	"16"	"dmy\\0\\0\\0\\0\\0\\0\\0\\0\\0\\0\\0\\0シミュレーション\\0\\0\\0\\0\\0\\0\\0\\0dio10dmy"	"dmy\\0\\0\\0\\0\\0\\0\\0\\0\\0\\0\\0\\0Simulation\\0\\0\\0\\0\\0\\0\\0\\0\\0\\0\\0\\0\\0\\0dio10dmy"	"83 56 83 7E 83 85 83 8C 81 5B 83 56 83 87 83 93"	"53 69 6D 75 6C 61 74 69 6F 6E 00 00 00 00 00 00"
"ETC.BIN"	"0x2DE70"	"188016"	"0x2DE8F"	"32"	"_dmy\\0\\0\\0\\0\\0\\0\\0\\0\\0\\0\\0\\0<r人外|じんがい>の<r闘|たたか>い\\0\\0\\0\\0\\0\\0\\0\\0dio11dmy"	"_dmy\\0\\0\\0\\0\\0\\0\\0\\0\\0\\0\\0\\0Inhuman Battle\\0\\0\\0\\0\\0\\0\\0\\0\\0\\0\\0\\0\\0\\0\\0\\0\\0\\0\\0\\0\\0\\0\\0\\0\\0\\0dio11dmy"	"3C 72 90 6C 8A 4F 7C 82 B6 82 F1 82 AA 82 A2 3E 82 CC 3C 72 93 AC 7C 82 BD 82 BD 82 A9 3E 82 A2"	"49 6E 68 75 6D 61 6E 20 42 61 74 74 6C 65 00 00 00 00 00 00 00 00 00 00 00 00 00 00 00 00 00 00"
"ETC.BIN"	"0x2DF50"	"188240"	"0x2DF71"	"34"	"2_dmy\\0\\0\\0\\0\\0\\0\\0\\0\\0\\0\\0<r運命|うんめい>の<r再会|さいかい>\\0\\0\\0\\0\\0\\0dio12_dmy\\0"	"2_dmy\\0\\0\\0\\0\\0\\0\\0\\0\\0\\0\\0Fated Reunion\\0\\0\\0\\0\\0\\0\\0\\0\\0\\0\\0\\0\\0\\0\\0\\0\\0\\0\\0\\0\\0\\0\\0\\0\\0\\0\\0dio12_dmy\\0"	"3C 72 89 5E 96 BD 7C 82 A4 82 F1 82 DF 82 A2 3E 82 CC 3C 72 8D C4 89 EF 7C 82 B3 82 A2 82 A9 82"	"46 61 74 65 64 20 52 65 75 6E 69 6F 6E 00 00 00 00 00 00 00 00 00 00 00 00 00 00 00 00 00 00 00"
"ETC.BIN"	"0x2DFF0"	"188400"	"0x2E017"	"40"	"w dmy\\0\\0\\0\\0\\0\\0\\0\\0\\0\\0\\0<r漆黒|しっこく>に<r浮|う>かぶ<r影|かげ>\\0\\0\\0\\0\\0\\0\\0\\0dio13_dm"	"w dmy\\0\\0\\0\\0\\0\\0\\0\\0\\0\\0\\0Shadow in Black\\0\\0\\0\\0\\0\\0\\0\\0\\0\\0\\0\\0\\0\\0\\0\\0\\0\\0\\0\\0\\0\\0\\0\\0\\0\\0\\0\\0\\0\\0\\0\\0\\0dio13_dm"	"3C 72 8E BD 8D 95 7C 82 B5 82 C1 82 B1 82 AD 3E 82 C9 3C 72 95 82 7C 82 A4 3E 82 A9 82 D4 3C 72"	"53 68 61 64 6F 77 20 69 6E 20 42 6C 61 63 6B 00 00 00 00 00 00 00 00 00 00 00 00 00 00 00 00 00"
"ETC.BIN"	"0x2EE50"	"192080"	"0x2EE69"	"26"	"]\\0\\0\\0ｧ\\0\\0\\0Y\\0\\0\\0ｵ\\0\\0\\0<r対戦相手|たいせんあいて>\\0\\0\\0\\0\\0\\0ANM_home_r"	"]\\0\\0\\0ｧ\\0\\0\\0Y\\0\\0\\0ｵ\\0\\0\\0Opponent\\0\\0\\0\\0\\0\\0\\0\\0\\0\\0\\0\\0\\0\\0\\0\\0\\0\\0\\0\\0\\0\\0\\0\\0ANM_home_r"	"3C 72 91 CE 90 ED 91 8A 8E E8 7C 82 BD 82 A2 82 B9 82 F1 82 A0 82 A2 82 C4 3E"	"4F 70 70 6F 6E 65 6E 74 00 00 00 00 00 00 00 00 00 00 00 00 00 00 00 00 00 00"
"ETC.BIN"	"0x2F2A0"	"193184"	"0x2F391"	"242"	"。\\0\\0\\0\\0\\0\\0\\0\\0\\0\\0\\0\\0\\0\\0<r人形|にんぎょう>を<r購入|こうにゅう>します。\\0\\0<r奥義|おうぎ>を<r購入|こうにゅう>します。\\0\\0\\0\\0\\0\\0<r音楽|おんがく>を<r購入|こうにゅう>します。\\0\\0\\0\\0<r音声|おんせい>を<r購入|こうにゅう>します。\\0\\0\\0\\0<r案内忍|あんないにん>を<r購入|こうにゅう>します。\\0\\0\\0\\0\\0\\0\\0\\0\\0\\0\\0\\0\\0\\0<r"	"。\\0\\0\\0\\0\\0\\0\\0\\0\\0\\0\\0\\0\\0\\0Buy figures.\\0\\0\\0\\0\\0\\0\\0\\0\\0\\0\\0\\0\\0\\0\\0\\0\\0\\0\\0\\0\\0\\0\\0\\0\\0\\0\\0\\0\\0\\0\\0\\0\\0\\0\\0\\0Buy Ultimates.\\0\\0\\0\\0\\0\\0\\0\\0\\0\\0\\0\\0\\0\\0\\0\\0\\0\\0\\0\\0\\0\\0\\0\\0\\0\\0\\0\\0\\0\\0\\0\\0\\0\\0Buy music.\\0\\0\\0\\0\\0\\0\\0\\0\\0\\0\\0\\0\\0\\0\\0\\0\\0\\0\\0\\0\\0\\0\\0\\0\\0\\0\\0\\0\\0\\0\\0\\0\\0\\0\\0\\0\\0\\0Buy voices.\\0\\0\\0\\0\\0\\0\\0\\0\\0\\0\\0\\0\\0\\0\\0\\0\\0\\0\\0\\0\\0\\0\\0\\0\\0\\0\\0\\0\\0\\0\\0\\0\\0\\0\\0\\0\\0Buy guide ninja.\\0\\0\\0\\0\\0\\0\\0\\0\\0\\0\\0\\0\\0\\0\\0\\0\\0\\0\\0\\0\\0\\0\\0\\0\\0\\0\\0\\0\\0\\0\\0\\0\\0\\0\\0\\0\\0\\0\\0\\0\\0\\0\\0\\0\\0\\0\\0\\0Ch"	"3C 72 90 6C 8C 60 7C 82 C9 82 F1 82 AC 82 E5 82 A4 3E 82 F0 3C 72 8D 77 93 FC 7C 82 B1 82 A4 82"	"42 75 79 20 66 69 67 75 72 65 73 2E 00 00 00 00 00 00 00 00 00 00 00 00 00 00 00 00 00 00 00 00"
"ETC.BIN"	"0x2F3A0"	"193440"	"0x2F3E1"	"66"	"。\\0\\0\\0\\0\\0\\0\\0\\0\\0\\0\\0\\0\\0\\0<r購入|こうにゅう>するキャラクターを<r選択|せんたく>してください。\\0\\0\\0\\0\\0\\0\\0\\0\\0\\0\\0\\0\\0\\0<r"	"\\0\\0\\0\\0\\0\\0\\0\\0\\0\\0\\0\\0\\0\\0\\0\\0Choose a character to buy.\\0\\0\\0\\0\\0\\0\\0\\0\\0\\0\\0\\0\\0\\0\\0\\0\\0\\0\\0\\0\\0\\0\\0\\0\\0\\0\\0\\0\\0\\0\\0\\0\\0\\0\\0\\0\\0\\0\\0\\0\\0\\0\\0\\0\\0\\0\\0\\0\\0\\0\\0\\0\\0\\0<r"	"3C 72 8D 77 93 FC 7C 82 B1 82 A4 82 C9 82 E3 82 A4 3E 82 B7 82 E9 83 4C 83 83 83 89 83 4E 83 5E"	"43 68 6F 6F 73 65 20 61 20 63 68 61 72 61 63 74 65 72 20 74 6F 20 62 75 79 2E 00 00 00 00 00 00"
"ETC.BIN"	"0x2F500"	"193792"	"0x2F541"	"66"	"`3n\\0\\0\\0\\0\\0\\0\\0\\0\\0\\0\\0\\0\\0<color080860>ショップ<color000000>を<r終了|しゅうりょう>しますか？\\0\\0\\0\\0\\0\\0\\0\\0\\0\\0\\0\\0\\0\\0<c"	"`3n\\0\\0\\0\\0\\0\\0\\0\\0\\0\\0\\0\\0\\0Quit Shop?\\0\\0\\0\\0\\0\\0\\0\\0\\0\\0\\0\\0\\0\\0\\0\\0\\0\\0\\0\\0\\0\\0\\0\\0\\0\\0\\0\\0\\0\\0\\0\\0\\0\\0\\0\\0\\0\\0\\0\\0\\0\\0\\0\\0\\0\\0\\0\\0\\0\\0\\0\\0\\0\\0\\0\\0\\0\\0\\0\\0\\0\\0\\0\\0\\0\\0\\0\\0\\0\\0<c"	"3C 63 6F 6C 6F 72 30 38 30 38 36 30 3E 83 56 83 87 83 62 83 76 3C 63 6F 6C 6F 72 30 30 30 30 30"	"51 75 69 74 20 53 68 6F 70 3F 00 00 00 00 00 00 00 00 00 00 00 00 00 00 00 00 00 00 00 00 00 00"
"ETC.BIN"	"0x2F6F0"	"194288"	"0x2F717"	"40"	"。\\0\\0\\0\\0\\0\\0\\0\\0\\0\\0\\0\\0\\0\\0ハズレくじを<r引|ひ>いてしまいました…。\\0\\0\\0\\0\\0\\0\\0\\0P4n\\0.4n\\0"	"。\\0\\0\\0\\0\\0\\0\\0\\0\\0\\0\\0\\0\\0\\0You drew a losing ticket...\\0\\0\\0\\0\\0\\0\\0\\0\\0\\0\\0\\0\\0\\0\\0\\0\\0\\0\\0\\0\\0P4n\\0.4n\\0"	"83 6E 83 59 83 8C 82 AD 82 B6 82 F0 3C 72 88 F8 7C 82 D0 3E 82 A2 82 C4 82 B5 82 DC 82 A2 82 DC"	"59 6F 75 20 64 72 65 77 20 61 20 6C 6F 73 69 6E 67 20 74 69 63 6B 65 74 2E 2E 2E 00 00 00 00 00"
"ETC.BIN"	"0x2F8B0"	"194736"	"0x2F8D7"	"40"	"。\\0\\0\\0\\0\\0\\0\\0\\0\\0\\0\\0\\0\\0\\0<r残念|ざんねん>、はずれてしまいました。\\0\\0\\0\\0\\0\\0\\0\\0<color08"	"。\\0\\0\\0\\0\\0\\0\\0\\0\\0\\0\\0\\0\\0\\0Too bad, you missed.\\0\\0\\0\\0\\0\\0\\0\\0\\0\\0\\0\\0\\0\\0\\0\\0\\0\\0\\0\\0\\0\\0\\0\\0\\0\\0\\0\\0<color08"	"3C 72 8E 63 94 4F 7C 82 B4 82 F1 82 CB 82 F1 3E 81 41 82 CD 82 B8 82 EA 82 C4 82 B5 82 DC 82 A2"	"54 6F 6F 20 62 61 64 2C 20 79 6F 75 20 6D 69 73 73 65 64 2E 00 00 00 00 00 00 00 00 00 00 00 00"
"SLPS_258.37"	"0x2FBAE0"	"3128032"	"0x2FBB15"	"54"	"UTO5\\0\\0\\0\\0\\0\\0\\0\\0\\0\\0\\0\\0ＮＡＲＵＴＯ－ナルト－　疾風伝ナルティメットアクセル２\\0\\0\\0\\0\\0\\0\\0\\0\\0\\0/BISLP"	"UTO5\\0\\0\\0\\0\\0\\0\\0\\0\\0\\0\\0\\0NARUTO Shippuden: Narutimate Accel 2\\0\\0\\0\\0\\0\\0\\0\\0\\0\\0\\0\\0\\0\\0\\0\\0\\0\\0\\0\\0\\0\\0\\0\\0\\0\\0\\0\\0/BISLP"	"82 6D 82 60 82 71 82 74 82 73 82 6E 81 7C 83 69 83 8B 83 67 81 7C 81 40 8E BE 95 97 93 60 83 69"	"4E 41 52 55 54 4F 20 53 68 69 70 70 75 64 65 6E 3A 20 4E 61 72 75 74 69 6D 61 74 65 20 41 63 63"
"SLPS_258.37"	"0x2FFD00"	"3144960"	"0x2FFD0D"	"14"	"ｫ>・<ruby弐|に>\\0スタッフロール\\0\\0\\0\\0\\0\\0\\0\\0\\0\\0\\0\\0\\0\\0.・"	"ｫ>・<ruby弐|に>\\0Staff Roll\\0\\0\\0\\0\\0\\0\\0\\0\\0\\0\\0\\0\\0\\0\\0\\0\\0\\0.・"	"83 58 83 5E 83 62 83 74 83 8D 81 5B 83 8B"	"53 74 61 66 66 20 52 6F 6C 6C 00 00 00 00"
"SLPS_258.37"	"0x2FFD40"	"3145024"	"0x2FFD45"	"6"	"ﾐ・\\0\\0・\\0\\0\\0\\0\\0\\0\\0\\0\\0ナルト……それにサクラ"	"ﾐ・\\0\\0・\\0\\0\\0\\0\\0\\0\\0\\0\\0Naruto……それにSakura"	"83 69 83 8B 83 67"	"4E 61 72 75 74 6F"
"SLPS_258.37"	"0x2FFD50"	"3145040"	"0x2FFD55"	"6"	"ナルト……それにサクラか……。\\0\\0その<r"	"Naruto……それにSakuraか……。\\0\\0その<r"	"83 54 83 4E 83 89"	"53 61 6B 75 72 61"
"SLPS_258.37"	"0x2FFDB0"	"3145136"	"0x2FFDB5"	"6"	"ﾎよ……。\\0\\0\\0\\0\\0\\0\\0サスケ…。\\0\\0\\0\\0\\0\\0…サス"	"ﾎよ……。\\0\\0\\0\\0\\0\\0\\0Sasuke…。\\0\\0\\0\\0\\0\\0…Sasu"	"83 54 83 58 83 50"	"53 61 73 75 6B 65"
"SLPS_258.37"	"0x2FFDC2"	"3145154"	"0x2FFDC7"	"6"	"スケ…。\\0\\0\\0\\0\\0\\0…サスケ……くん。\\0\\0\\0\\0\\0\\0"	"suke…。\\0\\0\\0\\0\\0\\0…Sasuke……くん。\\0\\0\\0\\0\\0\\0"	"83 54 83 58 83 50"	"53 61 73 75 6B 65"
"SLPS_258.37"	"0x2FFEBD"	"3145405"	"0x2FFEC2"	"6"	"ﾇも>のままだな…ナルト。\\0\\0\\0\\0\\0\\0\\0\\0\\0\\0\\0お<"	"ﾇも>のままだな…Naruto。\\0\\0\\0\\0\\0\\0\\0\\0\\0\\0\\0お<"	"83 69 83 8B 83 67"	"4E 61 72 75 74 6F"
"SLPS_258.37"	"0x2FFF34"	"3145524"	"0x2FFF39"	"6"	"ﾁたか…？\\0\\0\\0サ、サスケくん……。\\0\\0\\0\\0…"	"ﾁたか…？\\0\\0\\0サ、Sasukeくん……。\\0\\0\\0\\0…"	"83 54 83 58 83 50"	"53 61 73 75 6B 65"
"SLPS_258.37"	"0x2FFF4A"	"3145546"	"0x2FFF4F"	"6"	"くん……。\\0\\0\\0\\0…ナルト？\\0\\0\\0\\0\\0\\0\\0\\0\\0\\0\\0\\0\\0\\0"	"くん……。\\0\\0\\0\\0…Naruto？\\0\\0\\0\\0\\0\\0\\0\\0\\0\\0\\0\\0\\0\\0"	"83 69 83 8B 83 67"	"4E 61 72 75 74 6F"
"SLPS_258.37"	"0x3000F8"	"3145976"	"0x3000FD"	"6"	"………。\\0\\0\\0\\0\\0\\0\\0\\0サスケ。\\0\\0\\0\\0\\0\\0\\0\\0……フ"	"………。\\0\\0\\0\\0\\0\\0\\0\\0Sasuke。\\0\\0\\0\\0\\0\\0\\0\\0……フ"	"83 54 83 58 83 50"	"53 61 73 75 6B 65"
"SLPS_258.37"	"0x300598"	"3147160"	"0x30059D"	"6"	"@<ruby行|い>け、ナルト！！\\0\\0\\0\\0\\0\\0\\0\\0\\0\\0\\0\\0"	"@<ruby行|い>け、Naruto！！\\0\\0\\0\\0\\0\\0\\0\\0\\0\\0\\0\\0"	"83 69 83 8B 83 67"	"4E 61 72 75 74 6F"
"SLPS_258.37"	"0x3006AB"	"3147435"	"0x3006B0"	"6"	"態|じょうたい>のナルト<ruby君|くん>と<"	"態|じょうたい>のNaruto<ruby君|くん>と<"	"83 69 83 8B 83 67"	"4E 61 72 75 74 6F"
"SLPS_258.37"	"0x3006D1"	"3147473"	"0x3006D6"	"6"	"ruby私|わたし>のサスケ<ruby君|くん>…・"	"ruby私|わたし>のSasuke<ruby君|くん>…・"	"83 54 83 58 83 50"	"53 61 73 75 6B 65"
"SLPS_258.37"	"0x300788"	"3147656"	"0x30078D"	"6"	"ものみてーに<br>サスケの<ruby名|な>を<"	"ものみてーに<br>Sasukeの<ruby名|な>を<"	"83 54 83 58 83 50"	"53 61 73 75 6B 65"
"SLPS_258.37"	"0x300937"	"3148087"	"0x300945"	"15"	"|ま>ってろよ……サスケ。\\0サスケくんっ！！\\0\\0\\0\\0\\0\\0"	"|ま>ってろよ……Sasuke。\\0Sasukeくんっ！！\\0\\0\\0\\0\\0\\0"	"83 54 83 58 83 50 81 42 00 83 54 83 58 83 50"	"53 61 73 75 6B 65 81 42 00 53 61 73 75 6B 65"
"SLPS_258.37"	"0x300958"	"3148120"	"0x30095D"	"6"	"んっ！！\\0\\0\\0\\0\\0\\0\\0\\0ナルトくん！\\0\\0\\0\\0――！"	"んっ！！\\0\\0\\0\\0\\0\\0\\0\\0Narutoくん！\\0\\0\\0\\0――！"	"83 69 83 8B 83 67"	"4E 61 72 75 74 6F"
"SLPS_258.37"	"0x300F30"	"3149616"	"0x300F55"	"38"	"out of range\\0\\0\\0うずまきナルト（<r旧章|きゅうしょう>）\\0\\0\\0\\0\\0\\0\\0\\0\\0\\0うちは"	"out of range\\0\\0\\0Naruto (PTS)\\0\\0\\0\\0\\0\\0\\0\\0\\0\\0\\0\\0\\0\\0\\0\\0\\0\\0\\0\\0\\0\\0\\0\\0\\0\\0\\0\\0\\0\\0\\0\\0\\0\\0\\0\\0Sasuke"	"82 A4 82 B8 82 DC 82 AB 83 69 83 8B 83 67 81 69 3C 72 8B 8C 8F CD 7C 82 AB 82 E3 82 A4 82 B5 82"	"4E 61 72 75 74 6F 20 28 50 54 53 29 00 00 00 00 00 00 00 00 00 00 00 00 00 00 00 00 00 00 00 00"
"SLPS_258.37"	"0x300F60"	"3149664"	"0x300F83"	"36"	"蛯､>）\\0\\0\\0\\0\\0\\0\\0\\0\\0\\0うちはサスケ（<r旧章|きゅうしょう>）\\0\\0\\0\\0\\0\\0\\0\\0\\0\\0\\0\\0ロッ"	"\\0\\0\\0\\0\\0\\0\\0\\0\\0\\0\\0\\0\\0\\0\\0\\0Sasuke (PTS)\\0\\0\\0\\0\\0\\0\\0\\0\\0\\0\\0\\0\\0\\0\\0\\0\\0\\0\\0\\0\\0\\0\\0\\0\\0\\0\\0\\0\\0\\0\\0\\0\\0\\0\\0\\0Lee"	"82 A4 82 BF 82 CD 83 54 83 58 83 50 81 69 3C 72 8B 8C 8F CD 7C 82 AB 82 E3 82 A4 82 B5 82 E5 82"	"53 61 73 75 6B 65 20 28 50 54 53 29 00 00 00 00 00 00 00 00 00 00 00 00 00 00 00 00 00 00 00 00"
"SLPS_258.37"	"0x300F90"	"3149712"	"0x300FB3"	"36"	"､>）\\0\\0\\0\\0\\0\\0\\0\\0\\0\\0\\0\\0ロック・リー（<r旧章|きゅうしょう>）\\0\\0\\0\\0\\0\\0\\0\\0\\0\\0\\0\\0<r砂"	"\\0\\0\\0\\0\\0\\0\\0\\0\\0\\0\\0\\0\\0\\0\\0\\0Lee (PTS)\\0\\0\\0\\0\\0\\0\\0\\0\\0\\0\\0\\0\\0\\0\\0\\0\\0\\0\\0\\0\\0\\0\\0\\0\\0\\0\\0\\0\\0\\0\\0\\0\\0\\0\\0\\0\\0\\0\\0Gaar"	"83 8D 83 62 83 4E 81 45 83 8A 81 5B 81 69 3C 72 8B 8C 8F CD 7C 82 AB 82 E3 82 A4 82 B5 82 E5 82"	"4C 65 65 20 28 50 54 53 29 00 00 00 00 00 00 00 00 00 00 00 00 00 00 00 00 00 00 00 00 00 00 00"
"SLPS_258.37"	"0x300FC0"	"3149760"	"0x300FF7"	"56"	"､>）\\0\\0\\0\\0\\0\\0\\0\\0\\0\\0\\0\\0<r砂瀑|さばく>の<r我愛羅|ガアラ>（<r旧章|きゅうしょう>）\\0\\0\\0\\0\\0\\0\\0\\0シカマル"	"\\0\\0\\0\\0\\0\\0\\0\\0\\0\\0\\0\\0\\0\\0\\0\\0Gaara (PTS)\\0\\0\\0\\0\\0\\0\\0\\0\\0\\0\\0\\0\\0\\0\\0\\0\\0\\0\\0\\0\\0\\0\\0\\0\\0\\0\\0\\0\\0\\0\\0\\0\\0\\0\\0\\0\\0\\0\\0\\0\\0\\0\\0\\0\\0\\0\\0\\0\\0\\0\\0\\0\\0シカマル"	"3C 72 8D BB E0 65 7C 82 B3 82 CE 82 AD 3E 82 CC 3C 72 89 E4 88 A4 97 85 7C 83 4B 83 41 83 89 3E"	"47 61 61 72 61 20 28 50 54 53 29 00 00 00 00 00 00 00 00 00 00 00 00 00 00 00 00 00 00 00 00 00"
"SLPS_258.37"	"0x301010"	"3149840"	"0x301107"	"248"	"シカマル\\0\\0\\0\\0\\0\\0\\0\\0<r奈良|なら>シカマル（<r旧章|きゅうしょう>）\\0\\0\\0\\0<r日向|ひゅうが>ネジ（<r旧章|きゅうしょう>）\\0\\0\\0\\0<r春野|はるの>サクラ（<r旧章|きゅうしょう>）\\0\\0\\0\\0<r白|ハク>\\0\\0\\0\\0\\0\\0<r桃地|ももち><r再不斬|ザブザ>\\0\\0<r日向|ひゅうが>ヒナタ（<r旧章|きゅうしょう>）\\0\\0テンテン\\0\\0\\0\\0\\0\\0\\0\\0テンテン"	"シカマル\\0\\0\\0\\0\\0\\0\\0\\0Shikamaru (PTS)\\0\\0\\0\\0\\0\\0\\0\\0\\0\\0\\0\\0\\0\\0\\0\\0\\0\\0\\0\\0\\0\\0\\0\\0\\0\\0\\0\\0\\0\\0\\0\\0\\0Neji (PTS)\\0\\0\\0\\0\\0\\0\\0\\0\\0\\0\\0\\0\\0\\0\\0\\0\\0\\0\\0\\0\\0\\0\\0\\0\\0\\0\\0\\0\\0\\0\\0\\0\\0\\0\\0\\0\\0\\0Sakura (PTS)\\0\\0\\0\\0\\0\\0\\0\\0\\0\\0\\0\\0\\0\\0\\0\\0\\0\\0\\0\\0\\0\\0\\0\\0\\0\\0\\0\\0\\0\\0\\0\\0\\0\\0\\0\\0Haku\\0\\0\\0\\0\\0\\0\\0\\0\\0\\0\\0\\0Zabuza Momochi\\0\\0\\0\\0\\0\\0\\0\\0\\0\\0\\0\\0\\0\\0\\0\\0\\0\\0Hinata (PTS)\\0\\0\\0\\0\\0\\0\\0\\0\\0\\0\\0\\0\\0\\0\\0\\0\\0\\0\\0\\0\\0\\0\\0\\0\\0\\0\\0\\0\\0\\0\\0\\0\\0\\0\\0\\0Tenten\\0\\0\\0\\0\\0\\0\\0\\0\\0\\0Tenten ("	"3C 72 93 DE 97 C7 7C 82 C8 82 E7 3E 83 56 83 4A 83 7D 83 8B 81 69 3C 72 8B 8C 8F CD 7C 82 AB 82"	"53 68 69 6B 61 6D 61 72 75 20 28 50 54 53 29 00 00 00 00 00 00 00 00 00 00 00 00 00 00 00 00 00"
"SLPS_258.37"	"0x301110"	"3150096"	"0x30112F"	"32"	"テンテン\\0\\0\\0\\0\\0\\0\\0\\0テンテン（<r旧章|きゅうしょう>）\\0\\0\\0\\0\\0\\0\\0\\0チョウジ"	"Tenten\\0\\0\\0\\0\\0\\0\\0\\0\\0\\0Tenten (PTS)\\0\\0\\0\\0\\0\\0\\0\\0\\0\\0\\0\\0\\0\\0\\0\\0\\0\\0\\0\\0\\0\\0\\0\\0\\0\\0\\0\\0チョウジ"	"83 65 83 93 83 65 83 93 81 69 3C 72 8B 8C 8F CD 7C 82 AB 82 E3 82 A4 82 B5 82 E5 82 A4 3E 81 6A"	"54 65 6E 74 65 6E 20 28 50 54 53 29 00 00 00 00 00 00 00 00 00 00 00 00 00 00 00 00 00 00 00 00"
"SLPS_258.37"	"0x301150"	"3150160"	"0x30117F"	"48"	"\\0\\0\\0\\0\\0\\0\\0\\0\\0\\0\\0\\0\\0\\0\\0\\0<r秋道|あきみち>チョウジ（<r旧章|きゅうしょう>）\\0\\0\\0\\0\\0\\0\\0\\0\\0\\0\\0\\0\\0\\0\\0\\0"	"\\0\\0\\0\\0\\0\\0\\0\\0\\0\\0\\0\\0\\0\\0\\0\\0Choji (PTS)\\0\\0\\0\\0\\0\\0\\0\\0\\0\\0\\0\\0\\0\\0\\0\\0\\0\\0\\0\\0\\0\\0\\0\\0\\0\\0\\0\\0\\0\\0\\0\\0\\0\\0\\0\\0\\0\\0\\0\\0\\0\\0\\0\\0\\0\\0\\0\\0\\0\\0\\0\\0\\0"	"3C 72 8F 48 93 B9 7C 82 A0 82 AB 82 DD 82 BF 3E 83 60 83 87 83 45 83 57 81 69 3C 72 8B 8C 8F CD"	"43 68 6F 6A 69 20 28 50 54 53 29 00 00 00 00 00 00 00 00 00 00 00 00 00 00 00 00 00 00 00 00 00"
"SLPS_258.37"	"0x301190"	"3150224"	"0x301251"	"194"	"\\0\\0\\0\\0\\0\\0\\0\\0\\0\\0\\0\\0\\0\\0\\0\\0<r山中|やまなか>いの（<r旧章|きゅうしょう>）\\0\\0\\0\\0<r犬塚|いぬづか>キバ（<r旧章|きゅうしょう>）\\0\\0\\0\\0<r油女|あぶらめ>シノ（<r旧章|きゅうしょう>）\\0\\0\\0\\0カンクロウ\\0\\0\\0\\0\\0\\0カンクロウ（<r旧章|きゅうしょう>）\\0\\0\\0\\0\\0\\0\\0\\0\\0\\0\\0\\0\\0\\0テ"	"\\0\\0\\0\\0\\0\\0\\0\\0\\0\\0\\0\\0\\0\\0\\0\\0Ino (PTS)\\0\\0\\0\\0\\0\\0\\0\\0\\0\\0\\0\\0\\0\\0\\0\\0\\0\\0\\0\\0\\0\\0\\0\\0\\0\\0\\0\\0\\0\\0\\0\\0\\0\\0\\0\\0\\0\\0\\0Kiba (PTS)\\0\\0\\0\\0\\0\\0\\0\\0\\0\\0\\0\\0\\0\\0\\0\\0\\0\\0\\0\\0\\0\\0\\0\\0\\0\\0\\0\\0\\0\\0\\0\\0\\0\\0\\0\\0\\0\\0Shino (PTS)\\0\\0\\0\\0\\0\\0\\0\\0\\0\\0\\0\\0\\0\\0\\0\\0\\0\\0\\0\\0\\0\\0\\0\\0\\0\\0\\0\\0\\0\\0\\0\\0\\0\\0\\0\\0\\0Kankuro\\0\\0\\0\\0\\0\\0\\0\\0\\0Kankuro (PTS)\\0\\0\\0\\0\\0\\0\\0\\0\\0\\0\\0\\0\\0\\0\\0\\0\\0\\0\\0\\0\\0\\0\\0\\0\\0\\0\\0\\0\\0\\0\\0\\0\\0\\0\\0Te"	"3C 72 8E 52 92 86 7C 82 E2 82 DC 82 C8 82 A9 3E 82 A2 82 CC 81 69 3C 72 8B 8C 8F CD 7C 82 AB 82"	"49 6E 6F 20 28 50 54 53 29 00 00 00 00 00 00 00 00 00 00 00 00 00 00 00 00 00 00 00 00 00 00 00"
"SLPS_258.37"	"0x301260"	"3150432"	"0x3012C3"	"100"	"）\\0\\0\\0\\0\\0\\0\\0\\0\\0\\0\\0\\0\\0\\0テマリ（<r旧章|きゅうしょう>）\\0\\0三代目火影\\0\\0\\0\\0\\0\\0<r三代目火影|さんだいめほかげ>\\0\\0<r次郎坊|ジロウボウ>\\0\\0\\0\\0\\0\\0\\0\\0\\0\\0\\0\\0<r鬼"	"\\0\\0\\0\\0\\0\\0\\0\\0\\0\\0\\0\\0\\0\\0\\0\\0Temari (PTS)\\0\\0\\0\\0\\0\\0\\0\\0\\0\\0\\0\\0\\0\\0\\0\\0\\0\\0\\0\\03rd Hokage\\0\\0\\0\\0\\0\\03rd Hokage\\0\\0\\0\\0\\0\\0\\0\\0\\0\\0\\0\\0\\0\\0\\0\\0\\0\\0\\0\\0\\0\\0Jirobo\\0\\0\\0\\0\\0\\0\\0\\0\\0\\0\\0\\0\\0\\0\\0\\0\\0\\0\\0\\0\\0\\0\\0\\0\\0\\0Kido"	"83 65 83 7D 83 8A 81 69 3C 72 8B 8C 8F CD 7C 82 AB 82 E3 82 A4 82 B5 82 E5 82 A4 3E 81 6A 00 00"	"54 65 6D 61 72 69 20 28 50 54 53 29 00 00 00 00 00 00 00 00 00 00 00 00 00 00 00 00 00 00 00 00"
"SLPS_258.37"	"0x3012D0"	"3150544"	"0x3012E3"	"20"	"{ウ>\\0\\0\\0\\0\\0\\0\\0\\0\\0\\0\\0\\0<r鬼童丸|キドウマル>\\0\\0\\0\\0\\0\\0\\0\\0\\0\\0\\0\\0<r多"	"\\0\\0\\0\\0\\0\\0\\0\\0\\0\\0\\0\\0\\0\\0\\0\\0Kidom\\0\\0\\0\\0\\0\\0\\0\\0\\0\\0\\0\\0\\0\\0\\0\\0\\0\\0\\0\\0\\0\\0\\0\\0\\0\\0\\0Tayu"	"3C 72 8B 53 93 B6 8A DB 7C 83 4C 83 68 83 45 83 7D 83 8B 3E"	"4B 69 64 6F 6D 00 00 00 00 00 00 00 00 00 00 00 00 00 00 00"
"SLPS_258.37"	"0x3012F0"	"3150576"	"0x3012FF"	"16"	"}ル>\\0\\0\\0\\0\\0\\0\\0\\0\\0\\0\\0\\0<r多由也|タユヤ>\\0\\0\\0\\0\\0\\0\\0\\0<r左近|・"	"\\0\\0\\0\\0\\0\\0\\0\\0\\0\\0\\0\\0\\0\\0\\0\\0Tayuya\\0\\0\\0\\0\\0\\0\\0\\0\\0\\0\\0\\0\\0\\0\\0\\0\\0\\0Sakn\\0\\0\\0\\0"	"3C 72 91 BD 97 52 96 E7 7C 83 5E 83 86 83 84 3E"	"54 61 79 75 79 61 00 00 00 00 00 00 00 00 00 00"
"SLPS_258.37"	"0x301308"	"3150600"	"0x301315"	"14"	"|タユヤ>\\0\\0\\0\\0\\0\\0\\0\\0<r左近|サコン>\\0\\0\\0\\0\\0\\0\\0\\0\\0\\0<r君麻"	"\\0\\0\\0\\0\\0\\0\\0\\0\\0\\0\\0\\0\\0\\0\\0\\0Sakn\\0\\0\\0\\0\\0\\0\\0\\0\\0\\0\\0\\0\\0\\0\\0\\0\\0\\0\\0\\0Kimim\\0"	"3C 72 8D B6 8B DF 7C 83 54 83 52 83 93 3E"	"53 61 6B 6E 00 00 00 00 00 00 00 00 00 00"
"SLPS_258.37"	"0x301320"	"3150624"	"0x301341"	"34"	"Tコン>\\0\\0\\0\\0\\0\\0\\0\\0\\0\\0<r君麻呂|キミマロ>\\0\\0\\0\\0\\0\\0黄色い閃光\\0\\0\\0\\0\\0\\0\\0\\0\\0\\0\\0\\0\\0\\0<r"	"\\0\\0\\0\\0\\0\\0\\0\\0\\0\\0\\0\\0\\0\\0\\0\\0Kimim\\0\\0\\0\\0\\0\\0\\0\\0\\0\\0\\0\\0\\0\\0\\0\\0\\0\\0\\0Y.Flash\\0\\0\\0\\0\\0\\0\\0\\0\\0\\0\\0\\0\\0\\0\\0\\0\\0Y."	"3C 72 8C 4E 96 83 98 43 7C 83 4C 83 7E 83 7D 83 8D 3E 00 00 00 00 00 00 89 A9 90 46 82 A2 91 4D"	"4B 69 6D 69 6D 00 00 00 00 00 00 00 00 00 00 00 00 00 00 00 00 00 00 00 59 2E 46 6C 61 73 68 00"
"SLPS_258.37"	"0x301350"	"3150672"	"0x30136F"	"32"	"光\\0\\0\\0\\0\\0\\0\\0\\0\\0\\0\\0\\0\\0\\0<r黄色|きいろ>い<r閃光|せんこう>\\0\\0\\0\\0\\0\\0\\0\\0木ノ葉丸"	"\\0\\0\\0\\0\\0\\0\\0\\0\\0\\0\\0\\0\\0\\0\\0\\0Y.Flash\\0\\0\\0\\0\\0\\0\\0\\0\\0\\0\\0\\0\\0\\0\\0\\0\\0\\0\\0\\0\\0\\0\\0\\0\\0\\0\\0\\0\\0\\0\\0\\0\\0Konohama"	"3C 72 89 A9 90 46 7C 82 AB 82 A2 82 EB 3E 82 A2 3C 72 91 4D 8C F5 7C 82 B9 82 F1 82 B1 82 A4 3E"	"59 2E 46 6C 61 73 68 00 00 00 00 00 00 00 00 00 00 00 00 00 00 00 00 00 00 00 00 00 00 00 00 00"
"SLPS_258.37"	"0x301378"	"3150712"	"0x301383"	"12"	"ｹんこう>\\0\\0\\0\\0\\0\\0\\0\\0木ノ葉丸軍団\\0\\0\\0\\0\\0\\0\\0\\0\\0\\0\\0\\0<r木"	"\\0\\0\\0\\0\\0\\0\\0\\0\\0\\0\\0\\0\\0\\0\\0\\0Konohamaru\\0\\0\\0\\0\\0\\0\\0\\0\\0\\0\\0\\0\\0\\0Kono"	"96 D8 83 6D 97 74 8A DB 8C 52 92 63"	"4B 6F 6E 6F 68 61 6D 61 72 75 00 00"
"SLPS_258.37"	"0x301390"	"3150736"	"0x3013B7"	"40"	"軍団\\0\\0\\0\\0\\0\\0\\0\\0\\0\\0\\0\\0<r木|こ>ノ<r葉丸|はまる><r軍団|ぐんだん>\\0\\0\\0\\0\\0\\0\\0\\0<r日向|・"	"ru\\0\\0\\0\\0\\0\\0\\0\\0\\0\\0\\0\\0\\0\\0Konohamaru\\0\\0\\0\\0\\0\\0\\0\\0\\0\\0\\0\\0\\0\\0\\0\\0\\0\\0\\0\\0\\0\\0\\0\\0\\0\\0\\0\\0\\0\\0\\0\\0\\0\\0\\0\\0\\0\\0Hanabi H"	"3C 72 96 D8 7C 82 B1 3E 83 6D 3C 72 97 74 8A DB 7C 82 CD 82 DC 82 E9 3E 3C 72 8C 52 92 63 7C 82"	"4B 6F 6E 6F 68 61 6D 61 72 75 00 00 00 00 00 00 00 00 00 00 00 00 00 00 00 00 00 00 00 00 00 00"
"SLPS_258.37"	"0x3013C0"	"3150784"	"0x3013DF"	"32"	"ｮんだん>\\0\\0\\0\\0\\0\\0\\0\\0<r日向|ひゅうが>ハナビ\\0\\0初代火影\\0\\0\\0\\0\\0\\0\\0\\0\\0\\0\\0\\0\\0\\0\\0\\0"	"\\0\\0\\0\\0\\0\\0\\0\\0\\0\\0\\0\\0\\0\\0\\0\\0Hanabi Hyuga\\0\\0\\0\\0\\0\\0\\0\\0\\0\\0\\0\\01stHok\\0\\0\\0\\0\\0\\0\\0\\0\\0\\0\\0\\0\\0\\0\\0\\0\\0\\0"	"3C 72 93 FA 8C FC 7C 82 D0 82 E3 82 A4 82 AA 3E 83 6E 83 69 83 72 00 00 8F 89 91 E3 89 CE 89 65"	"48 61 6E 61 62 69 20 48 79 75 67 61 00 00 00 00 00 00 00 00 00 00 00 00 31 73 74 48 6F 6B 00 00"
"SLPS_258.37"	"0x3013F0"	"3150832"	"0x301455"	"102"	"\\0\\0\\0\\0\\0\\0\\0\\0\\0\\0\\0\\0\\0\\0\\0\\0<r初代火影|しょだいほかげ>\\0\\0\\0\\0\\0\\0二代目火影\\0\\0\\0\\0\\0\\0<r二代目火影|にだいめほかげ>\\0\\0\\0\\0みたらしアンコ\\0\\0ナルト（状態２）\\0\\0\\0\\0\\0\\0"	"\\0\\0\\0\\0\\0\\0\\0\\0\\0\\0\\0\\0\\0\\0\\0\\01stHok\\0\\0\\0\\0\\0\\0\\0\\0\\0\\0\\0\\0\\0\\0\\0\\0\\0\\0\\0\\0\\0\\0\\0\\0\\0\\02nd Hokage\\0\\0\\0\\0\\0\\02nd Hokage\\0\\0\\0\\0\\0\\0\\0\\0\\0\\0\\0\\0\\0\\0\\0\\0\\0\\0\\0\\0\\0\\0Anko Mitarashi\\0\\0Naruto（状態２）\\0\\0\\0\\0\\0\\0"	"3C 72 8F 89 91 E3 89 CE 89 65 7C 82 B5 82 E5 82 BE 82 A2 82 D9 82 A9 82 B0 3E 00 00 00 00 00 00"	"31 73 74 48 6F 6B 00 00 00 00 00 00 00 00 00 00 00 00 00 00 00 00 00 00 00 00 00 00 00 00 00 00"
"SLPS_258.37"	"0x301470"	"3150960"	"0x301491"	"34"	"\\0\\0\\0\\0\\0\\0\\0\\0\\0\\0\\0\\0\\0\\0\\0\\0うずまきナルト（<r九尾|きゅうび>）\\0\\0\\0\\0\\0\\0\\0\\0\\0\\0\\0\\0\\0\\0サ"	"\\0\\0\\0\\0\\0\\0\\0\\0\\0\\0\\0\\0\\0\\0\\0\\0Naruto (Nine-Tails)\\0\\0\\0\\0\\0\\0\\0\\0\\0\\0\\0\\0\\0\\0\\0\\0\\0\\0\\0\\0\\0\\0\\0\\0\\0\\0\\0\\0\\0Sa"	"82 A4 82 B8 82 DC 82 AB 83 69 83 8B 83 67 81 69 3C 72 8B E3 94 F6 7C 82 AB 82 E3 82 A4 82 D1 3E"	"4E 61 72 75 74 6F 20 28 4E 69 6E 65 2D 54 61 69 6C 73 29 00 00 00 00 00 00 00 00 00 00 00 00 00"
"SLPS_258.37"	"0x3014A0"	"3151008"	"0x3014A5"	"6"	"）\\0\\0\\0\\0\\0\\0\\0\\0\\0\\0\\0\\0\\0\\0サスケ（状態２）\\0\\0\\0\\0\\0\\0"	"\\0\\0\\0\\0\\0\\0\\0\\0\\0\\0\\0\\0\\0\\0\\0\\0Sasuke（状態２）\\0\\0\\0\\0\\0\\0"	"83 54 83 58 83 50"	"53 61 73 75 6B 65"
"SLPS_258.37"	"0x3014C0"	"3151040"	"0x3014DF"	"32"	"\\0\\0\\0\\0\\0\\0\\0\\0\\0\\0\\0\\0\\0\\0\\0\\0うちはサスケ<r状態|じょうたい>２\\0\\0\\0\\0\\0\\0\\0\\0リー（状"	"\\0\\0\\0\\0\\0\\0\\0\\0\\0\\0\\0\\0\\0\\0\\0\\0Sasuke State 2\\0\\0\\0\\0\\0\\0\\0\\0\\0\\0\\0\\0\\0\\0\\0\\0\\0\\0\\0\\0\\0\\0\\0\\0\\0\\0リー（状"	"82 A4 82 BF 82 CD 83 54 83 58 83 50 3C 72 8F F3 91 D4 7C 82 B6 82 E5 82 A4 82 BD 82 A2 3E 82 51"	"53 61 73 75 6B 65 20 53 74 61 74 65 20 32 00 00 00 00 00 00 00 00 00 00 00 00 00 00 00 00 00 00"
"SLPS_258.37"	"0x301500"	"3151104"	"0x301511"	"18"	"態２）\\0\\0\\0\\0\\0\\0\\0\\0\\0\\0すい<r拳|けん>リー\\0\\0\\0\\0\\0\\0\\0\\0\\0\\0\\0\\0\\0\\0我"	"態２）\\0\\0\\0\\0\\0\\0\\0\\0\\0\\0Drunken Lee\\0\\0\\0\\0\\0\\0\\0\\0\\0\\0\\0\\0\\0\\0\\0\\0\\0\\0\\0\\0\\0我"	"82 B7 82 A2 3C 72 8C 9D 7C 82 AF 82 F1 3E 83 8A 81 5B"	"44 72 75 6E 6B 65 6E 20 4C 65 65 00 00 00 00 00 00 00"
"SLPS_258.37"	"0x301540"	"3151168"	"0x301561"	"34"	"\\0\\0\\0\\0\\0\\0\\0\\0\\0\\0\\0\\0\\0\\0\\0\\0<r憑依体我愛羅|ひょういたいガアラ>\\0\\0\\0\\0\\0\\0\\0\\0\\0\\0\\0\\0\\0\\0チ"	"\\0\\0\\0\\0\\0\\0\\0\\0\\0\\0\\0\\0\\0\\0\\0\\0Shukaku Gaara\\0\\0\\0\\0\\0\\0\\0\\0\\0\\0\\0\\0\\0\\0\\0\\0\\0\\0\\0\\0\\0\\0\\0\\0\\0\\0\\0\\0\\0\\0\\0\\0\\0\\0\\0チ"	"3C 72 9C DF 88 CB 91 CC 89 E4 88 A4 97 85 7C 82 D0 82 E5 82 A4 82 A2 82 BD 82 A2 83 4B 83 41 83"	"53 68 75 6B 61 6B 75 20 47 61 61 72 61 00 00 00 00 00 00 00 00 00 00 00 00 00 00 00 00 00 00 00"
"SLPS_258.37"	"0x301590"	"3151248"	"0x3015A3"	"20"	"）\\0\\0\\0\\0\\0\\0\\0\\0\\0\\0\\0\\0\\0\\0<r超|ちょう>チョウジ\\0\\0\\0\\0\\0\\0\\0\\0\\0\\0\\0\\0次郎"	"）\\0\\0\\0\\0\\0\\0\\0\\0\\0\\0\\0\\0\\0\\0Super Choji\\0\\0\\0\\0\\0\\0\\0\\0\\0\\0\\0\\0\\0\\0\\0\\0\\0\\0\\0\\0\\0次郎"	"3C 72 92 B4 7C 82 BF 82 E5 82 A4 3E 83 60 83 87 83 45 83 57"	"53 75 70 65 72 20 43 68 6F 6A 69 00 00 00 00 00 00 00 00 00"
"SLPS_258.37"	"0x3015D0"	"3151312"	"0x3015F7"	"40"	"\\0\\0\\0\\0\\0\\0\\0\\0\\0\\0\\0\\0\\0\\0\\0\\0<r次郎坊|ジロウボウ><r状態|じょうたい>２\\0\\0\\0\\0\\0\\0\\0\\0鬼童丸（"	"\\0\\0\\0\\0\\0\\0\\0\\0\\0\\0\\0\\0\\0\\0\\0\\0JiroboSt2\\0\\0\\0\\0\\0\\0\\0\\0\\0\\0\\0\\0\\0\\0\\0\\0\\0\\0\\0\\0\\0\\0\\0\\0\\0\\0\\0\\0\\0\\0\\0\\0\\0\\0\\0\\0\\0\\0\\0鬼童丸（"	"3C 72 8E 9F 98 59 96 56 7C 83 57 83 8D 83 45 83 7B 83 45 3E 3C 72 8F F3 91 D4 7C 82 B6 82 E5 82"	"4A 69 72 6F 62 6F 53 74 32 00 00 00 00 00 00 00 00 00 00 00 00 00 00 00 00 00 00 00 00 00 00 00"
"SLPS_258.37"	"0x301620"	"3151392"	"0x301647"	"40"	"\\0\\0\\0\\0\\0\\0\\0\\0\\0\\0\\0\\0\\0\\0\\0\\0<r鬼童丸|キドウマル><r状態|じょうたい>２\\0\\0\\0\\0\\0\\0\\0\\0多由也（"	"\\0\\0\\0\\0\\0\\0\\0\\0\\0\\0\\0\\0\\0\\0\\0\\0KidomSt2\\0\\0\\0\\0\\0\\0\\0\\0\\0\\0\\0\\0\\0\\0\\0\\0\\0\\0\\0\\0\\0\\0\\0\\0\\0\\0\\0\\0\\0\\0\\0\\0\\0\\0\\0\\0\\0\\0\\0\\0多由也（"	"3C 72 8B 53 93 B6 8A DB 7C 83 4C 83 68 83 45 83 7D 83 8B 3E 3C 72 8F F3 91 D4 7C 82 B6 82 E5 82"	"4B 69 64 6F 6D 53 74 32 00 00 00 00 00 00 00 00 00 00 00 00 00 00 00 00 00 00 00 00 00 00 00 00"
"SLPS_258.37"	"0x301670"	"3151472"	"0x301693"	"36"	"\\0\\0\\0\\0\\0\\0\\0\\0\\0\\0\\0\\0\\0\\0\\0\\0<r多由也|タユヤ><r状態|じょうたい>２\\0\\0\\0\\0左近（状態２"	"\\0\\0\\0\\0\\0\\0\\0\\0\\0\\0\\0\\0\\0\\0\\0\\0TayuyaSt2\\0\\0\\0\\0\\0\\0\\0\\0\\0\\0\\0\\0\\0\\0\\0\\0\\0\\0\\0\\0\\0\\0\\0\\0\\0\\0\\0\\0\\0\\0\\0左近（状態２"	"3C 72 91 BD 97 52 96 E7 7C 83 5E 83 86 83 84 3E 3C 72 8F F3 91 D4 7C 82 B6 82 E5 82 A4 82 BD 82"	"54 61 79 75 79 61 53 74 32 00 00 00 00 00 00 00 00 00 00 00 00 00 00 00 00 00 00 00 00 00 00 00"
"SLPS_258.37"	"0x3016B0"	"3151536"	"0x3016D1"	"34"	"態２）\\0\\0\\0\\0\\0\\0\\0\\0\\0\\0<r左近|サコン><r状態|じょうたい>２\\0\\0\\0\\0\\0\\0\\0\\0\\0\\0\\0\\0\\0\\0君"	"態２）\\0\\0\\0\\0\\0\\0\\0\\0\\0\\0SakonSt2\\0\\0\\0\\0\\0\\0\\0\\0\\0\\0\\0\\0\\0\\0\\0\\0\\0\\0\\0\\0\\0\\0\\0\\0\\0\\0\\0\\0\\0\\0\\0\\0\\0\\0\\0\\0\\0\\0\\0\\0君"	"3C 72 8D B6 8B DF 7C 83 54 83 52 83 93 3E 3C 72 8F F3 91 D4 7C 82 B6 82 E5 82 A4 82 BD 82 A2 3E"	"53 61 6B 6F 6E 53 74 32 00 00 00 00 00 00 00 00 00 00 00 00 00 00 00 00 00 00 00 00 00 00 00 00"
"SLPS_258.37"	"0x301700"	"3151616"	"0x301725"	"38"	"\\0\\0\\0\\0\\0\\0\\0\\0\\0\\0\\0\\0\\0\\0\\0\\0<r君麻呂|キミマロ><r状態|じょうたい>２\\0\\0第二部ナルト\\0\\0"	"\\0\\0\\0\\0\\0\\0\\0\\0\\0\\0\\0\\0\\0\\0\\0\\0KimimSt2\\0\\0\\0\\0\\0\\0\\0\\0\\0\\0\\0\\0\\0\\0\\0\\0\\0\\0\\0\\0\\0\\0\\0\\0\\0\\0\\0\\0\\0\\0\\0\\0第二部Naruto\\0\\0"	"3C 72 8C 4E 96 83 98 43 7C 83 4C 83 7E 83 7D 83 8D 3E 3C 72 8F F3 91 D4 7C 82 B6 82 E5 82 A4 82"	"4B 69 6D 69 6D 53 74 32 00 00 00 00 00 00 00 00 00 00 00 00 00 00 00 00 00 00 00 00 00 00 00 00"
"SLPS_258.37"	"0x30172E"	"3151662"	"0x301745"	"24"	"､たい>２\\0\\0第二部ナルト\\0\\0\\0\\0うずまきナルト\\0\\0第二部サクラ\\0\\0"	"\\0\\0\\0\\0\\0\\0\\0\\0\\0\\0第二部Naruto\\0\\0\\0\\0Naruto Uzumaki\\0\\0第二部Sakura\\0\\0"	"83 69 83 8B 83 67 00 00 00 00 82 A4 82 B8 82 DC 82 AB 83 69 83 8B 83 67"	"4E 61 72 75 74 6F 00 00 00 00 4E 61 72 75 74 6F 20 55 7A 75 6D 61 6B 69"
"SLPS_258.37"	"0x30174E"	"3151694"	"0x301753"	"6"	"きナルト\\0\\0第二部サクラ\\0\\0\\0\\0\\0\\0\\0\\0\\0\\0\\0\\0<r春"	"Uzumaki\\0\\0第二部Sakura\\0\\0\\0\\0\\0\\0\\0\\0\\0\\0\\0\\0Saku"	"83 54 83 4E 83 89"	"53 61 6B 75 72 61"
"SLPS_258.37"	"0x301760"	"3151712"	"0x301773"	"20"	"クラ\\0\\0\\0\\0\\0\\0\\0\\0\\0\\0\\0\\0<r春野|はるの>サクラ\\0\\0\\0\\0第二部我愛羅"	"kura\\0\\0\\0\\0\\0\\0\\0\\0\\0\\0\\0\\0Sakura Haruno\\0\\0\\0\\0\\0\\0\\0\\0\\0\\0\\0第二部我愛羅"	"3C 72 8F 74 96 EC 7C 82 CD 82 E9 82 CC 3E 83 54 83 4E 83 89"	"53 61 6B 75 72 61 20 48 61 72 75 6E 6F 00 00 00 00 00 00 00"
"SLPS_258.37"	"0x301790"	"3151760"	"0x3017B1"	"34"	"愛羅\\0\\0\\0\\0\\0\\0\\0\\0\\0\\0\\0\\0<r風影|かぜかげ>・<r我愛羅|ガアラ>\\0\\0\\0\\0\\0\\0\\0\\0\\0\\0\\0\\0\\0\\0第"	"愛羅\\0\\0\\0\\0\\0\\0\\0\\0\\0\\0\\0\\0Kazekage Gaara\\0\\0\\0\\0\\0\\0\\0\\0\\0\\0\\0\\0\\0\\0\\0\\0\\0\\0\\0\\0\\0\\0\\0\\0\\0\\0\\0\\0\\0\\0\\0\\0\\0\\0第"	"3C 72 95 97 89 65 7C 82 A9 82 BA 82 A9 82 B0 3E 81 45 3C 72 89 E4 88 A4 97 85 7C 83 4B 83 41 83"	"4B 61 7A 65 6B 61 67 65 20 47 61 61 72 61 00 00 00 00 00 00 00 00 00 00 00 00 00 00 00 00 00 00"
"SLPS_258.37"	"0x3017E8"	"3151848"	"0x3017EF"	"8"	"第二部テマリ\\0\\0\\0\\0チヨバア\\0\\0\\0\\0\\0\\0\\0\\0デイダラ"	"第二部テマリ\\0\\0\\0\\0Chiyo\\0\\0\\0\\0\\0\\0\\0\\0\\0\\0\\0Deidara\\0"	"83 60 83 88 83 6F 83 41"	"43 68 69 79 6F 00 00 00"
"SLPS_258.37"	"0x3017F8"	"3151864"	"0x3017FF"	"8"	"チヨバア\\0\\0\\0\\0\\0\\0\\0\\0デイダラ\\0\\0\\0\\0\\0\\0\\0\\0第二部ネ"	"Chiyo\\0\\0\\0\\0\\0\\0\\0\\0\\0\\0\\0Deidara\\0\\0\\0\\0\\0\\0\\0\\0\\0第二部ネ"	"83 66 83 43 83 5F 83 89"	"44 65 69 64 61 72 61 00"
"SLPS_258.37"	"0x301820"	"3151904"	"0x301833"	"20"	"ジ\\0\\0\\0\\0\\0\\0\\0\\0\\0\\0\\0\\0\\0\\0<r日向|ひゅうが>ネジ\\0\\0\\0\\0第二部テンテ"	"ジ\\0\\0\\0\\0\\0\\0\\0\\0\\0\\0\\0\\0\\0\\0Neji Hyuga\\0\\0\\0\\0\\0\\0\\0\\0\\0\\0\\0\\0\\0\\0第二部テンテ"	"3C 72 93 FA 8C FC 7C 82 D0 82 E3 82 A4 82 AA 3E 83 6C 83 57"	"4E 65 6A 69 20 48 79 75 67 61 00 00 00 00 00 00 00 00 00 00"
"SLPS_258.37"	"0x301858"	"3151960"	"0x301863"	"12"	"第二部リー\\0\\0\\0\\0\\0\\0ロック・リー\\0\\0\\0\\0第二部シカマ"	"第二部リー\\0\\0\\0\\0\\0\\0Rock Lee\\0\\0\\0\\0\\0\\0\\0\\0第二部シカマ"	"83 8D 83 62 83 4E 81 45 83 8A 81 5B"	"52 6F 63 6B 20 4C 65 65 00 00 00 00"
"SLPS_258.37"	"0x301880"	"3152000"	"0x3018C3"	"68"	"カマル\\0\\0\\0\\0\\0\\0\\0\\0\\0\\0<r奈良|なら>シカマル\\0\\0\\0\\0マイト・ガイ\\0\\0\\0\\0はたけカカシ\\0\\0\\0\\0うちはイタチ\\0\\0\\0\\0\\0\\0\\0\\0\\0\\0\\0\\0<r干"	"カマル\\0\\0\\0\\0\\0\\0\\0\\0\\0\\0Shikamaru Nara\\0\\0\\0\\0\\0\\0\\0\\0\\0\\0Might Guy\\0\\0\\0\\0\\0\\0\\0Kakashi\\0\\0\\0\\0\\0\\0\\0\\0\\0Itachi\\0\\0\\0\\0\\0\\0\\0\\0\\0\\0\\0\\0\\0\\0\\0\\0\\0\\0Kisa"	"3C 72 93 DE 97 C7 7C 82 C8 82 E7 3E 83 56 83 4A 83 7D 83 8B 00 00 00 00 83 7D 83 43 83 67 81 45"	"53 68 69 6B 61 6D 61 72 75 20 4E 61 72 61 00 00 00 00 00 00 00 00 00 00 4D 69 67 68 74 20 47 75"
"SLPS_258.37"	"0x3018D0"	"3152080"	"0x3018E9"	"26"	"タチ\\0\\0\\0\\0\\0\\0\\0\\0\\0\\0\\0\\0<r干柿鬼鮫|ほしがきキサメ>\\0\\0\\0\\0\\0\\0第二部ナル"	"\\0\\0\\0\\0\\0\\0\\0\\0\\0\\0\\0\\0\\0\\0\\0\\0Kisame Hoshigaki\\0\\0\\0\\0\\0\\0\\0\\0\\0\\0\\0\\0\\0\\0\\0\\0第二部Naru"	"3C 72 8A B1 8A 60 8B 53 8E 4C 7C 82 D9 82 B5 82 AA 82 AB 83 4C 83 54 83 81 3E"	"4B 69 73 61 6D 65 20 48 6F 73 68 69 67 61 6B 69 00 00 00 00 00 00 00 00 00 00"
"SLPS_258.37"	"0x3018F6"	"3152118"	"0x3018FB"	"6"	"Tメ>\\0\\0\\0\\0\\0\\0第二部ナルト（状態２）\\0\\0\\0\\0\\0\\0"	"\\0\\0\\0\\0\\0\\0\\0\\0\\0\\0第二部Naruto（状態２）\\0\\0\\0\\0\\0\\0"	"83 69 83 8B 83 67"	"4E 61 72 75 74 6F"
"SLPS_258.37"	"0x301910"	"3152144"	"0x301945"	"54"	"態２）\\0\\0\\0\\0\\0\\0\\0\\0\\0\\0<r九尾第四覚醒状態|きゅうびだいよんかくせいじょうたい>\\0\\0\\0\\0\\0\\0\\0\\0\\0\\0サソリ"	"態２）\\0\\0\\0\\0\\0\\0\\0\\0\\0\\04-Tail Naruto\\0\\0\\0\\0\\0\\0\\0\\0\\0\\0\\0\\0\\0\\0\\0\\0\\0\\0\\0\\0\\0\\0\\0\\0\\0\\0\\0\\0\\0\\0\\0\\0\\0\\0\\0\\0\\0\\0\\0\\0\\0\\0\\0\\0\\0\\0\\0\\0\\0\\0\\0サソリ"	"3C 72 8B E3 94 F6 91 E6 8E 6C 8A 6F 90 C1 8F F3 91 D4 7C 82 AB 82 E3 82 A4 82 D1 82 BE 82 A2 82"	"34 2D 54 61 69 6C 20 4E 61 72 75 74 6F 00 00 00 00 00 00 00 00 00 00 00 00 00 00 00 00 00 00 00"
"SLPS_258.37"	"0x301970"	"3152240"	"0x301991"	"34"	"\\0\\0\\0\\0\\0\\0\\0\\0\\0\\0\\0\\0\\0\\0\\0\\0サソリ（<r自分傀儡|じぶんくぐつ>）\\0\\0\\0\\0\\0\\0\\0\\0\\0\\0\\0\\0\\0\\0サ"	"\\0\\0\\0\\0\\0\\0\\0\\0\\0\\0\\0\\0\\0\\0\\0\\0Sasori (Puppet)\\0\\0\\0\\0\\0\\0\\0\\0\\0\\0\\0\\0\\0\\0\\0\\0\\0\\0\\0\\0\\0\\0\\0\\0\\0\\0\\0\\0\\0\\0\\0\\0\\0サ"	"83 54 83 5C 83 8A 81 69 3C 72 8E A9 95 AA 98 F8 99 53 7C 82 B6 82 D4 82 F1 82 AD 82 AE 82 C2 3E"	"53 61 73 6F 72 69 20 28 50 75 70 70 65 74 29 00 00 00 00 00 00 00 00 00 00 00 00 00 00 00 00 00"
"SLPS_258.37"	"0x3019B8"	"3152312"	"0x3019C5"	"14"	"ヒルコ）\\0\\0\\0\\0\\0\\0\\0\\0サソリ・ヒルコ\\0\\0\\0\\0\\0\\0\\0\\0\\0\\0チヨバ"	"ヒルコ）\\0\\0\\0\\0\\0\\0\\0\\0Sasori Hiruko\\0\\0\\0\\0\\0\\0\\0\\0\\0\\0\\0Chiyo"	"83 54 83 5C 83 8A 81 45 83 71 83 8B 83 52"	"53 61 73 6F 72 69 20 48 69 72 75 6B 6F 00"
"SLPS_258.37"	"0x3019D0"	"3152336"	"0x3019DF"	"16"	"ヒルコ\\0\\0\\0\\0\\0\\0\\0\\0\\0\\0チヨバア（体術）\\0\\0\\0\\0\\0\\0\\0\\0\\0\\0\\0\\0\\0\\0\\0\\0"	"iruko\\0\\0\\0\\0\\0\\0\\0\\0\\0\\0\\0Chiyo (Taijutsu)\\0\\0\\0\\0\\0\\0\\0\\0\\0\\0\\0\\0\\0\\0\\0\\0"	"83 60 83 88 83 6F 83 41 81 69 91 CC 8F 70 81 6A"	"43 68 69 79 6F 20 28 54 61 69 6A 75 74 73 75 29"
"SLPS_258.37"	"0x3019F0"	"3152368"	"0x301A0D"	"30"	"\\0\\0\\0\\0\\0\\0\\0\\0\\0\\0\\0\\0\\0\\0\\0\\0チヨバア（<r体術|たいじゅつ>）\\0\\0第二部キバ\\0\\0\\0\\0"	"\\0\\0\\0\\0\\0\\0\\0\\0\\0\\0\\0\\0\\0\\0\\0\\0Chiyo (Taijutsu)\\0\\0\\0\\0\\0\\0\\0\\0\\0\\0\\0\\0\\0\\0\\0\\0第二部キバ\\0\\0\\0\\0"	"83 60 83 88 83 6F 83 41 81 69 3C 72 91 CC 8F 70 7C 82 BD 82 A2 82 B6 82 E3 82 C2 3E 81 6A"	"43 68 69 79 6F 20 28 54 61 69 6A 75 74 73 75 29 00 00 00 00 00 00 00 00 00 00 00 00 00 00"
"SLPS_258.37"	"0x301A20"	"3152416"	"0x301A33"	"20"	"第二部キバ\\0\\0\\0\\0\\0\\0<r犬塚|いぬづか>キバ\\0\\0\\0\\0第二部シノ\\0\\0"	"第二部キバ\\0\\0\\0\\0\\0\\0Kiba Inuzuka\\0\\0\\0\\0\\0\\0\\0\\0\\0\\0\\0\\0第二部シノ\\0\\0"	"3C 72 8C A2 92 CB 7C 82 A2 82 CA 82 C3 82 A9 3E 83 4C 83 6F"	"4B 69 62 61 20 49 6E 75 7A 75 6B 61 00 00 00 00 00 00 00 00"
"SLPS_258.37"	"0x301A50"	"3152464"	"0x301A63"	"20"	"ノ\\0\\0\\0\\0\\0\\0\\0\\0\\0\\0\\0\\0\\0\\0<r油女|あぶらめ>シノ\\0\\0\\0\\0第二部ヒナタ"	"ノ\\0\\0\\0\\0\\0\\0\\0\\0\\0\\0\\0\\0\\0\\0Shino Aburame\\0\\0\\0\\0\\0\\0\\0\\0\\0\\0\\0第二部ヒナタ"	"3C 72 96 FB 8F 97 7C 82 A0 82 D4 82 E7 82 DF 3E 83 56 83 6D"	"53 68 69 6E 6F 20 41 62 75 72 61 6D 65 00 00 00 00 00 00 00"
"SLPS_258.37"	"0x301A80"	"3152512"	"0x301A95"	"22"	"ナタ\\0\\0\\0\\0\\0\\0\\0\\0\\0\\0\\0\\0<r日向|ひゅうが>ヒナタ\\0\\0第二部チョウジ"	"ナタ\\0\\0\\0\\0\\0\\0\\0\\0\\0\\0\\0\\0Hinata Hyuga\\0\\0\\0\\0\\0\\0\\0\\0\\0\\0\\0\\0第二部チョウジ"	"3C 72 93 FA 8C FC 7C 82 D0 82 E3 82 A4 82 AA 3E 83 71 83 69 83 5E"	"48 69 6E 61 74 61 20 48 79 75 67 61 00 00 00 00 00 00 00 00 00 00"
"SLPS_258.37"	"0x301AB0"	"3152560"	"0x301AC7"	"24"	"ョウジ\\0\\0\\0\\0\\0\\0\\0\\0\\0\\0<r秋道|あきみち>チョウジ\\0\\0\\0\\0\\0\\0\\0\\0第二部い"	"ョウジ\\0\\0\\0\\0\\0\\0\\0\\0\\0\\0Choji Akimichi\\0\\0\\0\\0\\0\\0\\0\\0\\0\\0\\0\\0\\0\\0\\0\\0\\0\\0第二部い"	"3C 72 8F 48 93 B9 7C 82 A0 82 AB 82 DD 82 BF 3E 83 60 83 87 83 45 83 57"	"43 68 6F 6A 69 20 41 6B 69 6D 69 63 68 69 00 00 00 00 00 00 00 00 00 00"
"SLPS_258.37"	"0x301AE0"	"3152608"	"0x301AF3"	"20"	"第二部いの\\0\\0\\0\\0\\0\\0<r山中|やまなか>いの\\0\\0\\0\\0\\0\\0\\0\\0\\0\\0\\0\\0<r自"	"第二部いの\\0\\0\\0\\0\\0\\0Ino Yamanaka\\0\\0\\0\\0\\0\\0\\0\\0\\0\\0\\0\\0\\0\\0\\0\\0\\0\\0\\0\\0Jira"	"3C 72 8E 52 92 86 7C 82 E2 82 DC 82 C8 82 A9 3E 82 A2 82 CC"	"49 6E 6F 20 59 61 6D 61 6E 61 6B 61 00 00 00 00 00 00 00 00"
"SLPS_258.37"	"0x301B00"	"3152640"	"0x301B25"	"38"	"いの\\0\\0\\0\\0\\0\\0\\0\\0\\0\\0\\0\\0<r自来也|じらいや>\\0\\0\\0\\0\\0\\0<r綱手|ツナデ>\\0\\0\\0\\0\\0\\0\\0\\0\\0\\0<r猿飛"	"\\0\\0\\0\\0\\0\\0\\0\\0\\0\\0\\0\\0\\0\\0\\0\\0Jirai\\0\\0\\0\\0\\0\\0\\0\\0\\0\\0\\0\\0\\0\\0\\0\\0\\0\\0\\0Tsu\\0\\0\\0\\0\\0\\0\\0\\0\\0\\0\\0\\0\\0\\0\\0\\0\\0\\0\\0\\0\\0Asuma"	"3C 72 8E A9 97 88 96 E7 7C 82 B6 82 E7 82 A2 82 E2 3E 00 00 00 00 00 00 3C 72 8D 6A 8E E8 7C 83"	"4A 69 72 61 69 00 00 00 00 00 00 00 00 00 00 00 00 00 00 00 00 00 00 00 54 73 75 00 00 00 00 00"
"SLPS_258.37"	"0x301B30"	"3152688"	"0x301B45"	"22"	"cナデ>\\0\\0\\0\\0\\0\\0\\0\\0\\0\\0<r猿飛|さるとび>アスマ\\0\\0\\0\\0\\0\\0\\0\\0\\0\\0<r夕日"	"\\0\\0\\0\\0\\0\\0\\0\\0\\0\\0\\0\\0\\0\\0\\0\\0Asuma Sarutobi\\0\\0\\0\\0\\0\\0\\0\\0\\0\\0\\0\\0\\0\\0\\0\\0\\0\\0Kurena"	"3C 72 89 8E 94 F2 7C 82 B3 82 E9 82 C6 82 D1 3E 83 41 83 58 83 7D"	"41 73 75 6D 61 20 53 61 72 75 74 6F 62 69 00 00 00 00 00 00 00 00"
"SLPS_258.37"	"0x301B50"	"3152720"	"0x301B83"	"52"	"アスマ\\0\\0\\0\\0\\0\\0\\0\\0\\0\\0<r夕日|ゆうひ><r紅|くれない>\\0\\0\\0\\0<r大蛇丸|オロチまる>\\0\\0\\0\\0\\0\\0\\0\\0\\0\\0\\0\\0<r薬"	"\\0\\0\\0\\0\\0\\0\\0\\0\\0\\0\\0\\0\\0\\0\\0\\0Kurenai Yuhi\\0\\0\\0\\0\\0\\0\\0\\0\\0\\0\\0\\0\\0\\0\\0\\0\\0\\0\\0\\0Oroch\\0\\0\\0\\0\\0\\0\\0\\0\\0\\0\\0\\0\\0\\0\\0\\0\\0\\0\\0\\0\\0\\0\\0\\0\\0\\0\\0Kabu"	"3C 72 97 5B 93 FA 7C 82 E4 82 A4 82 D0 3E 3C 72 8D 67 7C 82 AD 82 EA 82 C8 82 A2 3E 00 00 00 00"	"4B 75 72 65 6E 61 69 20 59 75 68 69 00 00 00 00 00 00 00 00 00 00 00 00 00 00 00 00 00 00 00 00"
"SLPS_258.37"	"0x301B90"	"3152784"	"0x301BA3"	"20"	"ﾜる>\\0\\0\\0\\0\\0\\0\\0\\0\\0\\0\\0\\0<r薬師|やくし>カブト\\0\\0\\0\\0第二部サスケ"	"\\0\\0\\0\\0\\0\\0\\0\\0\\0\\0\\0\\0\\0\\0\\0\\0Kabuto Yakushi\\0\\0\\0\\0\\0\\0\\0\\0\\0\\0第二部Sasuke"	"3C 72 96 F2 8E 74 7C 82 E2 82 AD 82 B5 3E 83 4A 83 75 83 67"	"4B 61 62 75 74 6F 20 59 61 6B 75 73 68 69 00 00 00 00 00 00"
"SLPS_258.37"	"0x301BAE"	"3152814"	"0x301BC3"	"22"	"カブト\\0\\0\\0\\0第二部サスケ\\0\\0\\0\\0うちはサスケ\\0\\0\\0\\0\\0\\0\\0\\0\\0\\0\\0\\0・`\\0"	"\\0\\0\\0\\0\\0\\0\\0\\0\\0\\0第二部Sasuke\\0\\0\\0\\0Sasuke\\0\\0\\0\\0\\0\\0\\0\\0\\0\\0\\0\\0\\0\\0\\0\\0\\0\\0・`\\0"	"83 54 83 58 83 50 00 00 00 00 82 A4 82 BF 82 CD 83 54 83 58 83 50"	"53 61 73 75 6B 65 00 00 00 00 53 61 73 75 6B 65 00 00 00 00 00 00"
"SLPS_258.37"	"0x303748"	"3159880"	"0x3037A3"	"92"	"\/`\\0`/`\\0d/`\\0h/`\\0木ノ葉隠れの里\\0\\0砂隠れの里\\0\\0\\0\\0\\0\\0五封結界の崖\\0\\0\\0\\0暁のアジト\\0\\0\\0\\0\\0\\0流水の荒野\\0\\0\\0\\0\\0\\0夕暮れる断崖\\0\\0\\0\\0\\0\\0\\0\\0\\0\\0\\0\\0サバ"	"\/`\\0`/`\\0d/`\\0h/`\\0Hidden Leaf\\0\\0\\0\\0\\0Sand\\0\\0\\0\\0\\0\\0\\0\\0\\0\\0\\0\\05SealCliff\\0\\0\\0\\0\\0\\0AkaBase\\0\\0\\0\\0\\0\\0\\0\\0\\0WaterWild\\0\\0\\0\\0\\0\\0\\0Dusk Cliff\\0\\0\\0\\0\\0\\0\\0\\0\\0\\0\\0\\0\\0\\0Surv"	"96 D8 83 6D 97 74 89 42 82 EA 82 CC 97 A2 00 00 8D BB 89 42 82 EA 82 CC 97 A2 00 00 00 00 00 00"	"48 69 64 64 65 6E 20 4C 65 61 66 00 00 00 00 00 53 61 6E 64 00 00 00 00 00 00 00 00 00 00 00 00"
"SLPS_258.37"	"0x3037B0"	"3159984"	"0x3037BF"	"16"	"断崖\\0\\0\\0\\0\\0\\0\\0\\0\\0\\0\\0\\0サバイバル演習場\\0\\0\\0\\0\\0\\0\\0\\0木ノ葉の"	"ff\\0\\0\\0\\0\\0\\0\\0\\0\\0\\0\\0\\0\\0\\0Survival Field\\0\\0\\0\\0\\0\\0\\0\\0\\0\\0Leaf Woo"	"83 54 83 6F 83 43 83 6F 83 8B 89 89 8F 4B 8F EA"	"53 75 72 76 69 76 61 6C 20 46 69 65 6C 64 00 00"
"SLPS_258.37"	"0x3037C8"	"3160008"	"0x3037D1"	"10"	"ル演習場\\0\\0\\0\\0\\0\\0\\0\\0木ノ葉の森\\0\\0\\0\\0\\0\\0\\0\\0\\0\\0\\0\\0\\0\\0第"	"Field\\0\\0\\0\\0\\0\\0\\0\\0\\0\\0Leaf Wood\\0\\0\\0\\0\\0\\0\\0\\0\\0\\0\\0\\0\\0\\0\\0De"	"96 D8 83 6D 97 74 82 CC 90 58"	"4C 65 61 66 20 57 6F 6F 64 00"
"SLPS_258.37"	"0x3037E0"	"3160032"	"0x3037FF"	"32"	"森\\0\\0\\0\\0\\0\\0\\0\\0\\0\\0\\0\\0\\0\\0第４４演習場死の森\\0\\0\\0\\0\\0\\0終末の谷\\0\\0\\0\\0\\0\\0\\0\\0木ノ葉の"	"d\\0\\0\\0\\0\\0\\0\\0\\0\\0\\0\\0\\0\\0\\0\\0Death Forest\\0\\0\\0\\0\\0\\0\\0\\0\\0\\0\\0\\0FinalVal\\0\\0\\0\\0\\0\\0\\0\\0Leaf Gat"	"91 E6 82 53 82 53 89 89 8F 4B 8F EA 8E 80 82 CC 90 58 00 00 00 00 00 00 8F 49 96 96 82 CC 92 4A"	"44 65 61 74 68 20 46 6F 72 65 73 74 00 00 00 00 00 00 00 00 00 00 00 00 46 69 6E 61 6C 56 61 6C"
"SLPS_258.37"	"0x303808"	"3160072"	"0x303831"	"42"	"終末の谷\\0\\0\\0\\0\\0\\0\\0\\0木ノ葉の門\\0\\0\\0\\0\\0\\0砂隠れの門\\0\\0\\0\\0\\0\\0ナルト大橋\\0\\0\\0\\0\\0\\0\\0\\0\\0\\0\\0\\0\\0\\0中"	"FinalVal\\0\\0\\0\\0\\0\\0\\0\\0Leaf Gate\\0\\0\\0\\0\\0\\0\\0Sand Gate\\0\\0\\0\\0\\0\\0\\0Naruto Br\\0\\0\\0\\0\\0\\0\\0\\0\\0\\0\\0\\0\\0\\0\\0Ch"	"96 D8 83 6D 97 74 82 CC 96 E5 00 00 00 00 00 00 8D BB 89 42 82 EA 82 CC 96 E5 00 00 00 00 00 00"	"4C 65 61 66 20 47 61 74 65 00 00 00 00 00 00 00 53 61 6E 64 20 47 61 74 65 00 00 00 00 00 00 00"
"SLPS_258.37"	"0x303840"	"3160128"	"0x30384F"	"16"	"橋\\0\\0\\0\\0\\0\\0\\0\\0\\0\\0\\0\\0\\0\\0中忍選抜試験会場\\0\\0\\0\\0\\0\\0\\0\\0短冊街の"	"r\\0\\0\\0\\0\\0\\0\\0\\0\\0\\0\\0\\0\\0\\0\\0Chunin Exam\\0\\0\\0\\0\\0\\0\\0\\0\\0\\0\\0\\0\\0Tanzaku"	"92 86 94 45 91 49 94 B2 8E 8E 8C B1 89 EF 8F EA"	"43 68 75 6E 69 6E 20 45 78 61 6D 00 00 00 00 00"
"SLPS_258.37"	"0x303858"	"3160152"	"0x30388F"	"56"	"試験会場\\0\\0\\0\\0\\0\\0\\0\\0短冊街のはずれ\\0\\0月夜の草原\\0\\0\\0\\0\\0\\0青天の草原\\0\\0\\0\\0\\0\\0陽炎砂漠\\0\\0\\0\\0\\0\\0\\0\\0大蛇丸の"	"xam\\0\\0\\0\\0\\0\\0\\0\\0\\0\\0\\0\\0\\0Tanzaku Out\\0\\0\\0\\0\\0Moon Field\\0\\0\\0\\0\\0\\0SunnyFld\\0\\0\\0\\0\\0\\0\\0\\0HazeDes\\0\\0\\0\\0\\0\\0\\0\\0\\0OrochiBa"	"92 5A 8D FB 8A 58 82 CC 82 CD 82 B8 82 EA 00 00 8C 8E 96 E9 82 CC 91 90 8C B4 00 00 00 00 00 00"	"54 61 6E 7A 61 6B 75 20 4F 75 74 00 00 00 00 00 4D 6F 6F 6E 20 46 69 65 6C 64 00 00 00 00 00 00"
"SLPS_258.37"	"0x303898"	"3160216"	"0x3038AF"	"24"	"陽炎砂漠\\0\\0\\0\\0\\0\\0\\0\\0大蛇丸のアジト\\0\\0根の本部\\0\\0\\0\\0\\0\\0\\0\\0大蛇の祭"	"HazeDes\\0\\0\\0\\0\\0\\0\\0\\0\\0OrochiBase\\0\\0\\0\\0\\0\\0Root HQ\\0\\0\\0\\0\\0\\0\\0\\0\\0SnakeAlt"	"91 E5 8E D6 8A DB 82 CC 83 41 83 57 83 67 00 00 8D AA 82 CC 96 7B 95 94"	"4F 72 6F 63 68 69 42 61 73 65 00 00 00 00 00 00 52 6F 6F 74 20 48 51 00"
"SLPS_258.37"	"0x3038B8"	"3160248"	"0x3038D1"	"26"	"根の本部\\0\\0\\0\\0\\0\\0\\0\\0大蛇の祭壇\\0\\0\\0\\0\\0\\0物見やぐら\\0\\0\\0\\0\\0\\0CLT_2xxxbo"	"Root HQ\\0\\0\\0\\0\\0\\0\\0\\0\\0SnakeAltar\\0\\0\\0\\0\\0\\0Watchtower\\0\\0\\0\\0\\0\\0CLT_2xxxbo"	"91 E5 8E D6 82 CC 8D D5 92 64 00 00 00 00 00 00 95 A8 8C A9 82 E2 82 AE 82 E7"	"53 6E 61 6B 65 41 6C 74 61 72 00 00 00 00 00 00 57 61 74 63 68 74 6F 77 65 72"
"SLPS_258.37"	"0x3039E0"	"3160544"	"0x303B9E"	"447"	"bod2\\0\\0\\0\\0\\0\\0\\0\\0\\0\\0\\0\\0ＭＥＭＯＲＹ ＣＡＲＤ<ruby差込口|さしこみぐち>１に\\0”ＰｌａｙＳｔａｔｉｏｎ ２”<ruby専用|せんよう>メモリーカード（８ＭＢ）が\\0<ruby差|さ>されていません。\\0\\0\\0\\0\\0\\0\\0”ＰｌａｙＳｔａｔｉｏｎ ２”<ruby専用|せんよう>メモリーカード（８ＭＢ）\\0ではありません。\\0\\0\\0\\0\\0\\0\\0ＭＥＭＯＲＹ ＣＡＲＤ<ruby差込口|さしこみぐち>１の\\0”ＰｌａｙＳｔａｔｉｏｎ ２”<ruby専用|せんよう>メモリーカード（８ＭＢ）は\\0<ruby空|あ>き<ruby容量|ようりょう>が<ruby不足|ふそく>しています。\\0\\0\\0\\0\\0\\0\\0\\0\\0\\0\\0\\0\\0\\0\\0\\0"	"bod2\\0\\0\\0\\0\\0\\0\\0\\0\\0\\0\\0\\0MEMORY CARD slot 1:\\0\\0\\0\\0\\0\\0\\0\\0\\0\\0\\0\\0\\0\\0\\0\\0\\0\\0\\0\\0\\0\\0\\0\\0\\0\\0\\0\\0\\0\\0\\0\\0No PlayStation 2 memory card (8MB)\\0\\0\\0\\0\\0\\0\\0\\0\\0\\0\\0\\0\\0\\0\\0\\0\\0\\0\\0\\0\\0\\0\\0\\0\\0\\0\\0\\0\\0\\0\\0\\0\\0\\0\\0\\0\\0\\0\\0\\0\\0is inserted.\\0\\0\\0\\0\\0\\0\\0\\0\\0\\0\\0\\0\\0\\0\\0\\0\\0\\0\\0\\0\\0\\0PlayStation 2 memory card (8MB)\\0\\0\\0\\0\\0\\0\\0\\0\\0\\0\\0\\0\\0\\0\\0\\0\\0\\0\\0\\0\\0\\0\\0\\0\\0\\0\\0\\0\\0\\0\\0\\0\\0\\0\\0\\0\\0\\0\\0\\0\\0\\0not found.\\0\\0\\0\\0\\0\\0\\0\\0\\0\\0\\0\\0\\0MEMORY CARD slot 1:\\0\\0\\0\\0\\0\\0\\0\\0\\0\\0\\0\\0\\0\\0\\0\\0\\0\\0\\0\\0\\0\\0\\0\\0\\0\\0\\0\\0\\0\\0\\0\\0PlayStation 2 memory card (8MB)\\0\\0\\0\\0\\0\\0\\0\\0\\0\\0\\0\\0\\0\\0\\0\\0\\0\\0\\0\\0\\0\\0\\0\\0\\0\\0\\0\\0\\0\\0\\0\\0\\0\\0\\0\\0\\0\\0\\0\\0\\0\\0\\0\\0does not have enough free space.\\0\\0\\0\\0\\0\\0\\0\\0\\0\\0\\0\\0\\0\\0\\0\\0\\0\\0\\0\\0\\0\\0\\0\\0\\0\\0\\0\\0\\0\\0\\0\\0\\0\\0\\0\\0\\0\\0\\0\\0\\0\\0\\0\\0\\0\\0\\0\\0\\0"	"82 6C 82 64 82 6C 82 6E 82 71 82 78 20 82 62 82 60 82 71 82 63 3C 72 75 62 79 8D B7 8D 9E 8C FB"	"4D 45 4D 4F 52 59 20 43 41 52 44 20 73 6C 6F 74 20 31 3A 00 00 00 00 00 00 00 00 00 00 00 00 00"
"SLPS_258.37"	"0x303BB0"	"3161008"	"0x303C2E"	"127"	"\\0\\0\\0\\0\\0\\0\\0\\0\\0\\0\\0\\0\\0\\0\\0\\0このゲームのデータをセーブするには\\0１０３ＫＢ<ruby以上|いじょう>の<ruby空|あ>き<ruby容量|ようりょう>が<ruby必要|ひつよう>です。\\0\\0\\0\\0\\0\\0\\0\\0\\0\\0\\0\\0\\0\\0\\0\\0"	"\\0\\0\\0\\0\\0\\0\\0\\0\\0\\0\\0\\0\\0\\0\\0\\0To save game data,\\0\\0\\0\\0\\0\\0\\0\\0\\0\\0\\0\\0\\0\\0\\0\\0\\0103 KB or more free space is required.\\0\\0\\0\\0\\0\\0\\0\\0\\0\\0\\0\\0\\0\\0\\0\\0\\0\\0\\0\\0\\0\\0\\0\\0\\0\\0\\0\\0\\0\\0\\0\\0\\0\\0\\0\\0\\0\\0\\0\\0\\0\\0\\0\\0\\0\\0\\0\\0\\0\\0\\0\\0\\0\\0\\0\\0\\0\\0\\0\\0\\0\\0\\0\\0\\0\\0\\0\\0\\0\\0"	"82 B1 82 CC 83 51 81 5B 83 80 82 CC 83 66 81 5B 83 5E 82 F0 83 5A 81 5B 83 75 82 B7 82 E9 82 C9"	"54 6F 20 73 61 76 65 20 67 61 6D 65 20 64 61 74 61 2C 00 00 00 00 00 00 00 00 00 00 00 00 00 00"
"SLPS_258.37"	"0x303C40"	"3161152"	"0x303CBC"	"125"	"\\0\\0\\0\\0\\0\\0\\0\\0\\0\\0\\0\\0\\0\\0\\0\\0ＭＥＭＯＲＹ ＣＡＲＤ<ruby差込口|さしこみぐち>１の\\0”ＰｌａｙＳｔａｔｉｏｎ ２”<ruby専用|せんよう>メモリーカード（８ＭＢ）が\\0フォーマットさ・"	"\\0\\0\\0\\0\\0\\0\\0\\0\\0\\0\\0\\0\\0\\0\\0\\0MEMORY CARD slot 1:\\0\\0\\0\\0\\0\\0\\0\\0\\0\\0\\0\\0\\0\\0\\0\\0\\0\\0\\0\\0\\0\\0\\0\\0\\0\\0\\0\\0\\0\\0\\0\\0PlayStation 2 memory card (8MB)\\0\\0\\0\\0\\0\\0\\0\\0\\0\\0\\0\\0\\0\\0\\0\\0\\0\\0\\0\\0\\0\\0\\0\\0\\0\\0\\0\\0\\0\\0\\0\\0\\0\\0\\0\\0\\0\\0\\0\\0\\0\\0\\0\\0フォーマットさ・"	"82 6C 82 64 82 6C 82 6E 82 71 82 78 20 82 62 82 60 82 71 82 63 3C 72 75 62 79 8D B7 8D 9E 8C FB"	"4D 45 4D 4F 52 59 20 43 41 52 44 20 73 6C 6F 74 20 31 3A 00 00 00 00 00 00 00 00 00 00 00 00 00"
"SLPS_258.37"	"0x3047BA"	"3164090"	"0x3047DE"	"37"	"ひつよう>です。\\0このままで<ruby開始|かいし>しますか？\\0\\0\\0\\0\\0\\0\\0\\0\\0\\0\\0\\0\\0\\0\\0\\0"	"ひつよう>です。\\0Start anyway?\\0\\0\\0\\0\\0\\0\\0\\0\\0\\0\\0\\0\\0\\0\\0\\0\\0\\0\\0\\0\\0\\0\\0\\0\\0\\0\\0\\0\\0\\0\\0\\0\\0\\0\\0\\0\\0\\0\\0\\0"	"82 B1 82 CC 82 DC 82 DC 82 C5 3C 72 75 62 79 8A 4A 8E 6E 7C 82 A9 82 A2 82 B5 3E 82 B5 82 DC 82"	"53 74 61 72 74 20 61 6E 79 77 61 79 3F 00 00 00 00 00 00 00 00 00 00 00 00 00 00 00 00 00 00 00"
"SLPS_258.37"	"0x304930"	"3164464"	"0x304954"	"37"	"ひつよう>です。\\0このままで<ruby開始|かいし>しますか？\\0\\0\\0SAVE SYS\\0\\0\\0\\0\\0"	"ひつよう>です。\\0Start anyway?\\0\\0\\0\\0\\0\\0\\0\\0\\0\\0\\0\\0\\0\\0\\0\\0\\0\\0\\0\\0\\0\\0\\0\\0\\0\\0\\0SAVE SYS\\0\\0\\0\\0\\0"	"82 B1 82 CC 82 DC 82 DC 82 C5 3C 72 75 62 79 8A 4A 8E 6E 7C 82 A9 82 A2 82 B5 3E 82 B5 82 DC 82"	"53 74 61 72 74 20 61 6E 79 77 61 79 3F 00 00 00 00 00 00 00 00 00 00 00 00 00 00 00 00 00 00 00"
"SLPS_258.37"	"0x304970"	"3164528"	"0x304987"	"24"	"\\0\\0\\0\\0\\0\\0\\0\\0\\0\\0\\0\\0\\0\\0\\0\\0データをセーブしますか？\\0\\0\\0\\0\\0\\0\\0\\0タイトル"	"\\0\\0\\0\\0\\0\\0\\0\\0\\0\\0\\0\\0\\0\\0\\0\\0Save data?\\0\\0\\0\\0\\0\\0\\0\\0\\0\\0\\0\\0\\0\\0\\0\\0\\0\\0\\0\\0\\0\\0Return t"	"83 66 81 5B 83 5E 82 F0 83 5A 81 5B 83 75 82 B5 82 DC 82 B7 82 A9 81 48"	"53 61 76 65 20 64 61 74 61 3F 00 00 00 00 00 00 00 00 00 00 00 00 00 00"
"SLPS_258.37"	"0x304990"	"3164560"	"0x3049C1"	"50"	"ますか？\\0\\0\\0\\0\\0\\0\\0\\0タイトル<ruby画面|がめん>に<ruby戻|もど>りますか？\\0\\0\\0\\0\\0\\0\\0\\0\\0\\0\\0\\0\\0\\0ロ"	"\\0\\0\\0\\0\\0\\0\\0\\0\\0\\0\\0\\0\\0\\0\\0\\0Return to title?\\0\\0\\0\\0\\0\\0\\0\\0\\0\\0\\0\\0\\0\\0\\0\\0\\0\\0\\0\\0\\0\\0\\0\\0\\0\\0\\0\\0\\0\\0\\0\\0\\0\\0\\0\\0\\0\\0\\0\\0\\0\\0\\0\\0\\0\\0\\0\\0No"	"83 5E 83 43 83 67 83 8B 3C 72 75 62 79 89 E6 96 CA 7C 82 AA 82 DF 82 F1 3E 82 C9 3C 72 75 62 79"	"52 65 74 75 72 6E 20 74 6F 20 74 69 74 6C 65 3F 00 00 00 00 00 00 00 00 00 00 00 00 00 00 00 00"
"SLPS_258.37"	"0x3049D0"	"3164624"	"0x3049EF"	"32"	"？\\0\\0\\0\\0\\0\\0\\0\\0\\0\\0\\0\\0\\0\\0ロードできるデータがありません。\\0\\0\\0\\0\\0\\0\\0\\0\\0\\0\\0\\0\\0\\0\\0\\0"	"\\0\\0\\0\\0\\0\\0\\0\\0\\0\\0\\0\\0\\0\\0\\0\\0No load data.\\0\\0\\0\\0\\0\\0\\0\\0\\0\\0\\0\\0\\0\\0\\0\\0\\0\\0\\0\\0\\0\\0\\0\\0\\0\\0\\0\\0\\0\\0\\0\\0\\0\\0\\0"	"83 8D 81 5B 83 68 82 C5 82 AB 82 E9 83 66 81 5B 83 5E 82 AA 82 A0 82 E8 82 DC 82 B9 82 F1 81 42"	"4E 6F 20 6C 6F 61 64 20 64 61 74 61 2E 00 00 00 00 00 00 00 00 00 00 00 00 00 00 00 00 00 00 00"
"SLPS_258.37"	"0x304A60"	"3164768"	"0x304A74"	"21"	"じかん> \\0\\0\\0\\0\\0\\0\\0\\0<ruby未使用|みしよう>\\0\\0\\0gauge.ccs\\0\\0\\0\\0"	"じかん> \\0\\0\\0\\0\\0\\0\\0\\0Unused\\0\\0\\0\\0\\0\\0\\0\\0\\0\\0\\0\\0\\0\\0\\0\\0\\0\\0gauge.ccs\\0\\0\\0\\0"	"3C 72 75 62 79 96 A2 8E 67 97 70 7C 82 DD 82 B5 82 E6 82 A4 3E"	"55 6E 75 73 65 64 00 00 00 00 00 00 00 00 00 00 00 00 00 00 00"
"SLPS_258.37"	"0x304BF0"	"3165168"	"0x304BFD"	"14"	"TEX_celtex35\\0\\0\\0\\0サバイバル戦闘\\0\\0<r旧作|きゅう・"	"TEX_celtex35\\0\\0\\0\\0Survival\\0\\0\\0\\0\\0\\0\\0\\0<r旧作|きゅう・"	"83 54 83 6F 83 43 83 6F 83 8B 90 ED 93 AC"	"53 75 72 76 69 76 61 6C 00 00 00 00 00 00"
"SLPS_258.37"	"0x304D50"	"3165520"	"0x304D75"	"38"	"_DATA>\\0\\0\\0\\0\\0\\0\\0\\0\\0\\0<r闘|たたか>いに<r勝利|しょうり>する。\\0\\0\\0\\0\\0\\0\\0\\0\\0\\0タイム"	"_DATA>\\0\\0\\0\\0\\0\\0\\0\\0\\0\\0Win the battle.\\0\\0\\0\\0\\0\\0\\0\\0\\0\\0\\0\\0\\0\\0\\0\\0\\0\\0\\0\\0\\0\\0\\0\\0\\0\\0\\0\\0\\0\\0\\0\\0\\0Fight"	"3C 72 93 AC 7C 82 BD 82 BD 82 A9 3E 82 A2 82 C9 3C 72 8F 9F 97 98 7C 82 B5 82 E5 82 A4 82 E8 3E"	"57 69 6E 20 74 68 65 20 62 61 74 74 6C 65 2E 00 00 00 00 00 00 00 00 00 00 00 00 00 00 00 00 00"
"SLPS_258.37"	"0x304D80"	"3165568"	"0x304D9F"	"32"	"する。\\0\\0\\0\\0\\0\\0\\0\\0\\0\\0タイムアップまで<r闘|たたか>う。\\0\\0\\0\\0\\0\\0\\0\\0\\0\\0\\0\\0\\0\\0\\0\\0"	"\\0\\0\\0\\0\\0\\0\\0\\0\\0\\0\\0\\0\\0\\0\\0\\0Fight until time up.\\0\\0\\0\\0\\0\\0\\0\\0\\0\\0\\0\\0\\0\\0\\0\\0\\0\\0\\0\\0\\0\\0\\0\\0\\0\\0\\0\\0"	"83 5E 83 43 83 80 83 41 83 62 83 76 82 DC 82 C5 3C 72 93 AC 7C 82 BD 82 BD 82 A9 3E 82 A4 81 42"	"46 69 67 68 74 20 75 6E 74 69 6C 20 74 69 6D 65 20 75 70 2E 00 00 00 00 00 00 00 00 00 00 00 00"
"SLPS_258.37"	"0x304F30"	"3166000"	"0x304FA3"	"116"	"を<r刺|さ>す。\\0\\0<r忍術|にんじゅつ>で<r止|とど>めを<r刺|さ>す。\\0\\0<r相手|あいて>のチャクラが０の<r時|とき>に<r止|とど>めを<r刺|さ>す。\\0\\0\\0\\0\\0\\0\\0\\0\\0\\0\\0\\0<r連"	"を<r刺|さ>す。\\0\\0Finish with Ninjutsu.\\0\\0\\0\\0\\0\\0\\0\\0\\0\\0\\0\\0\\0\\0\\0\\0\\0\\0\\0\\0\\0\\0\\0\\0\\0\\0\\0Finish when enemy chakra is 0.\\0\\0\\0\\0\\0\\0\\0\\0\\0\\0\\0\\0\\0\\0\\0\\0\\0\\0\\0\\0\\0\\0\\0\\0\\0\\0\\0\\0\\0\\0\\0\\0\\0\\0\\0\\0\\0\\0\\0\\0\\0\\0\\0\\0\\0\\0\\0\\0\\0\\0Fini"	"3C 72 94 45 8F 70 7C 82 C9 82 F1 82 B6 82 E3 82 C2 3E 82 C5 3C 72 8E 7E 7C 82 C6 82 C7 3E 82 DF"	"46 69 6E 69 73 68 20 77 69 74 68 20 4E 69 6E 6A 75 74 73 75 2E 00 00 00 00 00 00 00 00 00 00 00"
"SLPS_258.37"	"0x304FB0"	"3166128"	"0x30502F"	"128"	"す。\\0\\0\\0\\0\\0\\0\\0\\0\\0\\0\\0\\0<r連係|れんけい>キャラクターの<r攻撃|こうげき>で<r止|とど>めを<r刺|さ>す。\\0\\0\\0\\0\\0\\0チャクラをレベル<r壱以上残|いちいじょうのこ>す。\\0\\0\\0\\0\\0\\0\\0\\0\\0\\0\\0\\0\\0\\0\\0\\0"	"\\0\\0\\0\\0\\0\\0\\0\\0\\0\\0\\0\\0\\0\\0\\0\\0Finish with support attack.\\0\\0\\0\\0\\0\\0\\0\\0\\0\\0\\0\\0\\0\\0\\0\\0\\0\\0\\0\\0\\0\\0\\0\\0\\0\\0\\0\\0\\0\\0\\0\\0\\0\\0\\0\\0\\0\\0\\0\\0\\0\\0\\0\\0\\0\\0\\0\\0\\0\\0\\0\\0\\0Keep Chakra Lv.1+.\\0\\0\\0\\0\\0\\0\\0\\0\\0\\0\\0\\0\\0\\0\\0\\0\\0\\0\\0\\0\\0\\0\\0\\0\\0\\0\\0\\0\\0\\0\\0\\0\\0\\0\\0\\0\\0\\0\\0\\0\\0\\0\\0\\0\\0\\0"	"3C 72 98 41 8C 57 7C 82 EA 82 F1 82 AF 82 A2 3E 83 4C 83 83 83 89 83 4E 83 5E 81 5B 82 CC 3C 72"	"46 69 6E 69 73 68 20 77 69 74 68 20 73 75 70 70 6F 72 74 20 61 74 74 61 63 6B 2E 00 00 00 00 00"
"SLPS_258.37"	"0x305040"	"3166272"	"0x30509F"	"96"	"\\0\\0\\0\\0\\0\\0\\0\\0\\0\\0\\0\\0\\0\\0\\0\\0チャクラをレベル<r弐以上残|にいじょうのこ>す。\\0\\0チャクラをレベル<r参以上残|さんいじょうのこ>す。\\0\\0\\0\\0\\0\\0\\0\\0\\0\\0\\0\\0\\0\\0\\0\\0"	"\\0\\0\\0\\0\\0\\0\\0\\0\\0\\0\\0\\0\\0\\0\\0\\0Keep Chakra Lv.2+.\\0\\0\\0\\0\\0\\0\\0\\0\\0\\0\\0\\0\\0\\0\\0\\0\\0\\0\\0\\0\\0\\0\\0\\0\\0\\0\\0\\0\\0\\0Keep Chakra Lv.3+.\\0\\0\\0\\0\\0\\0\\0\\0\\0\\0\\0\\0\\0\\0\\0\\0\\0\\0\\0\\0\\0\\0\\0\\0\\0\\0\\0\\0\\0\\0\\0\\0\\0\\0\\0\\0\\0\\0\\0\\0\\0\\0\\0\\0\\0\\0"	"83 60 83 83 83 4E 83 89 82 F0 83 8C 83 78 83 8B 3C 72 93 F3 88 C8 8F E3 8E 63 7C 82 C9 82 A2 82"	"4B 65 65 70 20 43 68 61 6B 72 61 20 4C 76 2E 32 2B 2E 00 00 00 00 00 00 00 00 00 00 00 00 00 00"
"SLPS_258.37"	"0x3050B0"	"3166384"	"0x3050D1"	"34"	"\\0\\0\\0\\0\\0\\0\\0\\0\\0\\0\\0\\0\\0\\0\\0\\0ライフを１０％<r以下|いか>にする。\\0\\0\\0\\0\\0\\0\\0\\0\\0\\0\\0\\0\\0\\0ラ"	"\\0\\0\\0\\0\\0\\0\\0\\0\\0\\0\\0\\0\\0\\0\\0\\0Lower life to 10% or less.\\0\\0\\0\\0\\0\\0\\0\\0\\0\\0\\0\\0\\0\\0\\0\\0\\0\\0\\0\\0\\0\\0Ke"	"83 89 83 43 83 74 82 F0 82 50 82 4F 81 93 3C 72 88 C8 89 BA 7C 82 A2 82 A9 3E 82 C9 82 B7 82 E9"	"4C 6F 77 65 72 20 6C 69 66 65 20 74 6F 20 31 30 25 20 6F 72 20 6C 65 73 73 2E 00 00 00 00 00 00"
"SLPS_258.37"	"0x3050E0"	"3166432"	"0x305107"	"40"	"。\\0\\0\\0\\0\\0\\0\\0\\0\\0\\0\\0\\0\\0\\0ライフを３０％<r以上残|いじょうのこ>す。\\0\\0\\0\\0\\0\\0\\0\\0ライフを"	"\\0\\0\\0\\0\\0\\0\\0\\0\\0\\0\\0\\0\\0\\0\\0\\0Keep 30%+ life.\\0\\0\\0\\0\\0\\0\\0\\0\\0\\0\\0\\0\\0\\0\\0\\0\\0\\0\\0\\0\\0\\0\\0\\0\\0\\0\\0\\0\\0\\0\\0\\0\\0Keep 50%"	"83 89 83 43 83 74 82 F0 82 52 82 4F 81 93 3C 72 88 C8 8F E3 8E 63 7C 82 A2 82 B6 82 E5 82 A4 82"	"4B 65 65 70 20 33 30 25 2B 20 6C 69 66 65 2E 00 00 00 00 00 00 00 00 00 00 00 00 00 00 00 00 00"
"SLPS_258.37"	"0x305110"	"3166480"	"0x305137"	"40"	"ﾌこ>す。\\0\\0\\0\\0\\0\\0\\0\\0ライフを５０％<r以上残|いじょうのこ>す。\\0\\0\\0\\0\\0\\0\\0\\0ライフを"	"\\0\\0\\0\\0\\0\\0\\0\\0\\0\\0\\0\\0\\0\\0\\0\\0Keep 50%+ life.\\0\\0\\0\\0\\0\\0\\0\\0\\0\\0\\0\\0\\0\\0\\0\\0\\0\\0\\0\\0\\0\\0\\0\\0\\0\\0\\0\\0\\0\\0\\0\\0\\0Keep 80%"	"83 89 83 43 83 74 82 F0 82 54 82 4F 81 93 3C 72 88 C8 8F E3 8E 63 7C 82 A2 82 B6 82 E5 82 A4 82"	"4B 65 65 70 20 35 30 25 2B 20 6C 69 66 65 2E 00 00 00 00 00 00 00 00 00 00 00 00 00 00 00 00 00"
"SLPS_258.37"	"0x305140"	"3166528"	"0x305167"	"40"	"ﾌこ>す。\\0\\0\\0\\0\\0\\0\\0\\0ライフを８０％<r以上残|いじょうのこ>す。\\0\\0\\0\\0\\0\\0\\0\\0<r相手|・"	"\\0\\0\\0\\0\\0\\0\\0\\0\\0\\0\\0\\0\\0\\0\\0\\0Keep 80%+ life.\\0\\0\\0\\0\\0\\0\\0\\0\\0\\0\\0\\0\\0\\0\\0\\0\\0\\0\\0\\0\\0\\0\\0\\0\\0\\0\\0\\0\\0\\0\\0\\0\\0Start wi"	"83 89 83 43 83 74 82 F0 82 57 82 4F 81 93 3C 72 88 C8 8F E3 8E 63 7C 82 A2 82 B6 82 E5 82 A4 82"	"4B 65 65 70 20 38 30 25 2B 20 6C 69 66 65 2E 00 00 00 00 00 00 00 00 00 00 00 00 00 00 00 00 00"
"SLPS_258.37"	"0x305170"	"3166576"	"0x3051B7"	"72"	"ﾌこ>す。\\0\\0\\0\\0\\0\\0\\0\\0<r相手|あいて>のライフが３０％の<r状態|じょうたい>で<r開始|かいし>して。\\0\\0\\0\\0\\0\\0\\0\\0<r相手|・"	"\\0\\0\\0\\0\\0\\0\\0\\0\\0\\0\\0\\0\\0\\0\\0\\0Start with enemy life at 30%.\\0\\0\\0\\0\\0\\0\\0\\0\\0\\0\\0\\0\\0\\0\\0\\0\\0\\0\\0\\0\\0\\0\\0\\0\\0\\0\\0\\0\\0\\0\\0\\0\\0\\0\\0\\0\\0\\0\\0\\0\\0\\0\\0\\0\\0\\0\\0\\0\\0\\0\\0Start wi"	"3C 72 91 8A 8E E8 7C 82 A0 82 A2 82 C4 3E 82 CC 83 89 83 43 83 74 82 AA 82 52 82 4F 81 93 82 CC"	"53 74 61 72 74 20 77 69 74 68 20 65 6E 65 6D 79 20 6C 69 66 65 20 61 74 20 33 30 25 2E 00 00 00"
"SLPS_258.37"	"0x3051C0"	"3166656"	"0x305207"	"72"	"ｵ>して。\\0\\0\\0\\0\\0\\0\\0\\0<r相手|あいて>のライフが５０％の<r状態|じょうたい>で<r開始|かいし>して。\\0\\0\\0\\0\\0\\0\\0\\0<r攻撃|・"	"\\0\\0\\0\\0\\0\\0\\0\\0\\0\\0\\0\\0\\0\\0\\0\\0Start with enemy life at 50%.\\0\\0\\0\\0\\0\\0\\0\\0\\0\\0\\0\\0\\0\\0\\0\\0\\0\\0\\0\\0\\0\\0\\0\\0\\0\\0\\0\\0\\0\\0\\0\\0\\0\\0\\0\\0\\0\\0\\0\\0\\0\\0\\0\\0\\0\\0\\0\\0\\0\\0\\0Do not w"	"3C 72 91 8A 8E E8 7C 82 A0 82 A2 82 C4 3E 82 CC 83 89 83 43 83 74 82 AA 82 54 82 4F 81 93 82 CC"	"53 74 61 72 74 20 77 69 74 68 20 65 6E 65 6D 79 20 6C 69 66 65 20 61 74 20 35 30 25 2E 00 00 00"
"SLPS_258.37"	"0x305210"	"3166736"	"0x305251"	"66"	"ｵ>して。\\0\\0\\0\\0\\0\\0\\0\\0<r攻撃|こうげき>を<r空振|からぶ>りしない。\\0\\0\\0\\0\\0\\0ジャンプをしない。\\0\\0\\0\\0\\0\\0\\0\\0\\0\\0\\0\\0\\0\\0<r"	"\\0\\0\\0\\0\\0\\0\\0\\0\\0\\0\\0\\0\\0\\0\\0\\0Do not whiff attacks.\\0\\0\\0\\0\\0\\0\\0\\0\\0\\0\\0\\0\\0\\0\\0\\0\\0\\0\\0\\0\\0\\0\\0\\0\\0\\0\\0Do not jump.\\0\\0\\0\\0\\0\\0\\0\\0\\0\\0\\0\\0\\0\\0\\0\\0\\0\\0\\0\\0Do"	"3C 72 8D 55 8C 82 7C 82 B1 82 A4 82 B0 82 AB 3E 82 F0 3C 72 8B F3 90 55 7C 82 A9 82 E7 82 D4 3E"	"44 6F 20 6E 6F 74 20 77 68 69 66 66 20 61 74 74 61 63 6B 73 2E 00 00 00 00 00 00 00 00 00 00 00"
"SLPS_258.37"	"0x305260"	"3166816"	"0x3052B5"	"86"	"。\\0\\0\\0\\0\\0\\0\\0\\0\\0\\0\\0\\0\\0\\0<r忍術|にんじゅつ>を<r使用|しよう>しない。\\0\\0\\0\\0\\0\\0<r奥義|おうぎ>を<r使用|しよう>しない。\\0\\0\\0\\0\\0\\0\\0\\0\\0\\0<r相手"	"\\0\\0\\0\\0\\0\\0\\0\\0\\0\\0\\0\\0\\0\\0\\0\\0Do not use Ninjutsu.\\0\\0\\0\\0\\0\\0\\0\\0\\0\\0\\0\\0\\0\\0\\0\\0\\0\\0\\0\\0\\0\\0\\0\\0\\0\\0\\0\\0Do not use Ultimates.\\0\\0\\0\\0\\0\\0\\0\\0\\0\\0\\0\\0\\0\\0\\0\\0\\0\\0\\0\\0\\0\\0\\0\\0\\0\\0\\0Do not"	"3C 72 94 45 8F 70 7C 82 C9 82 F1 82 B6 82 E3 82 C2 3E 82 F0 3C 72 8E 67 97 70 7C 82 B5 82 E6 82"	"44 6F 20 6E 6F 74 20 75 73 65 20 4E 69 6E 6A 75 74 73 75 2E 00 00 00 00 00 00 00 00 00 00 00 00"
"SLPS_258.37"	"0x3052C0"	"3166912"	"0x3052EF"	"48"	"ない。\\0\\0\\0\\0\\0\\0\\0\\0\\0\\0<r相手|あいて>の<r攻撃|こうげき>をガードしない。\\0\\0\\0\\0\\0\\0\\0\\0\\0\\0\\0\\0\\0\\0\\0\\0"	"\\0\\0\\0\\0\\0\\0\\0\\0\\0\\0\\0\\0\\0\\0\\0\\0Do not guard enemy attacks.\\0\\0\\0\\0\\0\\0\\0\\0\\0\\0\\0\\0\\0\\0\\0\\0\\0\\0\\0\\0\\0\\0\\0\\0\\0\\0\\0\\0\\0\\0\\0\\0\\0\\0\\0\\0\\0"	"3C 72 91 8A 8E E8 7C 82 A0 82 A2 82 C4 3E 82 CC 3C 72 8D 55 8C 82 7C 82 B1 82 A4 82 B0 82 AB 3E"	"44 6F 20 6E 6F 74 20 67 75 61 72 64 20 65 6E 65 6D 79 20 61 74 74 61 63 6B 73 2E 00 00 00 00 00"
"SLPS_258.37"	"0x305300"	"3166976"	"0x305333"	"52"	"\\0\\0\\0\\0\\0\\0\\0\\0\\0\\0\\0\\0\\0\\0\\0\\0<r相手|あいて>に<r奥義|おうぎ>を<r使|つか>わせない。\\0\\0\\0\\0\\0\\0\\0\\0\\0\\0\\0\\0<r相"	"\\0\\0\\0\\0\\0\\0\\0\\0\\0\\0\\0\\0\\0\\0\\0\\0Do not let enemy use Ultimate.\\0\\0\\0\\0\\0\\0\\0\\0\\0\\0\\0\\0\\0\\0\\0\\0\\0\\0\\0\\0\\0\\0\\0\\0\\0\\0\\0\\0\\0\\0\\0\\0\\0\\0Do n"	"3C 72 91 8A 8E E8 7C 82 A0 82 A2 82 C4 3E 82 C9 3C 72 89 9C 8B 60 7C 82 A8 82 A4 82 AC 3E 82 F0"	"44 6F 20 6E 6F 74 20 6C 65 74 20 65 6E 65 6D 79 20 75 73 65 20 55 6C 74 69 6D 61 74 65 2E 00 00"
"SLPS_258.37"	"0x305340"	"3167040"	"0x305381"	"66"	"い。\\0\\0\\0\\0\\0\\0\\0\\0\\0\\0\\0\\0<r相手|あいて>の<r攻撃|こうげき>を<r一度|いちど>も<r受|う>けない。\\0\\0\\0\\0\\0\\0\\0\\0\\0\\0\\0\\0\\0\\0<r"	"\\0\\0\\0\\0\\0\\0\\0\\0\\0\\0\\0\\0\\0\\0\\0\\0Do not take enemy attacks.\\0\\0\\0\\0\\0\\0\\0\\0\\0\\0\\0\\0\\0\\0\\0\\0\\0\\0\\0\\0\\0\\0\\0\\0\\0\\0\\0\\0\\0\\0\\0\\0\\0\\0\\0\\0\\0\\0\\0\\0\\0\\0\\0\\0\\0\\0\\0\\0\\0\\0\\0\\0\\0\\0No"	"3C 72 91 8A 8E E8 7C 82 A0 82 A2 82 C4 3E 82 CC 3C 72 8D 55 8C 82 7C 82 B1 82 A4 82 B0 82 AB 3E"	"44 6F 20 6E 6F 74 20 74 61 6B 65 20 65 6E 65 6D 79 20 61 74 74 61 63 6B 73 2E 00 00 00 00 00 00"
"SLPS_258.37"	"0x305390"	"3167120"	"0x305403"	"116"	"。\\0\\0\\0\\0\\0\\0\\0\\0\\0\\0\\0\\0\\0\\0<r連係|れんけい>キャラクターがいない<r状態|じょうたい>で。\\0\\0\\0\\0\\0\\0<r地上|ちじょう>で<r技|わざ>を<r使用|しよう>しない。\\0\\0\\0\\0\\0\\0\\0\\0\\0\\0\\0\\0アイ"	"\\0\\0\\0\\0\\0\\0\\0\\0\\0\\0\\0\\0\\0\\0\\0\\0No support character.\\0\\0\\0\\0\\0\\0\\0\\0\\0\\0\\0\\0\\0\\0\\0\\0\\0\\0\\0\\0\\0\\0\\0\\0\\0\\0\\0\\0\\0\\0\\0\\0\\0\\0\\0\\0\\0\\0\\0\\0\\0\\0\\0Do not use ground techniques.\\0\\0\\0\\0\\0\\0\\0\\0\\0\\0\\0\\0\\0\\0\\0\\0\\0\\0\\0\\0\\0\\0\\0\\0\\0\\0\\0\\0\\0\\0\\0\\0\\0\\0\\0Atta"	"3C 72 98 41 8C 57 7C 82 EA 82 F1 82 AF 82 A2 3E 83 4C 83 83 83 89 83 4E 83 5E 81 5B 82 AA 82 A2"	"4E 6F 20 73 75 70 70 6F 72 74 20 63 68 61 72 61 63 74 65 72 2E 00 00 00 00 00 00 00 00 00 00 00"
"SLPS_258.37"	"0x305410"	"3167248"	"0x305441"	"50"	"い。\\0\\0\\0\\0\\0\\0\\0\\0\\0\\0\\0\\0アイテム<r以外|いがい>で<r攻撃|こうげき>をしない。\\0\\0\\0\\0\\0\\0\\0\\0\\0\\0\\0\\0\\0\\0４"	"\\0\\0\\0\\0\\0\\0\\0\\0\\0\\0\\0\\0\\0\\0\\0\\0Attack only with items.\\0\\0\\0\\0\\0\\0\\0\\0\\0\\0\\0\\0\\0\\0\\0\\0\\0\\0\\0\\0\\0\\0\\0\\0\\0\\0\\0\\0\\0\\0\\0\\0\\0\\0\\0\\0\\0\\0\\0\\0\\0Wa"	"83 41 83 43 83 65 83 80 3C 72 88 C8 8A 4F 7C 82 A2 82 AA 82 A2 3E 82 C5 3C 72 8D 55 8C 82 7C 82"	"41 74 74 61 63 6B 20 6F 6E 6C 79 20 77 69 74 68 20 69 74 65 6D 73 2E 00 00 00 00 00 00 00 00 00"
"SLPS_258.37"	"0x305450"	"3167312"	"0x305513"	"196"	"。\\0\\0\\0\\0\\0\\0\\0\\0\\0\\0\\0\\0\\0\\0４カウント<r以上壁登|いじょうかべのぼ>りを<r行|おこな>う。\\0\\0\\0\\0\\0\\0６カウント<r以上壁登|いじょうかべのぼ>りを<r行|おこな>う。\\0\\0\\0\\0\\0\\0<r合計|ごうけい>６０カウント<r以上水面|いじょうみなも>に<r立|た>つ。\\0\\0\\0\\0\\0\\0\\0\\0\\0\\0\\0\\0１カ"	"\\0\\0\\0\\0\\0\\0\\0\\0\\0\\0\\0\\0\\0\\0\\0\\0Wall-run for 4+ counts.\\0\\0\\0\\0\\0\\0\\0\\0\\0\\0\\0\\0\\0\\0\\0\\0\\0\\0\\0\\0\\0\\0\\0\\0\\0\\0\\0\\0\\0\\0\\0\\0\\0\\0\\0\\0\\0\\0\\0\\0\\0Wall-run for 6+ counts.\\0\\0\\0\\0\\0\\0\\0\\0\\0\\0\\0\\0\\0\\0\\0\\0\\0\\0\\0\\0\\0\\0\\0\\0\\0\\0\\0\\0\\0\\0\\0\\0\\0\\0\\0\\0\\0\\0\\0\\0\\0Stand on water for 60+ counts.\\0\\0\\0\\0\\0\\0\\0\\0\\0\\0\\0\\0\\0\\0\\0\\0\\0\\0\\0\\0\\0\\0\\0\\0\\0\\0\\0\\0\\0\\0\\0\\0\\0\\0\\0\\0\\0\\0\\0\\0\\0\\0\\0\\0\\0\\0\\0\\0\\0\\0Keep"	"82 53 83 4A 83 45 83 93 83 67 3C 72 88 C8 8F E3 95 C7 93 6F 7C 82 A2 82 B6 82 E5 82 A4 82 A9 82"	"57 61 6C 6C 2D 72 75 6E 20 66 6F 72 20 34 2B 20 63 6F 75 6E 74 73 2E 00 00 00 00 00 00 00 00 00"
"SLPS_258.37"	"0x305520"	"3167520"	"0x305557"	"56"	"つ。\\0\\0\\0\\0\\0\\0\\0\\0\\0\\0\\0\\0１カウント<r以上攻撃|いじょうこうげき>を<r止|と>めない。\\0\\0\\0\\0\\0\\0\\0\\0３カウン"	"\\0\\0\\0\\0\\0\\0\\0\\0\\0\\0\\0\\0\\0\\0\\0\\0Keep attacking for 1+ count.\\0\\0\\0\\0\\0\\0\\0\\0\\0\\0\\0\\0\\0\\0\\0\\0\\0\\0\\0\\0\\0\\0\\0\\0\\0\\0\\0\\0\\0\\0\\0\\0\\0\\0\\0\\0Keep att"	"82 50 83 4A 83 45 83 93 83 67 3C 72 88 C8 8F E3 8D 55 8C 82 7C 82 A2 82 B6 82 E5 82 A4 82 B1 82"	"4B 65 65 70 20 61 74 74 61 63 6B 69 6E 67 20 66 6F 72 20 31 2B 20 63 6F 75 6E 74 2E 00 00 00 00"
"SLPS_258.37"	"0x305560"	"3167584"	"0x305597"	"56"	"めない。\\0\\0\\0\\0\\0\\0\\0\\0３カウント<r以上攻撃|いじょうこうげき>を<r止|と>めない。\\0\\0\\0\\0\\0\\0\\0\\0３<r回|・"	"\\0\\0\\0\\0\\0\\0\\0\\0\\0\\0\\0\\0\\0\\0\\0\\0Keep attacking for 3+ counts.\\0\\0\\0\\0\\0\\0\\0\\0\\0\\0\\0\\0\\0\\0\\0\\0\\0\\0\\0\\0\\0\\0\\0\\0\\0\\0\\0\\0\\0\\0\\0\\0\\0\\0\\0Use subs"	"82 52 83 4A 83 45 83 93 83 67 3C 72 88 C8 8F E3 8D 55 8C 82 7C 82 A2 82 B6 82 E5 82 A4 82 B1 82"	"4B 65 65 70 20 61 74 74 61 63 6B 69 6E 67 20 66 6F 72 20 33 2B 20 63 6F 75 6E 74 73 2E 00 00 00"
"SLPS_258.37"	"0x3055A0"	"3167648"	"0x3055EF"	"80"	"めない。\\0\\0\\0\\0\\0\\0\\0\\0３<r回|かい><r以上|いじょう><r変|か>わり<r身|み>の<r術|じゅつ>を<r行|おこな>う。\\0\\0\\0\\0\\0\\0\\0\\0\\0\\0\\0\\0\\0\\0\\0\\0"	"\\0\\0\\0\\0\\0\\0\\0\\0\\0\\0\\0\\0\\0\\0\\0\\0Use substitution 3+ times.\\0\\0\\0\\0\\0\\0\\0\\0\\0\\0\\0\\0\\0\\0\\0\\0\\0\\0\\0\\0\\0\\0\\0\\0\\0\\0\\0\\0\\0\\0\\0\\0\\0\\0\\0\\0\\0\\0\\0\\0\\0\\0\\0\\0\\0\\0\\0\\0\\0\\0\\0\\0\\0\\0\\0\\0\\0\\0\\0\\0\\0\\0\\0\\0\\0\\0\\0\\0\\0\\0"	"82 52 3C 72 89 F1 7C 82 A9 82 A2 3E 3C 72 88 C8 8F E3 7C 82 A2 82 B6 82 E5 82 A4 3E 3C 72 95 CF"	"55 73 65 20 73 75 62 73 74 69 74 75 74 69 6F 6E 20 33 2B 20 74 69 6D 65 73 2E 00 00 00 00 00 00"
"SLPS_258.37"	"0x305600"	"3167744"	"0x30564F"	"80"	"\\0\\0\\0\\0\\0\\0\\0\\0\\0\\0\\0\\0\\0\\0\\0\\0６<r回|かい><r以上|いじょう><r変|か>わり<r身|み>の<r術|じゅつ>を<r行|おこな>う。\\0\\0\\0\\0\\0\\0\\0\\0\\0\\0\\0\\0\\0\\0\\0\\0"	"\\0\\0\\0\\0\\0\\0\\0\\0\\0\\0\\0\\0\\0\\0\\0\\0Use substitution 6+ times.\\0\\0\\0\\0\\0\\0\\0\\0\\0\\0\\0\\0\\0\\0\\0\\0\\0\\0\\0\\0\\0\\0\\0\\0\\0\\0\\0\\0\\0\\0\\0\\0\\0\\0\\0\\0\\0\\0\\0\\0\\0\\0\\0\\0\\0\\0\\0\\0\\0\\0\\0\\0\\0\\0\\0\\0\\0\\0\\0\\0\\0\\0\\0\\0\\0\\0\\0\\0\\0\\0"	"82 55 3C 72 89 F1 7C 82 A9 82 A2 3E 3C 72 88 C8 8F E3 7C 82 A2 82 B6 82 E5 82 A4 3E 3C 72 95 CF"	"55 73 65 20 73 75 62 73 74 69 74 75 74 69 6F 6E 20 36 2B 20 74 69 6D 65 73 2E 00 00 00 00 00 00"
"SLPS_258.37"	"0x305660"	"3167840"	"0x3056A5"	"70"	"\\0\\0\\0\\0\\0\\0\\0\\0\\0\\0\\0\\0\\0\\0\\0\\0３<r回|かい><r以上|いじょう><r相打|あいう>ちを<r発生|はっせい>させる。\\0\\0\\0\\0\\0\\0\\0\\0\\0\\0３<r回"	"\\0\\0\\0\\0\\0\\0\\0\\0\\0\\0\\0\\0\\0\\0\\0\\0Cause 3+ clashes.\\0\\0\\0\\0\\0\\0\\0\\0\\0\\0\\0\\0\\0\\0\\0\\0\\0\\0\\0\\0\\0\\0\\0\\0\\0\\0\\0\\0\\0\\0\\0\\0\\0\\0\\0\\0\\0\\0\\0\\0\\0\\0\\0\\0\\0\\0\\0\\0\\0\\0\\0\\0\\0\\0\\0\\0\\0\\0\\0\\0\\0\\0\\0Use Uk"	"82 52 3C 72 89 F1 7C 82 A9 82 A2 3E 3C 72 88 C8 8F E3 7C 82 A2 82 B6 82 E5 82 A4 3E 3C 72 91 8A"	"43 61 75 73 65 20 33 2B 20 63 6C 61 73 68 65 73 2E 00 00 00 00 00 00 00 00 00 00 00 00 00 00 00"
"SLPS_258.37"	"0x3056B0"	"3167920"	"0x305731"	"130"	"せる。\\0\\0\\0\\0\\0\\0\\0\\0\\0\\0３<r回|かい><r以上|いじょう><r受|う>け<r身|み>を<r取|と>る。\\0\\0\\0\\0３<r回|かい><r以上|いじょう><r追|お>い<r討|う>ちを<r行|おこな>う。\\0\\0\\0\\0\\0\\0\\0\\0\\0\\0\\0\\0\\0\\0６"	"\\0\\0\\0\\0\\0\\0\\0\\0\\0\\0\\0\\0\\0\\0\\0\\0Use Ukemi 3+ times.\\0\\0\\0\\0\\0\\0\\0\\0\\0\\0\\0\\0\\0\\0\\0\\0\\0\\0\\0\\0\\0\\0\\0\\0\\0\\0\\0\\0\\0\\0\\0\\0\\0\\0\\0\\0\\0\\0\\0\\0\\0\\0\\0\\0\\0Use pursuit 3+ times.\\0\\0\\0\\0\\0\\0\\0\\0\\0\\0\\0\\0\\0\\0\\0\\0\\0\\0\\0\\0\\0\\0\\0\\0\\0\\0\\0\\0\\0\\0\\0\\0\\0\\0\\0\\0\\0\\0\\0\\0\\0\\0\\0\\0\\0\\0\\0\\0\\0\\0\\0\\0\\0\\0\\0\\0\\0\\0\\0Us"	"82 52 3C 72 89 F1 7C 82 A9 82 A2 3E 3C 72 88 C8 8F E3 7C 82 A2 82 B6 82 E5 82 A4 3E 3C 72 8E F3"	"55 73 65 20 55 6B 65 6D 69 20 33 2B 20 74 69 6D 65 73 2E 00 00 00 00 00 00 00 00 00 00 00 00 00"
"SLPS_258.37"	"0x305740"	"3168064"	"0x305781"	"66"	"。\\0\\0\\0\\0\\0\\0\\0\\0\\0\\0\\0\\0\\0\\0６<r回|かい><r以上|いじょう><r追|お>い<r討|う>ちを<r行|おこな>う。\\0\\0\\0\\0\\0\\0\\0\\0\\0\\0\\0\\0\\0\\0３"	"\\0\\0\\0\\0\\0\\0\\0\\0\\0\\0\\0\\0\\0\\0\\0\\0Use pursuit 6+ times.\\0\\0\\0\\0\\0\\0\\0\\0\\0\\0\\0\\0\\0\\0\\0\\0\\0\\0\\0\\0\\0\\0\\0\\0\\0\\0\\0\\0\\0\\0\\0\\0\\0\\0\\0\\0\\0\\0\\0\\0\\0\\0\\0\\0\\0\\0\\0\\0\\0\\0\\0\\0\\0\\0\\0\\0\\0\\0\\0Us"	"82 55 3C 72 89 F1 7C 82 A9 82 A2 3E 3C 72 88 C8 8F E3 7C 82 A2 82 B6 82 E5 82 A4 3E 3C 72 92 C7"	"55 73 65 20 70 75 72 73 75 69 74 20 36 2B 20 74 69 6D 65 73 2E 00 00 00 00 00 00 00 00 00 00 00"
"SLPS_258.37"	"0x305790"	"3168144"	"0x3057D3"	"68"	"。\\0\\0\\0\\0\\0\\0\\0\\0\\0\\0\\0\\0\\0\\0３<r種類以上|しゅるいいじょう>の<r忍具|にんぐ>を<r使用|しよう>する。\\0\\0\\0\\0\\0\\0\\0\\0\\0\\0\\0\\0３<r"	"\\0\\0\\0\\0\\0\\0\\0\\0\\0\\0\\0\\0\\0\\0\\0\\0Use 3+ ninja tools.\\0\\0\\0\\0\\0\\0\\0\\0\\0\\0\\0\\0\\0\\0\\0\\0\\0\\0\\0\\0\\0\\0\\0\\0\\0\\0\\0\\0\\0\\0\\0\\0\\0\\0\\0\\0\\0\\0\\0\\0\\0\\0\\0\\0\\0\\0\\0\\0\\0\\0\\0\\0\\0\\0\\0\\0\\0\\0\\0\\0\\0Hold"	"82 52 3C 72 8E ED 97 DE 88 C8 8F E3 7C 82 B5 82 E3 82 E9 82 A2 82 A2 82 B6 82 E5 82 A4 3E 82 CC"	"55 73 65 20 33 2B 20 6E 69 6E 6A 61 20 74 6F 6F 6C 73 2E 00 00 00 00 00 00 00 00 00 00 00 00 00"
"SLPS_258.37"	"0x3057E0"	"3168224"	"0x305865"	"134"	"る。\\0\\0\\0\\0\\0\\0\\0\\0\\0\\0\\0\\0３<r種類以上|しゅるいいじょう>のアイテムを<r所持|しょじ>する。\\0\\0<r壊|こわ>れ<r物|もの>を３<r個|こ><r以上|いじゅう><r破壊|はかい>する。\\0\\0\\0\\0\\0\\0\\0\\0\\0\\0<r壊|・"	"\\0\\0\\0\\0\\0\\0\\0\\0\\0\\0\\0\\0\\0\\0\\0\\0Hold 3+ item types.\\0\\0\\0\\0\\0\\0\\0\\0\\0\\0\\0\\0\\0\\0\\0\\0\\0\\0\\0\\0\\0\\0\\0\\0\\0\\0\\0\\0\\0\\0\\0\\0\\0\\0\\0\\0\\0\\0\\0\\0\\0\\0\\0\\0\\0Break 3+ objects.\\0\\0\\0\\0\\0\\0\\0\\0\\0\\0\\0\\0\\0\\0\\0\\0\\0\\0\\0\\0\\0\\0\\0\\0\\0\\0\\0\\0\\0\\0\\0\\0\\0\\0\\0\\0\\0\\0\\0\\0\\0\\0\\0\\0\\0\\0\\0\\0\\0\\0\\0\\0\\0\\0\\0\\0\\0\\0\\0\\0\\0\\0\\0Break"	"82 52 3C 72 8E ED 97 DE 88 C8 8F E3 7C 82 B5 82 E3 82 E9 82 A2 82 A2 82 B6 82 E5 82 A4 3E 82 CC"	"48 6F 6C 64 20 33 2B 20 69 74 65 6D 20 74 79 70 65 73 2E 00 00 00 00 00 00 00 00 00 00 00 00 00"
"SLPS_258.37"	"0x305870"	"3168368"	"0x3058B5"	"70"	"する。\\0\\0\\0\\0\\0\\0\\0\\0\\0\\0<r壊|こわ>れ<r物|もの>を５<r個|こ><r以上|いじゅう><r破壊|はかい>する。\\0\\0\\0\\0\\0\\0\\0\\0\\0\\0<r壊|・"	"\\0\\0\\0\\0\\0\\0\\0\\0\\0\\0\\0\\0\\0\\0\\0\\0Break 5+ objects.\\0\\0\\0\\0\\0\\0\\0\\0\\0\\0\\0\\0\\0\\0\\0\\0\\0\\0\\0\\0\\0\\0\\0\\0\\0\\0\\0\\0\\0\\0\\0\\0\\0\\0\\0\\0\\0\\0\\0\\0\\0\\0\\0\\0\\0\\0\\0\\0\\0\\0\\0\\0\\0\\0\\0\\0\\0\\0\\0\\0\\0\\0\\0Break"	"3C 72 89 F3 7C 82 B1 82 ED 3E 82 EA 3C 72 95 A8 7C 82 E0 82 CC 3E 82 F0 82 54 3C 72 8C C2 7C 82"	"42 72 65 61 6B 20 35 2B 20 6F 62 6A 65 63 74 73 2E 00 00 00 00 00 00 00 00 00 00 00 00 00 00 00"
"SLPS_258.37"	"0x3058C0"	"3168448"	"0x305905"	"70"	"する。\\0\\0\\0\\0\\0\\0\\0\\0\\0\\0<r壊|こわ>れ<r物|もの>を７<r個|こ><r以上|いじゅう><r破壊|はかい>する。\\0\\0\\0\\0\\0\\0\\0\\0\\0\\0<r連続"	"\\0\\0\\0\\0\\0\\0\\0\\0\\0\\0\\0\\0\\0\\0\\0\\0Break 7+ objects.\\0\\0\\0\\0\\0\\0\\0\\0\\0\\0\\0\\0\\0\\0\\0\\0\\0\\0\\0\\0\\0\\0\\0\\0\\0\\0\\0\\0\\0\\0\\0\\0\\0\\0\\0\\0\\0\\0\\0\\0\\0\\0\\0\\0\\0\\0\\0\\0\\0\\0\\0\\0\\0\\0\\0\\0\\0\\0\\0\\0\\0\\0\\0Land a"	"3C 72 89 F3 7C 82 B1 82 ED 3E 82 EA 3C 72 95 A8 7C 82 E0 82 CC 3E 82 F0 82 56 3C 72 8C C2 7C 82"	"42 72 65 61 6B 20 37 2B 20 6F 62 6A 65 63 74 73 2E 00 00 00 00 00 00 00 00 00 00 00 00 00 00 00"
"SLPS_258.37"	"0x305910"	"3168528"	"0x30598F"	"128"	"する。\\0\\0\\0\\0\\0\\0\\0\\0\\0\\0<r連続攻撃|れんぞくこうげき>５<r連発|れんぱつ>を<r決|き>める。\\0\\0<r連続攻撃|れんぞくこうげき>１０<r連発|れんぱつ>を<r決|き>める。\\0\\0\\0\\0\\0\\0\\0\\0\\0\\0\\0\\0\\0\\0\\0\\0"	"\\0\\0\\0\\0\\0\\0\\0\\0\\0\\0\\0\\0\\0\\0\\0\\0Land a 5-hit combo.\\0\\0\\0\\0\\0\\0\\0\\0\\0\\0\\0\\0\\0\\0\\0\\0\\0\\0\\0\\0\\0\\0\\0\\0\\0\\0\\0\\0\\0\\0\\0\\0\\0\\0\\0\\0\\0\\0\\0\\0\\0\\0\\0\\0\\0Land a 10-hit combo.\\0\\0\\0\\0\\0\\0\\0\\0\\0\\0\\0\\0\\0\\0\\0\\0\\0\\0\\0\\0\\0\\0\\0\\0\\0\\0\\0\\0\\0\\0\\0\\0\\0\\0\\0\\0\\0\\0\\0\\0\\0\\0\\0\\0\\0\\0\\0\\0\\0\\0\\0\\0\\0\\0\\0\\0\\0\\0\\0\\0"	"3C 72 98 41 91 B1 8D 55 8C 82 7C 82 EA 82 F1 82 BC 82 AD 82 B1 82 A4 82 B0 82 AB 3E 82 54 3C 72"	"4C 61 6E 64 20 61 20 35 2D 68 69 74 20 63 6F 6D 62 6F 2E 00 00 00 00 00 00 00 00 00 00 00 00 00"
"SLPS_258.37"	"0x3059A0"	"3168672"	"0x3059DF"	"64"	"\\0\\0\\0\\0\\0\\0\\0\\0\\0\\0\\0\\0\\0\\0\\0\\0<r連続攻撃|れんぞくこうげき>１５<r連発|れんぱつ>を<r決|き>める。\\0\\0\\0\\0\\0\\0\\0\\0\\0\\0\\0\\0\\0\\0\\0\\0"	"\\0\\0\\0\\0\\0\\0\\0\\0\\0\\0\\0\\0\\0\\0\\0\\0Land a 15-hit combo.\\0\\0\\0\\0\\0\\0\\0\\0\\0\\0\\0\\0\\0\\0\\0\\0\\0\\0\\0\\0\\0\\0\\0\\0\\0\\0\\0\\0\\0\\0\\0\\0\\0\\0\\0\\0\\0\\0\\0\\0\\0\\0\\0\\0\\0\\0\\0\\0\\0\\0\\0\\0\\0\\0\\0\\0\\0\\0\\0\\0"	"3C 72 98 41 91 B1 8D 55 8C 82 7C 82 EA 82 F1 82 BC 82 AD 82 B1 82 A4 82 B0 82 AB 3E 82 50 82 54"	"4C 61 6E 64 20 61 20 31 35 2D 68 69 74 20 63 6F 6D 62 6F 2E 00 00 00 00 00 00 00 00 00 00 00 00"
"SLPS_258.37"	"0x3059F0"	"3168752"	"0x305A2F"	"64"	"\\0\\0\\0\\0\\0\\0\\0\\0\\0\\0\\0\\0\\0\\0\\0\\0<r連続攻撃|れんぞくこうげき>２０<r連発|れんぱつ>を<r決|き>める。\\0\\0\\0\\0\\0\\0\\0\\0\\0\\0\\0\\0\\0\\0\\0\\0"	"\\0\\0\\0\\0\\0\\0\\0\\0\\0\\0\\0\\0\\0\\0\\0\\0Land a 20-hit combo.\\0\\0\\0\\0\\0\\0\\0\\0\\0\\0\\0\\0\\0\\0\\0\\0\\0\\0\\0\\0\\0\\0\\0\\0\\0\\0\\0\\0\\0\\0\\0\\0\\0\\0\\0\\0\\0\\0\\0\\0\\0\\0\\0\\0\\0\\0\\0\\0\\0\\0\\0\\0\\0\\0\\0\\0\\0\\0\\0\\0"	"3C 72 98 41 91 B1 8D 55 8C 82 7C 82 EA 82 F1 82 BC 82 AD 82 B1 82 A4 82 B0 82 AB 3E 82 51 82 4F"	"4C 61 6E 64 20 61 20 32 30 2D 68 69 74 20 63 6F 6D 62 6F 2E 00 00 00 00 00 00 00 00 00 00 00 00"
"SLPS_258.37"	"0x305A40"	"3168832"	"0x305A7F"	"64"	"\\0\\0\\0\\0\\0\\0\\0\\0\\0\\0\\0\\0\\0\\0\\0\\0<r連続攻撃|れんぞくこうげき>２５<r連発|れんぱつ>を<r決|き>める。\\0\\0\\0\\0\\0\\0\\0\\0\\0\\0\\0\\0\\0\\0\\0\\0"	"\\0\\0\\0\\0\\0\\0\\0\\0\\0\\0\\0\\0\\0\\0\\0\\0Land a 25-hit combo.\\0\\0\\0\\0\\0\\0\\0\\0\\0\\0\\0\\0\\0\\0\\0\\0\\0\\0\\0\\0\\0\\0\\0\\0\\0\\0\\0\\0\\0\\0\\0\\0\\0\\0\\0\\0\\0\\0\\0\\0\\0\\0\\0\\0\\0\\0\\0\\0\\0\\0\\0\\0\\0\\0\\0\\0\\0\\0\\0\\0"	"3C 72 98 41 91 B1 8D 55 8C 82 7C 82 EA 82 F1 82 BC 82 AD 82 B1 82 A4 82 B0 82 AB 3E 82 51 82 54"	"4C 61 6E 64 20 61 20 32 35 2D 68 69 74 20 63 6F 6D 62 6F 2E 00 00 00 00 00 00 00 00 00 00 00 00"
"SLPS_258.37"	"0x305A90"	"3168912"	"0x305ACF"	"64"	"\\0\\0\\0\\0\\0\\0\\0\\0\\0\\0\\0\\0\\0\\0\\0\\0<r連続攻撃|れんぞくこうげき>３０<r連発|れんぱつ>を<r決|き>める。\\0\\0\\0\\0\\0\\0\\0\\0\\0\\0\\0\\0\\0\\0\\0\\0"	"\\0\\0\\0\\0\\0\\0\\0\\0\\0\\0\\0\\0\\0\\0\\0\\0Land a 30-hit combo.\\0\\0\\0\\0\\0\\0\\0\\0\\0\\0\\0\\0\\0\\0\\0\\0\\0\\0\\0\\0\\0\\0\\0\\0\\0\\0\\0\\0\\0\\0\\0\\0\\0\\0\\0\\0\\0\\0\\0\\0\\0\\0\\0\\0\\0\\0\\0\\0\\0\\0\\0\\0\\0\\0\\0\\0\\0\\0\\0\\0"	"3C 72 98 41 91 B1 8D 55 8C 82 7C 82 EA 82 F1 82 BC 82 AD 82 B1 82 A4 82 B0 82 AB 3E 82 52 82 4F"	"4C 61 6E 64 20 61 20 33 30 2D 68 69 74 20 63 6F 6D 62 6F 2E 00 00 00 00 00 00 00 00 00 00 00 00"
"SLPS_258.37"	"0x305AE0"	"3168992"	"0x305B1F"	"64"	"\\0\\0\\0\\0\\0\\0\\0\\0\\0\\0\\0\\0\\0\\0\\0\\0<r連続攻撃|れんぞくこうげき>３５<r連発|れんぱつ>を<r決|き>める。\\0\\0\\0\\0\\0\\0\\0\\0\\0\\0\\0\\0\\0\\0\\0\\0"	"\\0\\0\\0\\0\\0\\0\\0\\0\\0\\0\\0\\0\\0\\0\\0\\0Land a 35-hit combo.\\0\\0\\0\\0\\0\\0\\0\\0\\0\\0\\0\\0\\0\\0\\0\\0\\0\\0\\0\\0\\0\\0\\0\\0\\0\\0\\0\\0\\0\\0\\0\\0\\0\\0\\0\\0\\0\\0\\0\\0\\0\\0\\0\\0\\0\\0\\0\\0\\0\\0\\0\\0\\0\\0\\0\\0\\0\\0\\0\\0"	"3C 72 98 41 91 B1 8D 55 8C 82 7C 82 EA 82 F1 82 BC 82 AD 82 B1 82 A4 82 B0 82 AB 3E 82 52 82 54"	"4C 61 6E 64 20 61 20 33 35 2D 68 69 74 20 63 6F 6D 62 6F 2E 00 00 00 00 00 00 00 00 00 00 00 00"
"SLPS_258.37"	"0x305B30"	"3169072"	"0x305B6F"	"64"	"\\0\\0\\0\\0\\0\\0\\0\\0\\0\\0\\0\\0\\0\\0\\0\\0<r連続攻撃|れんぞくこうげき>４０<r連発|れんぱつ>を<r決|き>める。\\0\\0\\0\\0\\0\\0\\0\\0\\0\\0\\0\\0\\0\\0\\0\\0"	"\\0\\0\\0\\0\\0\\0\\0\\0\\0\\0\\0\\0\\0\\0\\0\\0Land a 40-hit combo.\\0\\0\\0\\0\\0\\0\\0\\0\\0\\0\\0\\0\\0\\0\\0\\0\\0\\0\\0\\0\\0\\0\\0\\0\\0\\0\\0\\0\\0\\0\\0\\0\\0\\0\\0\\0\\0\\0\\0\\0\\0\\0\\0\\0\\0\\0\\0\\0\\0\\0\\0\\0\\0\\0\\0\\0\\0\\0\\0\\0"	"3C 72 98 41 91 B1 8D 55 8C 82 7C 82 EA 82 F1 82 BC 82 AD 82 B1 82 A4 82 B0 82 AB 3E 82 53 82 4F"	"4C 61 6E 64 20 61 20 34 30 2D 68 69 74 20 63 6F 6D 62 6F 2E 00 00 00 00 00 00 00 00 00 00 00 00"
"SLPS_258.37"	"0x305B80"	"3169152"	"0x305BBF"	"64"	"\\0\\0\\0\\0\\0\\0\\0\\0\\0\\0\\0\\0\\0\\0\\0\\0<r連続攻撃|れんぞくこうげき>４５<r連発|れんぱつ>を<r決|き>める。\\0\\0\\0\\0\\0\\0\\0\\0\\0\\0\\0\\0\\0\\0\\0\\0"	"\\0\\0\\0\\0\\0\\0\\0\\0\\0\\0\\0\\0\\0\\0\\0\\0Land a 45-hit combo.\\0\\0\\0\\0\\0\\0\\0\\0\\0\\0\\0\\0\\0\\0\\0\\0\\0\\0\\0\\0\\0\\0\\0\\0\\0\\0\\0\\0\\0\\0\\0\\0\\0\\0\\0\\0\\0\\0\\0\\0\\0\\0\\0\\0\\0\\0\\0\\0\\0\\0\\0\\0\\0\\0\\0\\0\\0\\0\\0\\0"	"3C 72 98 41 91 B1 8D 55 8C 82 7C 82 EA 82 F1 82 BC 82 AD 82 B1 82 A4 82 B0 82 AB 3E 82 53 82 54"	"4C 61 6E 64 20 61 20 34 35 2D 68 69 74 20 63 6F 6D 62 6F 2E 00 00 00 00 00 00 00 00 00 00 00 00"
"SLPS_258.37"	"0x305BD0"	"3169232"	"0x305C0F"	"64"	"\\0\\0\\0\\0\\0\\0\\0\\0\\0\\0\\0\\0\\0\\0\\0\\0<r連続攻撃|れんぞくこうげき>５０<r連発|れんぱつ>を<r決|き>める。\\0\\0\\0\\0\\0\\0\\0\\0\\0\\0\\0\\0\\0\\0\\0\\0"	"\\0\\0\\0\\0\\0\\0\\0\\0\\0\\0\\0\\0\\0\\0\\0\\0Land a 50-hit combo.\\0\\0\\0\\0\\0\\0\\0\\0\\0\\0\\0\\0\\0\\0\\0\\0\\0\\0\\0\\0\\0\\0\\0\\0\\0\\0\\0\\0\\0\\0\\0\\0\\0\\0\\0\\0\\0\\0\\0\\0\\0\\0\\0\\0\\0\\0\\0\\0\\0\\0\\0\\0\\0\\0\\0\\0\\0\\0\\0\\0"	"3C 72 98 41 91 B1 8D 55 8C 82 7C 82 EA 82 F1 82 BC 82 AD 82 B1 82 A4 82 B0 82 AB 3E 82 54 82 4F"	"4C 61 6E 64 20 61 20 35 30 2D 68 69 74 20 63 6F 6D 62 6F 2E 00 00 00 00 00 00 00 00 00 00 00 00"
"SLPS_258.37"	"0x305C20"	"3169312"	"0x305C61"	"66"	"\\0\\0\\0\\0\\0\\0\\0\\0\\0\\0\\0\\0\\0\\0\\0\\0<r相手|あいて>を３<r回|かい><r以上|いじょう><r落下|らっか>させる。\\0\\0\\0\\0\\0\\0\\0\\0\\0\\0\\0\\0\\0\\0<r"	"\\0\\0\\0\\0\\0\\0\\0\\0\\0\\0\\0\\0\\0\\0\\0\\0Make enemy fall 3+ times.\\0\\0\\0\\0\\0\\0\\0\\0\\0\\0\\0\\0\\0\\0\\0\\0\\0\\0\\0\\0\\0\\0\\0\\0\\0\\0\\0\\0\\0\\0\\0\\0\\0\\0\\0\\0\\0\\0\\0\\0\\0\\0\\0\\0\\0\\0\\0\\0\\0\\0\\0\\0\\0\\0\\0Ma"	"3C 72 91 8A 8E E8 7C 82 A0 82 A2 82 C4 3E 82 F0 82 52 3C 72 89 F1 7C 82 A9 82 A2 3E 3C 72 88 C8"	"4D 61 6B 65 20 65 6E 65 6D 79 20 66 61 6C 6C 20 33 2B 20 74 69 6D 65 73 2E 00 00 00 00 00 00 00"
"SLPS_258.37"	"0x305C70"	"3169392"	"0x305CB1"	"66"	"。\\0\\0\\0\\0\\0\\0\\0\\0\\0\\0\\0\\0\\0\\0<r相手|あいて>を６<r回|かい><r以上|いじょう><r落下|らっか>させる。\\0\\0\\0\\0\\0\\0\\0\\0\\0\\0\\0\\0\\0\\0<r"	"\\0\\0\\0\\0\\0\\0\\0\\0\\0\\0\\0\\0\\0\\0\\0\\0Make enemy fall 6+ times.\\0\\0\\0\\0\\0\\0\\0\\0\\0\\0\\0\\0\\0\\0\\0\\0\\0\\0\\0\\0\\0\\0\\0\\0\\0\\0\\0\\0\\0\\0\\0\\0\\0\\0\\0\\0\\0\\0\\0\\0\\0\\0\\0\\0\\0\\0\\0\\0\\0\\0\\0\\0\\0\\0\\0Ta"	"3C 72 91 8A 8E E8 7C 82 A0 82 A2 82 C4 3E 82 F0 82 55 3C 72 89 F1 7C 82 A9 82 A2 3E 3C 72 88 C8"	"4D 61 6B 65 20 65 6E 65 6D 79 20 66 61 6C 6C 20 36 2B 20 74 69 6D 65 73 2E 00 00 00 00 00 00 00"
"SLPS_258.37"	"0x305CC0"	"3169472"	"0x305CE7"	"40"	"。\\0\\0\\0\\0\\0\\0\\0\\0\\0\\0\\0\\0\\0\\0<r相手|あいて>を<r挑発|ちょうはつ>する。\\0\\0\\0\\0\\0\\0\\0\\0<r覚醒状"	"\\0\\0\\0\\0\\0\\0\\0\\0\\0\\0\\0\\0\\0\\0\\0\\0Taunt the opponent.\\0\\0\\0\\0\\0\\0\\0\\0\\0\\0\\0\\0\\0\\0\\0\\0\\0\\0\\0\\0\\0\\0\\0\\0\\0\\0\\0\\0\\0Enter aw"	"3C 72 91 8A 8E E8 7C 82 A0 82 A2 82 C4 3E 82 F0 3C 72 92 A7 94 AD 7C 82 BF 82 E5 82 A4 82 CD 82"	"54 61 75 6E 74 20 74 68 65 20 6F 70 70 6F 6E 65 6E 74 2E 00 00 00 00 00 00 00 00 00 00 00 00 00"
"SLPS_258.37"	"0x305CF0"	"3169520"	"0x305D27"	"56"	"ﾂ>する。\\0\\0\\0\\0\\0\\0\\0\\0<r覚醒状態|かくせいじょうたい>を<r発生|はっせい>させる。\\0\\0\\0\\0\\0\\0\\0\\0<r通常|・"	"\\0\\0\\0\\0\\0\\0\\0\\0\\0\\0\\0\\0\\0\\0\\0\\0Enter awakened state.\\0\\0\\0\\0\\0\\0\\0\\0\\0\\0\\0\\0\\0\\0\\0\\0\\0\\0\\0\\0\\0\\0\\0\\0\\0\\0\\0\\0\\0\\0\\0\\0\\0\\0\\0\\0\\0\\0\\0\\0\\0\\0\\0Use norm"	"3C 72 8A 6F 90 C1 8F F3 91 D4 7C 82 A9 82 AD 82 B9 82 A2 82 B6 82 E5 82 A4 82 BD 82 A2 3E 82 F0"	"45 6E 74 65 72 20 61 77 61 6B 65 6E 65 64 20 73 74 61 74 65 2E 00 00 00 00 00 00 00 00 00 00 00"
"SLPS_258.37"	"0x305D30"	"3169584"	"0x305DB1"	"130"	"させる。\\0\\0\\0\\0\\0\\0\\0\\0<r通常|つうじょう>もしくは<r連係奥義|れんけいおうぎ>を<r使用|しよう>する。\\0\\0\\0\\0\\0\\0<r逆転奥義|ぎゃくてんおうぎ>を<r使用|しよう>する。\\0\\0\\0\\0\\0\\0\\0\\0\\0\\0\\0\\0\\0\\0<r"	"\\0\\0\\0\\0\\0\\0\\0\\0\\0\\0\\0\\0\\0\\0\\0\\0Use normal or team Ultimate.\\0\\0\\0\\0\\0\\0\\0\\0\\0\\0\\0\\0\\0\\0\\0\\0\\0\\0\\0\\0\\0\\0\\0\\0\\0\\0\\0\\0\\0\\0\\0\\0\\0\\0\\0\\0\\0\\0\\0\\0\\0\\0\\0\\0\\0\\0\\0\\0\\0\\0\\0\\0Use reversal Ultimate.\\0\\0\\0\\0\\0\\0\\0\\0\\0\\0\\0\\0\\0\\0\\0\\0\\0\\0\\0\\0\\0\\0\\0\\0\\0\\0\\0\\0\\0\\0\\0\\0\\0\\0\\0\\0\\0\\0\\0\\0\\0\\0Us"	"3C 72 92 CA 8F ED 7C 82 C2 82 A4 82 B6 82 E5 82 A4 3E 82 E0 82 B5 82 AD 82 CD 3C 72 98 41 8C 57"	"55 73 65 20 6E 6F 72 6D 61 6C 20 6F 72 20 74 65 61 6D 20 55 6C 74 69 6D 61 74 65 2E 00 00 00 00"
"SLPS_258.37"	"0x305DC0"	"3169728"	"0x305DEF"	"48"	"。\\0\\0\\0\\0\\0\\0\\0\\0\\0\\0\\0\\0\\0\\0<r覚醒奥義|かくせいおうぎ>を<r使用|しよう>する。\\0\\0\\0\\0\\0\\0\\0\\0\\0\\0\\0\\0\\0\\0\\0\\0"	"\\0\\0\\0\\0\\0\\0\\0\\0\\0\\0\\0\\0\\0\\0\\0\\0Use awakening Ultimate.\\0\\0\\0\\0\\0\\0\\0\\0\\0\\0\\0\\0\\0\\0\\0\\0\\0\\0\\0\\0\\0\\0\\0\\0\\0\\0\\0\\0\\0\\0\\0\\0\\0\\0\\0\\0\\0\\0\\0\\0\\0"	"3C 72 8A 6F 90 C1 89 9C 8B 60 7C 82 A9 82 AD 82 B9 82 A2 82 A8 82 A4 82 AC 3E 82 F0 3C 72 8E 67"	"55 73 65 20 61 77 61 6B 65 6E 69 6E 67 20 55 6C 74 69 6D 61 74 65 2E 00 00 00 00 00 00 00 00 00"
"SLPS_258.37"	"0x305E00"	"3169792"	"0x305E33"	"52"	"\\0\\0\\0\\0\\0\\0\\0\\0\\0\\0\\0\\0\\0\\0\\0\\0<r連係|れんけい>キャラクターを<r呼|よ>び<r出|だ>す。\\0\\0\\0\\0\\0\\0\\0\\0\\0\\0\\0\\0<r速"	"\\0\\0\\0\\0\\0\\0\\0\\0\\0\\0\\0\\0\\0\\0\\0\\0Call support character.\\0\\0\\0\\0\\0\\0\\0\\0\\0\\0\\0\\0\\0\\0\\0\\0\\0\\0\\0\\0\\0\\0\\0\\0\\0\\0\\0\\0\\0\\0\\0\\0\\0\\0\\0\\0\\0\\0\\0\\0\\0Spee"	"3C 72 98 41 8C 57 7C 82 EA 82 F1 82 AF 82 A2 3E 83 4C 83 83 83 89 83 4E 83 5E 81 5B 82 F0 3C 72"	"43 61 6C 6C 20 73 75 70 70 6F 72 74 20 63 68 61 72 61 63 74 65 72 2E 00 00 00 00 00 00 00 00 00"
"SLPS_258.37"	"0x305E40"	"3169856"	"0x305E71"	"50"	"す。\\0\\0\\0\\0\\0\\0\\0\\0\\0\\0\\0\\0<r速度|そくど>が<r遅|おそ>い<r状態|じょうたい>で。\\0\\0\\0\\0\\0\\0\\0\\0\\0\\0\\0\\0\\0\\0<r"	"\\0\\0\\0\\0\\0\\0\\0\\0\\0\\0\\0\\0\\0\\0\\0\\0Speed is low.\\0\\0\\0\\0\\0\\0\\0\\0\\0\\0\\0\\0\\0\\0\\0\\0\\0\\0\\0\\0\\0\\0\\0\\0\\0\\0\\0\\0\\0\\0\\0\\0\\0\\0\\0\\0\\0\\0\\0\\0\\0\\0\\0\\0\\0\\0\\0\\0\\0\\0\\0At"	"3C 72 91 AC 93 78 7C 82 BB 82 AD 82 C7 3E 82 AA 3C 72 92 78 7C 82 A8 82 BB 3E 82 A2 3C 72 8F F3"	"53 70 65 65 64 20 69 73 20 6C 6F 77 2E 00 00 00 00 00 00 00 00 00 00 00 00 00 00 00 00 00 00 00"
"SLPS_258.37"	"0x305E80"	"3169920"	"0x305FA7"	"296"	"。\\0\\0\\0\\0\\0\\0\\0\\0\\0\\0\\0\\0\\0\\0<r攻撃力|こうげきりょく>が<r低|ひく>い<r状態|じょうたい>で。\\0\\0\\0\\0<r防御力|ぼうぎょりょく>が<r低|ひく>い<r状態|じょうたい>で。\\0\\0\\0\\0<r回復力|かいふくりょく>が<r低|ひく>い<r状態|じょうたい>で。\\0\\0\\0\\0<r毒|どく>を<r受|う>けた<r状態|じょうたい>で。\\0\\0ライフが１０％の<r状態|じょうたい>で<r開始|かいし>して。\\0\\0\\0\\0\\0\\0\\0\\0チャクラ"	"\\0\\0\\0\\0\\0\\0\\0\\0\\0\\0\\0\\0\\0\\0\\0\\0Attack power is low.\\0\\0\\0\\0\\0\\0\\0\\0\\0\\0\\0\\0\\0\\0\\0\\0\\0\\0\\0\\0\\0\\0\\0\\0\\0\\0\\0\\0\\0\\0\\0\\0\\0\\0\\0\\0\\0\\0\\0\\0\\0\\0\\0\\0Defense is low.\\0\\0\\0\\0\\0\\0\\0\\0\\0\\0\\0\\0\\0\\0\\0\\0\\0\\0\\0\\0\\0\\0\\0\\0\\0\\0\\0\\0\\0\\0\\0\\0\\0\\0\\0\\0\\0\\0\\0\\0\\0\\0\\0\\0\\0\\0\\0\\0\\0Recovery is low.\\0\\0\\0\\0\\0\\0\\0\\0\\0\\0\\0\\0\\0\\0\\0\\0\\0\\0\\0\\0\\0\\0\\0\\0\\0\\0\\0\\0\\0\\0\\0\\0\\0\\0\\0\\0\\0\\0\\0\\0\\0\\0\\0\\0\\0\\0\\0\\0Poisoned.\\0\\0\\0\\0\\0\\0\\0\\0\\0\\0\\0\\0\\0\\0\\0\\0\\0\\0\\0\\0\\0\\0\\0\\0\\0\\0\\0\\0\\0\\0\\0\\0\\0\\0\\0\\0\\0\\0\\0Start with 10% life.\\0\\0\\0\\0\\0\\0\\0\\0\\0\\0\\0\\0\\0\\0\\0\\0\\0\\0\\0\\0\\0\\0\\0\\0\\0\\0\\0\\0\\0\\0\\0\\0\\0\\0\\0\\0\\0\\0\\0\\0\\0\\0\\0\\0Start wi"	"3C 72 8D 55 8C 82 97 CD 7C 82 B1 82 A4 82 B0 82 AB 82 E8 82 E5 82 AD 3E 82 AA 3C 72 92 E1 7C 82"	"41 74 74 61 63 6B 20 70 6F 77 65 72 20 69 73 20 6C 6F 77 2E 00 00 00 00 00 00 00 00 00 00 00 00"
"SLPS_258.37"	"0x305FB0"	"3170224"	"0x305FE5"	"54"	"ｵ>して。\\0\\0\\0\\0\\0\\0\\0\\0チャクラなしの<r状態|じょうたい>で<r開始|かいし>して。\\0\\0\\0\\0\\0\\0\\0\\0\\0\\0<r無重"	"\\0\\0\\0\\0\\0\\0\\0\\0\\0\\0\\0\\0\\0\\0\\0\\0Start with no chakra.\\0\\0\\0\\0\\0\\0\\0\\0\\0\\0\\0\\0\\0\\0\\0\\0\\0\\0\\0\\0\\0\\0\\0\\0\\0\\0\\0\\0\\0\\0\\0\\0\\0\\0\\0\\0\\0\\0\\0\\0\\0\\0\\0Zero g"	"83 60 83 83 83 4E 83 89 82 C8 82 B5 82 CC 3C 72 8F F3 91 D4 7C 82 B6 82 E5 82 A4 82 BD 82 A2 3E"	"53 74 61 72 74 20 77 69 74 68 20 6E 6F 20 63 68 61 6B 72 61 2E 00 00 00 00 00 00 00 00 00 00 00"
"SLPS_258.37"	"0x305FF0"	"3170288"	"0x30601F"	"48"	"して。\\0\\0\\0\\0\\0\\0\\0\\0\\0\\0<r無重力|むじゅうりょく>の<r状態|じょうたい>で。\\0\\0\\0\\0\\0\\0\\0\\0\\0\\0\\0\\0\\0\\0\\0\\0"	"\\0\\0\\0\\0\\0\\0\\0\\0\\0\\0\\0\\0\\0\\0\\0\\0Zero gravity.\\0\\0\\0\\0\\0\\0\\0\\0\\0\\0\\0\\0\\0\\0\\0\\0\\0\\0\\0\\0\\0\\0\\0\\0\\0\\0\\0\\0\\0\\0\\0\\0\\0\\0\\0\\0\\0\\0\\0\\0\\0\\0\\0\\0\\0\\0\\0\\0\\0\\0\\0"	"3C 72 96 B3 8F 64 97 CD 7C 82 DE 82 B6 82 E3 82 A4 82 E8 82 E5 82 AD 3E 82 CC 3C 72 8F F3 91 D4"	"5A 65 72 6F 20 67 72 61 76 69 74 79 2E 00 00 00 00 00 00 00 00 00 00 00 00 00 00 00 00 00 00 00"
"SLPS_258.37"	"0x306030"	"3170352"	"0x306071"	"66"	"\\0\\0\\0\\0\\0\\0\\0\\0\\0\\0\\0\\0\\0\\0\\0\\0<r相手|あいて>の<r速度|そくど>が<r速|はや>い<r状態|じょうたい>で。\\0\\0\\0\\0\\0\\0\\0\\0\\0\\0\\0\\0\\0\\0<r"	"\\0\\0\\0\\0\\0\\0\\0\\0\\0\\0\\0\\0\\0\\0\\0\\0Enemy speed is high.\\0\\0\\0\\0\\0\\0\\0\\0\\0\\0\\0\\0\\0\\0\\0\\0\\0\\0\\0\\0\\0\\0\\0\\0\\0\\0\\0\\0\\0\\0\\0\\0\\0\\0\\0\\0\\0\\0\\0\\0\\0\\0\\0\\0\\0\\0\\0\\0\\0\\0\\0\\0\\0\\0\\0\\0\\0\\0\\0\\0En"	"3C 72 91 8A 8E E8 7C 82 A0 82 A2 82 C4 3E 82 CC 3C 72 91 AC 93 78 7C 82 BB 82 AD 82 C7 3E 82 AA"	"45 6E 65 6D 79 20 73 70 65 65 64 20 69 73 20 68 69 67 68 2E 00 00 00 00 00 00 00 00 00 00 00 00"
"SLPS_258.37"	"0x306080"	"3170432"	"0x306163"	"228"	"。\\0\\0\\0\\0\\0\\0\\0\\0\\0\\0\\0\\0\\0\\0<r相手|あいて>の<r攻撃力|こうげきりょく>が<r高|たか>い<r状態|じょうたい>で。\\0\\0\\0\\0<r相手|あいて>の<r防御力|ぼうぎょりょく>が<r高|たか>い<r状態|じょうたい>で。\\0\\0\\0\\0<r相手|あいて>がライフ<r継続回復状態|けいぞくかいふくじょうたい>で。\\0\\0\\0\\0\\0\\0\\0\\0\\0\\0\\0\\0<r相"	"\\0\\0\\0\\0\\0\\0\\0\\0\\0\\0\\0\\0\\0\\0\\0\\0Enemy attack power is high.\\0\\0\\0\\0\\0\\0\\0\\0\\0\\0\\0\\0\\0\\0\\0\\0\\0\\0\\0\\0\\0\\0\\0\\0\\0\\0\\0\\0\\0\\0\\0\\0\\0\\0\\0\\0\\0\\0\\0\\0\\0\\0\\0\\0\\0\\0\\0\\0\\0\\0\\0\\0\\0Enemy defense is high.\\0\\0\\0\\0\\0\\0\\0\\0\\0\\0\\0\\0\\0\\0\\0\\0\\0\\0\\0\\0\\0\\0\\0\\0\\0\\0\\0\\0\\0\\0\\0\\0\\0\\0\\0\\0\\0\\0\\0\\0\\0\\0\\0\\0\\0\\0\\0\\0\\0\\0\\0\\0\\0\\0\\0\\0\\0\\0Enemy life regenerates.\\0\\0\\0\\0\\0\\0\\0\\0\\0\\0\\0\\0\\0\\0\\0\\0\\0\\0\\0\\0\\0\\0\\0\\0\\0\\0\\0\\0\\0\\0\\0\\0\\0\\0\\0\\0\\0\\0\\0\\0\\0\\0\\0\\0\\0\\0\\0\\0\\0\\0\\0\\0\\0\\0\\0\\0\\0Enem"	"3C 72 91 8A 8E E8 7C 82 A0 82 A2 82 C4 3E 82 CC 3C 72 8D 55 8C 82 97 CD 7C 82 B1 82 A4 82 B0 82"	"45 6E 65 6D 79 20 61 74 74 61 63 6B 20 70 6F 77 65 72 20 69 73 20 68 69 67 68 2E 00 00 00 00 00"
"SLPS_258.37"	"0x306170"	"3170672"	"0x3061B5"	"70"	"で。\\0\\0\\0\\0\\0\\0\\0\\0\\0\\0\\0\\0<r相手|あいて>がチャクラ<r継続回復状態|けいぞくかいふくじょうたい>で。\\0\\0\\0\\0\\0\\0\\0\\0\\0\\0<r相手"	"\\0\\0\\0\\0\\0\\0\\0\\0\\0\\0\\0\\0\\0\\0\\0\\0Enemy chakra regenerates.\\0\\0\\0\\0\\0\\0\\0\\0\\0\\0\\0\\0\\0\\0\\0\\0\\0\\0\\0\\0\\0\\0\\0\\0\\0\\0\\0\\0\\0\\0\\0\\0\\0\\0\\0\\0\\0\\0\\0\\0\\0\\0\\0\\0\\0\\0\\0\\0\\0\\0\\0\\0\\0\\0\\0Enemy"	"3C 72 91 8A 8E E8 7C 82 A0 82 A2 82 C4 3E 82 AA 83 60 83 83 83 4E 83 89 3C 72 8C 70 91 B1 89 F1"	"45 6E 65 6D 79 20 63 68 61 6B 72 61 20 72 65 67 65 6E 65 72 61 74 65 73 2E 00 00 00 00 00 00 00"
"SLPS_258.37"	"0x3061C0"	"3170752"	"0x306245"	"134"	"｢>で。\\0\\0\\0\\0\\0\\0\\0\\0\\0\\0<r相手|あいて>の<r攻撃|こうげき>がチャクラを<r削|けず>る<r状態|じょうたい>で。\\0\\0チャクラが<r使用|しよう>できない<r状態|じょうたい>で。\\0\\0\\0\\0\\0\\0\\0\\0\\0\\0<r体|・"	"\\0\\0\\0\\0\\0\\0\\0\\0\\0\\0\\0\\0\\0\\0\\0\\0Enemy attacks drain chakra.\\0\\0\\0\\0\\0\\0\\0\\0\\0\\0\\0\\0\\0\\0\\0\\0\\0\\0\\0\\0\\0\\0\\0\\0\\0\\0\\0\\0\\0\\0\\0\\0\\0\\0\\0\\0\\0\\0\\0\\0\\0\\0\\0\\0\\0\\0\\0\\0\\0\\0\\0\\0\\0Chakra cannot be used.\\0\\0\\0\\0\\0\\0\\0\\0\\0\\0\\0\\0\\0\\0\\0\\0\\0\\0\\0\\0\\0\\0\\0\\0\\0\\0\\0\\0\\0\\0\\0\\0\\0\\0\\0\\0\\0\\0\\0\\0\\0\\0Body i"	"3C 72 91 8A 8E E8 7C 82 A0 82 A2 82 C4 3E 82 CC 3C 72 8D 55 8C 82 7C 82 B1 82 A4 82 B0 82 AB 3E"	"45 6E 65 6D 79 20 61 74 74 61 63 6B 73 20 64 72 61 69 6E 20 63 68 61 6B 72 61 2E 00 00 00 00 00"
"SLPS_258.37"	"0x306250"	"3170896"	"0x306287"	"56"	"｢>で。\\0\\0\\0\\0\\0\\0\\0\\0\\0\\0<r体|からだ>が<r小|ちい>さくなった<r状態|じょうたい>で。\\0\\0\\0\\0\\0\\0\\0\\0<r全|す・"	"\\0\\0\\0\\0\\0\\0\\0\\0\\0\\0\\0\\0\\0\\0\\0\\0Body is small.\\0\\0\\0\\0\\0\\0\\0\\0\\0\\0\\0\\0\\0\\0\\0\\0\\0\\0\\0\\0\\0\\0\\0\\0\\0\\0\\0\\0\\0\\0\\0\\0\\0\\0\\0\\0\\0\\0\\0\\0\\0\\0\\0\\0\\0\\0\\0\\0\\0\\0All Ulti"	"3C 72 91 CC 7C 82 A9 82 E7 82 BE 3E 82 AA 3C 72 8F AC 7C 82 BF 82 A2 3E 82 B3 82 AD 82 C8 82 C1"	"42 6F 64 79 20 69 73 20 73 6D 61 6C 6C 2E 00 00 00 00 00 00 00 00 00 00 00 00 00 00 00 00 00 00"
"SLPS_258.37"	"0x306290"	"3170960"	"0x3063C5"	"310"	"ｽい>で。\\0\\0\\0\\0\\0\\0\\0\\0<r全|すべ>ての<r奥義|おうぎ>が<r使用|しよう>できない<r状態|じょうたい>で。\\0\\0\\0\\0\\0\\0<r通常奥義|つうじょうおうぎ>しか<r使用|しよう>できない<r状態|じょうたい>で。\\0\\0\\0\\0<r連係奥義|れんけいおうぎ>しか<r使用|しよう>できない<r状態|じょうたい>で。\\0\\0\\0\\0\\0\\0<r九尾|きゅうび>のチャクラを<r開放|かいほう>した<r状態|じょうたい>で。\\0\\0\\0\\0\\0\\0\\0\\0\\0\\0<r九尾"	"\\0\\0\\0\\0\\0\\0\\0\\0\\0\\0\\0\\0\\0\\0\\0\\0All Ultimates disabled.\\0\\0\\0\\0\\0\\0\\0\\0\\0\\0\\0\\0\\0\\0\\0\\0\\0\\0\\0\\0\\0\\0\\0\\0\\0\\0\\0\\0\\0\\0\\0\\0\\0\\0\\0\\0\\0\\0\\0\\0\\0\\0\\0\\0\\0\\0\\0\\0\\0\\0\\0\\0\\0\\0\\0\\0\\0Only normal Ultimate enabled.\\0\\0\\0\\0\\0\\0\\0\\0\\0\\0\\0\\0\\0\\0\\0\\0\\0\\0\\0\\0\\0\\0\\0\\0\\0\\0\\0\\0\\0\\0\\0\\0\\0\\0\\0\\0\\0\\0\\0\\0\\0\\0\\0\\0\\0\\0\\0\\0\\0\\0\\0Only team Ultimate enabled.\\0\\0\\0\\0\\0\\0\\0\\0\\0\\0\\0\\0\\0\\0\\0\\0\\0\\0\\0\\0\\0\\0\\0\\0\\0\\0\\0\\0\\0\\0\\0\\0\\0\\0\\0\\0\\0\\0\\0\\0\\0\\0\\0\\0\\0\\0\\0\\0\\0\\0\\0\\0\\0Nine-Tails chakra released.\\0\\0\\0\\0\\0\\0\\0\\0\\0\\0\\0\\0\\0\\0\\0\\0\\0\\0\\0\\0\\0\\0\\0\\0\\0\\0\\0\\0\\0\\0\\0\\0\\0\\0\\0\\0\\0\\0\\0\\0\\0\\0\\0\\0\\0\\0\\0\\0\\0\\0\\0\\0\\0Nine-T"	"3C 72 91 53 7C 82 B7 82 D7 3E 82 C4 82 CC 3C 72 89 9C 8B 60 7C 82 A8 82 A4 82 AC 3E 82 AA 3C 72"	"41 6C 6C 20 55 6C 74 69 6D 61 74 65 73 20 64 69 73 61 62 6C 65 64 2E 00 00 00 00 00 00 00 00 00"
"SLPS_258.37"	"0x3063D0"	"3171280"	"0x306417"	"72"	"｢>で。\\0\\0\\0\\0\\0\\0\\0\\0\\0\\0<r九尾|きゅうび>が<r第四覚醒|だいよんかくせい>した<r状態|じょうたい>で。\\0\\0\\0\\0\\0\\0\\0\\0・`\\0PL@\\0"	"\\0\\0\\0\\0\\0\\0\\0\\0\\0\\0\\0\\0\\0\\0\\0\\0Nine-Tails 4th awakening.\\0\\0\\0\\0\\0\\0\\0\\0\\0\\0\\0\\0\\0\\0\\0\\0\\0\\0\\0\\0\\0\\0\\0\\0\\0\\0\\0\\0\\0\\0\\0\\0\\0\\0\\0\\0\\0\\0\\0\\0\\0\\0\\0\\0\\0\\0\\0\\0\\0\\0\\0\\0\\0\\0\\0・`\\0PL@\\0"	"3C 72 8B E3 94 F6 7C 82 AB 82 E3 82 A4 82 D1 3E 82 AA 3C 72 91 E6 8E 6C 8A 6F 90 C1 7C 82 BE 82"	"4E 69 6E 65 2D 54 61 69 6C 73 20 34 74 68 20 61 77 61 6B 65 6E 69 6E 67 2E 00 00 00 00 00 00 00"
"SLPS_258.37"	"0x3065F0"	"3171824"	"0x30662E"	"63"	".d@\\0ｰd@\\0ﾀd@\\0ﾐd@\\0●クリア<ruby条件|じょうけん>\\0\\0\\0キャラクター<ruby変更|へんこう>\\0.0`\\0ｨ0`\\0.e@\\0\\0\\0\\0"	".d@\\0ｰd@\\0ﾀd@\\0ﾐd@\\0Clear Conditions\\0\\0\\0\\0\\0\\0\\0\\0\\0\\0\\0\\0\\0\\0\\0\\0Change Character\\0\\0\\0\\0\\0\\0\\0\\0\\0\\0\\0\\0\\0\\0\\0\\0.0`\\0ｨ0`\\0.e@\\0\\0\\0\\0"	"81 9C 83 4E 83 8A 83 41 3C 72 75 62 79 8F F0 8C 8F 7C 82 B6 82 E5 82 A4 82 AF 82 F1 3E 00 00 00"	"43 6C 65 61 72 20 43 6F 6E 64 69 74 69 6F 6E 73 00 00 00 00 00 00 00 00 00 00 00 00 00 00 00 00"
"SLPS_258.37"	"0x306640"	"3171904"	"0x30669F"	"96"	".0`\\0ｨ0`\\0.e@\\0\\0\\0\\0\\0<r再挑戦|さいちょうせん>しない<r場合|ばあい>、ゲームモード<r選択|せんたく>まで<r戻|もど>ります。\\0\\0\\0\\0\\0\\0\\0\\0\\0\\0\\0\\0\\0\\0\\0\\0"	".0`\\0ｨ0`\\0.e@\\0\\0\\0\\0\\0If you do not retry, return to Mode Select.\\0\\0\\0\\0\\0\\0\\0\\0\\0\\0\\0\\0\\0\\0\\0\\0\\0\\0\\0\\0\\0\\0\\0\\0\\0\\0\\0\\0\\0\\0\\0\\0\\0\\0\\0\\0\\0\\0\\0\\0\\0\\0\\0\\0\\0\\0\\0\\0\\0\\0\\0\\0\\0\\0\\0\\0\\0\\0\\0\\0\\0\\0\\0\\0\\0\\0\\0\\0\\0"	"3C 72 8D C4 92 A7 90 ED 7C 82 B3 82 A2 82 BF 82 E5 82 A4 82 B9 82 F1 3E 82 B5 82 C8 82 A2 3C 72"	"49 66 20 79 6F 75 20 64 6F 20 6E 6F 74 20 72 65 74 72 79 2C 20 72 65 74 75 72 6E 20 74 6F 20 4D"
"SLPS_258.37"	"0x3066E0"	"3172064"	"0x3066F6"	"23"	"\\0\\0\\0@\\0\\0\\0\\0\\0\\0\\0\\0\\0\\0\\0\\0<ruby任務名|にんむめい>\\0\\0\\0\\0\\0\\0\\0\\0\\0<ruby取"	"\\0\\0\\0@\\0\\0\\0\\0\\0\\0\\0\\0\\0\\0\\0\\0Mission Name\\0\\0\\0\\0\\0\\0\\0\\0\\0\\0\\0\\0\\0\\0\\0\\0\\0\\0\\0\\0Earned"	"3C 72 75 62 79 94 43 96 B1 96 BC 7C 82 C9 82 F1 82 DE 82 DF 82 A2 3E"	"4D 69 73 73 69 6F 6E 20 4E 61 6D 65 00 00 00 00 00 00 00 00 00 00 00"
"SLPS_258.37"	"0x306700"	"3172096"	"0x306776"	"119"	"むめい>\\0\\0\\0\\0\\0\\0\\0\\0\\0<ruby取得|しゅとく>ポイント\\0\\0\\0\\0\\0%sの<ruby所持|しょじ>ポイント\\0\\0\\0<ruby報酬金|ほうしゅうきん>\\0\\0\\0\\0\\0<ruby所持金|しょじきん>\\0\\0\\0\\0\\0\\0\\0\\0\\0%s<ruby"	"\\0\\0\\0\\0\\0\\0\\0\\0\\0\\0\\0\\0\\0\\0\\0\\0Earned Points\\0\\0\\0\\0\\0\\0\\0\\0\\0\\0\\0\\0\\0\\0\\0\\0\\0\\0\\0%s's Points\\0\\0\\0\\0\\0\\0\\0\\0\\0\\0\\0\\0\\0\\0\\0\\0\\0\\0\\0\\0\\0Reward Money\\0\\0\\0\\0\\0\\0\\0\\0\\0\\0\\0\\0\\0\\0\\0\\0\\0\\0\\0\\0Money Held\\0\\0\\0\\0\\0\\0\\0\\0\\0\\0\\0\\0\\0\\0\\0\\0\\0\\0\\0\\0\\0\\0%s Ryo\\0"	"3C 72 75 62 79 8E E6 93 BE 7C 82 B5 82 E3 82 C6 82 AD 3E 83 7C 83 43 83 93 83 67 00 00 00 00 00"	"45 61 72 6E 65 64 20 50 6F 69 6E 74 73 00 00 00 00 00 00 00 00 00 00 00 00 00 00 00 00 00 00 00"
"SLPS_258.37"	"0x306782"	"3172226"	"0x306790"	"15"	"きん>\\0\\0\\0\\0\\0\\0\\0\\0\\0%s<ruby両|りょう>\\0\\0\\0\\0\\0\\0\\0\\0\\0\\0\\0\\0\\0\\0\\0<"	"\\0\\0\\0\\0\\0\\0\\0\\0\\0\\0\\0\\0\\0\\0%s Ryo\\0\\0\\0\\0\\0\\0\\0\\0\\0\\0\\0\\0\\0\\0\\0\\0\\0\\0\\0\\0\\0\\0\\0\\0\\0\\0P"	"3C 72 75 62 79 97 BC 7C 82 E8 82 E5 82 A4 3E"	"20 52 79 6F 00 00 00 00 00 00 00 00 00 00 00"
"SLPS_258.37"	"0x3067A0"	"3172256"	"0x3067CF"	"48"	">\\0\\0\\0\\0\\0\\0\\0\\0\\0\\0\\0\\0\\0\\0\\0<ruby他|た>のキャラへの<ruby加算|かさん>ポイント\\0\\0\\0\\0\\0\\0\\0\\0\\0\\0\\0\\0\\0\\0\\0\\0"	"\\0\\0\\0\\0\\0\\0\\0\\0\\0\\0\\0\\0\\0\\0\\0\\0Points added to other characters\\0\\0\\0\\0\\0\\0\\0\\0\\0\\0\\0\\0\\0\\0\\0\\0\\0\\0\\0\\0\\0\\0\\0\\0\\0\\0\\0\\0\\0\\0\\0\\0"	"3C 72 75 62 79 91 BC 7C 82 BD 3E 82 CC 83 4C 83 83 83 89 82 D6 82 CC 3C 72 75 62 79 89 C1 8E 5A"	"50 6F 69 6E 74 73 20 61 64 64 65 64 20 74 6F 20 6F 74 68 65 72 20 63 68 61 72 61 63 74 65 72 73"
"SLPS_258.37"	"0x3067F6"	"3172342"	"0x306821"	"44"	"1010C0>%s<BLACK>が<ruby今|いま>までに<ruby取得|しゅとく>した\\0\\0\\0\\0\\0\\0\\0\\0\\0\\0\\0\\0\\0\\0ポ"	"1010C0>%s<BLACK> has earned so far\\0\\0\\0\\0\\0\\0\\0\\0\\0\\0\\0\\0\\0\\0\\0\\0\\0\\0\\0\\0\\0\\0\\0\\0\\0\\0\\0\\0\\0\\0\\0\\0\\0\\0\\0\\0\\0\\0\\0\\0Po"	"82 AA 3C 72 75 62 79 8D A1 7C 82 A2 82 DC 3E 82 DC 82 C5 82 C9 3C 72 75 62 79 8E E6 93 BE 7C 82"	"20 68 61 73 20 65 61 72 6E 65 64 20 73 6F 20 66 61 72 00 00 00 00 00 00 00 00 00 00 00 00 00 00"
"SLPS_258.37"	"0x306830"	"3172400"	"0x3068DC"	"173"	"た\\0\\0\\0\\0\\0\\0\\0\\0\\0\\0\\0\\0\\0\\0ポイントの<ruby合計|ごうけい>が<color1010C0><ruby最大値|さいだいち><BLACK>に<ruby達|たっ>しましたので、<br>これ<ruby以上|いじょう>のポイントは<ruby取得|しゅとく>できません。\\0\\0\\0<color1010C0>"	"\\0\\0\\0\\0\\0\\0\\0\\0\\0\\0\\0\\0\\0\\0\\0\\0Point total reached <color1010C0>maximum<BLACK>.<br>No more points can be earned.\\0\\0\\0\\0\\0\\0\\0\\0\\0\\0\\0\\0\\0\\0\\0\\0\\0\\0\\0\\0\\0\\0\\0\\0\\0\\0\\0\\0\\0\\0\\0\\0\\0\\0\\0\\0\\0\\0\\0\\0\\0\\0\\0\\0\\0\\0\\0\\0\\0\\0\\0\\0\\0\\0\\0\\0\\0\\0\\0\\0\\0\\0\\0\\0\\0\\0\\0\\0\\0\\0\\0\\0\\0\\0\\0\\0\\0\\0\\0\\0\\0\\0\\0\\0\\0\\0\\0\\0\\0\\0\\0\\0\\0\\0\\0<color1010C0>"	"83 7C 83 43 83 93 83 67 82 CC 3C 72 75 62 79 8D 87 8C 76 7C 82 B2 82 A4 82 AF 82 A2 3E 82 AA 3C"	"50 6F 69 6E 74 20 74 6F 74 61 6C 20 72 65 61 63 68 65 64 20 3C 63 6F 6C 6F 72 31 30 31 30 43 30"
"SLPS_258.37"	"0x306DC0"	"3173824"	"0x306DCF"	"16"	"char01\\0\\0\\0\\0\\0\\0\\0\\0\\0\\0トータルカウント\\0\\0\\0\\0\\0\\0\\0\\0\\0\\0\\0\\0\\0\\0\\0\\0"	"char01\\0\\0\\0\\0\\0\\0\\0\\0\\0\\0Total Count\\0\\0\\0\\0\\0\\0\\0\\0\\0\\0\\0\\0\\0\\0\\0\\0\\0\\0\\0\\0\\0"	"83 67 81 5B 83 5E 83 8B 83 4A 83 45 83 93 83 67"	"54 6F 74 61 6C 20 43 6F 75 6E 74 00 00 00 00 00"
"SLPS_258.37"	"0x312228"	"3220008"	"0x312235"	"14"	"ｦんだん>\\0\\0\\0\\0\\0\\0\\0\\0<r千鳥|ちどり>\\0\\0\\0\\0\\0\\0\\0\\0\\0\\0<r潜鉄"	"ｦんだん>\\0\\0\\0\\0\\0\\0\\0\\0Chidori\\0\\0\\0\\0\\0\\0\\0\\0\\0\\0\\0\\0\\0\\0\\0\\0\\0<r潜鉄"	"3C 72 90 E7 92 B9 7C 82 BF 82 C7 82 E8 3E"	"43 68 69 64 6F 72 69 00 00 00 00 00 00 00"
"SLPS_258.37"	"0x342550"	"3417424"	"0x342557"	"8"	"..e\\0....ｱ\\0\\0\\0\\0\\0\\0\\0テンテン\\0\\0\\0\\0\\0\\0\\0\\02tenbod1"	"..e\\0....ｱ\\0\\0\\0\\0\\0\\0\\0Tenten\\0\\0\\0\\0\\0\\0\\0\\0\\0\\02tenbod1"	"83 65 83 93 83 65 83 93"	"54 65 6E 74 65 6E 00 00"
"SLPS_258.37"	"0x35CFE8"	"3526632"	"0x35CFF1"	"10"	".\\05\\0..V\\0....｡\\0\\0\\0カンクロウ\\0\\0\\0\\0\\0\\02knkbod1.c"	".\\05\\0..V\\0....｡\\0\\0\\0Kankuro\\0\\0\\0\\0\\0\\0\\0\\0\\02knkbod1.c"	"83 4A 83 93 83 4E 83 8D 83 45"	"4B 61 6E 6B 75 72 6F 00 00 00"
"SLPS_258.37"	"0x3878A8"	"3700904"	"0x3878B1"	"10"	".\\0;\\0.\\0\\\0....ﾃ\\0\\0\\0黄色い閃光\\0\\0\\0\\0\\0\\02foubod1.c"	".\\0;\\0.\\0\\\0....ﾃ\\0\\0\\0Y.Flash\\0\\0\\0\\0\\0\\0\\0\\0\\02foubod1.c"	"89 A9 90 46 82 A2 91 4D 8C F5"	"59 2E 46 6C 61 73 68 00 00 00"
"SLPS_258.37"	"0x38C510"	"3720464"	"0x38C51B"	"12"	"..T\\0....ｧ\\0\\0\\0\\0\\0\\0\\0木ノ葉丸軍団\\0\\0\\0\\02khmbod1.ccs"	"..T\\0....ｧ\\0\\0\\0\\0\\0\\0\\0Konohamaru\\0\\0\\0\\0\\0\\02khmbod1.ccs"	"96 D8 83 6D 97 74 8A DB 8C 52 92 63"	"4B 6F 6E 6F 68 61 6D 61 72 75 00 00"
"SLPS_258.37"	"0x3A6980"	"3828096"	"0x3A6985"	"6"	"..S\\0....ｸ\\0\\0\\0\\0\\0\\0\\0ナルト状態２\\0\\0\\0\\02nrvbo"	"..S\\0....ｸ\\0\\0\\0\\0\\0\\0\\0Naruto状態２\\0\\0\\0\\02nrvbo"	"83 69 83 8B 83 67"	"4E 61 72 75 74 6F"
"SLPS_258.37"	"0x3AC4C0"	"3851456"	"0x3AC4C5"	"6"	".\\08\\0..Y\\0....ｻ\\0\\0\\0サスケ状態２\\0\\0\\0\\02ssvbo"	".\\08\\0..Y\\0....ｻ\\0\\0\\0Sasuke状態２\\0\\0\\0\\02ssvbo"	"83 54 83 58 83 50"	"53 61 73 75 6B 65"
"SLPS_258.37"	"0x3C15E0"	"3937760"	"0x3C15EB"	"12"	".\\08\\0..Y\\0....ｨ\\0\\0\\0次郎坊状態２\\0\\0\\0\\02jrvbod1.ccs"	".\\08\\0..Y\\0....ｨ\\0\\0\\0JiroboSt2\\0\\0\\0\\0\\0\\0\\02jrvbod1.ccs"	"8E 9F 98 59 96 56 8F F3 91 D4 82 51"	"4A 69 72 6F 62 6F 53 74 32 00 00 00"
"SLPS_258.37"	"0x3C5E50"	"3956304"	"0x3C5E5B"	"12"	"........・\\0\\0\\0\\0\\0\\0鬼童丸状態２\\0\\0\\0\\02kdvbod1.ccs"	"........・\\0\\0\\0\\0\\0\\0KidomSt2\\0\\0\\0\\0\\0\\0\\0\\02kdvbod1.ccs"	"8B 53 93 B6 8A DB 8F F3 91 D4 82 51"	"4B 69 64 6F 6D 53 74 32 00 00 00 00"
"SLPS_258.37"	"0x3CA950"	"3975504"	"0x3CA95B"	"12"	"..V\\0....・\\0\\0\\0\\0\\0\\0多由也状態２\\0\\0\\0\\02tyvbod1.ccs"	"..V\\0....・\\0\\0\\0\\0\\0\\0TayuyaSt2\\0\\0\\0\\0\\0\\0\\02tyvbod1.ccs"	"91 BD 97 52 96 E7 8F F3 91 D4 82 51"	"54 61 79 75 79 61 53 74 32 00 00 00"
"SLPS_258.37"	"0x3CFD48"	"3997000"	"0x3CFD51"	"10"	"..V\\0....ｫ\\0\\0\\0\\0\\0\\0\\0左近状態２\\0\\0\\0\\0\\0\\02skvbod1.c"	"..V\\0....ｫ\\0\\0\\0\\0\\0\\0\\0SakonSt2\\0\\0\\0\\0\\0\\0\\0\\02skvbod1.c"	"8D B6 8B DF 8F F3 91 D4 82 51"	"53 61 6B 6F 6E 53 74 32 00 00"
"SLPS_258.37"	"0x3D5460"	"4019296"	"0x3D546B"	"12"	".\\0\\\0.\\0..ｱ\\0\\0\\0\\0\\0\\0\\0君麻呂状態２\\0\\0\\0\\02kmvbod1.ccs"	".\\0\\\0.\\0..ｱ\\0\\0\\0\\0\\0\\0\\0KimimSt2\\0\\0\\0\\0\\0\\0\\0\\02kmvbod1.ccs"	"8C 4E 96 83 98 43 8F F3 91 D4 82 51"	"4B 69 6D 69 6D 53 74 32 00 00 00 00"
"SLPS_258.37"	"0x3D9C48"	"4037704"	"0x3D9C4D"	"6"	"\\0\\0\\0\\0\\0\\0\\0\\0うずまきナルト<r連撃|れんげき>"	"\\0\\0\\0\\0\\0\\0\\0\\0うずまきNaruto<r連撃|れんげき>"	"83 69 83 8B 83 67"	"4E 61 72 75 74 6F"
"SLPS_258.37"	"0x3F6C90"	"4156560"	"0x3F6C97"	"8"	".\\02\\0..S\\0....ｷ\\0\\0\\0チヨバア\\0\\0\\0\\0\\0\\0\\0\\02chybod1"	".\\02\\0..S\\0....ｷ\\0\\0\\0Chiyo\\0\\0\\0\\0\\0\\0\\0\\0\\0\\0\\02chybod1"	"83 60 83 88 83 6F 83 41"	"43 68 69 79 6F 00 00 00"
"SLPS_258.37"	"0x401B48"	"4201288"	"0x401B4F"	"8"	".\\08\\0..Y\\0....ｳ\\0\\0\\0デイダラ\\0\\0\\0\\0\\0\\0\\0\\02ddrbod1"	".\\08\\0..Y\\0....ｳ\\0\\0\\0Deidara\\0\\0\\0\\0\\0\\0\\0\\0\\02ddrbod1"	"83 66 83 43 83 5F 83 89"	"44 65 69 64 61 72 61 00"
"SLPS_258.37"	"0x406B70"	"4221808"	"0x406B8B"	"28"	"・\\0\\0\\0\\0\\0\\0\\0\\0\\0\\0\\0\\0\\0\\0<r八卦空掌|はっけくうしょう>\\0\\0\\0\\0<r柔閃突|じ・"	"・\\0\\0\\0\\0\\0\\0\\0\\0\\0\\0\\0\\0\\0\\0Air Palm\\0\\0\\0\\0\\0\\0\\0\\0\\0\\0\\0\\0\\0\\0\\0\\0\\0\\0\\0\\0\\0\\0\\0\\0<r柔閃突|じ・"	"3C 72 94 AA 8C 54 8B F3 8F B6 7C 82 CD 82 C1 82 AF 82 AD 82 A4 82 B5 82 E5 82 A4 3E"	"41 69 72 20 50 61 6C 6D 00 00 00 00 00 00 00 00 00 00 00 00 00 00 00 00 00 00 00 00"
"SLPS_258.37"	"0x44BFB0"	"4505520"	"0x44BFC1"	"18"	"ｻうさいが>\\0\\0\\0\\0\\0\\0<r牙通牙|がつうが>\\0\\0\\0\\0\\0\\0\\0\\0\\0\\0\\0\\0\\0\\0<r"	"ｻうさいが>\\0\\0\\0\\0\\0\\0Fang Over Fang\\0\\0\\0\\0\\0\\0\\0\\0\\0\\0\\0\\0\\0\\0\\0\\0\\0\\0<r"	"3C 72 89 E5 92 CA 89 E5 7C 82 AA 82 C2 82 A4 82 AA 3E"	"46 61 6E 67 20 4F 76 65 72 20 46 61 6E 67 00 00 00 00"
"SLPS_258.37"	"0x46E850"	"4646992"	"0x46E867"	"24"	"\\0\\0\\0\\0\\0\\0\\0\\0\\0\\0\\0\\0\\0\\0\\0\\0<r痛天脚|つうてんきゃく>\\0\\0\\0\\0\\0\\0\\0\\0<r藤杜鵑"	"\\0\\0\\0\\0\\0\\0\\0\\0\\0\\0\\0\\0\\0\\0\\0\\0Heaven Kick\\0\\0\\0\\0\\0\\0\\0\\0\\0\\0\\0\\0\\0\\0\\0\\0\\0\\0\\0\\0\\0<r藤杜鵑"	"3C 72 92 C9 93 56 8B 72 7C 82 C2 82 A4 82 C4 82 F1 82 AB 82 E1 82 AD 3E"	"48 65 61 76 65 6E 20 4B 69 63 6B 00 00 00 00 00 00 00 00 00 00 00 00 00"
"SLPS_258.37"	"0x48F340"	"4780864"	"0x48F369"	"42"	"黷.ｰきちゅう>\\0\\0<r木遁|もくとん>・<r木錠壁|もくじょうへき>\\0\\0\\0\\0\\0\\0<r閃裂斬|・"	"黷.ｰきちゅう>\\0\\0Wood Locking Wall\\0\\0\\0\\0\\0\\0\\0\\0\\0\\0\\0\\0\\0\\0\\0\\0\\0\\0\\0\\0\\0\\0\\0\\0\\0\\0\\0\\0\\0\\0\\0<r閃裂斬|・"	"3C 72 96 D8 93 D9 7C 82 E0 82 AD 82 C6 82 F1 3E 81 45 3C 72 96 D8 8F F9 95 C7 7C 82 E0 82 AD 82"	"57 6F 6F 64 20 4C 6F 63 6B 69 6E 67 20 57 61 6C 6C 00 00 00 00 00 00 00 00 00 00 00 00 00 00 00"
"SLPS_258.37"	"0x494C20"	"4803616"	"0x494C4D"	"46"	"\\0\\0\\0\\0\\0\\0\\0\\0\\0\\0\\0\\0\\0\\0\\0\\0<r忍法|にんぽう>・<r超獣偽画|ちょうじゅうぎが>\\0\\0<r忍法|にんぽ・"	"\\0\\0\\0\\0\\0\\0\\0\\0\\0\\0\\0\\0\\0\\0\\0\\0Super Beast Scroll\\0\\0\\0\\0\\0\\0\\0\\0\\0\\0\\0\\0\\0\\0\\0\\0\\0\\0\\0\\0\\0\\0\\0\\0\\0\\0\\0\\0\\0\\0<r忍法|にんぽ・"	"3C 72 94 45 96 40 7C 82 C9 82 F1 82 DB 82 A4 3E 81 45 3C 72 92 B4 8F 62 8B 55 89 E6 7C 82 BF 82"	"53 75 70 65 72 20 42 65 61 73 74 20 53 63 72 6F 6C 6C 00 00 00 00 00 00 00 00 00 00 00 00 00 00"
"SLPS_258.37"	"0x49BE8C"	"4832908"	"0x49BE91"	"6"	"....ﾕ\\0\\0\\0\\0\\0\\0\\0２部サスケ\\0\\0\\0\\0\\0\\02sswbod1.c"	"....ﾕ\\0\\0\\0\\0\\0\\0\\0２部Sasuke\\0\\0\\0\\0\\0\\02sswbod1.c"	"83 54 83 58 83 50"	"53 61 73 75 6B 65"
"SLPS_258.37"	"0x49C6E0"	"4835040"	"0x49C6FB"	"28"	"\\0\\0\\0\\0\\0\\0\\0\\0\\0\\0\\0\\0\\0\\0\\0\\0<r忍犬口寄|にんけんくちよ>せ\\0\\0\\0\\0<r風魔特攻弾"	"\\0\\0\\0\\0\\0\\0\\0\\0\\0\\0\\0\\0\\0\\0\\0\\0Ninken Summon\\0\\0\\0\\0\\0\\0\\0\\0\\0\\0\\0\\0\\0\\0\\0\\0\\0\\0\\0<r風魔特攻弾"	"3C 72 94 45 8C A2 8C FB 8A F1 7C 82 C9 82 F1 82 AF 82 F1 82 AD 82 BF 82 E6 3E 82 B9"	"4E 69 6E 6B 65 6E 20 53 75 6D 6D 6F 6E 00 00 00 00 00 00 00 00 00 00 00 00 00 00 00"
"SLPS_258.37"	"0x4AD248"	"4903496"	"0x4AD24D"	"6"	"\\0\\0\\0\\0\\0\\0\\0\\0うずまきナルト<r連弾|れんだん>"	"\\0\\0\\0\\0\\0\\0\\0\\0うずまきNaruto<r連弾|れんだん>"	"83 69 83 8B 83 67"	"4E 61 72 75 74 6F"
"SLPS_258.37"	"0x4AD268"	"4903528"	"0x4AD26D"	"6"	".ｾん>\\0\\0うずまきナルト<r忍法帳|にんぽ・"	".ｾん>\\0\\0うずまきNaruto<r忍法帳|にんぽ・"	"83 69 83 8B 83 67"	"4E 61 72 75 74 6F"
"SLPS_258.37"	"0x4AD300"	"4903680"	"0x4AD319"	"26"	".ｰ>\\0\\0\\0\\0\\0\\0\\0\\0\\0\\0\\0\\0<r砂瀑大葬|さばくたいそう>\\0\\0\\0\\0\\0\\0<r砂手裏剣"	".ｰ>\\0\\0\\0\\0\\0\\0\\0\\0\\0\\0\\0\\0Sand Burial\\0\\0\\0\\0\\0\\0\\0\\0\\0\\0\\0\\0\\0\\0\\0\\0\\0\\0\\0\\0\\0<r砂手裏剣"	"3C 72 8D BB E0 65 91 E5 91 92 7C 82 B3 82 CE 82 AD 82 BD 82 A2 82 BB 82 A4 3E"	"53 61 6E 64 20 42 75 72 69 61 6C 00 00 00 00 00 00 00 00 00 00 00 00 00 00 00"
"SLPS_258.37"	"0x4AD3D0"	"4903888"	"0x4AD3F9"	"42"	"ｶゅつ>\\0\\0\\0\\0\\0\\0\\0\\0\\0\\0<r八卦六十四掌|はっけろくじゅうよんしょう>\\0\\0\\0\\0\\0\\0<r八卦三百"	"ｶゅつ>\\0\\0\\0\\0\\0\\0\\0\\0\\0\\064 Palms\\0\\0\\0\\0\\0\\0\\0\\0\\0\\0\\0\\0\\0\\0\\0\\0\\0\\0\\0\\0\\0\\0\\0\\0\\0\\0\\0\\0\\0\\0\\0\\0\\0\\0\\0\\0\\0\\0\\0\\0<r八卦三百"	"3C 72 94 AA 8C 54 98 5A 8F 5C 8E 6C 8F B6 7C 82 CD 82 C1 82 AF 82 EB 82 AD 82 B6 82 E3 82 A4 82"	"36 34 20 50 61 6C 6D 73 00 00 00 00 00 00 00 00 00 00 00 00 00 00 00 00 00 00 00 00 00 00 00 00"
"SLPS_258.37"	"0x4AD500"	"4904192"	"0x4AD51F"	"32"	"ｦどふうめつ>\\0\\0\\0\\0<r潜影多蛇手|せんえいたじゃしゅ>\\0\\0\\0\\0\\0\\0\\0\\0\\0\\0\\0\\0\\0\\0\\0\\0"	"ｦどふうめつ>\\0\\0\\0\\0Hidden Shadow Snakes\\0\\0\\0\\0\\0\\0\\0\\0\\0\\0\\0\\0\\0\\0\\0\\0\\0\\0\\0\\0\\0\\0\\0\\0\\0\\0\\0\\0"	"3C 72 90 F6 89 65 91 BD 8E D6 8E E8 7C 82 B9 82 F1 82 A6 82 A2 82 BD 82 B6 82 E1 82 B5 82 E3 3E"	"48 69 64 64 65 6E 20 53 68 61 64 6F 77 20 53 6E 61 6B 65 73 00 00 00 00 00 00 00 00 00 00 00 00"
"SLPS_258.37"	"0x4AD620"	"4904480"	"0x4AD631"	"18"	"繧ﾂ>\\0\\0\\0\\0\\0\\0\\0\\0\\0\\0\\0\\0<r白眼|びゃくがん>\\0\\0\\0\\0\\0\\0\\0\\0\\0\\0\\0\\0\\0\\0<r"	"繧ﾂ>\\0\\0\\0\\0\\0\\0\\0\\0\\0\\0\\0\\0Byakugan\\0\\0\\0\\0\\0\\0\\0\\0\\0\\0\\0\\0\\0\\0\\0\\0\\0\\0\\0\\0\\0\\0\\0\\0<r"	"3C 72 94 92 8A E1 7C 82 D1 82 E1 82 AD 82 AA 82 F1 3E"	"42 79 61 6B 75 67 61 6E 00 00 00 00 00 00 00 00 00 00"
"SLPS_258.37"	"0x4AD7D0"	"4904912"	"0x4AD7E1"	"18"	"ｭ>り\\0\\0\\0\\0\\0\\0\\0\\0\\0\\0\\0\\0<r牙通牙|がつうが>\\0\\0\\0\\0\\0\\0\\0\\0\\0\\0\\0\\0\\0\\0<r"	"ｭ>り\\0\\0\\0\\0\\0\\0\\0\\0\\0\\0\\0\\0Fang Over Fang\\0\\0\\0\\0\\0\\0\\0\\0\\0\\0\\0\\0\\0\\0\\0\\0\\0\\0<r"	"3C 72 89 E5 92 CA 89 E5 7C 82 AA 82 C2 82 A4 82 AA 3E"	"46 61 6E 67 20 4F 76 65 72 20 46 61 6E 67 00 00 00 00"
"SLPS_258.37"	"0x4AD810"	"4904976"	"0x4AD821"	"18"	"､ろう>\\0\\0\\0\\0\\0\\0\\0\\0\\0\\0<r牙狼牙|がろうが>\\0\\0\\0\\0\\0\\0\\0\\0\\0\\0\\0\\0\\0\\0<r"	"､ろう>\\0\\0\\0\\0\\0\\0\\0\\0\\0\\0Wolf Fang\\0\\0\\0\\0\\0\\0\\0\\0\\0\\0\\0\\0\\0\\0\\0\\0\\0\\0\\0\\0\\0\\0\\0<r"	"3C 72 89 E5 98 54 89 E5 7C 82 AA 82 EB 82 A4 82 AA 3E"	"57 6F 6C 66 20 46 61 6E 67 00 00 00 00 00 00 00 00 00"
"SLPS_258.37"	"0x4ADCA0"	"4906144"	"0x4ADCC1"	"34"	"\\0\\0\\0\\0\\0\\0\\0\\0\\0\\0\\0\\0\\0\\0\\0\\0<r飛雷神|ひらいしん>の<r術|じゅつ>\\0\\0\\0\\0\\0\\0\\0\\0\\0\\0\\0\\0\\0\\0<r"	"\\0\\0\\0\\0\\0\\0\\0\\0\\0\\0\\0\\0\\0\\0\\0\\0Flying Raijin\\0\\0\\0\\0\\0\\0\\0\\0\\0\\0\\0\\0\\0\\0\\0\\0\\0\\0\\0\\0\\0\\0\\0\\0\\0\\0\\0\\0\\0\\0\\0\\0\\0\\0\\0<r"	"3C 72 94 F2 97 8B 90 5F 7C 82 D0 82 E7 82 A2 82 B5 82 F1 3E 82 CC 3C 72 8F 70 7C 82 B6 82 E3 82"	"46 6C 79 69 6E 67 20 52 61 69 6A 69 6E 00 00 00 00 00 00 00 00 00 00 00 00 00 00 00 00 00 00 00"
"SLPS_258.37"	"0x4AE000"	"4907008"	"0x4AE01F"	"32"	"\\0\\0\\0\\0\\0\\0\\0\\0\\0\\0\\0\\0\\0\\0\\0\\0<r漏|も>れ<r出|だ>す<r力|ちから>\\0\\0\\0\\0\\0\\0\\0\\0\\0\\0\\0\\0\\0\\0\\0\\0"	"\\0\\0\\0\\0\\0\\0\\0\\0\\0\\0\\0\\0\\0\\0\\0\\0Leaking Power\\0\\0\\0\\0\\0\\0\\0\\0\\0\\0\\0\\0\\0\\0\\0\\0\\0\\0\\0\\0\\0\\0\\0\\0\\0\\0\\0\\0\\0\\0\\0\\0\\0\\0\\0"	"3C 72 98 52 7C 82 E0 3E 82 EA 3C 72 8F 6F 7C 82 BE 3E 82 B7 3C 72 97 CD 7C 82 BF 82 A9 82 E7 3E"	"4C 65 61 6B 69 6E 67 20 50 6F 77 65 72 00 00 00 00 00 00 00 00 00 00 00 00 00 00 00 00 00 00 00"
"SLPS_258.37"	"0x4AE030"	"4907056"	"0x4AE04F"	"32"	"\\0\\0\\0\\0\\0\\0\\0\\0\\0\\0\\0\\0\\0\\0\\0\\0<r変|か>わらない<r関係|かんけい>\\0\\0\\0\\0\\0\\0\\0\\0\\0\\0\\0\\0\\0\\0\\0\\0"	"\\0\\0\\0\\0\\0\\0\\0\\0\\0\\0\\0\\0\\0\\0\\0\\0Unchanged Bond\\0\\0\\0\\0\\0\\0\\0\\0\\0\\0\\0\\0\\0\\0\\0\\0\\0\\0\\0\\0\\0\\0\\0\\0\\0\\0\\0\\0\\0\\0\\0\\0\\0\\0"	"3C 72 95 CF 7C 82 A9 3E 82 ED 82 E7 82 C8 82 A2 3C 72 8A D6 8C 57 7C 82 A9 82 F1 82 AF 82 A2 3E"	"55 6E 63 68 61 6E 67 65 64 20 42 6F 6E 64 00 00 00 00 00 00 00 00 00 00 00 00 00 00 00 00 00 00"
"SLPS_258.37"	"0x4AE060"	"4907104"	"0x4AE0B3"	"84"	"\\0\\0\\0\\0\\0\\0\\0\\0\\0\\0\\0\\0\\0\\0\\0\\0<r春|はる>の<r蹴来|しゅうらい>\\0\\0キラキラ<r乙女心|おとめごころ>\\0\\0<r大地割|だいちわ>り\\0\\0\\0\\0\\0\\0\\0\\0\\0\\0\\0\\0<r傀"	"\\0\\0\\0\\0\\0\\0\\0\\0\\0\\0\\0\\0\\0\\0\\0\\0Spring Kick\\0\\0\\0\\0\\0\\0\\0\\0\\0\\0\\0\\0\\0\\0\\0\\0\\0\\0\\0\\0\\0Sparkling Maiden Heart\\0\\0\\0\\0\\0\\0\\0\\0\\0\\0Earth Split\\0\\0\\0\\0\\0\\0\\0\\0\\0\\0\\0\\0\\0\\0\\0\\0\\0\\0\\0\\0\\0Pupp"	"3C 72 8F 74 7C 82 CD 82 E9 3E 82 CC 3C 72 8F 52 97 88 7C 82 B5 82 E3 82 A4 82 E7 82 A2 3E 00 00"	"53 70 72 69 6E 67 20 4B 69 63 6B 00 00 00 00 00 00 00 00 00 00 00 00 00 00 00 00 00 00 00 00 00"
"SLPS_258.37"	"0x4AE0C0"	"4907200"	"0x4AE0E1"	"34"	"・り\\0\\0\\0\\0\\0\\0\\0\\0\\0\\0\\0\\0<r傀儡|くぐつ>・<r桜舞|サクラマイ>\\0\\0\\0\\0\\0\\0\\0\\0\\0\\0\\0\\0\\0\\0<r"	"\\0\\0\\0\\0\\0\\0\\0\\0\\0\\0\\0\\0\\0\\0\\0\\0Puppet: Sakura Dance\\0\\0\\0\\0\\0\\0\\0\\0\\0\\0\\0\\0\\0\\0\\0\\0\\0\\0\\0\\0\\0\\0\\0\\0\\0\\0\\0\\0Sa"	"3C 72 98 F8 99 53 7C 82 AD 82 AE 82 C2 3E 81 45 3C 72 8D F7 95 91 7C 83 54 83 4E 83 89 83 7D 83"	"50 75 70 70 65 74 3A 20 53 61 6B 75 72 61 20 44 61 6E 63 65 00 00 00 00 00 00 00 00 00 00 00 00"
"SLPS_258.37"	"0x4AE0F0"	"4907248"	"0x4AE103"	"20"	"C>\\0\\0\\0\\0\\0\\0\\0\\0\\0\\0\\0\\0\\0\\0<r砂縛牢|さばくろう>\\0\\0\\0\\0\\0\\0\\0\\0\\0\\0\\0\\0<r最"	"\\0\\0\\0\\0\\0\\0\\0\\0\\0\\0\\0\\0\\0\\0\\0\\0Sand Prison\\0\\0\\0\\0\\0\\0\\0\\0\\0\\0\\0\\0\\0\\0\\0\\0\\0\\0\\0\\0\\0Ulti"	"3C 72 8D BB 94 9B 98 53 7C 82 B3 82 CE 82 AD 82 EB 82 A4 3E"	"53 61 6E 64 20 50 72 69 73 6F 6E 00 00 00 00 00 00 00 00 00"
"SLPS_258.37"	"0x4AE110"	"4907280"	"0x4AE153"	"68"	"・､>\\0\\0\\0\\0\\0\\0\\0\\0\\0\\0\\0\\0<r最硬絶対攻撃|さいこうぜったいこうげき>・<r砂瀑槍葬|さばくそうそう>\\0\\0\\0\\0\\0\\0\\0\\0\\0\\0\\0\\0<r滅"	"\\0\\0\\0\\0\\0\\0\\0\\0\\0\\0\\0\\0\\0\\0\\0\\0Ultimate Hard Sand Spear\\0\\0\\0\\0\\0\\0\\0\\0\\0\\0\\0\\0\\0\\0\\0\\0\\0\\0\\0\\0\\0\\0\\0\\0\\0\\0\\0\\0\\0\\0\\0\\0\\0\\0\\0\\0\\0\\0\\0\\0\\0\\0\\0\\0\\0\\0\\0\\0\\0\\0\\0\\0\\0\\0\\0\\0Sand"	"3C 72 8D C5 8D 64 90 E2 91 CE 8D 55 8C 82 7C 82 B3 82 A2 82 B1 82 A4 82 BA 82 C1 82 BD 82 A2 82"	"55 6C 74 69 6D 61 74 65 20 48 61 72 64 20 53 61 6E 64 20 53 70 65 61 72 00 00 00 00 00 00 00 00"
"SLPS_258.37"	"0x4AE160"	"4907360"	"0x4AE1A3"	"68"	"ｻう>\\0\\0\\0\\0\\0\\0\\0\\0\\0\\0\\0\\0<r滅砂瀑葬|めっさばくそう>\\0\\0\\0\\0\\0\\0<r傀儡|くぐつ>・<r骸烏|ムクロガラス>\\0\\0\\0\\0\\0\\0\\0\\0\\0\\0\\0\\0<r傀"	"\\0\\0\\0\\0\\0\\0\\0\\0\\0\\0\\0\\0\\0\\0\\0\\0Sand Burial\\0\\0\\0\\0\\0\\0\\0\\0\\0\\0\\0\\0\\0\\0\\0\\0\\0\\0\\0\\0\\0Puppet: Crow Corpse\\0\\0\\0\\0\\0\\0\\0\\0\\0\\0\\0\\0\\0\\0\\0\\0\\0\\0\\0\\0\\0\\0\\0\\0\\0\\0\\0\\0\\0Pupp"	"3C 72 96 C5 8D BB E0 65 91 92 7C 82 DF 82 C1 82 B3 82 CE 82 AD 82 BB 82 A4 3E 00 00 00 00 00 00"	"53 61 6E 64 20 42 75 72 69 61 6C 00 00 00 00 00 00 00 00 00 00 00 00 00 00 00 00 00 00 00 00 00"
"SLPS_258.37"	"0x4AE1B0"	"4907440"	"0x4AE2A5"	"246"	"宴X>\\0\\0\\0\\0\\0\\0\\0\\0\\0\\0\\0\\0<r傀儡|くぐつ>・<r鬼城|きじょう>の<r面|めん>\\0\\0\\0\\0<r黒秘技三大狂言|くろひぎさんだいきょうげん>\\0\\0\\0\\0<r豪風暴壁|ごうふうぼうへき>\\0\\0\\0\\0<r練空踊扇|れんくうようせん>\\0\\0\\0\\0<r口寄|くちよ>せ・<r扇舞降|せんまいお>ろし\\0\\0\\0\\0\\0\\0<r傀儡|くぐつ>・<r父|ちち>と<r母|はは>\\0\\0\\0\\0\\0\\0\\0\\0\\0\\0<r十機"	"\\0\\0\\0\\0\\0\\0\\0\\0\\0\\0\\0\\0\\0\\0\\0\\0Puppet: Demon Castle Mask\\0\\0\\0\\0\\0\\0\\0\\0\\0\\0\\0\\0\\0\\0\\0\\0\\0\\0\\0\\0\\0\\0\\0Black Secret: Three Plays\\0\\0\\0\\0\\0\\0\\0\\0\\0\\0\\0\\0\\0\\0\\0\\0\\0\\0\\0\\0\\0\\0\\0Gale Wall\\0\\0\\0\\0\\0\\0\\0\\0\\0\\0\\0\\0\\0\\0\\0\\0\\0\\0\\0\\0\\0\\0\\0Air Dance Fan\\0\\0\\0\\0\\0\\0\\0\\0\\0\\0\\0\\0\\0\\0\\0\\0\\0\\0\\0Summon: Fan Dance Drop\\0\\0\\0\\0\\0\\0\\0\\0\\0\\0\\0\\0\\0\\0\\0\\0\\0\\0\\0\\0\\0\\0\\0\\0\\0\\0Puppet: Father and Mother\\0\\0\\0\\0\\0\\0\\0\\0\\0\\0\\0\\0\\0\\0\\0\\0\\0\\0\\0\\0\\0\\0\\0Chikam"	"3C 72 98 F8 99 53 7C 82 AD 82 AE 82 C2 3E 81 45 3C 72 8B 53 8F E9 7C 82 AB 82 B6 82 E5 82 A4 3E"	"50 75 70 70 65 74 3A 20 44 65 6D 6F 6E 20 43 61 73 74 6C 65 20 4D 61 73 6B 00 00 00 00 00 00 00"
"SLPS_258.37"	"0x4AE2B0"	"4907696"	"0x4AE2F7"	"72"	"|はは>\\0\\0\\0\\0\\0\\0\\0\\0\\0\\0<r十機近松|じっきちかまつ>の<r集|しゅう>・<r三宝吸潰|さんぼうきゅうかい>\\0\\0\\0\\0\\0\\0\\0\\0<r傀儡|・"	"\\0\\0\\0\\0\\0\\0\\0\\0\\0\\0\\0\\0\\0\\0\\0\\0Chikamatsu Ten: Three Jewels\\0\\0\\0\\0\\0\\0\\0\\0\\0\\0\\0\\0\\0\\0\\0\\0\\0\\0\\0\\0\\0\\0\\0\\0\\0\\0\\0\\0\\0\\0\\0\\0\\0\\0\\0\\0\\0\\0\\0\\0\\0\\0\\0\\0\\0\\0\\0\\0\\0\\0\\0\\0Puppet:"	"3C 72 8F 5C 8B 40 8B DF 8F BC 7C 82 B6 82 C1 82 AB 82 BF 82 A9 82 DC 82 C2 3E 82 CC 3C 72 8F 57"	"43 68 69 6B 61 6D 61 74 73 75 20 54 65 6E 3A 20 54 68 72 65 65 20 4A 65 77 65 6C 73 00 00 00 00"
"SLPS_258.37"	"0x4AE300"	"4907776"	"0x4AE361"	"98"	"繧､かい>\\0\\0\\0\\0\\0\\0\\0\\0<r傀儡|くぐつ>・<r砂鉄獄塊|さてつごっかい>\\0\\0\\0\\0\\0\\0<r合殺芸術|がっさいげいじゅつ>\\0\\0<r芸術|げいじゅつ>\\0\\0\\0\\0\\0\\0\\0\\0\\0\\0\\0\\0\\0\\0<r"	"\\0\\0\\0\\0\\0\\0\\0\\0\\0\\0\\0\\0\\0\\0\\0\\0Puppet: Iron Sand Block\\0\\0\\0\\0\\0\\0\\0\\0\\0\\0\\0\\0\\0\\0\\0\\0\\0\\0\\0\\0\\0\\0\\0\\0\\0Killing Art\\0\\0\\0\\0\\0\\0\\0\\0\\0\\0\\0\\0\\0\\0\\0\\0\\0\\0\\0\\0\\0Art\\0\\0\\0\\0\\0\\0\\0\\0\\0\\0\\0\\0\\0\\0\\0\\0\\0\\0\\0\\0\\0\\0\\0\\0\\0\\0\\0\\0\\0Su"	"3C 72 98 F8 99 53 7C 82 AD 82 AE 82 C2 3E 81 45 3C 72 8D BB 93 53 8D 96 89 F2 7C 82 B3 82 C4 82"	"50 75 70 70 65 74 3A 20 49 72 6F 6E 20 53 61 6E 64 20 42 6C 6F 63 6B 00 00 00 00 00 00 00 00 00"
"SLPS_258.37"	"0x4AE370"	"4907888"	"0x4AE3B3"	"68"	"ﾂ>\\0\\0\\0\\0\\0\\0\\0\\0\\0\\0\\0\\0\\0\\0<r自爆分身|じばくぶんしん>\\0\\0\\0\\0\\0\\0<r十八番|オハコ>・<rＣ３|シースリー>\\0\\0\\0\\0\\0\\0\\0\\0\\0\\0\\0\\0<r八"	"\\0\\0\\0\\0\\0\\0\\0\\0\\0\\0\\0\\0\\0\\0\\0\\0Suicide Clone\\0\\0\\0\\0\\0\\0\\0\\0\\0\\0\\0\\0\\0\\0\\0\\0\\0\\0\\0Favorite: C3\\0\\0\\0\\0\\0\\0\\0\\0\\0\\0\\0\\0\\0\\0\\0\\0\\0\\0\\0\\0\\0\\0\\0\\0\\0\\0\\0\\0\\0\\0\\0\\0\\0\\0\\0\\08 Tr"	"3C 72 8E A9 94 9A 95 AA 90 67 7C 82 B6 82 CE 82 AD 82 D4 82 F1 82 B5 82 F1 3E 00 00 00 00 00 00"	"53 75 69 63 69 64 65 20 43 6C 6F 6E 65 00 00 00 00 00 00 00 00 00 00 00 00 00 00 00 00 00 00 00"
"SLPS_258.37"	"0x4AE3C0"	"4907968"	"0x4AE3E5"	"38"	"梶[>\\0\\0\\0\\0\\0\\0\\0\\0\\0\\0\\0\\0<r八卦四天空掌|はっけしてんくうしょう>\\0\\0\\0\\0\\0\\0\\0\\0\\0\\0<r八卦"	"\\0\\0\\0\\0\\0\\0\\0\\0\\0\\0\\0\\0\\0\\0\\0\\08 Trigrams: Four Palms\\0\\0\\0\\0\\0\\0\\0\\0\\0\\0\\0\\0\\0\\0\\0\\0\\0\\0\\0\\0\\0\\0\\0\\0\\0\\08 Trig"	"3C 72 94 AA 8C 54 8E 6C 93 56 8B F3 8F B6 7C 82 CD 82 C1 82 AF 82 B5 82 C4 82 F1 82 AD 82 A4 82"	"38 20 54 72 69 67 72 61 6D 73 3A 20 46 6F 75 72 20 50 61 6C 6D 73 00 00 00 00 00 00 00 00 00 00"
"SLPS_258.37"	"0x4AE3F0"	"4908016"	"0x4AE435"	"70"	"ｵょう>\\0\\0\\0\\0\\0\\0\\0\\0\\0\\0<r八卦破山撃|はっけはざんげき>\\0\\0<r操具|そうぐ>・<r廻燕劇|かいえんげき>\\0\\0\\0\\0\\0\\0\\0\\0\\0\\0<r操具"	"\\0\\0\\0\\0\\0\\0\\0\\0\\0\\0\\0\\0\\0\\0\\0\\08 Trigrams: Mountain Crusher\\0\\0\\0\\0Tool: Swallow Spin\\0\\0\\0\\0\\0\\0\\0\\0\\0\\0\\0\\0\\0\\0\\0\\0\\0\\0\\0\\0\\0\\0\\0\\0\\0\\0\\0\\0\\0\\0Tool:"	"3C 72 94 AA 8C 54 94 6A 8E 52 8C 82 7C 82 CD 82 C1 82 AF 82 CD 82 B4 82 F1 82 B0 82 AB 3E 00 00"	"38 20 54 72 69 67 72 61 6D 73 3A 20 4D 6F 75 6E 74 61 69 6E 20 43 72 75 73 68 65 72 00 00 00 00"
"SLPS_258.37"	"0x4AE440"	"4908096"	"0x4AE465"	"38"	".ｰき>\\0\\0\\0\\0\\0\\0\\0\\0\\0\\0<r操具|そうぐ>・<r大鉄塊|だいてっかい>\\0\\0\\0\\0\\0\\0\\0\\0\\0\\0<r操具"	"\\0\\0\\0\\0\\0\\0\\0\\0\\0\\0\\0\\0\\0\\0\\0\\0Tool: Iron Block\\0\\0\\0\\0\\0\\0\\0\\0\\0\\0\\0\\0\\0\\0\\0\\0\\0\\0\\0\\0\\0\\0\\0\\0\\0\\0\\0\\0\\0\\0\\0\\0Tool:"	"3C 72 91 80 8B EF 7C 82 BB 82 A4 82 AE 3E 81 45 3C 72 91 E5 93 53 89 F2 7C 82 BE 82 A2 82 C4 82"	"54 6F 6F 6C 3A 20 49 72 6F 6E 20 42 6C 6F 63 6B 00 00 00 00 00 00 00 00 00 00 00 00 00 00 00 00"
"SLPS_258.37"	"0x4AE470"	"4908144"	"0x4AE495"	"38"	"ﾁかい>\\0\\0\\0\\0\\0\\0\\0\\0\\0\\0<r操具|そうぐ>・<r天鋼災|てんこうさい>\\0\\0\\0\\0\\0\\0\\0\\0\\0\\0<r木|・"	"\\0\\0\\0\\0\\0\\0\\0\\0\\0\\0\\0\\0\\0\\0\\0\\0Tool: Heavenly Steel Disaster\\0\\0\\0\\0\\0\\0\\0\\0\\0\\0\\0\\0\\0\\0\\0\\0\\0\\0\\0Leaf W"	"3C 72 91 80 8B EF 7C 82 BB 82 A4 82 AE 3E 81 45 3C 72 93 56 8D 7C 8D D0 7C 82 C4 82 F1 82 B1 82"	"54 6F 6F 6C 3A 20 48 65 61 76 65 6E 6C 79 20 53 74 65 65 6C 20 44 69 73 61 73 74 65 72 00 00 00"
"SLPS_258.37"	"0x4AE4A0"	"4908192"	"0x4AE4DF"	"64"	"､さい>\\0\\0\\0\\0\\0\\0\\0\\0\\0\\0<r木|こ>ノ<r葉旋光|はせんこう>\\0\\0<r青春|せいしゅん>フルパワー！！\\0\\0\\0\\0\\0\\0\\0\\0\\0\\0\\0\\0\\0\\0\\0\\0"	"\\0\\0\\0\\0\\0\\0\\0\\0\\0\\0\\0\\0\\0\\0\\0\\0Leaf Whirlwind\\0\\0\\0\\0\\0\\0\\0\\0\\0\\0\\0\\0\\0\\0\\0\\0\\0\\0Youth Full Power!!\\0\\0\\0\\0\\0\\0\\0\\0\\0\\0\\0\\0\\0\\0\\0\\0\\0\\0\\0\\0\\0\\0\\0\\0\\0\\0\\0\\0\\0\\0"	"3C 72 96 D8 7C 82 B1 3E 83 6D 3C 72 97 74 90 F9 8C F5 7C 82 CD 82 B9 82 F1 82 B1 82 A4 3E 00 00"	"4C 65 61 66 20 57 68 69 72 6C 77 69 6E 64 00 00 00 00 00 00 00 00 00 00 00 00 00 00 00 00 00 00"
"SLPS_258.37"	"0x4AE4F0"	"4908272"	"0x4AE527"	"56"	"\\0\\0\\0\\0\\0\\0\\0\\0\\0\\0\\0\\0\\0\\0\\0\\0<r裏蓮華|うられんげ>・あの<r夕日|ゆうひ>に<r向|む>かって\\0\\0\\0\\0\\0\\0\\0\\0ＩＱ２０"	"\\0\\0\\0\\0\\0\\0\\0\\0\\0\\0\\0\\0\\0\\0\\0\\0Hidden Lotus: Toward Sunset\\0\\0\\0\\0\\0\\0\\0\\0\\0\\0\\0\\0\\0\\0\\0\\0\\0\\0\\0\\0\\0\\0\\0\\0\\0\\0\\0\\0\\0\\0\\0\\0\\0\\0\\0\\0\\0ＩＱ２０"	"3C 72 97 A0 98 40 89 D8 7C 82 A4 82 E7 82 EA 82 F1 82 B0 3E 81 45 82 A0 82 CC 3C 72 97 5B 93 FA"	"48 69 64 64 65 6E 20 4C 6F 74 75 73 3A 20 54 6F 77 61 72 64 20 53 75 6E 73 65 74 00 00 00 00 00"
"SLPS_258.37"	"0x4AE540"	"4908352"	"0x4AE575"	"54"	"ＩＱ２００\\0\\0\\0\\0\\0\\0<r忍法|にんぽう>・<r影煙幕|かげえんまく>の<r術|じゅつ>\\0\\0\\0\\0\\0\\0\\0\\0\\0\\0<r忍法"	"ＩＱ２００\\0\\0\\0\\0\\0\\0Ninja Art: Shadow Smoke\\0\\0\\0\\0\\0\\0\\0\\0\\0\\0\\0\\0\\0\\0\\0\\0\\0\\0\\0\\0\\0\\0\\0\\0\\0\\0\\0\\0\\0\\0\\0\\0\\0\\0\\0\\0\\0\\0\\0\\0\\0Shadow"	"3C 72 94 45 96 40 7C 82 C9 82 F1 82 DB 82 A4 3E 81 45 3C 72 89 65 89 8C 96 8B 7C 82 A9 82 B0 82"	"4E 69 6E 6A 61 20 41 72 74 3A 20 53 68 61 64 6F 77 20 53 6D 6F 6B 65 00 00 00 00 00 00 00 00 00"
"SLPS_258.37"	"0x4AE580"	"4908416"	"0x4AE5A1"	"34"	"ｶゅつ>\\0\\0\\0\\0\\0\\0\\0\\0\\0\\0<r忍法|にんぽう>・<r影縫|かげぬ>い\\0\\0\\0\\0\\0\\0\\0\\0\\0\\0\\0\\0\\0\\0<r"	"\\0\\0\\0\\0\\0\\0\\0\\0\\0\\0\\0\\0\\0\\0\\0\\0Shadow Stitching\\0\\0\\0\\0\\0\\0\\0\\0\\0\\0\\0\\0\\0\\0\\0\\0\\0\\0\\0\\0\\0\\0\\0\\0\\0\\0\\0\\0\\0\\0\\0\\0My"	"3C 72 94 45 96 40 7C 82 C9 82 F1 82 DB 82 A4 3E 81 45 3C 72 89 65 96 44 7C 82 A9 82 B0 82 CA 3E"	"53 68 61 64 6F 77 20 53 74 69 74 63 68 69 6E 67 00 00 00 00 00 00 00 00 00 00 00 00 00 00 00 00"
"SLPS_258.37"	"0x4AE5B0"	"4908464"	"0x4AE625"	"118"	"い\\0\\0\\0\\0\\0\\0\\0\\0\\0\\0\\0\\0\\0\\0<r自分|じぶん>ルール・じゃんけん<r編|へん>　\\0\\0\\0\\0<r自分|じぶん>ルール・<r青春編|せいしゅんへん>\\0\\0<r朝孔雀|あさくじゃく>\\0\\0\\0\\0\\0\\0\\0\\0\\0\\0<r雷切"	"\\0\\0\\0\\0\\0\\0\\0\\0\\0\\0\\0\\0\\0\\0\\0\\0My Rule: Rock Paper Scissors\\0\\0\\0\\0\\0\\0\\0\\0\\0\\0\\0\\0\\0\\0\\0\\0\\0\\0\\0\\0My Rule: Youth\\0\\0\\0\\0\\0\\0\\0\\0\\0\\0\\0\\0\\0\\0\\0\\0\\0\\0\\0\\0\\0\\0\\0\\0\\0\\0\\0\\0\\0\\0\\0\\0\\0\\0Morning Peacock\\0\\0\\0\\0\\0\\0\\0\\0\\0\\0\\0\\0\\0\\0\\0\\0\\0Raikir"	"3C 72 8E A9 95 AA 7C 82 B6 82 D4 82 F1 3E 83 8B 81 5B 83 8B 81 45 82 B6 82 E1 82 F1 82 AF 82 F1"	"4D 79 20 52 75 6C 65 3A 20 52 6F 63 6B 20 50 61 70 65 72 20 53 63 69 73 73 6F 72 73 00 00 00 00"
"SLPS_258.37"	"0x4AE630"	"4908592"	"0x4AE651"	"34"	"ｶゃく>\\0\\0\\0\\0\\0\\0\\0\\0\\0\\0<r雷切|らいきり>・<r一尖|いっせん>\\0\\0\\0\\0\\0\\0\\0\\0\\0\\0\\0\\0\\0\\0<r"	"\\0\\0\\0\\0\\0\\0\\0\\0\\0\\0\\0\\0\\0\\0\\0\\0Raikiri: Issen\\0\\0\\0\\0\\0\\0\\0\\0\\0\\0\\0\\0\\0\\0\\0\\0\\0\\0\\0\\0\\0\\0\\0\\0\\0\\0\\0\\0\\0\\0\\0\\0\\0\\0Ea"	"3C 72 97 8B 90 D8 7C 82 E7 82 A2 82 AB 82 E8 3E 81 45 3C 72 88 EA 90 EB 7C 82 A2 82 C1 82 B9 82"	"52 61 69 6B 69 72 69 3A 20 49 73 73 65 6E 00 00 00 00 00 00 00 00 00 00 00 00 00 00 00 00 00 00"
"SLPS_258.37"	"0x4AE660"	"4908640"	"0x4AE683"	"36"	"・\\0\\0\\0\\0\\0\\0\\0\\0\\0\\0\\0\\0\\0\\0<r土遁|どとん>・<r裂穿牙|れっせんが>\\0\\0\\0\\0\\0\\0\\0\\0\\0\\0\\0\\0コピ"	"\\0\\0\\0\\0\\0\\0\\0\\0\\0\\0\\0\\0\\0\\0\\0\\0Earth Style: Piercing Fang\\0\\0\\0\\0\\0\\0\\0\\0\\0\\0\\0\\0\\0\\0\\0\\0\\0\\0\\0\\0\\0\\0Copy"	"3C 72 93 79 93 D9 7C 82 C7 82 C6 82 F1 3E 81 45 3C 72 97 F4 90 FA 89 E5 7C 82 EA 82 C1 82 B9 82"	"45 61 72 74 68 20 53 74 79 6C 65 3A 20 50 69 65 72 63 69 6E 67 20 46 61 6E 67 00 00 00 00 00 00"
"SLPS_258.37"	"0x4AE690"	"4908688"	"0x4AE6A7"	"24"	".ｪ>\\0\\0\\0\\0\\0\\0\\0\\0\\0\\0\\0\\0コピー<r忍術|にんじゅつ>\\0\\0\\0\\0\\0\\0\\0\\0<r火遁|・"	"\\0\\0\\0\\0\\0\\0\\0\\0\\0\\0\\0\\0\\0\\0\\0\\0Copy Ninjutsu\\0\\0\\0\\0\\0\\0\\0\\0\\0\\0\\0\\0\\0\\0\\0\\0\\0\\0\\0Fire Sty"	"83 52 83 73 81 5B 3C 72 94 45 8F 70 7C 82 C9 82 F1 82 B6 82 E3 82 C2 3E"	"43 6F 70 79 20 4E 69 6E 6A 75 74 73 75 00 00 00 00 00 00 00 00 00 00 00"
"SLPS_258.37"	"0x4AE6B0"	"4908720"	"0x4AE6D7"	"40"	".ｶゅつ>\\0\\0\\0\\0\\0\\0\\0\\0<r火遁|かとん>・<r豪焔球|ごうえんきゅう>\\0\\0\\0\\0\\0\\0\\0\\0<r幻術|・"	"\\0\\0\\0\\0\\0\\0\\0\\0\\0\\0\\0\\0\\0\\0\\0\\0Fire Style: Great Flame Ball\\0\\0\\0\\0\\0\\0\\0\\0\\0\\0\\0\\0\\0\\0\\0\\0\\0\\0\\0\\0Genjutsu"	"3C 72 89 CE 93 D9 7C 82 A9 82 C6 82 F1 3E 81 45 3C 72 8D 8B 89 8B 8B 85 7C 82 B2 82 A4 82 A6 82"	"46 69 72 65 20 53 74 79 6C 65 3A 20 47 72 65 61 74 20 46 6C 61 6D 65 20 42 61 6C 6C 00 00 00 00"
"SLPS_258.37"	"0x4AE6E0"	"4908768"	"0x4AE703"	"36"	".ｫゅう>\\0\\0\\0\\0\\0\\0\\0\\0<r幻術|げんじゅつ>・<r泡沫|うたかた>\\0\\0\\0\\0\\0\\0\\0\\0\\0\\0\\0\\0<r瞳"	"\\0\\0\\0\\0\\0\\0\\0\\0\\0\\0\\0\\0\\0\\0\\0\\0Genjutsu: Ephemeral\\0\\0\\0\\0\\0\\0\\0\\0\\0\\0\\0\\0\\0\\0\\0\\0\\0\\0\\0\\0\\0\\0\\0\\0\\0\\0\\0\\0\\0Doju"	"3C 72 8C B6 8F 70 7C 82 B0 82 F1 82 B6 82 E3 82 C2 3E 81 45 3C 72 96 41 96 97 7C 82 A4 82 BD 82"	"47 65 6E 6A 75 74 73 75 3A 20 45 70 68 65 6D 65 72 61 6C 00 00 00 00 00 00 00 00 00 00 00 00 00"
"SLPS_258.37"	"0x4AE710"	"4908816"	"0x4AE733"	"36"	"ｩた>\\0\\0\\0\\0\\0\\0\\0\\0\\0\\0\\0\\0<r瞳術|どうじゅつ>・<r威凪|いさなぎ>\\0\\0\\0\\0\\0\\0\\0\\0\\0\\0\\0\\0<r最"	"\\0\\0\\0\\0\\0\\0\\0\\0\\0\\0\\0\\0\\0\\0\\0\\0Dojutsu: Izanagi\\0\\0\\0\\0\\0\\0\\0\\0\\0\\0\\0\\0\\0\\0\\0\\0\\0\\0\\0\\0\\0\\0\\0\\0\\0\\0\\0\\0\\0\\0\\0\\0Dead"	"3C 72 93 B5 8F 70 7C 82 C7 82 A4 82 B6 82 E3 82 C2 3E 81 45 3C 72 88 D0 93 E2 7C 82 A2 82 B3 82"	"44 6F 6A 75 74 73 75 3A 20 49 7A 61 6E 61 67 69 00 00 00 00 00 00 00 00 00 00 00 00 00 00 00 00"
"SLPS_258.37"	"0x4AE740"	"4908864"	"0x4AE761"	"34"	"ﾈぎ>\\0\\0\\0\\0\\0\\0\\0\\0\\0\\0\\0\\0<r最凶|さいきょう>の<r刺客|しかく>\\0\\0\\0\\0\\0\\0\\0\\0\\0\\0\\0\\0\\0\\0<r"	"\\0\\0\\0\\0\\0\\0\\0\\0\\0\\0\\0\\0\\0\\0\\0\\0Deadliest Assassin\\0\\0\\0\\0\\0\\0\\0\\0\\0\\0\\0\\0\\0\\0\\0\\0\\0\\0\\0\\0\\0\\0\\0\\0\\0\\0\\0\\0\\0\\0Wa"	"3C 72 8D C5 8B A5 7C 82 B3 82 A2 82 AB 82 E5 82 A4 3E 82 CC 3C 72 8E 68 8B 71 7C 82 B5 82 A9 82"	"44 65 61 64 6C 69 65 73 74 20 41 73 73 61 73 73 69 6E 00 00 00 00 00 00 00 00 00 00 00 00 00 00"
"SLPS_258.37"	"0x4AE770"	"4908912"	"0x4AE797"	"40"	"ｭ>\\0\\0\\0\\0\\0\\0\\0\\0\\0\\0\\0\\0\\0\\0<r水遁|すいとん>・<r五食鮫|ごしょくざめ>\\0\\0\\0\\0\\0\\0\\0\\0<r水遁|・"	"\\0\\0\\0\\0\\0\\0\\0\\0\\0\\0\\0\\0\\0\\0\\0\\0Water Style: Five Sharks\\0\\0\\0\\0\\0\\0\\0\\0\\0\\0\\0\\0\\0\\0\\0\\0\\0\\0\\0\\0\\0\\0\\0\\0Water St"	"3C 72 90 85 93 D9 7C 82 B7 82 A2 82 C6 82 F1 3E 81 45 3C 72 8C DC 90 48 8E 4C 7C 82 B2 82 B5 82"	"57 61 74 65 72 20 53 74 79 6C 65 3A 20 46 69 76 65 20 53 68 61 72 6B 73 00 00 00 00 00 00 00 00"
"SLPS_258.37"	"0x4AE7A0"	"4908960"	"0x4AE7C5"	"38"	"蛯ｭざめ>\\0\\0\\0\\0\\0\\0\\0\\0<r水遁|すいとん>・<r無限鮫|むげんざめ>\\0\\0\\0\\0\\0\\0\\0\\0\\0\\0<r水遁"	"\\0\\0\\0\\0\\0\\0\\0\\0\\0\\0\\0\\0\\0\\0\\0\\0Water Style: Infinite Sharks\\0\\0\\0\\0\\0\\0\\0\\0\\0\\0\\0\\0\\0\\0\\0\\0\\0\\0\\0\\0Water"	"3C 72 90 85 93 D9 7C 82 B7 82 A2 82 C6 82 F1 3E 81 45 3C 72 96 B3 8C C0 8E 4C 7C 82 DE 82 B0 82"	"57 61 74 65 72 20 53 74 79 6C 65 3A 20 49 6E 66 69 6E 69 74 65 20 53 68 61 72 6B 73 00 00 00 00"
"SLPS_258.37"	"0x4AE7D0"	"4909008"	"0x4AE855"	"134"	".ｴめ>\\0\\0\\0\\0\\0\\0\\0\\0\\0\\0<r水遁|すいとん>・<r爆水衝波|ばくすいしょうは>\\0\\0<r妖狐|ようこ>の<r衣|ころも>\\0\\0\\0\\0<r赤秘技|あかひぎ>・<r百機|ひゃっき>の<r操演|そうえん>\\0\\0\\0\\0\\0\\0\\0\\0\\0\\0<r傀儡"	"\\0\\0\\0\\0\\0\\0\\0\\0\\0\\0\\0\\0\\0\\0\\0\\0Water Style: Exploding Wave\\0\\0\\0\\0\\0\\0\\0\\0\\0\\0\\0\\0\\0\\0\\0\\0\\0\\0\\0\\0\\0Demon Fox Cloak\\0\\0\\0\\0\\0\\0\\0\\0\\0\\0\\0\\0\\0\\0\\0\\0\\0Red Secret: Hundred Puppets\\0\\0\\0\\0\\0\\0\\0\\0\\0\\0\\0\\0\\0\\0\\0\\0\\0\\0\\0\\0\\0\\0\\0\\0\\0\\0\\0\\0\\0\\0\\0\\0\\0\\0\\0\\0\\0Puppet"	"3C 72 90 85 93 D9 7C 82 B7 82 A2 82 C6 82 F1 3E 81 45 3C 72 94 9A 90 85 8F D5 94 67 7C 82 CE 82"	"57 61 74 65 72 20 53 74 79 6C 65 3A 20 45 78 70 6C 6F 64 69 6E 67 20 57 61 76 65 00 00 00 00 00"
"SLPS_258.37"	"0x4AE860"	"4909152"	"0x4AE891"	"50"	"､えん>\\0\\0\\0\\0\\0\\0\\0\\0\\0\\0<r傀儡|くぐつ>の<r術|じゅつ>・<r尾沙悶|びしゃもん>\\0\\0\\0\\0\\0\\0\\0\\0\\0\\0\\0\\0\\0\\0<r"	"\\0\\0\\0\\0\\0\\0\\0\\0\\0\\0\\0\\0\\0\\0\\0\\0Puppet Jutsu: Bishamon\\0\\0\\0\\0\\0\\0\\0\\0\\0\\0\\0\\0\\0\\0\\0\\0\\0\\0\\0\\0\\0\\0\\0\\0\\0\\0\\0\\0\\0\\0\\0\\0\\0\\0\\0\\0\\0\\0\\0\\0\\0\\0Pu"	"3C 72 98 F8 99 53 7C 82 AD 82 AE 82 C2 3E 82 CC 3C 72 8F 70 7C 82 B6 82 E3 82 C2 3E 81 45 3C 72"	"50 75 70 70 65 74 20 4A 75 74 73 75 3A 20 42 69 73 68 61 6D 6F 6E 00 00 00 00 00 00 00 00 00 00"
"SLPS_258.37"	"0x4AE8A0"	"4909216"	"0x4AE8D7"	"56"	"・\\0\\0\\0\\0\\0\\0\\0\\0\\0\\0\\0\\0\\0\\0<r傀儡|くぐつ>の<r術|じゅつ>・<r義手千本|ぎしゅせんぼん>\\0\\0\\0\\0\\0\\0\\0\\0<r傀儡|・"	"\\0\\0\\0\\0\\0\\0\\0\\0\\0\\0\\0\\0\\0\\0\\0\\0Puppet Jutsu: Thousand Arms\\0\\0\\0\\0\\0\\0\\0\\0\\0\\0\\0\\0\\0\\0\\0\\0\\0\\0\\0\\0\\0\\0\\0\\0\\0\\0\\0\\0\\0\\0\\0\\0\\0\\0\\0\\0\\0Puppet J"	"3C 72 98 F8 99 53 7C 82 AD 82 AE 82 C2 3E 82 CC 3C 72 8F 70 7C 82 B6 82 E3 82 C2 3E 81 45 3C 72"	"50 75 70 70 65 74 20 4A 75 74 73 75 3A 20 54 68 6F 75 73 61 6E 64 20 41 72 6D 73 00 00 00 00 00"
"SLPS_258.37"	"0x4AE8E0"	"4909280"	"0x4AE911"	"50"	"ｹんぼん>\\0\\0\\0\\0\\0\\0\\0\\0<r傀儡|くぐつ>の<r術|じゅつ>・<r重刃庫|じゅうばこ>\\0\\0\\0\\0\\0\\0\\0\\0\\0\\0\\0\\0\\0\\0<r"	"\\0\\0\\0\\0\\0\\0\\0\\0\\0\\0\\0\\0\\0\\0\\0\\0Puppet Jutsu: Blade Vault\\0\\0\\0\\0\\0\\0\\0\\0\\0\\0\\0\\0\\0\\0\\0\\0\\0\\0\\0\\0\\0\\0\\0\\0\\0\\0\\0\\0\\0\\0\\0\\0\\0\\0\\0\\0\\0\\0\\0My"	"3C 72 98 F8 99 53 7C 82 AD 82 AE 82 C2 3E 82 CC 3C 72 8F 70 7C 82 B6 82 E3 82 C2 3E 81 45 3C 72"	"50 75 70 70 65 74 20 4A 75 74 73 75 3A 20 42 6C 61 64 65 20 56 61 75 6C 74 00 00 00 00 00 00 00"
"SLPS_258.37"	"0x4AE920"	"4909344"	"0x4AE93F"	"32"	"ｱ>\\0\\0\\0\\0\\0\\0\\0\\0\\0\\0\\0\\0\\0\\0<r息子|むすこ>の<r仇|かたき>！？\\0\\0\\0\\0\\0\\0\\0\\0\\0\\0\\0\\0\\0\\0\\0\\0"	"\\0\\0\\0\\0\\0\\0\\0\\0\\0\\0\\0\\0\\0\\0\\0\\0My Son's Enemy!?\\0\\0\\0\\0\\0\\0\\0\\0\\0\\0\\0\\0\\0\\0\\0\\0\\0\\0\\0\\0\\0\\0\\0\\0\\0\\0\\0\\0\\0\\0\\0\\0"	"3C 72 91 A7 8E 71 7C 82 DE 82 B7 82 B1 3E 82 CC 3C 72 8B 77 7C 82 A9 82 BD 82 AB 3E 81 49 81 48"	"4D 79 20 53 6F 6E 27 73 20 45 6E 65 6D 79 21 3F 00 00 00 00 00 00 00 00 00 00 00 00 00 00 00 00"
"SLPS_258.37"	"0x4AE950"	"4909392"	"0x4AE983"	"52"	"\\0\\0\\0\\0\\0\\0\\0\\0\\0\\0\\0\\0\\0\\0\\0\\0<r爪迅狼牙|そうじんろうが>\\0\\0\\0\\0\\0\\0<r天双牙|てんそうが>\\0\\0\\0\\0\\0\\0\\0\\0\\0\\0\\0\\0<r寄"	"\\0\\0\\0\\0\\0\\0\\0\\0\\0\\0\\0\\0\\0\\0\\0\\0Swift Wolf Fang\\0\\0\\0\\0\\0\\0\\0\\0\\0\\0\\0\\0\\0\\0\\0\\0\\0Twin Heaven Fang\\0\\0\\0\\0\\0\\0\\0\\0\\0\\0\\0\\0\\0\\0\\0\\0Dest"	"3C 72 92 DC 90 76 98 54 89 E5 7C 82 BB 82 A4 82 B6 82 F1 82 EB 82 A4 82 AA 3E 00 00 00 00 00 00"	"53 77 69 66 74 20 57 6F 6C 66 20 46 61 6E 67 00 00 00 00 00 00 00 00 00 00 00 00 00 00 00 00 00"
"SLPS_258.37"	"0x4AE990"	"4909456"	"0x4AE9B3"	"36"	"､が>\\0\\0\\0\\0\\0\\0\\0\\0\\0\\0\\0\\0<r寄壊蟲|きかいちゅう>・<r蝕|しょく>\\0\\0\\0\\0\\0\\0\\0\\0\\0\\0\\0\\0<r寄"	"\\0\\0\\0\\0\\0\\0\\0\\0\\0\\0\\0\\0\\0\\0\\0\\0Destruction Bug: Erosion\\0\\0\\0\\0\\0\\0\\0\\0\\0\\0\\0\\0\\0\\0\\0\\0\\0\\0\\0\\0\\0\\0\\0\\0Dest"	"3C 72 8A F1 89 F3 E5 B3 7C 82 AB 82 A9 82 A2 82 BF 82 E3 82 A4 3E 81 45 3C 72 90 49 7C 82 B5 82"	"44 65 73 74 72 75 63 74 69 6F 6E 20 42 75 67 3A 20 45 72 6F 73 69 6F 6E 00 00 00 00 00 00 00 00"
"SLPS_258.37"	"0x4AE9C0"	"4909504"	"0x4AE9E3"	"36"	"蛯ｭ>\\0\\0\\0\\0\\0\\0\\0\\0\\0\\0\\0\\0<r寄壊蟲|きかいちゅう>・<r虚|うつろ>\\0\\0\\0\\0\\0\\0\\0\\0\\0\\0\\0\\0<r八"	"\\0\\0\\0\\0\\0\\0\\0\\0\\0\\0\\0\\0\\0\\0\\0\\0Destruction Bug: Void\\0\\0\\0\\0\\0\\0\\0\\0\\0\\0\\0\\0\\0\\0\\0\\0\\0\\0\\0\\0\\0\\0\\0\\0\\0\\0\\08 Tr"	"3C 72 8A F1 89 F3 E5 B3 7C 82 AB 82 A9 82 A2 82 BF 82 E3 82 A4 3E 81 45 3C 72 8B 95 7C 82 A4 82"	"44 65 73 74 72 75 63 74 69 6F 6E 20 42 75 67 3A 20 56 6F 69 64 00 00 00 00 00 00 00 00 00 00 00"
"SLPS_258.37"	"0x4AE9F0"	"4909552"	"0x4AEA11"	"34"	"ﾂろ>\\0\\0\\0\\0\\0\\0\\0\\0\\0\\0\\0\\0<r八卦掌空天|はっけしょうくうてん>\\0\\0\\0\\0\\0\\0\\0\\0\\0\\0\\0\\0\\0\\0<r"	"\\0\\0\\0\\0\\0\\0\\0\\0\\0\\0\\0\\0\\0\\0\\0\\08 Trigrams: Sky Palm\\0\\0\\0\\0\\0\\0\\0\\0\\0\\0\\0\\0\\0\\0\\0\\0\\0\\0\\0\\0\\0\\0\\0\\0\\0\\0\\0\\0Pa"	"3C 72 94 AA 8C 54 8F B6 8B F3 93 56 7C 82 CD 82 C1 82 AF 82 B5 82 E5 82 A4 82 AD 82 A4 82 C4 82"	"38 20 54 72 69 67 72 61 6D 73 3A 20 53 6B 79 20 50 61 6C 6D 00 00 00 00 00 00 00 00 00 00 00 00"
"SLPS_258.37"	"0x4AEA20"	"4909600"	"0x4AEAC5"	"166"	"・\\0\\0\\0\\0\\0\\0\\0\\0\\0\\0\\0\\0\\0\\0<r部分超倍化|ぶぶんちょうばいか>の<r術|じゅつ>\\0\\0<r超|ちょう>・<r肉弾戦車|にくだんせんしゃ>\\0\\0\\0\\0\\0\\0<r忍法|にんぽう>・<r月下美人|げっかびじん>\\0\\0\\0\\0\\0\\0<r蝶針火|ちょうしんか>\\0\\0\\0\\0\\0\\0\\0\\0\\0\\0<r火遁"	"\\0\\0\\0\\0\\0\\0\\0\\0\\0\\0\\0\\0\\0\\0\\0\\0Partial Super Expansion\\0\\0\\0\\0\\0\\0\\0\\0\\0\\0\\0\\0\\0\\0\\0\\0\\0\\0\\0\\0\\0\\0\\0\\0\\0Super Human Boulder\\0\\0\\0\\0\\0\\0\\0\\0\\0\\0\\0\\0\\0\\0\\0\\0\\0\\0\\0\\0\\0\\0\\0\\0\\0\\0\\0\\0\\0Ninja Art: Queen of the Night\\0\\0\\0\\0\\0\\0\\0\\0\\0\\0\\0\\0\\0\\0\\0\\0\\0\\0\\0Butterfly Needle Fire\\0\\0\\0\\0\\0\\0\\0\\0\\0\\0\\0Fire S"	"3C 72 95 94 95 AA 92 B4 94 7B 89 BB 7C 82 D4 82 D4 82 F1 82 BF 82 E5 82 A4 82 CE 82 A2 82 A9 3E"	"50 61 72 74 69 61 6C 20 53 75 70 65 72 20 45 78 70 61 6E 73 69 6F 6E 00 00 00 00 00 00 00 00 00"
"SLPS_258.37"	"0x4AEAD0"	"4909776"	"0x4AEAFF"	"48"	"ｵんか>\\0\\0\\0\\0\\0\\0\\0\\0\\0\\0<r火遁|かとん>・<r消|け>し<r幕|まく>が<r原|はら>\\0\\0\\0\\0\\0\\0\\0\\0\\0\\0\\0\\0\\0\\0\\0\\0"	"Fire\\0\\0\\0\\0\\0\\0\\0\\0\\0\\0\\0Fire Style: Smoke Screen\\0\\0\\0\\0\\0\\0\\0\\0\\0\\0\\0\\0\\0\\0\\0\\0\\0\\0\\0\\0\\0\\0\\0\\0\\0\\0\\0\\0\\0\\0\\0\\0\\0\\0\\0\\0\\0\\0\\0\\0"	"3C 72 89 CE 93 D9 7C 82 A9 82 C6 82 F1 3E 81 45 3C 72 8F C1 7C 82 AF 3E 82 B5 3C 72 96 8B 7C 82"	"46 69 72 65 20 53 74 79 6C 65 3A 20 53 6D 6F 6B 65 20 53 63 72 65 65 6E 00 00 00 00 00 00 00 00"
"SLPS_258.37"	"0x4AEB10"	"4909840"	"0x4AEB1F"	"16"	"\\0\\0\\0\\0\\0\\0\\0\\0\\0\\0\\0\\0\\0\\0\\0\\0<r地流|じながれ>\\0\\0\\0\\0\\0\\0\\0\\0\\0\\0\\0\\0\\0\\0\\0\\0"	"\\0\\0\\0\\0\\0\\0\\0\\0\\0\\0\\0\\0\\0\\0\\0\\0Earth Flow\\0\\0\\0\\0\\0\\0\\0\\0\\0\\0\\0\\0\\0\\0\\0\\0\\0\\0\\0\\0\\0\\0"	"3C 72 92 6E 97 AC 7C 82 B6 82 C8 82 AA 82 EA 3E"	"45 61 72 74 68 20 46 6C 6F 77 00 00 00 00 00 00"
"SLPS_258.37"	"0x4AEB30"	"4909872"	"0x4AEB55"	"38"	"\\0\\0\\0\\0\\0\\0\\0\\0\\0\\0\\0\\0\\0\\0\\0\\0<r渦旋風火|かせんふうか>の<r術|じゅつ>\\0\\0\\0\\0\\0\\0\\0\\0\\0\\0<r蟒蛇"	"\\0\\0\\0\\0\\0\\0\\0\\0\\0\\0\\0\\0\\0\\0\\0\\0Whirling Fire Jutsu\\0\\0\\0\\0\\0\\0\\0\\0\\0\\0\\0\\0\\0\\0\\0\\0\\0\\0\\0\\0\\0\\0\\0\\0\\0\\0\\0\\0\\0Serpen"	"3C 72 89 51 90 F9 95 97 89 CE 7C 82 A9 82 B9 82 F1 82 D3 82 A4 82 A9 3E 82 CC 3C 72 8F 70 7C 82"	"57 68 69 72 6C 69 6E 67 20 46 69 72 65 20 4A 75 74 73 75 00 00 00 00 00 00 00 00 00 00 00 00 00"
"SLPS_258.37"	"0x4AEB60"	"4909920"	"0x4AEB6F"	"16"	"ｶゅつ>\\0\\0\\0\\0\\0\\0\\0\\0\\0\\0<r蟒蛇|うわばみ>\\0\\0\\0\\0\\0\\0\\0\\0\\0\\0\\0\\0\\0\\0\\0\\0"	"\\0\\0\\0\\0\\0\\0\\0\\0\\0\\0\\0\\0\\0\\0\\0\\0Serpent\\0\\0\\0\\0\\0\\0\\0\\0\\0\\0\\0\\0\\0\\0\\0\\0\\0\\0\\0\\0\\0\\0\\0\\0\\0"	"3C 72 E5 BB 8E D6 7C 82 A4 82 ED 82 CE 82 DD 3E"	"53 65 72 70 65 6E 74 00 00 00 00 00 00 00 00 00"
"SLPS_258.37"	"0x4AEB80"	"4909952"	"0x4AEBA1"	"34"	"\\0\\0\\0\\0\\0\\0\\0\\0\\0\\0\\0\\0\\0\\0\\0\\0<r二凪|ふたなぎ>ノ<r草薙|くさなぎ>\\0\\0\\0\\0\\0\\0\\0\\0\\0\\0\\0\\0\\0\\0<r"	"\\0\\0\\0\\0\\0\\0\\0\\0\\0\\0\\0\\0\\0\\0\\0\\0Twin Kusanagi\\0\\0\\0\\0\\0\\0\\0\\0\\0\\0\\0\\0\\0\\0\\0\\0\\0\\0\\0\\0\\0\\0\\0\\0\\0\\0\\0\\0\\0\\0\\0\\0\\0\\0\\0De"	"3C 72 93 F1 93 E2 7C 82 D3 82 BD 82 C8 82 AC 3E 83 6D 3C 72 91 90 93 E3 7C 82 AD 82 B3 82 C8 82"	"54 77 69 6E 20 4B 75 73 61 6E 61 67 69 00 00 00 00 00 00 00 00 00 00 00 00 00 00 00 00 00 00 00"
"SLPS_258.37"	"0x4AEBB0"	"4910000"	"0x4AEC01"	"82"	"ｬ>\\0\\0\\0\\0\\0\\0\\0\\0\\0\\0\\0\\0\\0\\0<r死術|しじゅつ>・<r帰魂遊戯|きこんゆうぎ>\\0\\0\\0\\0\\0\\0<r木遁|もくとん>・<r飛乃木|ひのき>\\0\\0\\0\\0\\0\\0\\0\\0\\0\\0\\0\\0\\0\\0<r"	"\\0\\0\\0\\0\\0\\0\\0\\0\\0\\0\\0\\0\\0\\0\\0\\0Death Art: Soul Return\\0\\0\\0\\0\\0\\0\\0\\0\\0\\0\\0\\0\\0\\0\\0\\0\\0\\0\\0\\0\\0\\0\\0\\0\\0\\0Wood Style: Hinoki\\0\\0\\0\\0\\0\\0\\0\\0\\0\\0\\0\\0\\0\\0\\0\\0\\0\\0\\0\\0\\0\\0\\0\\0\\0\\0\\0\\0\\0\\0Wo"	"3C 72 8E 80 8F 70 7C 82 B5 82 B6 82 E3 82 C2 3E 81 45 3C 72 8B 41 8D B0 97 56 8B 59 7C 82 AB 82"	"44 65 61 74 68 20 41 72 74 3A 20 53 6F 75 6C 20 52 65 74 75 72 6E 00 00 00 00 00 00 00 00 00 00"
"SLPS_258.37"	"0x4AEC10"	"4910096"	"0x4AEC2F"	"32"	"ｫ>\\0\\0\\0\\0\\0\\0\\0\\0\\0\\0\\0\\0\\0\\0<r木遁|もくとん>・<r梁木|やなぎ>\\0\\0\\0\\0\\0\\0\\0\\0\\0\\0\\0\\0\\0\\0\\0\\0"	"\\0\\0\\0\\0\\0\\0\\0\\0\\0\\0\\0\\0\\0\\0\\0\\0Wood Style: Willow\\0\\0\\0\\0\\0\\0\\0\\0\\0\\0\\0\\0\\0\\0\\0\\0\\0\\0\\0\\0\\0\\0\\0\\0\\0\\0\\0\\0\\0\\0"	"3C 72 96 D8 93 D9 7C 82 E0 82 AD 82 C6 82 F1 3E 81 45 3C 72 97 C0 96 D8 7C 82 E2 82 C8 82 AC 3E"	"57 6F 6F 64 20 53 74 79 6C 65 3A 20 57 69 6C 6C 6F 77 00 00 00 00 00 00 00 00 00 00 00 00 00 00"
"SLPS_258.37"	"0x4AEC40"	"4910144"	"0x4AEC81"	"66"	"\\0\\0\\0\\0\\0\\0\\0\\0\\0\\0\\0\\0\\0\\0\\0\\0<r忍法|にんぽう>・<r超獣偽画|ちょうじゅうぎが>　<r白描|はくびょう>\\0\\0\\0\\0\\0\\0\\0\\0\\0\\0\\0\\0\\0\\0<r"	"\\0\\0\\0\\0\\0\\0\\0\\0\\0\\0\\0\\0\\0\\0\\0\\0Ninja Art: Super Beast Scroll: Sketch\\0\\0\\0\\0\\0\\0\\0\\0\\0\\0\\0\\0\\0\\0\\0\\0\\0\\0\\0\\0\\0\\0\\0\\0\\0\\0\\0\\0\\0\\0\\0\\0\\0\\0\\0\\0\\0\\0\\0\\0\\0\\0\\0Ni"	"3C 72 94 45 96 40 7C 82 C9 82 F1 82 DB 82 A4 3E 81 45 3C 72 92 B4 8F 62 8B 55 89 E6 7C 82 BF 82"	"4E 69 6E 6A 61 20 41 72 74 3A 20 53 75 70 65 72 20 42 65 61 73 74 20 53 63 72 6F 6C 6C 3A 20 53"
"SLPS_258.37"	"0x4AEC90"	"4910224"	"0x4AED2F"	"160"	"､>\\0\\0\\0\\0\\0\\0\\0\\0\\0\\0\\0\\0\\0\\0<r忍法|にんぽう>・<r超獣偽画|ちょうじゅうぎが>　<r龍|りゅう>\\0\\0\\0\\0<r草薙|くさなぎ>の<r舞|まい>\\0\\0\\0\\0<r翔|か>け<r鳥崩|どりくず>し\\0\\0\\0\\0<r千鳥|ちどり>・<r雷鳴|らいめい>\\0\\0\\0\\0\\0\\0\\0\\0\\0\\0\\0\\0\\0\\0\\0\\0"	"\\0\\0\\0\\0\\0\\0\\0\\0\\0\\0\\0\\0\\0\\0\\0\\0Ninja Art: Super Beast Scroll: Dragon\\0\\0\\0\\0\\0\\0\\0\\0\\0\\0\\0\\0\\0\\0\\0\\0\\0\\0\\0\\0\\0\\0\\0\\0\\0\\0\\0Kusanagi Dance\\0\\0\\0\\0\\0\\0\\0\\0\\0\\0\\0\\0\\0\\0\\0\\0\\0\\0Flying Bird Break\\0\\0\\0\\0\\0\\0\\0\\0\\0\\0\\0\\0\\0\\0\\0Chidori: Thunder\\0\\0\\0\\0\\0\\0\\0\\0\\0\\0\\0\\0\\0\\0\\0\\0\\0\\0\\0\\0\\0\\0\\0\\0\\0\\0\\0\\0\\0\\0\\0\\0"	"3C 72 94 45 96 40 7C 82 C9 82 F1 82 DB 82 A4 3E 81 45 3C 72 92 B4 8F 62 8B 55 89 E6 7C 82 BF 82"	"4E 69 6E 6A 61 20 41 72 74 3A 20 53 75 70 65 72 20 42 65 61 73 74 20 53 63 72 6F 6C 6C 3A 20 44"
"SLPS_258.37"	"0x4B01E0"	"4915680"	"0x4B0240"	"97"	".\\0\\0\\0t\\0\\0\\0.\\0\\0\\0u\\0\\0\\0<ruby瞬身|しゅんしん>の<ruby巻物|まきもの>\\0\\0\\0\\0\\0\\0アイテムポーチ\\0\\0<ruby風魔手裏剣|ふうましゅりけん>\\0\\0\\0\\0\\0\\0\\0\\0\\0\\0\\0\\0\\0\\0\\0<"	".\\0\\0\\0t\\0\\0\\0.\\0\\0\\0u\\0\\0\\0Teleport Scroll\\0\\0\\0\\0\\0\\0\\0\\0\\0\\0\\0\\0\\0\\0\\0\\0\\0\\0\\0\\0\\0\\0\\0\\0\\0\\0\\0\\0\\0\\0\\0\\0\\0Item Pouch\\0\\0\\0\\0\\0\\0Demon Shuriken\\0\\0\\0\\0\\0\\0\\0\\0\\0\\0\\0\\0\\0\\0\\0\\0\\0\\0\\0\\0\\0\\0\\0\\0\\0\\0\\0\\0\\0\\0\\0\\0\\0\\0G"	"3C 72 75 62 79 8F 75 90 67 7C 82 B5 82 E3 82 F1 82 B5 82 F1 3E 82 CC 3C 72 75 62 79 8A AA 95 A8"	"54 65 6C 65 70 6F 72 74 20 53 63 72 6F 6C 6C 00 00 00 00 00 00 00 00 00 00 00 00 00 00 00 00 00"
"SLPS_258.37"	"0x4B0250"	"4915792"	"0x4B0286"	"55"	">\\0\\0\\0\\0\\0\\0\\0\\0\\0\\0\\0\\0\\0\\0\\0<ruby根性|こんじょう>のおもり\\0\\0\\0<ruby起爆|きばく>クナイ\\0\\0\\0\\0\\0\\0\\0\\0\\0<ruby毒"	"\\0\\0\\0\\0\\0\\0\\0\\0\\0\\0\\0\\0\\0\\0\\0\\0Guts Weight\\0\\0\\0\\0\\0\\0\\0\\0\\0\\0\\0\\0\\0\\0\\0\\0\\0\\0\\0\\0\\0Explosive Kunai\\0\\0\\0\\0\\0\\0\\0\\0\\0\\0\\0\\0\\0\\0\\0\\0\\0Poison"	"3C 72 75 62 79 8D AA 90 AB 7C 82 B1 82 F1 82 B6 82 E5 82 A4 3E 82 CC 82 A8 82 E0 82 E8 00 00 00"	"47 75 74 73 20 57 65 69 67 68 74 00 00 00 00 00 00 00 00 00 00 00 00 00 00 00 00 00 00 00 00 00"
"SLPS_258.37"	"0x4B0290"	"4915856"	"0x4B02E6"	"87"	">クナイ\\0\\0\\0\\0\\0\\0\\0\\0\\0<ruby毒煙玉|どくけむりだま>\\0\\0\\0\\0\\0<ruby撒|ま>き<ruby菱|びし>\\0\\0\\0\\0\\0\\0<ruby起爆札|きばくふだ>\\0\\0\\0\\0\\0\\0\\0\\0\\0<ruby呪"	"\\0\\0\\0\\0\\0\\0\\0\\0\\0\\0\\0\\0\\0\\0\\0\\0Poison Smoke\\0\\0\\0\\0\\0\\0\\0\\0\\0\\0\\0\\0\\0\\0\\0\\0\\0\\0\\0\\0Caltrops\\0\\0\\0\\0\\0\\0\\0\\0\\0\\0\\0\\0\\0\\0\\0\\0\\0\\0\\0\\0\\0\\0\\0\\0Explosive Tag\\0\\0\\0\\0\\0\\0\\0\\0\\0\\0\\0\\0\\0\\0\\0\\0\\0\\0\\0Curse T"	"3C 72 75 62 79 93 C5 89 8C 8B CA 7C 82 C7 82 AD 82 AF 82 DE 82 E8 82 BE 82 DC 3E 00 00 00 00 00"	"50 6F 69 73 6F 6E 20 53 6D 6F 6B 65 00 00 00 00 00 00 00 00 00 00 00 00 00 00 00 00 00 00 00 00"
"SLPS_258.37"	"0x4B02F0"	"4915952"	"0x4B0342"	"83"	"くふだ>\\0\\0\\0\\0\\0\\0\\0\\0\\0<ruby呪札|じゅさつ>　<ruby鎧崩|よろいくず>し\\0\\0\\0\\0<ruby千影手裏剣|せんえいしゅりけん>\\0\\0\\0\\0\\0\\0\\0\\0\\0\\0\\0\\0\\0<ru"	"\\0\\0\\0\\0\\0\\0\\0\\0\\0\\0\\0\\0\\0\\0\\0\\0Curse Tag: Armor Break\\0\\0\\0\\0\\0\\0\\0\\0\\0\\0\\0\\0\\0\\0\\0\\0\\0\\0\\0\\0\\0\\0\\0\\0\\0\\0Shadow Shuriken\\0\\0\\0\\0\\0\\0\\0\\0\\0\\0\\0\\0\\0\\0\\0\\0\\0\\0\\0\\0\\0\\0\\0\\0\\0\\0\\0\\0\\0\\0\\0\\0\\0Bur"	"3C 72 75 62 79 8E F4 8E 44 7C 82 B6 82 E3 82 B3 82 C2 3E 81 40 3C 72 75 62 79 8A 5A 95 F6 7C 82"	"43 75 72 73 65 20 54 61 67 3A 20 41 72 6D 6F 72 20 42 72 65 61 6B 00 00 00 00 00 00 00 00 00 00"
"SLPS_258.37"	"0x4B0350"	"4916048"	"0x4B0386"	"55"	"ん>\\0\\0\\0\\0\\0\\0\\0\\0\\0\\0\\0\\0\\0<ruby炸裂|さくれつ>クナイ\\0\\0\\0\\0\\0\\0\\0<ruby起爆|きばく>シール\\0\\0\\0\\0\\0\\0\\0\\0\\0<ruby蝦"	"\\0\\0\\0\\0\\0\\0\\0\\0\\0\\0\\0\\0\\0\\0\\0\\0Burst Kunai\\0\\0\\0\\0\\0\\0\\0\\0\\0\\0\\0\\0\\0\\0\\0\\0\\0\\0\\0\\0\\0Blast Seal\\0\\0\\0\\0\\0\\0\\0\\0\\0\\0\\0\\0\\0\\0\\0\\0\\0\\0\\0\\0\\0\\0Toad Oi"	"3C 72 75 62 79 E0 79 97 F4 7C 82 B3 82 AD 82 EA 82 C2 3E 83 4E 83 69 83 43 00 00 00 00 00 00 00"	"42 75 72 73 74 20 4B 75 6E 61 69 00 00 00 00 00 00 00 00 00 00 00 00 00 00 00 00 00 00 00 00 00"
"SLPS_258.37"	"0x4B0390"	"4916112"	"0x4B03A6"	"23"	">シール\\0\\0\\0\\0\\0\\0\\0\\0\\0<ruby蝦蟇油|ガマあぶら>\\0\\0\\0\\0\\0\\0\\0\\0\\0<ruby博"	"\\0\\0\\0\\0\\0\\0\\0\\0\\0\\0\\0\\0\\0\\0\\0\\0Toad Oil\\0\\0\\0\\0\\0\\0\\0\\0\\0\\0\\0\\0\\0\\0\\0\\0\\0\\0\\0\\0\\0\\0\\0\\0Gamble"	"3C 72 75 62 79 89 DA E5 AF 96 FB 7C 83 4B 83 7D 82 A0 82 D4 82 E7 3E"	"54 6F 61 64 20 4F 69 6C 00 00 00 00 00 00 00 00 00 00 00 00 00 00 00"
"SLPS_258.37"	"0x4B03B0"	"4916144"	"0x4B03C6"	"23"	"あぶら>\\0\\0\\0\\0\\0\\0\\0\\0\\0<ruby博打玉|ばくちだま>\\0\\0\\0\\0\\0\\0\\0\\0\\0<ruby痺"	"\\0\\0\\0\\0\\0\\0\\0\\0\\0\\0\\0\\0\\0\\0\\0\\0Gamble Ball\\0\\0\\0\\0\\0\\0\\0\\0\\0\\0\\0\\0\\0\\0\\0\\0\\0\\0\\0\\0\\0Stun Ba"	"3C 72 75 62 79 94 8E 91 C5 8B CA 7C 82 CE 82 AD 82 BF 82 BE 82 DC 3E"	"47 61 6D 62 6C 65 20 42 61 6C 6C 00 00 00 00 00 00 00 00 00 00 00 00"
"SLPS_258.37"	"0x4B03D0"	"4916176"	"0x4B0413"	"68"	"ちだま>\\0\\0\\0\\0\\0\\0\\0\\0\\0<ruby痺|しび>れ<ruby玉|たま>\\0\\0\\0\\0<ruby上忍|じょうにん>の<ruby靴|くつ>\\0\\0\\0\\0\\0\\0\\0\\0\\0\\0\\0\\0<rub"	"\\0\\0\\0\\0\\0\\0\\0\\0\\0\\0\\0\\0\\0\\0\\0\\0Stun Ball\\0\\0\\0\\0\\0\\0\\0\\0\\0\\0\\0\\0\\0\\0\\0\\0\\0\\0\\0\\0\\0\\0\\0Jonin Shoes\\0\\0\\0\\0\\0\\0\\0\\0\\0\\0\\0\\0\\0\\0\\0\\0\\0\\0\\0\\0\\0\\0\\0\\0\\0\\0\\0\\0\\0\\0\\0\\0\\0\\0\\0\\0\\0Food"	"3C 72 75 62 79 E1 83 7C 82 B5 82 D1 3E 82 EA 3C 72 75 62 79 8B CA 7C 82 BD 82 DC 3E 00 00 00 00"	"53 74 75 6E 20 42 61 6C 6C 00 00 00 00 00 00 00 00 00 00 00 00 00 00 00 00 00 00 00 00 00 00 00"
"SLPS_258.37"	"0x4B0420"	"4916256"	"0x4B04C6"	"167"	"ｭつ>\\0\\0\\0\\0\\0\\0\\0\\0\\0\\0\\0\\0<ruby兵糧丸|ひょうろうがん>\\0\\0\\0\\0\\0<ruby雲隠|くもがく>れの<ruby巻物|まきもの>\\0\\0\\0\\0\\0\\0カカシ<ruby人形|にんぎょう>\\0\\0\\0\\0\\0<ruby亀甲丸|きっこうがん>\\0\\0\\0\\0\\0\\0\\0<ruby元気丸|げんきがん>\\0\\0\\0\\0\\0\\0\\0\\0\\0<ruby医"	"\\0\\0\\0\\0\\0\\0\\0\\0\\0\\0\\0\\0\\0\\0\\0\\0Food Pill\\0\\0\\0\\0\\0\\0\\0\\0\\0\\0\\0\\0\\0\\0\\0\\0\\0\\0\\0\\0\\0\\0\\0Cloud Scroll\\0\\0\\0\\0\\0\\0\\0\\0\\0\\0\\0\\0\\0\\0\\0\\0\\0\\0\\0\\0\\0\\0\\0\\0\\0\\0\\0\\0\\0\\0\\0\\0\\0\\0\\0\\0Kakashi Doll\\0\\0\\0\\0\\0\\0\\0\\0\\0\\0\\0\\0\\0\\0\\0\\0\\0\\0\\0\\0Shell Pill\\0\\0\\0\\0\\0\\0\\0\\0\\0\\0\\0\\0\\0\\0\\0\\0\\0\\0\\0\\0\\0\\0Energy Pill\\0\\0\\0\\0\\0\\0\\0\\0\\0\\0\\0\\0\\0\\0\\0\\0\\0\\0\\0\\0\\0Medical"	"3C 72 75 62 79 95 BA 97 C6 8A DB 7C 82 D0 82 E5 82 A4 82 EB 82 A4 82 AA 82 F1 3E 00 00 00 00 00"	"46 6F 6F 64 20 50 69 6C 6C 00 00 00 00 00 00 00 00 00 00 00 00 00 00 00 00 00 00 00 00 00 00 00"
"SLPS_258.37"	"0x4B04D0"	"4916432"	"0x4B04E8"	"25"	"きがん>\\0\\0\\0\\0\\0\\0\\0\\0\\0<ruby医療|いりょう>パック\\0\\0\\0\\0\\0\\0\\0.\\0\\0\\0・[\\0."	"\\0\\0\\0\\0\\0\\0\\0\\0\\0\\0\\0\\0\\0\\0\\0\\0Medical Pack\\0\\0\\0\\0\\0\\0\\0\\0\\0\\0\\0\\0\\0\\0\\0\\0\\0\\0\\0\\0.\\0\\0\\0・[\\0."	"3C 72 75 62 79 88 E3 97 C3 7C 82 A2 82 E8 82 E5 82 A4 3E 83 70 83 62 83 4E"	"4D 65 64 69 63 61 6C 20 50 61 63 6B 00 00 00 00 00 00 00 00 00 00 00 00 00"
"SLPS_258.37"	"0x4B19DD"	"4921821"	"0x4B1A9D"	"193"	"\\0\\0\\0<color00FFFF>マスターモード<colorFFFFFF>では<r広大|こうだい>な<r世界|せかい>を<r舞台|ぶたい>に、<r成長|せいちょう>したうずまきナルトの<r新|あたら>しい<r物語|ものがたり>を<r体験|たいけん>することができます。\\0\\0<color00FFFF>・"	"\\0\\0\\0<color00FFFF>Master Mode<colorFFFFFF>: experience Naruto's new story in a vast world.\\0\\0\\0\\0\\0\\0\\0\\0\\0\\0\\0\\0\\0\\0\\0\\0\\0\\0\\0\\0\\0\\0\\0\\0\\0\\0\\0\\0\\0\\0\\0\\0\\0\\0\\0\\0\\0\\0\\0\\0\\0\\0\\0\\0\\0\\0\\0\\0\\0\\0\\0\\0\\0\\0\\0\\0\\0\\0\\0\\0\\0\\0\\0\\0\\0\\0\\0\\0\\0\\0\\0\\0\\0\\0\\0\\0\\0\\0\\0\\0\\0\\0\\0\\0\\0\\0\\0\\0\\0\\0\\0\\0\\0\\0\\0\\0\\0\\0\\0\\0\\0\\0\\0\\0\\0\\0\\0\\0\\0\\0\\0\\0\\0\\0\\0\\0\\0\\0\\0\\0\\0\\0\\0<color00FFFF>F"	"83 7D 83 58 83 5E 81 5B 83 82 81 5B 83 68 3C 63 6F 6C 6F 72 46 46 46 46 46 46 3E 82 C5 82 CD 3C"	"4D 61 73 74 65 72 20 4D 6F 64 65 3C 63 6F 6C 6F 72 46 46 46 46 46 46 3E 3A 20 65 78 70 65 72 69"
"SLPS_258.37"	"0x4B1AAD"	"4922029"	"0x4B1B1D"	"113"	"B\\0\\0<color00FFFF>フリーバトル<colorFFFFFF>では<r好|す>きなキャラクターを<r使|つか>って<r自由|じゆう>に<r闘|たたか>うことができます。\\0\\0\\0\\0\\0\\0\\0\\0\\0\\0\\0\\0\\0\\0"	"\\0\\0\\0<color00FFFF>Free Battle<colorFFFFFF>: fight freely with any character.\\0\\0\\0\\0\\0\\0\\0\\0\\0\\0\\0\\0\\0\\0\\0\\0\\0\\0\\0\\0\\0\\0\\0\\0\\0\\0\\0\\0\\0\\0\\0\\0\\0\\0\\0\\0\\0\\0\\0\\0\\0\\0\\0\\0\\0\\0\\0\\0\\0\\0\\0\\0\\0\\0\\0。\\0\\0\\0\\0\\0\\0\\0\\0\\0\\0\\0\\0\\0\\0"	"83 74 83 8A 81 5B 83 6F 83 67 83 8B 3C 63 6F 6C 6F 72 46 46 46 46 46 46 3E 82 C5 82 CD 3C 72 8D"	"46 72 65 65 20 42 61 74 74 6C 65 3C 63 6F 6C 6F 72 46 46 46 46 46 46 3E 3A 20 66 69 67 68 74 20"
"SLPS_258.37"	"0x4B1B3D"	"4922173"	"0x4B1BDB"	"159"	"\\0\\0\\0<color00FFFF>プラクティス<colorFFFFFF>では<r基本操作|きほんそうさ>など、<r戦闘|せんとう>に<r関|かん>する<r様々|さまざま>な<r練習|れんしゅう>を<r行|おこな>うことができます。\\0\\0\\0\\0<color00FFFF"	"\\0\\0\\0<color00FFFF>Practice<colorFFFFFF>: train basic controls and battle actions.\\0\\0\\0\\0\\0\\0\\0\\0\\0\\0\\0\\0\\0\\0\\0\\0\\0\\0\\0\\0\\0\\0\\0\\0\\0\\0\\0\\0\\0\\0\\0\\0\\0\\0\\0\\0\\0\\0\\0\\0\\0\\0\\0\\0\\0\\0\\0\\0\\0\\0\\0\\0\\0\\0\\0\\0\\0\\0\\0\\0\\0\\0\\0\\0\\0\\0\\0\\0\\0\\0\\0\\0\\0\\0\\0\\0\\0\\0\\0\\0\\0\\0\\0\\0\\0\\0\\0\\0\\0\\0\\0\\0\\0\\0\\0\\0\\0\\0\\0\\0<color00FFFF"	"83 76 83 89 83 4E 83 65 83 42 83 58 3C 63 6F 6C 6F 72 46 46 46 46 46 46 3E 82 C5 82 CD 3C 72 8A"	"50 72 61 63 74 69 63 65 3C 63 6F 6C 6F 72 46 46 46 46 46 46 3E 3A 20 74 72 61 69 6E 20 62 61 73"
"SLPS_258.37"	"0x4B1BED"	"4922349"	"0x4B1C2F"	"67"	"\\0\\0\\0<color00FFFF>ミニゲーム<colorFFFFFF>ではミニゲームで<r遊|あそ>ぶことができます。\\0\\0\\0\\0\\0\\0\\0\\0\\0\\0\\0\\0\\0\\0\\0\\0"	"\\0\\0\\0<color00FFFF>Minigame<colorFFFFFF>: play minigames.\\0\\0\\0\\0\\0\\0\\0\\0\\0\\0\\0\\0\\0\\0\\0\\0\\0\\0\\0\\0\\0\\0\\0\\0\\0\\0\\0\\0\\0\\0\\0\\0\\0\\0\\0\\0\\0\\0\\0\\0\\0\\0\\0\\0\\0"	"83 7E 83 6A 83 51 81 5B 83 80 3C 63 6F 6C 6F 72 46 46 46 46 46 46 3E 82 C5 82 CD 83 7E 83 6A 83"	"4D 69 6E 69 67 61 6D 65 3C 63 6F 6C 6F 72 46 46 46 46 46 46 3E 3A 20 70 6C 61 79 20 6D 69 6E 69"
"SLPS_258.37"	"0x4B1C4D"	"4922445"	"0x4B1CC9"	"125"	"\\0\\0\\0<color00FFFF>ショップ<colorFFFFFF>ではお<r金|かね>を<r払|はら>ってコレクション<r用|よう>のアイテムを<r購入|こうにゅう>することができます。\\0\\0\\0\\0\\0\\0<color00FF"	"\\0\\0\\0<color00FFFF>Shop<colorFFFFFF>: buy collection items with money.\\0\\0\\0\\0\\0\\0\\0\\0\\0\\0\\0\\0\\0\\0\\0\\0\\0\\0\\0\\0\\0\\0\\0\\0\\0\\0\\0\\0\\0\\0\\0\\0\\0\\0\\0\\0\\0\\0\\0\\0\\0\\0\\0\\0\\0\\0\\0\\0\\0\\0\\0\\0\\0\\0\\0\\0\\0\\0\\0\\0\\0\\0\\0\\0\\0\\0\\0\\0\\0\\0\\0\\0\\0\\0\\0\\0\\0\\0\\0\\0<color00FF"	"83 56 83 87 83 62 83 76 3C 63 6F 6C 6F 72 46 46 46 46 46 46 3E 82 C5 82 CD 82 A8 3C 72 8B E0 7C"	"53 68 6F 70 3C 63 6F 6C 6F 72 46 46 46 46 46 46 3E 3A 20 62 75 79 20 63 6F 6C 6C 65 63 74 69 6F"
"SLPS_258.37"	"0x4B1CDD"	"4922589"	"0x4B1D5D"	"129"	"\\0\\0\\0<color00FFFF>コレクション<colorFFFFFF>ではショップで<r購入|こうにゅう>したコレクション<r用|よう>アイテムを<r閲覧|えつらん>することができます。\\0\\0<color00FFFF>・"	"\\0\\0\\0<color00FFFF>Collection<colorFFFFFF>: view items bought in the shop.\\0\\0\\0\\0\\0\\0\\0\\0\\0\\0\\0\\0\\0\\0\\0\\0\\0\\0\\0\\0\\0\\0\\0\\0\\0\\0\\0\\0\\0\\0\\0\\0\\0\\0\\0\\0\\0\\0\\0\\0\\0\\0\\0\\0\\0\\0\\0\\0\\0\\0\\0\\0\\0\\0\\0\\0\\0\\0\\0\\0\\0\\0\\0\\0\\0\\0\\0\\0\\0\\0\\0\\0\\0\\0\\0\\0<color00FFFF>O"	"83 52 83 8C 83 4E 83 56 83 87 83 93 3C 63 6F 6C 6F 72 46 46 46 46 46 46 3E 82 C5 82 CD 83 56 83"	"43 6F 6C 6C 65 63 74 69 6F 6E 3C 63 6F 6C 6F 72 46 46 46 46 46 46 3E 3A 20 76 69 65 77 20 69 74"
"SLPS_258.37"	"0x4B1D6D"	"4922733"	"0x4B1DD9"	"109"	"B\\0\\0<color00FFFF>オプション<colorFFFFFF>では<r各種|かくしゅ><r設定|せってい>の<r変更|へんこう>を<r行|おこな>うことができます。\\0\\0\\0\\0\\0\\0ﾐ.[\\0..[\\00."	"\\0\\0\\0<color00FFFF>Options<colorFFFFFF>: change various settings.\\0\\0\\0\\0\\0\\0\\0\\0\\0\\0\\0\\0\\0\\0\\0\\0\\0\\0\\0\\0\\0\\0\\0\\0\\0\\0\\0\\0\\0\\0\\0\\0\\0\\0\\0\\0\\0\\0\\0\\0\\0\\0\\0\\0\\0\\0\\0\\0\\0\\0\\0\\0\\0\\0\\0\\0\\0\\0\\0\\0\\0\\0\\0\\0\\0\\0\\0\\0\\0ﾐ.[\\0..[\\00."	"83 49 83 76 83 56 83 87 83 93 3C 63 6F 6C 6F 72 46 46 46 46 46 46 3E 82 C5 82 CD 3C 72 8A 65 8E"	"4F 70 74 69 6F 6E 73 3C 63 6F 6C 6F 72 46 46 46 46 46 46 3E 3A 20 63 68 61 6E 67 65 20 76 61 72"
"SLPS_258.37"	"0x4B1E00"	"4922880"	"0x4B1E2B"	"44"	"@.[\\0ﾐ.[\\0`.[\\0\\0\\0\\0\\0タイトル<r画面|がめん>に<r戻|もど>りますか？\\0\\0\\0\\0このモードは"	"@.[\\0ﾐ.[\\0`.[\\0\\0\\0\\0\\0Return to Title Screen?\\0\\0\\0\\0\\0\\0\\0\\0\\0\\0\\0\\0\\0\\0\\0\\0\\0\\0\\0\\0\\0\\0\\0\\0\\0このモードは"	"83 5E 83 43 83 67 83 8B 3C 72 89 E6 96 CA 7C 82 AA 82 DF 82 F1 3E 82 C9 3C 72 96 DF 7C 82 E0 82"	"52 65 74 75 72 6E 20 74 6F 20 54 69 74 6C 65 20 53 63 72 65 65 6E 3F 00 00 00 00 00 00 00 00 00"
"SLPS_258.37"	"0x4B2230"	"4923952"	"0x4B22D5"	"166"	"\\0\\0\\0\\0\\0\\0\\0\\0\\0\\0\\0\\0\\0\\0\\0\\0<r変更|へんこう>したいボタン・<r項目|こうもく>を<iconOK>ボタンで<r選択|せんたく>し、<r方向|ほうこう>キー<r左右|さゆう>で<r操作|そうさ>を<r変更|へんこう>してください。\\0\\0\\0\\0\\0\\0\\0\\0\\0\\0１Ｐの"	"\\0\\0\\0\\0\\0\\0\\0\\0\\0\\0\\0\\0\\0\\0\\0\\0Select a button/item with <iconOK>, then change it with Left/Right.\\0\\0\\0\\0\\0\\0\\0\\0\\0\\0\\0\\0\\0\\0\\0\\0\\0\\0\\0\\0\\0\\0\\0\\0\\0\\0\\0\\0\\0\\0\\0\\0\\0\\0\\0\\0\\0\\0\\0\\0\\0\\0\\0\\0\\0\\0\\0\\0\\0\\0\\0\\0\\0\\0\\0\\0\\0\\0\\0\\0\\0\\0\\0\\0\\0\\0\\0\\0\\0\\0\\0\\0\\0\\0\\0\\0\\0\\0\\0\\0\\0\\0\\0\\0\\0\\0\\0\\0\\0\\0\\0\\0\\0\\0\\0\\0\\0\\0\\0\\0\\0\\0\\0\\0\\0\\0\\0\\0\\01P con"	"3C 72 95 CF 8D 58 7C 82 D6 82 F1 82 B1 82 A4 3E 82 B5 82 BD 82 A2 83 7B 83 5E 83 93 81 45 3C 72"	"53 65 6C 65 63 74 20 61 20 62 75 74 74 6F 6E 2F 69 74 65 6D 20 77 69 74 68 20 3C 69 63 6F 6E 4F"
"SLPS_258.37"	"0x4B22E0"	"4924128"	"0x4B2321"	"66"	"さい。\\0\\0\\0\\0\\0\\0\\0\\0\\0\\0１Ｐの<r操作設定|そうさせってい>をデフォルトに<r戻|もど>しました。\\0\\0\\0\\0\\0\\0\\0\\0\\0\\0\\0\\0\\0\\0２"	"\\0\\0\\0\\0\\0\\0\\0\\0\\0\\0\\0\\0\\0\\0\\0\\01P controls restored to default.\\0\\0\\0\\0\\0\\0\\0\\0\\0\\0\\0\\0\\0\\0\\0\\0\\0\\0\\0\\0\\0\\0\\0\\0\\0\\0\\0\\0\\0\\0\\0\\0\\0\\0\\0\\0\\0\\0\\0\\0\\0\\0\\0\\0\\0\\0\\0\\02P"	"82 50 82 6F 82 CC 3C 72 91 80 8D EC 90 DD 92 E8 7C 82 BB 82 A4 82 B3 82 B9 82 C1 82 C4 82 A2 3E"	"31 50 20 63 6F 6E 74 72 6F 6C 73 20 72 65 73 74 6F 72 65 64 20 74 6F 20 64 65 66 61 75 6C 74 2E"
"SLPS_258.37"	"0x4B2330"	"4924208"	"0x4B2371"	"66"	"。\\0\\0\\0\\0\\0\\0\\0\\0\\0\\0\\0\\0\\0\\0２Ｐの<r操作設定|そうさせってい>をデフォルトに<r戻|もど>しました。\\0\\0\\0\\0\\0\\0\\0\\0\\0\\0\\0\\0\\0\\0<i"	"\\0\\0\\0\\0\\0\\0\\0\\0\\0\\0\\0\\0\\0\\0\\0\\02P controls restored to default.\\0\\0\\0\\0\\0\\0\\0\\0\\0\\0\\0\\0\\0\\0\\0\\0\\0\\0\\0\\0\\0\\0\\0\\0\\0\\0\\0\\0\\0\\0\\0\\0\\0\\0\\0\\0\\0\\0\\0\\0\\0\\0\\0\\0\\0\\0\\0\\0<i"	"82 51 82 6F 82 CC 3C 72 91 80 8D EC 90 DD 92 E8 7C 82 BB 82 A4 82 B3 82 B9 82 C1 82 C4 82 A2 3E"	"32 50 20 63 6F 6E 74 72 6F 6C 73 20 72 65 73 74 6F 72 65 64 20 74 6F 20 64 65 66 61 75 6C 74 2E"
"SLPS_258.37"	"0x4B2390"	"4924304"	"0x4B2421"	"146"	"<iconL1><iconR1>には<color00FFFF>「ガード・アイテム<r使用|しよう>・アイテム<r選択|せんたく>」<colorFFFFFF><r以外|いがい>は、<r割|わ>り<r振|ふ>ることができません。\\0\\0\\0\\0\\0\\0\\0\\0\\0\\0\\0\\0\\0\\0<i"	"<iconL1><iconR1> can only be assigned Guard, Use Item, or Item Select.\\0\\0\\0\\0\\0\\0\\0\\0\\0\\0\\0\\0\\0\\0\\0\\0\\0\\0\\0\\0\\0\\0\\0\\0\\0\\0\\0\\0\\0\\0\\0\\0\\0\\0\\0\\0\\0\\0\\0\\0\\0\\0\\0\\0\\0\\0\\0\\0\\0\\0\\0\\0\\0\\0\\0\\0\\0\\0\\0\\0\\0\\0\\0\\0\\0\\0\\0\\0\\0\\0\\0\\0\\0\\0\\0\\0\\0\\0\\0\\0\\0\\0\\0\\0\\0\\0\\0\\0\\0\\0\\0\\0\\0\\0\\0\\0\\0\\0\\0\\0\\0\\0\\0\\0\\0\\0<i"	"82 C9 82 CD 3C 63 6F 6C 6F 72 30 30 46 46 46 46 3E 81 75 83 4B 81 5B 83 68 81 45 83 41 83 43 83"	"20 63 61 6E 20 6F 6E 6C 79 20 62 65 20 61 73 73 69 67 6E 65 64 20 47 75 61 72 64 2C 20 55 73 65"
"SLPS_258.37"	"0x4B2440"	"4924480"	"0x4B24D1"	"146"	"<iconL2><iconR2>には<color00FFFF>「ガード・アイテム<r使用|しよう>・アイテム<r選択|せんたく>」<colorFFFFFF><r以外|いがい>は、<r割|わ>り<r振|ふ>ることができません。\\0\\0\\0\\0\\0\\0\\0\\0\\0\\0\\0\\0\\0\\0<c"	"<iconL2><iconR2> can only be assigned Guard, Use Item, or Item Select.\\0\\0\\0\\0\\0\\0\\0\\0\\0\\0\\0\\0\\0\\0\\0\\0\\0\\0\\0\\0\\0\\0\\0\\0\\0\\0\\0\\0\\0\\0\\0\\0\\0\\0\\0\\0\\0\\0\\0\\0\\0\\0\\0\\0\\0\\0\\0\\0\\0\\0\\0\\0\\0\\0\\0\\0\\0\\0\\0\\0\\0\\0\\0\\0\\0\\0\\0\\0\\0\\0\\0\\0\\0\\0\\0\\0\\0\\0\\0\\0\\0\\0\\0\\0\\0\\0\\0\\0\\0\\0\\0\\0\\0\\0\\0\\0\\0\\0\\0\\0\\0\\0\\0\\0\\0\\0<c"	"82 C9 82 CD 3C 63 6F 6C 6F 72 30 30 46 46 46 46 3E 81 75 83 4B 81 5B 83 68 81 45 83 41 83 43 83"	"20 63 61 6E 20 6F 6E 6C 79 20 62 65 20 61 73 73 69 67 6E 65 64 20 47 75 61 72 64 2C 20 55 73 65"
"SLPS_258.37"	"0x4B24ED"	"4924653"	"0x4B2573"	"135"	"\\0\\0\\0<color00FFFF>「アイテム<r選択|せんたく>」<colorFFFFFF>は<iconL1><iconR1>か<iconL2><iconR2><r以外|いがい>には、<r割|わ>り<r振|ふ>ることができません。\\0\\0\\0\\0\\0\\0\\0\\0\\0\\0\\0\\0１Ｐ"	"\\0\\0\\0<color00FFFF>Item Select<colorFFFFFF> can only be assigned to <iconL1><iconR1> or <iconL2><iconR2>.\\0\\0\\0\\0\\0\\0\\0\\0\\0\\0\\0\\0\\0\\0\\0\\0\\0\\0\\0\\0\\0\\0\\0\\0\\0\\0\\0\\0\\0\\0\\0\\0\\0\\0\\0\\0\\0\\0\\0\\0\\0\\0\\0\\0\\0\\0\\0\\0\\0\\0\\0\\0\\0\\0\\0\\0\\0\\0\\0\\0\\0Cann"	"81 75 83 41 83 43 83 65 83 80 3C 72 91 49 91 F0 7C 82 B9 82 F1 82 BD 82 AD 3E 81 76 3C 63 6F 6C"	"49 74 65 6D 20 53 65 6C 65 63 74 3C 63 6F 6C 6F 72 46 46 46 46 46 46 3E 20 63 61 6E 20 6F 6E 6C"
"SLPS_258.37"	"0x4B2580"	"4924800"	"0x4B25C7"	"72"	"ん。\\0\\0\\0\\0\\0\\0\\0\\0\\0\\0\\0\\0１Ｐが<r変更中|へんこうちゅう>ですので、<r終了|しゅうりょう>できません。\\0\\0\\0\\0\\0\\0\\0\\0２Ｐが<r"	"\\0\\0\\0\\0\\0\\0\\0\\0\\0\\0\\0\\0\\0\\0\\0\\0Cannot exit while 1P is changing controls.\\0\\0\\0\\0\\0\\0\\0\\0\\0\\0\\0\\0\\0\\0\\0\\0\\0\\0\\0\\0\\0\\0\\0\\0\\0\\0\\0\\0\\0\\0\\0\\0\\0\\0\\0\\0\\0\\0Cannot e"	"82 50 82 6F 82 AA 3C 72 95 CF 8D 58 92 86 7C 82 D6 82 F1 82 B1 82 A4 82 BF 82 E3 82 A4 3E 82 C5"	"43 61 6E 6E 6F 74 20 65 78 69 74 20 77 68 69 6C 65 20 31 50 20 69 73 20 63 68 61 6E 67 69 6E 67"
"SLPS_258.37"	"0x4B25D0"	"4924880"	"0x4B2617"	"72"	"ません。\\0\\0\\0\\0\\0\\0\\0\\0２Ｐが<r変更中|へんこうちゅう>ですので、<r終了|しゅうりょう>できません。\\0\\0\\0\\0\\0\\0\\0\\00![\\0・[\\0"	"\\0\\0\\0\\0\\0\\0\\0\\0\\0\\0\\0\\0\\0\\0\\0\\0Cannot exit while 2P is changing controls.\\0\\0\\0\\0\\0\\0\\0\\0\\0\\0\\0\\0\\0\\0\\0\\0\\0\\0\\0\\0\\0\\0\\0\\0\\0\\0\\0\\0\\0\\0\\0\\0\\0\\0\\0\\0\\0\\00![\\0・[\\0"	"82 51 82 6F 82 AA 3C 72 95 CF 8D 58 92 86 7C 82 D6 82 F1 82 B1 82 A4 82 BF 82 E3 82 A4 3E 82 C5"	"43 61 6E 6E 6F 74 20 65 78 69 74 20 77 68 69 6C 65 20 32 50 20 69 73 20 63 68 61 6E 67 69 6E 67"
"SLPS_258.37"	"0x4B2640"	"4924992"	"0x4B2647"	"8"	"0#[\\0・[\\0.$[\\0ﾐ$[\\0奥義準備\\0\\0\\0\\0\\0\\0\\0\\0ジャンプ"	"0#[\\0・[\\0.$[\\0ﾐ$[\\0UltPrep\\0\\0\\0\\0\\0\\0\\0\\0\\0Jump\\0\\0\\0\\0"	"89 9C 8B 60 8F 80 94 F5"	"55 6C 74 50 72 65 70 00"
"SLPS_258.37"	"0x4B2650"	"4925008"	"0x4B2657"	"8"	"奥義準備\\0\\0\\0\\0\\0\\0\\0\\0ジャンプ\\0\\0\\0\\0\\0\\0\\0\\0アイテム"	"UltPrep\\0\\0\\0\\0\\0\\0\\0\\0\\0Jump\\0\\0\\0\\0\\0\\0\\0\\0\\0\\0\\0\\0Use Item"	"83 57 83 83 83 93 83 76"	"4A 75 6D 70 00 00 00 00"
"SLPS_258.37"	"0x4B2660"	"4925024"	"0x4B2687"	"40"	"ジャンプ\\0\\0\\0\\0\\0\\0\\0\\0アイテム使用\\0\\0\\0\\0アイテム選択\\0\\0\\0\\0連係攻撃\\0\\0\\0\\0\\0\\0\\0\\0@%[\\08F`\\0"	"Jump\\0\\0\\0\\0\\0\\0\\0\\0\\0\\0\\0\\0Use Item\\0\\0\\0\\0\\0\\0\\0\\0Item Sel.\\0\\0\\0\\0\\0\\0\\0TeamAtk\\0\\0\\0\\0\\0\\0\\0\\0\\0@%[\\08F`\\0"	"83 41 83 43 83 65 83 80 8E 67 97 70 00 00 00 00 83 41 83 43 83 65 83 80 91 49 91 F0 00 00 00 00"	"55 73 65 20 49 74 65 6D 00 00 00 00 00 00 00 00 49 74 65 6D 20 53 65 6C 2E 00 00 00 00 00 00 00"
"SLPS_258.37"	"0x4B2860"	"4925536"	"0x4B28C3"	"100"	"ANM_on_frame2\\0\\0\\0ＢＧＭ、ＳＥ、<r音声|おんせい>を<r含|ふく>む<r音量全体|おんりょうぜんたい>を<r変更|へんこう>します。\\0\\0\\0\\0\\0\\0\\0\\0\\0\\0\\0\\0<r方"	"ANM_on_frame2\\0\\0\\0Change overall volume: BGM, SE, and voices.\\0\\0\\0\\0\\0\\0\\0\\0\\0\\0\\0\\0\\0\\0\\0\\0\\0\\0\\0\\0\\0\\0\\0\\0\\0\\0\\0\\0\\0\\0\\0\\0\\0\\0\\0\\0\\0\\0\\0\\0\\0\\0\\0\\0\\0\\0\\0\\0\\0\\0\\0\\0\\0\\0\\0\\0\\0\\0\\0\\0\\0\\0\\0\\0\\0\\0\\0\\0\\0Use"	"82 61 82 66 82 6C 81 41 82 72 82 64 81 41 3C 72 89 B9 90 BA 7C 82 A8 82 F1 82 B9 82 A2 3E 82 F0"	"43 68 61 6E 67 65 20 6F 76 65 72 61 6C 6C 20 76 6F 6C 75 6D 65 3A 20 42 47 4D 2C 20 53 45 2C 20"
"SLPS_258.37"	"0x4B28D0"	"4925648"	"0x4B2945"	"118"	"す。\\0\\0\\0\\0\\0\\0\\0\\0\\0\\0\\0\\0<r方向|ほうこう>キー<r左右|さゆう>で<r出力|しゅつりょく>モードをステレオ・モノラルのいずれかに<r設定|せってい>します。\\0\\0\\0\\0\\0\\0\\0\\0\\0\\0<r音響"	"\\0\\0\\0\\0\\0\\0\\0\\0\\0\\0\\0\\0\\0\\0\\0\\0Use Left/Right to set output mode to Stereo or Mono.\\0\\0\\0\\0\\0\\0\\0\\0\\0\\0\\0\\0\\0\\0\\0\\0\\0\\0\\0\\0\\0\\0\\0\\0\\0\\0\\0\\0\\0\\0\\0\\0\\0\\0\\0\\0\\0\\0\\0\\0\\0\\0\\0\\0\\0\\0\\0\\0\\0\\0\\0\\0\\0\\0\\0\\0\\0\\0\\0\\0\\0\\0\\0\\0\\0\\0\\0\\0\\0\\0\\0\\0\\0\\0\\0\\0Sound"	"3C 72 95 FB 8C FC 7C 82 D9 82 A4 82 B1 82 A4 3E 83 4C 81 5B 3C 72 8D B6 89 45 7C 82 B3 82 E4 82"	"55 73 65 20 4C 65 66 74 2F 52 69 67 68 74 20 74 6F 20 73 65 74 20 6F 75 74 70 75 74 20 6D 6F 64"
"SLPS_258.37"	"0x4B2950"	"4925776"	"0x4B298F"	"64"	"ます。\\0\\0\\0\\0\\0\\0\\0\\0\\0\\0<r音響設定|おんきょうせってい>をデフォルトに<r戻|もど>しました。\\0\\0\\0\\0\\0\\0\\0\\0`'[\\0ﾐ'[\\0"	"\\0\\0\\0\\0\\0\\0\\0\\0\\0\\0\\0\\0\\0\\0\\0\\0Sound settings restored.\\0\\0\\0\\0\\0\\0\\0\\0\\0\\0\\0\\0\\0\\0\\0\\0\\0\\0\\0\\0\\0\\0\\0\\0\\0\\0\\0\\0\\0\\0\\0\\0\\0\\0\\0\\0\\0\\0\\0\\0\\0\\0\\0\\0\\0\\0\\0\\0`'[\\0ﾐ'[\\0"	"3C 72 89 B9 8B BF 90 DD 92 E8 7C 82 A8 82 F1 82 AB 82 E5 82 A4 82 B9 82 C1 82 C4 82 A2 3E 82 F0"	"53 6F 75 6E 64 20 73 65 74 74 69 6E 67 73 20 72 65 73 74 6F 72 65 64 2E 00 00 00 00 00 00 00 00"
"SLPS_258.37"	"0x4B2A10"	"4925968"	"0x4B2A91"	"130"	"ﾖ\\0ｼ\\0.\\0.\\0..ｼ\\0.\\0.\\0<color00FFFF>フリーバトル<colorFFFFFF>と<color00FFFF>プラクティス<colorFFFFFF>でのＣＯＭの<r強|つよ>さを<r設定|せってい>できます。\\0\\0\\0\\0\\0\\0\\0\\0\\0\\0\\0\\0\\0\\0ボ"	"ﾖ\\0ｼ\\0.\\0.\\0..ｼ\\0.\\0.\\0Set COM strength in <color00FFFF>Free Battle<colorFFFFFF> and <color00FFFF>Practice<colorFFFFFF>.\\0\\0\\0\\0\\0\\0\\0\\0\\0\\0\\0\\0\\0\\0\\0\\0\\0\\0\\0\\0\\0\\0\\0\\0\\0\\0\\0\\0\\0\\0\\0\\0\\0\\0\\0\\0\\0\\0\\0\\0\\0\\0\\0\\0\\0\\0\\0Ch"	"3C 63 6F 6C 6F 72 30 30 46 46 46 46 3E 83 74 83 8A 81 5B 83 6F 83 67 83 8B 3C 63 6F 6C 6F 72 46"	"53 65 74 20 43 4F 4D 20 73 74 72 65 6E 67 74 68 20 69 6E 20 3C 63 6F 6C 6F 72 30 30 46 46 46 46"
"SLPS_258.37"	"0x4B2AA0"	"4926112"	"0x4B2AD5"	"54"	"。\\0\\0\\0\\0\\0\\0\\0\\0\\0\\0\\0\\0\\0\\0ボタン<r操作|そうさ>の<r割|わ>り<r振|ふ>りができます。\\0\\0\\0\\0\\0\\0\\0\\0\\0\\0<r音量"	"\\0\\0\\0\\0\\0\\0\\0\\0\\0\\0\\0\\0\\0\\0\\0\\0Change button assignments.\\0\\0\\0\\0\\0\\0\\0\\0\\0\\0\\0\\0\\0\\0\\0\\0\\0\\0\\0\\0\\0\\0\\0\\0\\0\\0\\0\\0\\0\\0\\0\\0\\0\\0\\0\\0\\0\\0Change"	"83 7B 83 5E 83 93 3C 72 91 80 8D EC 7C 82 BB 82 A4 82 B3 3E 82 CC 3C 72 8A 84 7C 82 ED 3E 82 E8"	"43 68 61 6E 67 65 20 62 75 74 74 6F 6E 20 61 73 73 69 67 6E 6D 65 6E 74 73 2E 00 00 00 00 00 00"
"SLPS_258.37"	"0x4B2AE0"	"4926176"	"0x4B2BA1"	"194"	"ます。\\0\\0\\0\\0\\0\\0\\0\\0\\0\\0<r音量|おんりょう>や<r音|おと>の<r出力設定|しゅつりょくせってい>ができます。\\0\\0\\0\\0<r画面|がめん>の<r位置|いち>の<r調整|ちょうせい>ができます。\\0\\0\\0\\0<r難易度|なんいど>をデフォルトに<r戻|もど>します。\\0\\0\\0\\0\\0\\0\\0\\0\\0\\0\\0\\0\\0\\0<r"	"\\0\\0\\0\\0\\0\\0\\0\\0\\0\\0\\0\\0\\0\\0\\0\\0Change volume and audio output.\\0\\0\\0\\0\\0\\0\\0\\0\\0\\0\\0\\0\\0\\0\\0\\0\\0\\0\\0\\0\\0\\0\\0\\0\\0\\0\\0\\0\\0\\0\\0\\0\\0\\0\\0\\0\\0\\0\\0\\0\\0\\0\\0\\0\\0\\0\\0\\0\\0Adjust screen position.\\0\\0\\0\\0\\0\\0\\0\\0\\0\\0\\0\\0\\0\\0\\0\\0\\0\\0\\0\\0\\0\\0\\0\\0\\0\\0\\0\\0\\0\\0\\0\\0\\0\\0\\0\\0\\0\\0\\0\\0\\0Restore difficulty defaults.\\0\\0\\0\\0\\0\\0\\0\\0\\0\\0\\0\\0\\0\\0\\0\\0\\0\\0\\0\\0\\0\\0\\0\\0\\0\\0\\0\\0\\0\\0\\0\\0\\0\\0\\0\\0Di"	"3C 72 89 B9 97 CA 7C 82 A8 82 F1 82 E8 82 E5 82 A4 3E 82 E2 3C 72 89 B9 7C 82 A8 82 C6 3E 82 CC"	"43 68 61 6E 67 65 20 76 6F 6C 75 6D 65 20 61 6E 64 20 61 75 64 69 6F 20 6F 75 74 70 75 74 2E 00"
"SLPS_258.37"	"0x4B2BB0"	"4926384"	"0x4B2BE3"	"52"	"。\\0\\0\\0\\0\\0\\0\\0\\0\\0\\0\\0\\0\\0\\0<r難易度|なんいど>をデフォルトに<r戻|もど>しました。\\0\\0\\0\\0\\0\\0\\0\\0\\0\\0\\0\\0.)[\\0"	"\\0\\0\\0\\0\\0\\0\\0\\0\\0\\0\\0\\0\\0\\0\\0\\0Difficulty restored.\\0\\0\\0\\0\\0\\0\\0\\0\\0\\0\\0\\0\\0\\0\\0\\0\\0\\0\\0\\0\\0\\0\\0\\0\\0\\0\\0\\0\\0\\0\\0\\0\\0\\0\\0\\0\\0\\0\\0\\0\\0\\0\\0\\0.)[\\0"	"3C 72 93 EF 88 D5 93 78 7C 82 C8 82 F1 82 A2 82 C7 3E 82 F0 83 66 83 74 83 48 83 8B 83 67 82 C9"	"44 69 66 66 69 63 75 6C 74 79 20 72 65 73 74 6F 72 65 64 2E 00 00 00 00 00 00 00 00 00 00 00 00"
"SLPS_258.37"	"0x4B31FD"	"4927997"	"0x4B3306"	"266"	"\\0\\0\\0<color00FFFF>フリーバトル<colorFFFFFF>で<br>『<color00FFFF>%s<colorFFFFFF>』が<br><ruby使用可能|しようかのう>になりました。\\0\\0\\0\\0\\0<color00FFFF>フリーバトル<colorFFFFFF>で<br><r連係|れんけい>キャラクター『<color00FFFF>%s<colorFFFFFF>』が<br><ruby使用可能|しようかのう>になりました。\\0\\0\\0\\0\\0\\0\\0\\0\\0\\0\\0\\0\\0\\0\\0・"	"\\0\\0\\0<color00FFFF>%s<colorFFFFFF><br>is now usable in <color00FFFF>Free Battle<colorFFFFFF>.\\0\\0\\0\\0\\0\\0\\0\\0\\0\\0\\0\\0\\0\\0\\0\\0\\0\\0\\0\\0\\0\\0\\0\\0\\0\\0\\0\\0\\0\\0\\0\\0\\0\\0\\0\\0\\0\\0\\0\\0\\0Support character <color00FFFF>%s<colorFFFFFF><br>is now usable in <color00FFFF>Free Battle<colorFFFFFF>.\\0\\0\\0\\0\\0\\0\\0\\0\\0\\0\\0\\0\\0\\0\\0\\0\\0\\0\\0\\0\\0\\0\\0\\0\\0\\0\\0\\0\\0\\0\\0\\0\\0\\0\\0\\0\\0\\0\\0\\0\\0\\0\\0\\0\\0\\0\\0\\0\\0\\0\\0\\0\\0\\0\\0\\0\\0\\0\\0\\0\\0・"	"83 74 83 8A 81 5B 83 6F 83 67 83 8B 3C 63 6F 6C 6F 72 46 46 46 46 46 46 3E 82 C5 3C 62 72 3E 81"	"25 73 3C 63 6F 6C 6F 72 46 46 46 46 46 46 3E 3C 62 72 3E 69 73 20 6E 6F 77 20 75 73 61 62 6C 65"
"SLPS_258.37"	"0x4B41D0"	"4932048"	"0x4B41F9"	"42"	"Ｍ\\0\\0\\0\\0\\0\\0\\0\\0\\0\\0\\0\\0\\0\\0ゲームモード<r選択|せんたく>に<r戻|もど>る\\0\\0\\0\\0\\0\\0P@[\\0p@[\\0拭"	"Ｍ\\0\\0\\0\\0\\0\\0\\0\\0\\0\\0\\0\\0\\0\\0Return to Mode Select\\0\\0\\0\\0\\0\\0\\0\\0\\0\\0\\0\\0\\0\\0\\0\\0\\0\\0\\0\\0\\0\\0\\0\\0\\0\\0\\0P@[\\0p@[\\0拭"	"83 51 81 5B 83 80 83 82 81 5B 83 68 3C 72 91 49 91 F0 7C 82 B9 82 F1 82 BD 82 AD 3E 82 C9 3C 72"	"52 65 74 75 72 6E 20 74 6F 20 4D 6F 64 65 20 53 65 6C 65 63 74 00 00 00 00 00 00 00 00 00 00 00"
"SLPS_258.37"	"0x4B4220"	"4932128"	"0x4B4251"	"50"	"ﾐ@[\\0\\0\\0\\0\\0\\0\\0\\0\\0\\0\\0\\0\\0ゲームモード<r選択|せんたく>に<r戻|もど>りますか？\\0\\0\\0\\0\\0\\0\\0\\0\\0\\0\\0\\0\\0\\0タ"	"ﾐ@[\\0\\0\\0\\0\\0\\0\\0\\0\\0\\0\\0\\0\\0Return to Mode Select?\\0\\0\\0\\0\\0\\0\\0\\0\\0\\0\\0\\0\\0\\0\\0\\0\\0\\0\\0\\0\\0\\0\\0\\0\\0\\0\\0\\0\\0\\0\\0\\0\\0\\0\\0\\0\\0\\0\\0\\0\\0\\0Re"	"83 51 81 5B 83 80 83 82 81 5B 83 68 3C 72 91 49 91 F0 7C 82 B9 82 F1 82 BD 82 AD 3E 82 C9 3C 72"	"52 65 74 75 72 6E 20 74 6F 20 4D 6F 64 65 20 53 65 6C 65 63 74 3F 00 00 00 00 00 00 00 00 00 00"
"SLPS_258.37"	"0x4B4260"	"4932192"	"0x4B42B3"	"84"	"？\\0\\0\\0\\0\\0\\0\\0\\0\\0\\0\\0\\0\\0\\0タイトルに<r戻|もど>りますか？\\0\\0<r任務|にんむ><r選択|せんたく>に<r戻|もど>りますか？\\0\\0\\0\\0\\0\\0\\0\\0\\0\\0\\0\\0<r種"	"\\0\\0\\0\\0\\0\\0\\0\\0\\0\\0\\0\\0\\0\\0\\0\\0Return to Title?\\0\\0\\0\\0\\0\\0\\0\\0\\0\\0\\0\\0\\0\\0\\0\\0Return to Mission Select?\\0\\0\\0\\0\\0\\0\\0\\0\\0\\0\\0\\0\\0\\0\\0\\0\\0\\0\\0\\0\\0\\0\\0\\0\\0\\0\\0\\0\\0\\0\\0\\0\\0\\0\\0\\0\\0\\0\\0Retu"	"83 5E 83 43 83 67 83 8B 82 C9 3C 72 96 DF 7C 82 E0 82 C7 3E 82 E8 82 DC 82 B7 82 A9 81 48 00 00"	"52 65 74 75 72 6E 20 74 6F 20 54 69 74 6C 65 3F 00 00 00 00 00 00 00 00 00 00 00 00 00 00 00 00"
"SLPS_258.37"	"0x4B42C0"	"4932288"	"0x4B42F1"	"50"	"か？\\0\\0\\0\\0\\0\\0\\0\\0\\0\\0\\0\\0<r種目選択|しゅもくせんたく>に<r戻|もど>りますか？\\0\\0\\0\\0\\0\\0\\0\\0\\0\\0\\0\\0\\0\\0 A"	"\\0\\0\\0\\0\\0\\0\\0\\0\\0\\0\\0\\0\\0\\0\\0\\0Return to Event Select?\\0\\0\\0\\0\\0\\0\\0\\0\\0\\0\\0\\0\\0\\0\\0\\0\\0\\0\\0\\0\\0\\0\\0\\0\\0\\0\\0\\0\\0\\0\\0\\0\\0\\0\\0\\0\\0\\0\\0\\0\\0 A"	"3C 72 8E ED 96 DA 91 49 91 F0 7C 82 B5 82 E3 82 E0 82 AD 82 B9 82 F1 82 BD 82 AD 3E 82 C9 3C 72"	"52 65 74 75 72 6E 20 74 6F 20 45 76 65 6E 74 20 53 65 6C 65 63 74 3F 00 00 00 00 00 00 00 00 00"
"SLPS_258.37"	"0x4B4310"	"4932368"	"0x4B4331"	"34"	"A[\\0`A[\\0.A[\\0ﾀA[\\0<r連係|れんけい>モード\\0\\0マニュアル\\0\\0\\0\\0\\0\\0\\0\\0\\0\\0....ｰV"	"A[\\0`A[\\0.A[\\0ﾀA[\\0Team Mode\\0\\0\\0\\0\\0\\0\\0\\0\\0\\0\\0\\0\\0\\0\\0Manual\\0\\0\\0\\0\\0\\0\\0\\0\\0\\0\\0\\0\\0\\0....ｰV"	"3C 72 98 41 8C 57 7C 82 EA 82 F1 82 AF 82 A2 3E 83 82 81 5B 83 68 00 00 83 7D 83 6A 83 85 83 41"	"54 65 61 6D 20 4D 6F 64 65 00 00 00 00 00 00 00 00 00 00 00 00 00 00 00 4D 61 6E 75 61 6C 00 00"
"SLPS_258.37"	"0x502DF0"	"5254640"	"0x502DFD"	"14"	"MOTHER\\0\\0\\0\\0\\0\\0\\0\\0\\0\\0ナルト\\0\\0サスケ\\0\\0リー\\0\\0\\0\\0我愛羅"	"MOTHER\\0\\0\\0\\0\\0\\0\\0\\0\\0\\0Naruto\\0\\0Sasuke\\0\\0リー\\0\\0\\0\\0我愛羅"	"83 69 83 8B 83 67 00 00 83 54 83 58 83 50"	"4E 61 72 75 74 6F 00 00 53 61 73 75 6B 65"
"SLPS_258.37"	"0x502E18"	"5254680"	"0x502E1D"	"6"	"我愛羅\\0\\0ネジ\\0\\0\\0\\0サクラ\\0\\0白\\0\\0\\0\\0\\0\\0再不斬"	"我愛羅\\0\\0ネジ\\0\\0\\0\\0Sakura\\0\\0白\\0\\0\\0\\0\\0\\0再不斬"	"83 54 83 4E 83 89"	"53 61 6B 75 72 61"
"SLPS_258.37"	"0x502E58"	"5254744"	"0x502E7D"	"38"	"シノ\\0\\0\\0\\0テマリ\\0\\0次郎坊\\0\\0鬼童丸\\0\\0多由也\\0\\0左近\\0\\0\\0\\0君麻呂\\0\\0ハナビ\\0\\0アンコ"	"シノ\\0\\0\\0\\0テマリ\\0\\0Jirobo\\0\\0Kidom\\0\\0\\0Tayuya\\0\\0Sakn\\0\\0\\0\\0Kimim\\0\\0\\0ハナビ\\0\\0アンコ"	"8E 9F 98 59 96 56 00 00 8B 53 93 B6 8A DB 00 00 91 BD 97 52 96 E7 00 00 8D B6 8B DF 00 00 00 00"	"4A 69 72 6F 62 6F 00 00 4B 69 64 6F 6D 00 00 00 54 61 79 75 79 61 00 00 53 61 6B 6E 00 00 00 00"
"SLPS_258.37"	"0x502EB8"	"5254840"	"0x502EC3"	"12"	"イタチ\\0\\0鬼鮫\\0\\0\\0\\0自来也\\0\\0綱手\\0\\0\\0\\0シズネ\\0\\0アス"	"イタチ\\0\\0鬼鮫\\0\\0\\0\\0Jirai\\0\\0\\0Tsu\\0\\0\\0\\0\\0シズネ\\0\\0アス"	"8E A9 97 88 96 E7 00 00 8D 6A 8E E8"	"4A 69 72 61 69 00 00 00 54 73 75 00"
"SLPS_258.37"	"0x502EE0"	"5254880"	"0x502EE5"	"6"	"アスマ\\0\\0紅\\0\\0\\0\\0\\0\\0大蛇丸\\0\\0カブト\\0\\0ヤマト"	"アスマ\\0\\0紅\\0\\0\\0\\0\\0\\0Oroch\\0\\0\\0カブト\\0\\0ヤマト"	"91 E5 8E D6 8A DB"	"4F 72 6F 63 68 00"
"SLPS_258.37"	"0x503070"	"5255280"	"0x50307D"	"14"	"ymt\\0sai\\0ssw\\0\\0\\0\\0\\0天地橋\\0\\0短冊街\\0\\0・@\\0.9@\\0・@\\0ｰ:"	"ymt\\0sai\\0ssw\\0\\0\\0\\0\\0Bridge\\0\\0Tanzak\\0\\0・@\\0.9@\\0・@\\0ｰ:"	"93 56 92 6E 8B B4 00 00 92 5A 8D FB 8A 58"	"42 72 69 64 67 65 00 00 54 61 6E 7A 61 6B"
"SLPS_258.37"	"0x503110"	"5255440"	"0x50311D"	"14"	".E@\\0.@\\0/data??\\0はい\\0\\0\\0\\0いいえ\\0\\0ﾐH@\\0\\0\\0\\0\\0@I@\\0`I"	".E@\\0.@\\0/data??\\0Yes\\0\\0\\0\\0\\0No\\0\\0\\0\\0\\0\\0ﾐH@\\0\\0\\0\\0\\0@I@\\0`I"	"82 CD 82 A2 00 00 00 00 82 A2 82 A2 82 A6"	"59 65 73 00 00 00 00 00 4E 6F 00 00 00 00"
"SLPS_258.37"	"0x503190"	"5255568"	"0x503195"	"6"	"shade\\0\\0\\0GF4.BIN\\0なし。\\0\\0.@\\0\\0\\0\\0\\0はい\\0\\0"	"shade\\0\\0\\0GF4.BIN\\0None.\\0\\0\\0.@\\0\\0\\0\\0\\0Yes\\0\\0\\0"	"82 C8 82 B5 81 42"	"4E 6F 6E 65 2E 00"
"SLPS_258.37"	"0x5031A0"	"5255584"	"0x5031AD"	"14"	"なし。\\0\\0.@\\0\\0\\0\\0\\0はい\\0\\0\\0\\0いいえ\\0\\0@e@\\0\\0\\0\\0\\0%sＰ\\0\\0"	"None.\\0\\0\\0.@\\0\\0\\0\\0\\0Yes\\0\\0\\0\\0\\0No\\0\\0\\0\\0\\0\\0@e@\\0\\0\\0\\0\\0%sＰ\\0\\0"	"82 CD 82 A2 00 00 00 00 82 A2 82 A2 82 A6"	"59 65 73 00 00 00 00 00 4E 6F 00 00 00 00"
"SLPS_258.37"	"0x5032F8"	"5255928"	"0x503325"	"46"	")\.>ﾍﾌﾌ=\\0\\0\\0\\0\\0\\0\\0\\0ナルト\\0\\0サスケ\\0\\0リー\\0\\0\\0\\0我愛羅\\0\\0ネジ\\0\\0\\0\\0サクラ\\0\\0白\\0\\0\\0\\0\\0\\0再不斬"	")\.>ﾍﾌﾌ=\\0\\0\\0\\0\\0\\0\\0\\0Naruto\\0\\0Sasuke\\0\\0Lee\\0\\0\\0\\0\\0Gaara\\0\\0\\0Neji\\0\\0\\0\\0Sakura\\0\\0白\\0\\0\\0\\0\\0\\0Zabuza"	"83 69 83 8B 83 67 00 00 83 54 83 58 83 50 00 00 83 8A 81 5B 00 00 00 00 89 E4 88 A4 97 85 00 00"	"4E 61 72 75 74 6F 00 00 53 61 73 75 6B 65 00 00 4C 65 65 00 00 00 00 00 47 61 61 72 61 00 00 00"
"SLPS_258.37"	"0x503330"	"5255984"	"0x503353"	"36"	"サクラ\\0\\0白\\0\\0\\0\\0\\0\\0再不斬\\0\\0ヒナタ\\0\\0いの\\0\\0\\0\\0キバ\\0\\0\\0\\0シノ\\0\\0\\0\\0pxE\\0.xE\\0.\\0\\0\\0"	"Sakura\\0\\0白\\0\\0\\0\\0\\0\\0Zabuza\\0\\0Hinata\\0\\0Ino\\0\\0\\0\\0\\0Kiba\\0\\0\\0\\0Shin\\0\\0\\0\\0pxE\\0.xE\\0.\\0\\0\\0"	"8D C4 95 73 8E 61 00 00 83 71 83 69 83 5E 00 00 82 A2 82 CC 00 00 00 00 83 4C 83 6F 00 00 00 00"	"5A 61 62 75 7A 61 00 00 48 69 6E 61 74 61 00 00 49 6E 6F 00 00 00 00 00 4B 69 62 61 00 00 00 00"
"SLPS_258.37"	"0x503400"	"5256192"	"0x50341D"	"30"	"\\0\\0 B\\0\\0.テマリ\\0\\0三代目\\0\\0次郎坊\\0\\0鬼童丸\\0\\0多由也\\0\\0(-272468左近\\0\\0"	"\\0\\0 B\\0\\0.テマリ\\0\\03rd\\0\\0\\0\\0\\0Jirobo\\0\\0Kidom\\0\\0\\0Tayuya\\0\\0(-272468左近\\0\\0"	"8E 4F 91 E3 96 DA 00 00 8E 9F 98 59 96 56 00 00 8B 53 93 B6 8A DB 00 00 91 BD 97 52 96 E7"	"33 72 64 00 00 00 00 00 4A 69 72 6F 62 6F 00 00 4B 69 64 6F 6D 00 00 00 54 61 79 75 79 61"
"SLPS_258.37"	"0x503430"	"5256240"	"0x50343D"	"14"	"(-272468左近\\0\\0\\0\\0君麻呂\\0\\0ハナビ\\0\\0.\\0\\0\\0.\\0\\0\\0初代\\0\\0"	"(-272468左近\\0\\0\\0\\0Kimim\\0\\0\\0Hanabi\\0\\0.\\0\\0\\0.\\0\\0\\01st\\0\\0\\0"	"8C 4E 96 83 98 43 00 00 83 6E 83 69 83 72"	"4B 69 6D 69 6D 00 00 00 48 61 6E 61 62 69"
"SLPS_258.37"	"0x503448"	"5256264"	"0x50344B"	"4"	"ハナビ\\0\\0.\\0\\0\\0.\\0\\0\\0初代\\0\\0\\0\\0.\\0\\0\\0.\\0\\0\\0.\\0\\0\\0"	"Hanabi\\0\\0.\\0\\0\\0.\\0\\0\\01st\\0\\0\\0\\0\\0.\\0\\0\\0.\\0\\0\\0.\\0\\0\\0"	"8F 89 91 E3"	"31 73 74 00"
"SLPS_258.37"	"0x503478"	"5256312"	"0x50347D"	"6"	".\\0\\0\\0.\\0\\0\\0.\\0\\0\\0\\0\\0\\0\\0二代目\\0\\0\\0\\0\\0ﾂ\\0\\0漓.\\0\\0\\0.\\0"	".\\0\\0\\0.\\0\\0\\0.\\0\\0\\0\\0\\0\\0\\02nd\\0\\0\\0\\0\\0\\0\\0\\0ﾂ\\0\\0漓.\\0\\0\\0.\\0"	"93 F1 91 E3 96 DA"	"32 6E 64 00 00 00"
"SLPS_258.37"	"0x5039E8"	"5257704"	"0x5039F5"	"14"	"\\0\\0\\0\\0.\\0\\0\\0.\\0\\0\\0.\\0\\0\\0ガイ\\0\\0\\0\\0カカシ\\0\\0.\\0\\0\\0\\0\\0\\0\\0\\0\\0\\0?\\0\\0"	"\\0\\0\\0\\0.\\0\\0\\0.\\0\\0\\0.\\0\\0\\0Guy\\0\\0\\0\\0\\0Kakasi\\0\\0.\\0\\0\\0\\0\\0\\0\\0\\0\\0\\0?\\0\\0"	"83 4B 83 43 00 00 00 00 83 4A 83 4A 83 56"	"47 75 79 00 00 00 00 00 4B 61 6B 61 73 69"
"SLPS_258.37"	"0x503A38"	"5257784"	"0x503A3D"	"6"	".\\0\\0\\0.\\0\\0\\0.\\0\\0\\0.\\0\\0\\0イタチ\\0\\0ff・H痙?\\0\\0ﾀ?33"	".\\0\\0\\0.\\0\\0\\0.\\0\\0\\0.\\0\\0\\0Itachi\\0\\0ff・H痙?\\0\\0ﾀ?33"	"83 43 83 5E 83 60"	"49 74 61 63 68 69"
"SLPS_258.37"	"0x503A78"	"5257848"	"0x503A7B"	"4"	".\\0\\0\\0.\\0\\0\\0.\\0\\0\\0.\\0\\0\\0鬼鮫\\0\\0\\0\\00ﾃR\\0@ﾃR\\0.\\0\\0\\0"	".\\0\\0\\0.\\0\\0\\0.\\0\\0\\0.\\0\\0\\0Kisa\\0\\0\\0\\00ﾃR\\0@ﾃR\\0.\\0\\0\\0"	"8B 53 8E 4C"	"4B 69 73 61"
"SLPS_258.37"	"0x503EC0"	"5258944"	"0x503EC5"	"6"	".\\0\\0\\0.\\0\\0\\0.\\0.\\0!\\0\\0\\0自来也\\0\\0\\0\\0\\0\\0\\0\\0.?.\\0\\0\\0.\\0"	".\\0\\0\\0.\\0\\0\\0.\\0.\\0!\\0\\0\\0Jirai\\0\\0\\0\\0\\0\\0\\0\\0\\0.?.\\0\\0\\0.\\0"	"8E A9 97 88 96 E7"	"4A 69 72 61 69 00"
"SLPS_258.37"	"0x503FE0"	"5259232"	"0x503FE5"	"6"	"fuki\\0\\0\\0\\0hou\\0kai\\0大蛇丸\\0\\0ﾐXX\\0・X\\0A<<\\0\\0\\0"	"fuki\\0\\0\\0\\0hou\\0kai\\0Oroch\\0\\0\\0ﾐXX\\0・X\\0A<<\\0\\0\\0"	"91 E5 8E D6 8A DB"	"4F 72 6F 63 68 00"
"SLPS_258.37"	"0x5040B0"	"5259440"	"0x5040BD"	"14"	".\\0\\0\\0.\\0\\0\\0\\0\\0\\0\\0&\\0\\0\\0カブト\\0\\0ヤマト\\0\\0ｸ.Y\\0ﾈ.Y\\0ﾘ.Y\\0・"	".\\0\\0\\0.\\0\\0\\0\\0\\0\\0\\0&\\0\\0\\0Kabuto\\0\\0Yamato\\0\\0ｸ.Y\\0ﾈ.Y\\0ﾘ.Y\\0・"	"83 4A 83 75 83 67 00 00 83 84 83 7D 83 67"	"4B 61 62 75 74 6F 00 00 59 61 6D 61 74 6F"
"SLPS_258.37"	"0x504190"	"5259664"	"0x504193"	"4"	".Y\\00.Y\\0@.Y\\0P.Y\\0サイ\\0\\0\\0\\0.\\0.\\0""\\0\\0\\0\\0\\0.\\0"	".Y\\00.Y\\0@.Y\\0P.Y\\0Sai\\0\\0\\0\\0\\0.\\0.\\0""\\0\\0\\0\\0\\0.\\0"	"83 54 83 43"	"53 61 69 00"
"SLPS_258.37"	"0x504668"	"5260904"	"0x504675"	"14"	"..Z\\0\\0\\0\\0\\0$%&'(\\0\\0\\0いいえ\\0\\0は　い\\0\\0gauge\\0\\0\\0ﾐ.[\\0・"	"..Z\\0\\0\\0\\0\\0$%&'(\\0\\0\\0No\\0\\0\\0\\0\\0\\0Yes\\0\\0\\0\\0\\0gauge\\0\\0\\0ﾐ.[\\0・"	"82 A2 82 A2 82 A6 00 00 82 CD 81 40 82 A2"	"4E 6F 00 00 00 00 00 00 59 65 73 00 00 00"
"SLPS_258.37"	"0x504738"	"5261112"	"0x504753"	"28"	"ｸ.[\\0\\0\\0\\0\\0・[\\0.![\\0攻撃\\0\\0\\0\\0ガード\\0\\0オフ\\0\\0\\0\\0オン\\0\\0\\0\\0HF`\\0PF`\\0gaug"	"ｸ.[\\0\\0\\0\\0\\0・[\\0.![\\0Atk\\0\\0\\0\\0\\0Guard\\0\\0\\0Off\\0\\0\\0\\0\\0On\\0\\0\\0\\0\\0\\0HF`\\0PF`\\0gaug"	"8D 55 8C 82 00 00 00 00 83 4B 81 5B 83 68 00 00 83 49 83 74 00 00 00 00 83 49 83 93"	"41 74 6B 00 00 00 00 00 47 75 61 72 64 00 00 00 4F 66 66 00 00 00 00 00 4F 6E 00 00"
"SLPS_258.37"	"0x504908"	"5261576"	"0x50490D"	"6"	"..・.\\0.\\0.B[\\0\\0\\0\\0\\0オート\\0\\0(B[\\0.H`\\0.\\0\\0\\0\\0\\0"	"..・.\\0.\\0.B[\\0\\0\\0\\0\\0Auto\\0\\0\\0\\0(B[\\0.H`\\0.\\0\\0\\0\\0\\0"	"83 49 81 5B 83 67"	"41 75 74 6F 00 00"
"SLPS_258.37"	"0x504970"	"5261680"	"0x504973"	"4"	"\\0\\0.?囮.?％\\0\\0\\0\\0\\0\\0最大\\0\\0\\0\\0vs.ccs\\0\\0xH`\\0"	"\\0\\0.?囮.?％\\0\\0\\0\\0\\0\\0Max\\0\\0\\0\\0\\0vs.ccs\\0\\0xH`\\0"	"8D C5 91 E5"	"4D 61 78 00"
"SLPS_258.37"	"0x504A18"	"5261848"	"0x504A1D"	"6"	"%s%d\\0\\0\\0\\0..・・・蛇攻撃\\0\\00\\0\\0\\0.\\0\\0\\0.\\0.\\0\\0\\0"	"%s%d\\0\\0\\0\\0..・・・SnakeA\\0\\00\\0\\0\\0.\\0\\0\\0.\\0.\\0\\0\\0"	"8E D6 8D 55 8C 82"	"53 6E 61 6B 65 41"
"SLPS_258.37"	"0x504AB8"	"5262008"	"0x504ABB"	"4"	".q・ﾐq・pr・\\0\\0\\0\\0奥義\\0\\0\\0\\0ｸI`\\0\\0\\0\\0\\0難易"	".q・ﾐq・pr・\\0\\0\\0\\0Ult\\0\\0\\0\\0\\0ｸI`\\0\\0\\0\\0\\0Diff"	"89 9C 8B 60"	"55 6C 74 00"
"SLPS_258.37"	"0x504AC8"	"5262024"	"0x504ACD"	"6"	"奥義\\0\\0\\0\\0ｸI`\\0\\0\\0\\0\\0難易度\\0\\0ﾈI`\\0.r・.・\\0\\0"	"Ult\\0\\0\\0\\0\\0ｸI`\\0\\0\\0\\0\\0Diff\\0\\0\\0\\0ﾈI`\\0.r・.・\\0\\0"	"93 EF 88 D5 93 78"	"44 69 66 66 00 00"
"SLPS_258.37"	"0x504AE8"	"5262056"	"0x504B0B"	"36"	".・\\0\\0\\0\\0楽々\\0\\0\\0\\0ふつう\\0\\0激むず\\0\\0究極\\0\\0\\0\\0回転\\0\\0\\0\\0連打\\0\\0\\0\\0\\0\\0\\0\\0\\0\\0\\0\\0b\\0\\0\\0"	".・\\0\\0\\0\\0楽々\\0\\0\\0\\0Normal\\0\\0Hard+\\0\\0\\0Ult\\0\\0\\0\\0\\0Spin\\0\\0\\0\\0Mash\\0\\0\\0\\0\\0\\0\\0\\0\\0\\0\\0\\0b\\0\\0\\0"	"82 D3 82 C2 82 A4 00 00 8C 83 82 DE 82 B8 00 00 8B 86 8B C9 00 00 00 00 89 F1 93 5D 00 00 00 00"	"4E 6F 72 6D 61 6C 00 00 48 61 72 64 2B 00 00 00 55 6C 74 00 00 00 00 00 53 70 69 6E 00 00 00 00"
"SLPS_258.37"	"0x504BE8"	"5262312"	"0x504BEB"	"4"	"py・笥・.y・ﾀy・なし\\0\\0\\0\\0鍮`\\0\\0\\0\\0\\0.\\0ﾔ\\0"	"py・笥・.y・ﾀy・None\\0\\0\\0\\0鍮`\\0\\0\\0\\0\\0.\\0ﾔ\\0"	"82 C8 82 B5"	"4E 6F 6E 65"
"SLPS_258.37"	"0x504DB0"	"5262768"	"0x504DB3"	"4"	"× \\0\\0\\0\\0 ＝ \\0\\0\\0\\0なし\\0\\0\\0\\0･\\0\\0\\0\\0\\0\\0\\0％\\0\\0"	"× \\0\\0\\0\\0 ＝ \\0\\0\\0\\0None\\0\\0\\0\\0･\\0\\0\\0\\0\\0\\0\\0％\\0\\0"	"82 C8 82 B5"	"4E 6F 6E 65"
"SLPS_258.37"	"0x505AD0"	"5266128"	"0x505ADD"	"14"	"ccSkill\\0なし\\0\\0\\0\\0は　い\\0\\0いいえ\\0\\0Ｘ ：\\0\\0\\0Ｙ ：\\0"	"ccSkill\\0なし\\0\\0\\0\\0Yes\\0\\0\\0\\0\\0No\\0\\0\\0\\0\\0\\0Ｘ ：\\0\\0\\0Ｙ ：\\0"	"82 CD 81 40 82 A2 00 00 82 A2 82 A2 82 A6"	"59 65 73 00 00 00 00 00 4E 6F 00 00 00 00"
"SLPS_258.37"	"0x505B08"	"5266184"	"0x505B0D"	"6"	"ＯＦＦ\\0\\0`ﾍ・\\0\\0\\0\\0または\\0\\0、\\0\\0\\0\\0\\0\\0ガード"	"ＯＦＦ\\0\\0`ﾍ・\\0\\0\\0\\0or\\0\\0\\0\\0\\0\\0、\\0\\0\\0\\0\\0\\0Guard\\0"	"82 DC 82 BD 82 CD"	"6F 72 00 00 00 00"
"SLPS_258.37"	"0x505B18"	"5266200"	"0x505B1D"	"6"	"または\\0\\0、\\0\\0\\0\\0\\0\\0ガード\\0\\0gauge\\0\\0\\0\\0\\0.A\\0\\0"	"or\\0\\0\\0\\0\\0\\0、\\0\\0\\0\\0\\0\\0Guard\\0\\0\\0gauge\\0\\0\\0\\0\\0.A\\0\\0"	"83 4B 81 5B 83 68"	"47 75 61 72 64 00"
"SLPS_258.37"	"0x505B50"	"5266256"	"0x505B55"	"6"	".\\0\\0\\0.\\0\\0\\0楽々\\0\\0\\0\\0ふつう\\0\\0激むず\\0\\0究極\\0\\0"	".\\0\\0\\0.\\0\\0\\0楽々\\0\\0\\0\\0Normal\\0\\0激むず\\0\\0究極\\0\\0"	"82 D3 82 C2 82 A4"	"4E 6F 72 6D 61 6C"
"SLPS_258.37"	"0x505B68"	"5266280"	"0x505B8B"	"36"	"激むず\\0\\0究極\\0\\0\\0\\0なし\\0\\0\\0\\0少なめ\\0\\0多め\\0\\0\\0\\0通常\\0\\0\\0\\0無限\\0\\0\\0\\0.Z`\\0・`\\0回転"	"激むず\\0\\0究極\\0\\0\\0\\0None\\0\\0\\0\\0Few\\0\\0\\0\\0\\0More\\0\\0\\0\\0Norm\\0\\0\\0\\0Inf\\0\\0\\0\\0\\0.Z`\\0・`\\0Spin"	"82 C8 82 B5 00 00 00 00 8F AD 82 C8 82 DF 00 00 91 BD 82 DF 00 00 00 00 92 CA 8F ED 00 00 00 00"	"4E 6F 6E 65 00 00 00 00 46 65 77 00 00 00 00 00 4D 6F 72 65 00 00 00 00 4E 6F 72 6D 00 00 00 00"
"SLPS_258.37"	"0x505B98"	"5266328"	"0x505BA3"	"12"	"無限\\0\\0\\0\\0.Z`\\0・`\\0回転\\0\\0\\0\\0連打\\0\\0\\0\\0.Z`\\0・`\\0オフ"	"Inf\\0\\0\\0\\0\\0.Z`\\0・`\\0Spin\\0\\0\\0\\0Mash\\0\\0\\0\\0.Z`\\0・`\\0Off\\0"	"89 F1 93 5D 00 00 00 00 98 41 91 C5"	"53 70 69 6E 00 00 00 00 4D 61 73 68"
"SLPS_258.37"	"0x505BB0"	"5266352"	"0x505BBB"	"12"	"連打\\0\\0\\0\\0.Z`\\0・`\\0オフ\\0\\0\\0\\0オン\\0\\0\\0\\0ｰZ`\\0ｸZ`\\0半分"	"Mash\\0\\0\\0\\0.Z`\\0・`\\0Off\\0\\0\\0\\0\\0On\\0\\0\\0\\0\\0\\0ｰZ`\\0ｸZ`\\0Half"	"83 49 83 74 00 00 00 00 83 49 83 93"	"4F 66 66 00 00 00 00 00 4F 6E 00 00"
"SLPS_258.37"	"0x505BC8"	"5266376"	"0x505BCB"	"4"	"オン\\0\\0\\0\\0ｰZ`\\0ｸZ`\\0半分\\0\\0\\0\\0ｰZ`\\0ｸZ`\\0ｰZ`\\0"	"On\\0\\0\\0\\0\\0\\0ｰZ`\\0ｸZ`\\0Half\\0\\0\\0\\0ｰZ`\\0ｸZ`\\0ｰZ`\\0"	"94 BC 95 AA"	"48 61 6C 66"
"SLPS_258.37"	"0x505BE0"	"5266400"	"0x505BE5"	"6"	"ｰZ`\\0ｸZ`\\0ｰZ`\\0ｸZ`\\0オート\\0\\0Hﾜ・濟`\\0手動\\0\\0"	"ｰZ`\\0ｸZ`\\0ｰZ`\\0ｸZ`\\0Auto\\0\\0\\0\\0Hﾜ・濟`\\0Man\\0\\0\\0"	"83 49 81 5B 83 67"	"41 75 74 6F 00 00"
"SLPS_258.37"	"0x505BF0"	"5266416"	"0x505C33"	"68"	"オート\\0\\0Hﾜ・濟`\\0手動\\0\\0\\0\\0ＣＯＭ\\0\\0立ち\\0\\0\\0\\0しない\\0\\0単発\\0\\0\\0\\0コンボ\\0\\0奥義\\0\\0\\0\\0忍術\\0\\0\\0\\0する\\0\\0\\0\\0.[`\\00[`\\0追う"	"Auto\\0\\0\\0\\0Hﾜ・濟`\\0Man\\0\\0\\0\\0\\0COM\\0\\0\\0\\0\\0Idle\\0\\0\\0\\0Off\\0\\0\\0\\0\\0Once\\0\\0\\0\\0Combo\\0\\0\\0Ult\\0\\0\\0\\0\\0Jtsu\\0\\0\\0\\0On\\0\\0\\0\\0\\0\\0.[`\\00[`\\0Purs"	"8E E8 93 AE 00 00 00 00 82 62 82 6E 82 6C 00 00 97 A7 82 BF 00 00 00 00 82 B5 82 C8 82 A2 00 00"	"4D 61 6E 00 00 00 00 00 43 4F 4D 00 00 00 00 00 49 64 6C 65 00 00 00 00 4F 66 66 00 00 00 00 00"
"SLPS_258.37"	"0x505C40"	"5266496"	"0x505C43"	"4"	"する\\0\\0\\0\\0.[`\\00[`\\0追う\\0\\0\\0\\0玳・@[`\\0.Z`\\0"	"On\\0\\0\\0\\0\\0\\0.[`\\00[`\\0Purs\\0\\0\\0\\0玳・@[`\\0.Z`\\0"	"92 C7 82 A4"	"50 75 72 73"
"SLPS_258.37"	"0x505C60"	"5266528"	"0x505C63"	"4"	".Z`\\0.・.Z`\\0.[`\\0乱発\\0\\0\\0\\0・`\\0\\0\\0\\0\\0難易"	".Z`\\0.・.Z`\\0.[`\\0Spam\\0\\0\\0\\0・`\\0\\0\\0\\0\\0Diff"	"97 90 94 AD"	"53 70 61 6D"
"SLPS_258.37"	"0x505C70"	"5266544"	"0x505C75"	"6"	"乱発\\0\\0\\0\\0・`\\0\\0\\0\\0\\0難易度\\0\\0.蜍\\0ﾘ蜍\\0韃・."	"Spam\\0\\0\\0\\0・`\\0\\0\\0\\0\\0Diff\\0\\0\\0\\0.蜍\\0ﾘ蜍\\0韃・."	"93 EF 88 D5 93 78"	"44 69 66 66 00 00"
"SLPS_258.37"	"0x505CA0"	"5266592"	"0x505CCB"	"44"	"(諡\\0\\0\\0\\0\\0gauge\\0\\0\\0体力\\0\\0\\0\\0状態\\0\\0\\0\\0強さ\\0\\0\\0\\0攻撃\\0\\0\\0\\0ガード\\0\\0行動\\0\\0\\0\\0\\0\\0\\0\\0h.\\0ﾐ.\\0"	"(諡\\0\\0\\0\\0\\0gauge\\0\\0\\0HP\\0\\0\\0\\0\\0\\0Mode\\0\\0\\0\\0Str\\0\\0\\0\\0\\0Atk\\0\\0\\0\\0\\0Guard\\0\\0\\0Act\\0\\0\\0\\0\\0\\0\\0\\0\\0h.\\0ﾐ.\\0"	"91 CC 97 CD 00 00 00 00 8F F3 91 D4 00 00 00 00 8B AD 82 B3 00 00 00 00 8D 55 8C 82 00 00 00 00"	"48 50 00 00 00 00 00 00 4D 6F 64 65 00 00 00 00 53 74 72 00 00 00 00 00 41 74 6B 00 00 00 00 00"
"SLPS_258.37"	"0x505F48"	"5267272"	"0x505F4D"	"6"	"・・・・\\0.・\\0\\0\\0\\0ナルト\\0\\0nrw\\0nwv\\0MDL_\\0\\0"	"・・・・\\0.・\\0\\0\\0\\0Naruto\\0\\0nrw\\0nwv\\0MDL_\\0\\0"	"83 69 83 8B 83 67"	"4E 61 72 75 74 6F"
"SLPS_258.37"	"0x505F60"	"5267296"	"0x505F65"	"6"	"nrw\\0nwv\\0MDL_\\0\\0\\0\\0サクラ\\0\\0skw\\0\\0\\0\\0\\0カカシ"	"nrw\\0nwv\\0MDL_\\0\\0\\0\\0Sakura\\0\\0skw\\0\\0\\0\\0\\0カカシ"	"83 54 83 4E 83 89"	"53 61 6B 75 72 61"
"SLPS_258.37"	"0x505FB0"	"5267376"	"0x505FB5"	"6"	"ネジ\\0\\0\\0\\0new\\0tew\\0大蛇丸\\0\\0orw\\0\\0\\0\\0\\0綱手\\0\\0"	"ネジ\\0\\0\\0\\0new\\0tew\\0Oroch\\0\\0\\0orw\\0\\0\\0\\0\\0Tsu\\0\\0\\0"	"91 E5 8E D6 8A DB"	"4F 72 6F 63 68 00"
"SLPS_258.37"	"0x505FC0"	"5267392"	"0x505FC3"	"4"	"大蛇丸\\0\\0orw\\0\\0\\0\\0\\0綱手\\0\\0\\0\\0tnw\\0\\0\\0\\0\\0自来"	"Oroch\\0\\0\\0orw\\0\\0\\0\\0\\0Tsu\\0\\0\\0\\0\\0tnw\\0\\0\\0\\0\\0Jira"	"8D 6A 8E E8"	"54 73 75 00"
"SLPS_258.37"	"0x505FD0"	"5267408"	"0x505FD5"	"6"	"綱手\\0\\0\\0\\0tnw\\0\\0\\0\\0\\0自来也\\0\\0jrw\\0siw\\0tyw\\0\\0\\0"	"Tsu\\0\\0\\0\\0\\0tnw\\0\\0\\0\\0\\0Jirai\\0\\0\\0jrw\\0siw\\0tyw\\0\\0\\0"	"8E A9 97 88 96 E7"	"4A 69 72 61 69 00"
"SLPS_258.37"	"0x5060A8"	"5267624"	"0x5060AD"	"6"	"ti4\\0tt6\\0tt7\\0\\0\\0\\0\\0サスケ\\0\\0ssw\\0mn1\\0sn4\\0mn"	"ti4\\0tt6\\0tt7\\0\\0\\0\\0\\0Sasuke\\0\\0ssw\\0mn1\\0sn4\\0mn"	"83 54 83 58 83 50"	"53 61 73 75 6B 65"
"SLPS_258.37"	"0x5063A8"	"5268392"	"0x5063AD"	"6"	"}\\0\\0\\0.\\0@\\0\\0\\0\\0\\0\\0\\0\\0\\0ナルト\\0\\0nrw\\0\\0\\0\\0\\0サクラ"	"}\\0\\0\\0.\\0@\\0\\0\\0\\0\\0\\0\\0\\0\\0Naruto\\0\\0nrw\\0\\0\\0\\0\\0Sakura"	"83 69 83 8B 83 67"	"4E 61 72 75 74 6F"
"SLPS_258.37"	"0x5063B8"	"5268408"	"0x5063BD"	"6"	"ナルト\\0\\0nrw\\0\\0\\0\\0\\0サクラ\\0\\0skw\\0\\0\\0\\0\\0カカシ"	"Naruto\\0\\0nrw\\0\\0\\0\\0\\0Sakura\\0\\0skw\\0\\0\\0\\0\\0カカシ"	"83 54 83 4E 83 89"	"53 61 6B 75 72 61"
"SLPS_258.37"	"0x5063F8"	"5268472"	"0x5063FD"	"6"	"サイ\\0\\0\\0\\0sai\\0\\0\\0\\0\\0サスケ\\0\\0ssw\\0.........."	"サイ\\0\\0\\0\\0sai\\0\\0\\0\\0\\0Sasuke\\0\\0ssw\\0.........."	"83 54 83 58 83 50"	"53 61 73 75 6B 65"
"SLPS_258.37"	"0x506450"	"5268560"	"0x50645D"	"14"	"瑣・ﾀ.\\0ﾘ.\\0頡・ナルト\\0\\0サクラ\\0\\0カカシ\\0\\0ネジ\\0\\0"	"瑣・ﾀ.\\0ﾘ.\\0頡・Naruto\\0\\0Sakura\\0\\0カカシ\\0\\0ネジ\\0\\0"	"83 69 83 8B 83 67 00 00 83 54 83 4E 83 89"	"4E 61 72 75 74 6F 00 00 53 61 6B 75 72 61"
"SLPS_258.37"	"0x506478"	"5268600"	"0x50647D"	"6"	"ネジ\\0\\0\\0\\0サイ\\0\\0\\0\\0サスケ\\0\\0シズネ\\0\\0アスマ"	"ネジ\\0\\0\\0\\0サイ\\0\\0\\0\\0Sasuke\\0\\0シズネ\\0\\0アスマ"	"83 54 83 58 83 50"	"53 61 73 75 6B 65"
"SLPS_258.37"	"0x5066A8"	"5269160"	"0x5066AD"	"6"	"\\0\\0\\0\\0.?・.@・\\0\\0\\0\\0いいえ\\0\\0}\\0\\0\\0.\\0@\\0は　い"	"\\0\\0\\0\\0.?・.@・\\0\\0\\0\\0No\\0\\0\\0\\0\\0\\0}\\0\\0\\0.\\0@\\0Yes\\0\\0\\0"	"82 A2 82 A2 82 A6"	"4E 6F 00 00 00 00"
"SLPS_258.37"	"0x5066B8"	"5269176"	"0x5066BD"	"6"	"いいえ\\0\\0}\\0\\0\\0.\\0@\\0は　い\\0\\0ｸe`\\0ｨe`\\0・.\\0.\\0"	"No\\0\\0\\0\\0\\0\\0}\\0\\0\\0.\\0@\\0Yes\\0\\0\\0\\0\\0ｸe`\\0ｨe`\\0・.\\0.\\0"	"82 CD 81 40 82 A2"	"59 65 73 00 00 00"
"SLPS_258.37"	"0x506760"	"5269344"	"0x50676D"	"14"	"0\\0\\0\\0ﾐY・\\0\\0\\0\\0\\0\\0\\0\\0はい\\0\\0\\0\\0いいえ\\0\\0.・\\0\\0\\0\\0\\0stcmn\\0"	"0\\0\\0\\0ﾐY・\\0\\0\\0\\0\\0\\0\\0\\0Yes\\0\\0\\0\\0\\0No\\0\\0\\0\\0\\0\\0.・\\0\\0\\0\\0\\0stcmn\\0"	"82 CD 82 A2 00 00 00 00 82 A2 82 A2 82 A6"	"59 65 73 00 00 00 00 00 4E 6F 00 00 00 00"
"SLPS_258.37"	"0x506B10"	"5270288"	"0x506B15"	"6"	".`\\0.`\\0nrt\\0\\0\\0\\0\\0ナルト\\0\\0ssk\\0\\0\\0\\0\\0サスケ"	".`\\0.`\\0nrt\\0\\0\\0\\0\\0Naruto\\0\\0ssk\\0\\0\\0\\0\\0Sasuke"	"83 69 83 8B 83 67"	"4E 61 72 75 74 6F"
"SLPS_258.37"	"0x506B20"	"5270304"	"0x506B25"	"6"	"ナルト\\0\\0ssk\\0\\0\\0\\0\\0サスケ\\0\\0roc\\0\\0\\0\\0\\0リー\\0\\0"	"Naruto\\0\\0ssk\\0\\0\\0\\0\\0Sasuke\\0\\0roc\\0\\0\\0\\0\\0リー\\0\\0"	"83 54 83 58 83 50"	"53 61 73 75 6B 65"
"SLPS_258.37"	"0x506B58"	"5270360"	"0x506B5D"	"6"	"ネジ\\0\\0\\0\\0skr\\0\\0\\0\\0\\0サクラ\\0\\0kks\\0\\0\\0\\0\\0カカシ"	"ネジ\\0\\0\\0\\0skr\\0\\0\\0\\0\\0Sakura\\0\\0kks\\0\\0\\0\\0\\0カカシ"	"83 54 83 4E 83 89"	"53 61 6B 75 72 61"
"SLPS_258.37"	"0x506FA8"	"5271464"	"0x506FB5"	"14"	"CLT_%s\\0\\0.\\0.\\0\\0\\0\\0\\0はい\\0\\0\\0\\0いいえ\\0\\0.肯\\0錐m\\0.肯\\0ﾀ・"	"CLT_%s\\0\\0.\\0.\\0\\0\\0\\0\\0Yes\\0\\0\\0\\0\\0No\\0\\0\\0\\0\\0\\0.肯\\0錐m\\0.肯\\0ﾀ・"	"82 CD 82 A2 00 00 00 00 82 A2 82 A2 82 A6"	"59 65 73 00 00 00 00 00 4E 6F 00 00 00 00"
