id	enabled	section	mode	target	target_offset	capacity	source	donor_ref	donor	replacement	transform	arguments	reference_binary	reference_file_offsets	parent_mapping_id	reason
M0001	1	battle	slot	BTL	0x1E2130	32	<r下忍|げにん>ランクＡ	NUN5_TEXTENG@0x27638	Genin Rank A	Genin Rank A						V26_BASELINE_IMPORTED
M0002	1	battle	slot	BTL	0x1E2150	32	<r下忍|げにん>ランクＢ	NUN5_TEXTENG@0x27648	Genin Rank B	Genin Rank B						V26_BASELINE_IMPORTED
M0003	1	battle	slot	BTL	0x1E2170	32	<r下忍|げにん>ランクＣ	NUN5_TEXTENG@0x27658	Genin Rank C	Genin Rank C						V26_BASELINE_IMPORTED
M0004	1	battle	slot	BTL	0x1E2190	32	<r下忍|げにん>ランクＤ	NUN5_TEXTENG@0x27668	Genin Rank D	Genin Rank D						V26_BASELINE_IMPORTED
M0005	1	battle	slot	BTL	0x1E21B0	48	<r砂|すな>の<r三姉弟|さんきょうだい>	NUN5_TEXTENG@0x27678	Sand Siblings	Sand Siblings						V26_BASELINE_IMPORTED
M0006	1	battle	slot	BTL	0x1E21E0	32	<r霧|きり>の<r刺客|しかく>	NUN5_TEXTENG@0x27690	Assassins of the Mist	Assassins of the Mist						V26_BASELINE_IMPORTED
M0007	1	battle	slot	BTL	0x1E2200	32	<r新紅班|しんくれないはん>	NUN5_TEXTENG@0x276B0	New Team Kurenai	New Team Kurenai						V26_BASELINE_IMPORTED
M0008	1	battle	slot	BTL	0x1E2220	32	<r新|しん>アスマ<r班|はん>	NUN5_TEXTENG@0x276C8	New Team Asuma	New Team Asuma						V26_BASELINE_IMPORTED
M0009	1	battle	slot	BTL	0x1E2240	32	<r新|しん>ガイ<r班|はん>	NUN5_TEXTENG@0x276D8	New Team Guy	New Team Guy						V26_BASELINE_IMPORTED
M0010	1	battle	slot	BTL	0x1E2260	32	<r新|しん>カカシ<r班|はん>	NUN5_TEXTENG@0x276F0	New Team Kakashi	New Team Kakashi						V26_BASELINE_IMPORTED
M0011	1	battle	slot	BTL	0x1E2280	32	<r上忍|じょうにん>ランクＡ	NUN5_TEXTENG@0x27708	Rank A Jonin	Rank A Jonin						V26_BASELINE_IMPORTED
M0012	1	battle	slot	BTL	0x1E22A0	32	<r上忍|じょうにん>ランクＢ	NUN5_TEXTENG@0x27718	Rank B Jonin	Rank B Jonin						V26_BASELINE_IMPORTED
M0013	1	battle	slot	BTL	0x1E22C0	32	<r砂|すな>の<r強者|つわもの>	NUN5_TEXTENG@0x27730	Champions of the Sand	Champions of the Sand						V26_BASELINE_IMPORTED
M0014	1	battle	slot	BTL	0x1E22E0	48	<r音|おと>の<r五人衆|ごにんしゅう>	NUN5_TEXTENG@0x27748	The Sound Five	The Sound Five						V26_BASELINE_IMPORTED
M0015	1	battle	slot	BTL	0x1E2310	32	<r邪|よこしま>なる<r者|もの>	NUN5_TEXTENG@0x27758	The Evil Ones	The Evil Ones						V26_BASELINE_IMPORTED
M0016	1	battle	slot	BTL	0x1E2330	48	<r伝説|でんせつ>の<r三忍|さんにん>	NUN5_TEXTENG@0x27770	The Great Sannin	The Great Sannin						V26_BASELINE_IMPORTED
M0017	1	battle	slot	BTL	0x1E2360	32	“<r暁|あかつき>”	NUN5_TEXTENG@0x27788	Akatsuki	Akatsuki						V26_BASELINE_IMPORTED
M0018	1	battle	slot	BTL	0x1E2380	32	<r火影|ほかげ>たち	NUN5_TEXTENG@0x27798	Team Hokage	Team Hokage						V26_BASELINE_IMPORTED
M0019	1	battle	slot	BTL	0x1E23A0	32	<r特別対戦|とくべつたいせん>	NUN5_TEXTENG@0x277A8	Special VS	Special VS						V26_BASELINE_IMPORTED
M0020	1	battle	slot	BTL	0x1E23C0	48	<r金髪五人衆|きんぱつごにんしゅう>	NUN5_TEXTENG@0x277B8	Blonde Five	Blonde Five						V26_BASELINE_IMPORTED
M0021	1	battle	slot	BTL	0x1E23F0	32	<r傀儡軍団|くぐつぐんだん>	NUN5_TEXTENG@0x277D0	Puppetmaster Troop	Puppetmaster Troop						V26_BASELINE_IMPORTED
M0022	1	battle	slot	BTL	0x1E2410	32	<r木|こ>ノ<r葉先生|はせんせい>	NUN5_TEXTENG@0x277F0	Teachers of the Leaf	Teachers of the Leaf						V26_BASELINE_IMPORTED
M0023	1	battle	slot	BTL	0x1E2430	32	<r血継限界|けっけいげんかい>	NUN5_TEXTENG@0x27808	Kekkei Genkai	Kekkei Genkai						V26_BASELINE_IMPORTED
M0024	1	battle	slot	BTL	0x1E2450	36	<r高|たか>みの<r者|もの>たち	NUN5_TEXTENG@0x27820	The Greatest of All	The Greatest of All						V26_BASELINE_IMPORTED
M0025	1	battle	slot	BTL	0x1E2670	32	<r撒|ま>き<r菱|びし>	NUN5_TEXTENG@0x11650	Makibishi Spikes	Makibishi Spikes						V26_BASELINE_IMPORTED
M0026	1	battle	slot	BTL	0x1E2690	32	<r兵糧丸|ひょうろうがん>	NUN5_TEXTENG@0x11718	Food Pills	Food Pills						V26_BASELINE_IMPORTED
M0027	1	battle	slot	BTL	0x1E26B0	32	<r上忍|じょうにん>の<r靴|くつ>	NUN5_TEXTENG@0x11708	Shoes of Jonin	Shoes of Jonin						V26_BASELINE_IMPORTED
M0028	1	battle	slot	BTL	0x1E26D0	32	カカシ<r人形|にんぎょう>	NUN5_TEXTENG@0x11748	Scarecrow	Scarecrow						V26_BASELINE_IMPORTED
M0029	1	battle	slot	BTL	0x1E26F0	32	<r根性|こんじょう>のおもり	NUN5_TEXTENG@0x11600	Weight of Determination	Weight of Determination						V26_BASELINE_IMPORTED
M0030	1	battle	slot	BTL	0x1E2710	32	<r風魔手裏剣|ふうましゅりけん>	NUN5_TEXTENG@0x115E0	Demon Wind Shuriken	Demon Wind Shuriken						V26_BASELINE_IMPORTED
M0031	1	battle	slot	BTL	0x1E2730	48	<r呪札|じゅさつ>　<r鎧崩|よろいくず>し	NUN5_TEXTENG@0x11680	Curse Tag: Armor Break	Curse Tag: Armor Break						V26_BASELINE_IMPORTED
M0032	1	battle	slot	BTL	0x1E2760	32	<r亀甲丸|きっこうがん>	NUN5_TEXTENG@0x11760	Tortoiseshell Pills	Tortoiseshell Pills						V26_BASELINE_IMPORTED
M0033	1	battle	slot	BTL	0x1E2780	32	<r炸裂|さくれつ>クナイ	NUN5_TEXTENG@0x116B8	Burst Kunai	Burst Kunai						V26_BASELINE_IMPORTED
M0034	1	battle	slot	BTL	0x1E27A0	32	<r起爆|きばく>クナイ	NUN5_TEXTENG@0x11620	Exploding Kunai	Exploding Kunai						V26_BASELINE_IMPORTED
M0035	1	battle	slot	BTL	0x1E27C0	32	<r医療|いりょう>パック	NUN5_TEXTENG@0x11788	Medical Pack	Medical Pack						V26_BASELINE_IMPORTED
M0036	1	battle	slot	BTL	0x1E27E0	48	<r雲隠|くもがく>れの<r巻物|まきもの>	NUN5_TEXTENG@0x11730	Scroll of Hidden Cloud	Scroll of Hidden Cloud						V26_BASELINE_IMPORTED
M0037	1	battle	slot	BTL	0x1E2810	32	<r毒煙玉|どくけむりだま>	NUN5_TEXTENG@0x11630	Poison Smoke Bomb	Poison Smoke Bomb						V26_BASELINE_IMPORTED
M0038	1	battle	slot	BTL	0x1E2830	32	<r起爆札|きばくふだ>	NUN5_TEXTENG@0x11668	Paper Bomb	Paper Bomb						V26_BASELINE_IMPORTED
M0039	1	battle	slot	BTL	0x1E2850	32	<r元気丸|げんきがん>	NUN5_TEXTENG@0x11778	Energy Pills	Energy Pills						V26_BASELINE_IMPORTED
M0040	1	battle	slot	BTL	0x1E2870	32	<r蝦蟇油|ガマあぶら>	NUN5_TEXTENG@0x116D8	Toad Oil	Toad Oil						V26_BASELINE_IMPORTED
M0041	1	battle	slot	BTL	0x1E2890	32	<r起爆|きばく>シール	NUN5_TEXTENG@0x116C8	Exploding Seal	Exploding Seal						V26_BASELINE_IMPORTED
M0042	1	battle	slot	BTL	0x1E28B0	48	<r千影手裏剣|せんえいしゅりけん>	NUN5_TEXTENG@0x116A0	1000-Shadow Shuriken	1000-Shadow Shuriken						V26_BASELINE_IMPORTED
M0043	1	battle	slot	BTL	0x1E28E0	32	<r痺|しび>れ<r玉|たま>	NUN5_TEXTENG@0x116F8	Stun Ball	Stun Ball						V26_BASELINE_IMPORTED
M0044	1	battle	slot	BTL	0x1E2900	24	<r博打玉|ばくちだま>	NUN5_TEXTENG@0x116E8	Random Ball	Random Ball						V26_BASELINE_IMPORTED
M0045	1	battle	slot	BTL	0x1E2918	24	アイテムポーチ	NUN5_TEXTENG@0x115C8	Item Pouch	Item Pouch						V26_BASELINE_IMPORTED
M0046	1	battle	slot	BTL	0x1E2930	48	<r忍具乱舞|にんぐらんぶ>の<r巻物|まきもの>	NUN5_TEXTENG@0x278B0	Scroll of Ninja Tool Dance	Scroll of Ninja Tool Dance						V26_BASELINE_IMPORTED
M0047	1	battle	slot	BTL	0x1E2960	48	<r金|きん>の<r装飾品|そうしょくひん>	NUN5_TEXTENG@0x278D0	Gold Ornament	Gold Ornament						V26_BASELINE_IMPORTED
M0048	1	battle	slot	BTL	0x1E2990	32	<r琥珀|こはく>の<r塊|かたまり>	NUN5_TEXTENG@0x278E0	Lump of Amber	Lump of Amber						V26_BASELINE_IMPORTED
M0049	1	battle	slot	BTL	0x1E29B0	16	<r古銭|こせん>	NUN5_TEXTENG@0x278F0	Old Coin	Old Coin						V26_BASELINE_IMPORTED
M0050	1	battle	slot	BTL	0x1E29C0	48	<r特別交渉手形|とくべつこうしょうてがた>	NUN5_TEXTENG@0x27900	Special Negotiations Permit	Special Negotiations Permit						V26_BASELINE_IMPORTED
M0051	1	battle	slot	BTL	0x1E29F0	48	<r紅玉|こうぎょく>の<r指輪|ゆびわ>	NUN5_TEXTENG@0x14AA8	Ruby Ring	Ruby Ring						V26_BASELINE_IMPORTED
M0052	1	battle	slot	BTL	0x1E2A20	32	<r治癒|ちゆ>の<r巻物|まきもの>	NUN5_TEXTENG@0x27920	Scroll of Recovery	Scroll of Recovery						V26_BASELINE_IMPORTED
M0053	1	battle	slot	BTL	0x1E2A40	48	<r白銀|はくぎん>の<r延棒|のべぼう>	NUN5_TEXTENG@0x27938	Silver Ingot	Silver Ingot						V26_BASELINE_IMPORTED
M0054	1	battle	slot	BTL	0x1E2A70	32	<r連係|れんけい>の<r笛|ふえ>	NUN5_TEXTENG@0x27948	Linked Flute	Linked Flute						V26_BASELINE_IMPORTED
M0055	1	battle	slot	BTL	0x1E2A90	32	<r稀代|きだい>の<r秘宝|ひほう>	NUN5_TEXTENG@0x27958	Rare Treasure	Rare Treasure						V26_BASELINE_IMPORTED
M0056	1	battle	slot	BTL	0x1E2AB0	48	<r全開|ぜんかい>の<r額当|ひたいあ>て	NUN5_TEXTENG@0x27968	Full Headband	Full Headband						V26_BASELINE_IMPORTED
M0057	1	battle	slot	BTL	0x1E2AE0	48	<r気配遮断装束|けはいしゃだんしょうぞく>	NUN5_TEXTENG@0x27978	Stealth Gear	Stealth Gear						V26_BASELINE_IMPORTED
M0058	1	battle	slot	BTL	0x1E2B10	240	<color00FFFF><r究極連激戦|ナルティメットれんげきせん><colorFFFFFF>では、<r定|さだ>められた<r相手|あいて>と<r連続|れんぞく>で<r闘|たたか>い、<r最後|さいご>まで<r勝|か>ち<r残|のこ>ることで<r報酬|ほうしゅう>を<r得|え>ることができます。	NUN5_TEXTENG@0x27070	<WHITE>In <color00FFFF>Ultimate Battle Series<WHITE>, you earn a reward if you beat certain series of enemies.	<colorFFFFFF>In <color00FFFF>Ultimate Battle Series<colorFFFFFF>, you earn a reward if you beat certain series of enemies.						V26_BASELINE_IMPORTED
M0059	1	battle	slot	BTL	0x1E2C00	208	<color00FFFF><r壮絶|そうぜつ>サバイバル<colorFFFFFF>ではランダムで<r出現|しゅつげん>する<r相手|あいて>と<r無限|むげん>に<r闘|たたか>い、どこまで<r勝|か>ち<r残|のこ>れるかを<r競|きそ>うことができます。	NUN5_TEXTENG@0x270E0	<WHITE>In <color00FFFF>Epic Survival<WHITE>, see how far you can last against infinitely appearing random enemies.	<colorFFFFFF>In <color00FFFF>Epic Survival<colorFFFFFF>, see how far you can last against infinitely appearing random enemies.						V26_BASELINE_IMPORTED
M0060	1	battle	slot	BTL	0x1E2CD0	176	<color00FFFF><r自分|じぶん>ルール<r戦闘|せんとう><colorFFFFFF>では、<r戦闘条件|せんとうじょうけん>を<r任意|にんい>に<r設定|せってい>して<r闘|たたか>うことができます。	NUN5_TEXTENG@0x27160	<WHITE>In <color00FFFF>Customized Battle<WHITE>, set your own battle conditions and fight.	<colorFFFFFF>In <color00FFFF>Customized Battle<colorFFFFFF>, set your own battle conditions and fight.						V26_BASELINE_IMPORTED
M0061	1	battle	slot	BTL	0x1E2D80	96	<color00FFFF><r熱血対戦|ねっけつたいせん><colorFFFFFF>を<r終了|しゅうりょう>しますか？	NUN5_TEXTENG@0x271C0	<WHITE>Quit <color00FFFF>Hot-Blooded Versus<WHITE>?	<colorFFFFFF>Quit <color00FFFF>Hot-Blooded Versus<colorFFFFFF>?						V26_BASELINE_IMPORTED
M0062	1	battle	slot	BTL	0x1E2DE0	80	<color00FFFF><r壮絶|そうぜつ>サバイバル<colorFFFFFF>を開始しますか？	NUN5_TEXTENG@0x27200	<WHITE>Play <color00FFFF>Epic Survival<WHITE>?	<colorFFFFFF>Play <color00FFFF>Epic Survival<colorFFFFFF>?						V26_BASELINE_IMPORTED
M0063	1	battle	slot	BTL	0x1E2F60	32	<r中忍|ちゅうにん>レベル	NUN5_TEXTENG@0x27270	Genin LVL	Genin LVL						V26_BASELINE_IMPORTED
M0064	1	battle	slot	BTL	0x1E2F80	32	<r上忍|じょうにん>レベル	NUN5_TEXTENG@0x27280	Chunin LVL	Chunin LVL						V26_BASELINE_IMPORTED
M0065	1	battle	slot	BTL	0x1E2FA0	32	<r火影|ほかげ>レベル	NUN5_TEXTENG@0x272A0	Hokage LVL	Hokage LVL						V26_BASELINE_IMPORTED
M0066	1	battle	slot	BTL	0x1E2FC0	32	<r特殊戦闘|とくしゅせんとう>	NUN5_TEXTENG@0x272B0	Special Battle	Special Battle						V26_BASELINE_IMPORTED
M0067	1	battle	slot	BTL	0x1E3000	48	レベルを<r選択|せんたく>してください。	NUN5_TEXTENG@0x272C0	Select a level.	Select a level.						V26_BASELINE_IMPORTED
M0068	1	battle	slot	BTL	0x1E3030	48	ランクを<r選択|せんたく>してください。	NUN5_TEXTENG@0x272D0	Select a rank.	Select a rank.						V26_BASELINE_IMPORTED
M0069	1	battle	slot	BTL	0x1E3060	33	これでよろしいでしょうか？	NUN5_TEXTENG@0x272E0	Is this okay?	Is this okay?						V26_BASELINE_IMPORTED
M0070	1	battle	slot	BTL	0x1E3110	80	<ruby好|す>きな<ruby条件|じょうけん>を<ruby設定|せってい>してください。	NUN5_TEXTENG@0x27A30	Set your own rules.	Set your own rules.						V26_BASELINE_IMPORTED
M0071	1	battle	slot	BTL	0x1E3160	64	ＣＯＭの<ruby強|つよ>さを<ruby変更|へんこう>できます。	NUN5_TEXTENG@0x27A50	Change COM strength.	Change COM strength.						V26_BASELINE_IMPORTED
M0072	1	battle	slot	BTL	0x1E31A0	96	<ruby奥義|おうぎ>の<ruby入力勝負|にゅうりょくしょうぶ>を<ruby変更|へんこう>できます。	NUN5_TEXTENG@0x27A70	Change Ultimate Jutsu controls.	Change Ultimate Jutsu controls.						V26_BASELINE_IMPORTED
M0073	1	battle	slot	BTL	0x1E3200	80	『はい』を<ruby選択|せんたく>で<ruby戦闘|せんとう>を<ruby開始|かいし>します。	NUN5_TEXTENG@0x27A90	Select Yes to start the battle.	Select Yes to start the battle.						V26_BASELINE_IMPORTED
M0074	1	battle	slot	BTL	0x1E3250	80	<ruby条件|じょうけん>が１つも<ruby設定|せってい>されていないです。	NUN5_TEXTENG@0x27AB0	No rules have been set.	No rules have been set.						V26_BASELINE_IMPORTED
M0075	1	battle	slot	BTL	0x1E32A0	48	すでに<ruby設定済|せっていず>みです。	NUN5_TEXTENG@0x27AC8	Already set.	Already set.						V26_BASELINE_IMPORTED
M0076	1	battle	slot	BTL	0x1E3370	16	基本条件	NUN5_TEXTENG@0x27B18	Basic Rules	Basic Rules						V26_BASELINE_IMPORTED
M0077	1	battle	slot	BTL	0x1E3380	112	<ruby方向|ほうこう>キー<ruby左右|さゆう>でＣＯＭの<ruby強|つよ>さを<ruby変更|へんこう>できます。	NUN5_TEXTENG@0x27A50	Change COM strength.	Change COM strength.						V26_BASELINE_IMPORTED
M0078	1	battle	slot	BTL	0x1E33F0	128	<ruby方向|ほうこう>キー<ruby左右|さゆう>で<ruby奥義|おうぎ>の<ruby入力勝負|にゅうりょくしょうぶ>を<ruby変更|へんこう>できます。	NUN5_TEXTENG@0x27A70	Change Ultimate Jutsu controls.	Change Ultimate Jutsu controls.						V26_BASELINE_IMPORTED
M0079	1	battle	slot	BTL	0x1E3470	16	やさしい	NUN5_TEXTENG@0x26AE	Easy	Easy						V26_BASELINE_IMPORTED
M0080	1	battle	slot	BTL	0x1E34B8	16	ランダム	NUN5_SLES@0x514260	Random	Random						V26_BASELINE_IMPORTED
M0081	1	battle	slot	BTL	0x1E34C8	16	コマンド	NUN5_BTL@0x1ECEC2	Command	Command						V26_BASELINE_IMPORTED
M0082	1	battle	slot	BTL	0x1E34D8	24	タイミング	NUN5_SLES@0x514270	Timing	Timing						V26_BASELINE_IMPORTED
M0083	1	battle	slot	BTL	0x1E3510	48	お<r手軽条件|てがるじょうけん>１	NUN5_TEXTENG@0x27BB8	Easy Rules 1	Easy Rules 1						V26_BASELINE_IMPORTED
M0084	1	battle	slot	BTL	0x1E3540	48	お<r手軽条件|てがるじょうけん>２	NUN5_TEXTENG@0x27BC8	Easy Rules 2	Easy Rules 2						V26_BASELINE_IMPORTED
M0085	1	battle	slot	BTL	0x1E3570	48	お<r手軽条件|てがるじょうけん>３	NUN5_TEXTENG@0x27BD8	Easy Rules 3	Easy Rules 3						V26_BASELINE_IMPORTED
M0086	1	battle	slot	BTL	0x1E35A0	48	<r無重力戦闘|むじゅうりょくせんとう>	NUN5_TEXTENG@0x27BF0	Weightless Battle	Weightless Battle						V26_BASELINE_IMPORTED
M0087	1	battle	slot	BTL	0x1E35D0	80	<r速度差|そくどさ>が<r激|はげ>しい<r状態|じょうたい>で<r戦闘|せんとう>	NUN5_TEXTENG@0x27C10	Vast Speed difference	Vast Speed difference						V26_BASELINE_IMPORTED
M0088	1	battle	slot	BTL	0x1E3620	48	<r大|だい>ダメージにめげずに<r戦闘|せんとう>	NUN5_TEXTENG@0x27C30	No major damage	No major damage						V26_BASELINE_IMPORTED
M0089	1	battle	slot	BTL	0x1E3650	34	<r極限戦闘|きょくげんせんとう>	NUN5_TEXTENG@0x27C40	Limited Battle	Limited Battle						V26_BASELINE_IMPORTED
M0090	1	battle	slot	BTL	0x1E3960	34	<r壮絶|そうぜつ>サバイバル	NUN5_TEXTENG@0x2759D	Survival	Survival						V26_BASELINE_IMPORTED
M0091	1	battle	slot	BTL	0x1E3AA0	32	クリア<r報酬|ほうしゅう>	NUN5_TEXTENG@0x272F0	Clear Reward	Clear Reward						V26_BASELINE_IMPORTED
M0092	1	battle	slot	BTL	0x1E5550	64	<r敵|てき>は<r忍術|にんじゅつ>にて<r攻|せ>めるべし	NUN5_TEXTENG@0x10120	Attack the enemy with Ninjutsu	Attack the enemy with Ninjutsu						V26_BASELINE_IMPORTED
M0093	1	battle	slot	BTL	0x1E5590	48	<r敵|てき>は<r奥義|おうぎ>にて<r攻|せ>めるべし	NUN5_TEXTENG@0x10140	Attack the enemy with Ultimate Jutsu	Attack the enemy with Ultimate Jutsu						V26_BASELINE_IMPORTED
M0094	1	battle	slot	BTL	0x1E55C0	64	<r敵|てき>は<r連係攻撃|れんけいこうげき>にて<r攻|せ>めるべし	NUN5_TEXTENG@0x10170	Attack the enemy with Linked attacks	Attack the enemy with Linked attacks						V26_BASELINE_IMPORTED
M0095	1	battle	slot	BTL	0x1E5600	64	<r変|か>わり<r身|み>にて<r敵|てき>を<r欺|あざむ>くべし	NUN5_TEXTENG@0x101A0	Deceive the enemy using Substitution Jutsu	Deceive the enemy using Substitution Jutsu						V26_BASELINE_IMPORTED
M0096	1	battle	slot	BTL	0x1E5640	64	<r追|お>い<r討|う>ちにて<r敵|てき>を<r追撃|ついげき>すべし	NUN5_TEXTENG@0x101D0	Pursue the enemy with Extra Hit attacks 	Pursue the enemy with Extra Hit attacks 						V26_BASELINE_IMPORTED
M0097	1	battle	slot	BTL	0x1E5680	80	<r連続|れんぞく><r攻撃|こうげき>にて<r敵|てき>を<r圧倒|あっとう>するべし	NUN5_TEXTENG@0x10200	Overwhelm the enemy with consecutive attacks	Overwhelm the enemy with consecutive attacks						V26_BASELINE_IMPORTED
M0098	1	battle	slot	BTL	0x1E56D0	64	<r特殊忍具|とくしゅにんぐ>を<r用|もち>いて<r攻|せ>めるべし	NUN5_TEXTENG@0x10230	Attack with Special Ninja Tool	Attack with Special Ninja Tool						V26_BASELINE_IMPORTED
M0099	1	battle	slot	BTL	0x1E5710	64	<r敵|てき>は<r素早|すばや>く<r排除|はいじょ>すべし	NUN5_TEXTENG@0x10250	Defeat the enemy quickly	Defeat the enemy quickly						V26_BASELINE_IMPORTED
M0100	1	battle	slot	BTL	0x1E5750	64	<r己|おのれ>の<r体力|たいりょく>は<r温存|おんぞん>すべし	NUN5_TEXTENG@0x10270	Conserve your health	Conserve your health						V26_BASELINE_IMPORTED
M0101	1	battle	slot	BTL	0x1E5790	48	<r強者|つわもの>を<r打|う>ち<r破|やぶ>るべし	NUN5_TEXTENG@0x10290	Defeat a powerful enemy	Defeat a powerful enemy						V26_BASELINE_IMPORTED
M0102	1	battle	slot	BTL	0x1E57C0	64	<r秘|ひ>めたる<r力|ちから>を<r解|と>き<r放|はな>つべし	NUN5_TEXTENG@0x102B0	Release your hidden power	Release your hidden power						V26_BASELINE_IMPORTED
M0103	1	battle	slot	BTL	0x1E5800	80	<r挑発|ちょうはつ>を<r以|も>って<r敵|てき>を<r刺激|しげき>すべし	NUN5_TEXTENG@0x102D0	Taunt the enemy into action	Taunt the enemy into action						V26_BASELINE_IMPORTED
M0104	1	battle	slot	BTL	0x1E5850	48	<r壊|こわ>れ<r物|もの>を<r破壊|はかい>すべし	NUN5_TEXTENG@0x102F0	Destroy breakable objects	Destroy breakable objects						V26_BASELINE_IMPORTED
M0105	1	battle	slot	BTL	0x1E5880	64	<r特殊|とくしゅ><r条件|じょうけん>を<r完遂|かんすい>すべし	NUN5_TEXTENG@0x10310	Fulfill special objectives	Fulfill special objectives						V26_BASELINE_IMPORTED
M0106	1	battle	slot	BTL	0x1E58C0	64	<r敵|てき>の<r奥義|おうぎ>を<r打|う>ち<r破|やぶ>るべし	NUN5_TEXTENG@0x10330	Defeat the enemy's Ultimate Jutsu	Defeat the enemy's Ultimate Jutsu						V26_BASELINE_IMPORTED
M0107	1	battle	slot	BTL	0x1E5900	64	<r術|じゅつ>の<r競|せ>り<r合|あ>いにて<r勝利|しょうり>すべし	NUN5_TEXTENG@0x10360	Win in a battle of Ninjutsu	Win in a battle of Ninjutsu						V26_BASELINE_IMPORTED
M0108	1	battle	slot	BTL	0x1E5940	64	<r敵|てき>に<r残影|ざんえい>をもって<r挑|いど>むべし	NUN5_TEXTENG@0x10380	Use Shadowblur against the enemy	Use Shadowblur against the enemy						V26_BASELINE_IMPORTED
M0109	1	battle	slot	BTL	0x1E5980	32	コンボ<r数|すう>%sHitボーナス	NUN5_TEXTENG@0x103B0	%1 hit combo bonus	%1 hit combo bonus						V26_BASELINE_IMPORTED
M0110	1	battle	slot	BTL	0x1E59A0	48	<r所持|しょじ>アイテム%s<r個|こ>ボーナス	NUN5_TEXTENG@0x103D0	%1 items carried bonus	%1 items carried bonus						V26_BASELINE_IMPORTED
M0111	1	battle	slot	BTL	0x1E59D0	48	<r背景破壊|はいけいはかい>ボーナス	NUN5_TEXTENG@0x103F0	Environment destruction bonus	Environment destruction bonus						V26_BASELINE_IMPORTED
M0112	1	battle	slot	BTL	0x1E5A00	48	<r残影勝利|ざんえいしょうり>ボーナス	NUN5_TEXTENG@0x10410	Shadowblur victory bonus	Shadowblur victory bonus						V26_BASELINE_IMPORTED
M0113	1	battle	slot	BTL	0x1E5A30	32	<r奥義|おうぎ>ボーナス	NUN5_TEXTENG@0x10430	Ultimate Jutsu bonus	Ultimate Jutsu bonus						V26_BASELINE_IMPORTED
M0114	1	battle	slot	BTL	0x1E5A50	64	<r敵|てき>%sカウント<r以内撃破|いないげきは>ボーナス	NUN5_TEXTENG@0x10450	Enemy defeated within %1 timer counts bonus	Enemy defeated within %1 timer counts bonus						V26_BASELINE_IMPORTED
M0115	1	battle	slot	BTL	0x1E5AC0	48	キャラクター<r組|く>み<r合|あ>わせボーナス	NUN5_TEXTENG@0x104A0	Character combination bonus	Character combination bonus						V26_BASELINE_IMPORTED
M0116	1	battle	slot	BTL	0x1E5AF0	64	<r特殊連係攻撃|とくしゅれんけいこうげき>%sHitボーナス	NUN5_TEXTENG@0x104C0	%1 hit special linked attack bonus	%1 hit special linked attack bonus						V26_BASELINE_IMPORTED
M0117	1	battle	slot	BTL	0x1E5B30	48	<r連係忍術|れんけいにんじゅつ>%sHitボーナス	NUN5_TEXTENG@0x104F0	%1 hit linked Jutsu bonus	%1 hit linked Jutsu bonus						V26_BASELINE_IMPORTED
M0118	1	battle	slot	BTL	0x1E5B60	48	<r連係奥義|れんけいおうぎ>%sHitボーナス	NUN5_TEXTENG@0x10510	%1 hit linked Ultimate Jutsu bonus	%1 hit linked Ultimate Jutsu bonus						V26_BASELINE_IMPORTED
M0119	1	battle	slot	BTL	0x1E5BC0	16	カウント	NUN5_TEXTENG@0x10538	timer counts	timer counts						V26_BASELINE_IMPORTED
M0120	1	battle	slot	BTL	0x208A30	32	<r操作設定|そうさせってい>	NUN5_TEXTENG@0x870	Controls	Controls						V26_BASELINE_IMPORTED
M0121	1	battle	slot	BTL	0x208A50	48	<r基本操作|きほんそうさ>コマンド<r表|ひょう>	NUN5_TEXTENG@0x880	Command Chart	Command Chart						V26_BASELINE_IMPORTED
M0122	1	battle	slot	BTL	0x208A80	32	１Ｐコマンド<r表|ひょう>	NUN5_TEXTENG@0x890	1P Commands	1P Commands						V26_BASELINE_IMPORTED
M0123	1	battle	slot	BTL	0x208AA0	32	２Ｐコマンド<r表|ひょう>	NUN5_TEXTENG@0x8A0	2P Commands	2P Commands						V26_BASELINE_IMPORTED
M0124	1	battle	slot	BTL	0x208AF0	32	<r練習設定|れんしゅうせってい>	NUN5_TEXTENG@0x718	Practice	Practice						V26_BASELINE_IMPORTED
M0125	1	battle	slot	BTL	0x208B10	48	かんたん<r表示|ひょうじ><r設定|せってい>	NUN5_TEXTENG@0x8B0	Simple Display	Simple Display						V26_BASELINE_IMPORTED
M0126	1	battle	slot	BTL	0x208B40	32	アイテムストック	NUN5_TEXTENG@0x8C0	Item Stock	Item Stock						V26_BASELINE_IMPORTED
M0127	1	battle	slot	BTL	0x208B60	48	<r任務|にんむ>の<r条件|じょうけん>	NUN5_TEXTENG@0x8D0	Mission Rules	Mission Rules						V26_BASELINE_IMPORTED
M0128	1	battle	slot	BTL	0x208B90	32	クリア<r条件|じょうけん>	NUN5_TEXTENG@0x8E0	Clear Conditions	Clear Conditions						V26_BASELINE_IMPORTED
M0129	1	battle	slot	BTL	0x208BB0	48	ゲームモード<r選択|せんたく>に<r戻|もど>る	NUN5_TEXTENG@0x900	Back to Game Mode Screen	Back to Game Mode Screen						V26_BASELINE_IMPORTED
M0130	1	battle	slot	BTL	0x208BE0	48	キャラクター<r選択|せんたく>に<r戻|もど>る	NUN5_TEXTENG@0x920	Back to Character Select	Back to Character Select						V26_BASELINE_IMPORTED
M0131	1	battle	slot	BTL	0x208C10	32	ヒーローモードに<r戻|もど>る	NUN5_TEXTENG@0x940	Back to Hero Mode	Back to Hero Mode						V26_BASELINE_IMPORTED
M0132	1	battle	slot	BTL	0x208C30	48	<r対戦|たいせん>を<r終了|しゅうりょう>する	NUN5_TEXTENG@0x958	Quit battle	Quit battle						V26_BASELINE_IMPORTED
M0133	1	battle	slot	BTL	0x208CA8	16	キャンセル	NUN5_SLES@0x513E58	Cancel	Cancel						V26_BASELINE_IMPORTED
M0134	0	battle	slot	BTL	0x208CF0	32	<r対戦|たいせん>	NUN5_TEXTENG@0x708	Free Battle	Free Battle						V27_DISABLED_DUPLICATE_DIALOG_SLOT
M0135	0	battle	slot	BTL	0x208D10	32	<r練習|れんしゅう>	NUN5_TEXTENG@0x718	Practice	Practice						V27_DISABLED_DUPLICATE_DIALOG_SLOT
M0136	0	battle_dialogs	slot	BTL	0x208D30	80	"を<r終了|しゅうりょう>しますが、よろしいですか？
<iconCANCEL>キャンセル"	NUN5_TEXTENG@0xA00	Do you want to quit %1?	Do you want to quit %1?						V26_DISABLED_LEGACY_DIALOG_FRAGMENT
M0137	1	battle	slot	BTL	0x208DA0	32	キャラクター<r選択|せんたく>	NUN5_TEXTENG@0xA60	Character Select	Character Select						V26_BASELINE_IMPORTED
M0138	1	battle	slot	BTL	0x208DC0	32	ゲームモード<r選択|せんたく>	NUN5_TEXTENG@0xA80	Game Mode Select	Game Mode Select						V26_BASELINE_IMPORTED
M0139	1	battle	slot	BTL	0x208DE0	16	ヒーローモード	NUN5_TEXTENG@0x6F8	Hero Mode	Hero Mode						V26_BASELINE_IMPORTED
M0140	0	battle_dialogs	slot	BTL	0x208DF0	80	"に<r戻|もど>りますが、
よろしいですか？　　　　<iconCANCEL>キャンセル"	NUN5_TEXTENG@0xA20	Are you sure you want to quit %1 and return to %2?	Are you sure you want to quit %1 and return to %2?						V26_DISABLED_LEGACY_DIALOG_FRAGMENT
M0141	1	battle	slot	BTL	0x208E60	128	"ナルティメットアクセル<r独特|どくとく>の<r操作|そうさ>を
<r分|わ>かりやすく<r表示|ひょうじ>する<r為|ため>の<r機能|きのう>です。"	NUN5_TEXTENG@0xAC0	A feature to display the special controls for the game.	A feature to display the special controls for the game.						V26_BASELINE_IMPORTED
M0142	1	battle	slot	BTL	0x208F70	48	チャクラゲージ<r壱以上|いちいじょう>	NUN5_TEXTENG@0xB20	Chakra Gauge 1+	Chakra Gauge 1+						V26_BASELINE_IMPORTED
M0143	1	battle	slot	BTL	0x208FA0	48	チャクラゲージ<r弐以上|にいじょう>	NUN5_TEXTENG@0xB30	Chakra Gauge 2+	Chakra Gauge 2+						V26_BASELINE_IMPORTED
M0144	1	battle	slot	BTL	0x208FD0	32	チャクラゲージ<r参|さん>	NUN5_TEXTENG@0xB40	Chakra Gauge 3	Chakra Gauge 3						V26_BASELINE_IMPORTED
M0145	1	battle	slot	BTL	0x208FF0	32	<r地上|ちじょう><r投|な>げ	NUN5_TEXTENG@0xB50	Ground Throw	Ground Throw						V26_BASELINE_IMPORTED
M0146	1	battle	slot	BTL	0x209010	32	<r空中|くうちゅう><r投|な>げ	NUN5_TEXTENG@0xB60	Air Throw	Air Throw						V26_BASELINE_IMPORTED
M0147	1	battle	slot	BTL	0x209030	32	ジャンプ<r中|ちゅう>に	NUN5_TEXTENG@0xB70	While jumping	While jumping						V26_BASELINE_IMPORTED
M0148	1	battle	slot	BTL	0x209050	32	チャクラ<r消費|しょうひ>	NUN5_TEXTENG@0xB80	Consume Chakra	Consume Chakra						V26_BASELINE_IMPORTED
M0149	1	battle	slot	BTL	0x209070	32	<r当|あ>て<r身技|みわざ>	NUN5_TEXTENG@0xB90	Take Downs	Take Downs						V26_BASELINE_IMPORTED
M0150	1	battle	slot	BTL	0x2090D0	48	<r空中|くうちゅう><r連打技|れんだわざ>	NUN5_TEXTENG@0xBA0	Air Combo	Air Combo						V26_BASELINE_IMPORTED
M0151	1	battle	slot	BTL	0x209100	48	<r空中|くうちゅう><r溜|た>め<r技|わざ>	NUN5_TEXTENG@0xBB0	Air Charge	Air Charge						V26_BASELINE_IMPORTED
M0152	1	battle	slot	BTL	0x209130	64	チャクラ<r消費|しょうひ>／<r当|あ>て<r身技|みわざ>	NUN5_TEXTENG@0xBC0	Consume Chakra/Take Down	Consume Chakra/Take Down						V26_BASELINE_IMPORTED
M0153	1	battle	slot	BTL	0x209170	48	チャクラ<r消費|しょうひ>／<r溜|た>め<r技|わざ>	NUN5_TEXTENG@0xBE0	Consume Chakra/Charge	Consume Chakra/Charge						V26_BASELINE_IMPORTED
M0154	1	battle	slot	BTL	0x2091A0	48	チャクラ<r消費|しょうひ>／<r連打技|れんだわざ>	NUN5_TEXTENG@0xC00	Consume Chakra/Combo	Consume Chakra/Combo						V26_BASELINE_IMPORTED
M0155	1	battle	slot	BTL	0x2091D0	48	<r溜|た>め<r技|わざ>　<r弱|じゃく>	NUN5_TEXTENG@0xC18	Charge-weak	Charge-weak						V26_BASELINE_IMPORTED
M0156	1	battle	slot	BTL	0x209200	48	<r溜|た>め<r技|わざ>　<r強|きょう>	NUN5_TEXTENG@0xC28	Charge-strong	Charge-strong						V26_BASELINE_IMPORTED
M0157	1	battle	slot	BTL	0x209230	32	／<r空中可|くうちゅうか>	NUN5_TEXTENG@0xC38	/Jump OK	/Jump OK						V26_BASELINE_IMPORTED
M0158	1	battle	slot	BTL	0x209250	32	／<r通常奥義|つうじょうおうぎ>	NUN5_TEXTENG@0xC50	/Nor. Ultimate Jutsu	/Nor. Ultimate Jutsu						V26_BASELINE_IMPORTED
M0159	1	battle	slot	BTL	0x209270	32	／<r逆転奥義|ぎゃくてんおうぎ>	NUN5_TEXTENG@0xC70	/Rev. Ultimate Jutsu	/Rev. Ultimate Jutsu						V26_BASELINE_IMPORTED
M0160	1	battle	slot	BTL	0x209290	32	／<r覚醒奥義|かくせいおうぎ>	NUN5_TEXTENG@0xC90	/Awk. Ultimate Jutsu	/Awk. Ultimate Jutsu						V26_BASELINE_IMPORTED
M0161	1	battle	slot	BTL	0x2092B0	32	／<r連係奥義|れんけいおうぎ>	NUN5_TEXTENG@0xCB0	/Lnk. Ultimate Jutsu	/Lnk. Ultimate Jutsu						V26_BASELINE_IMPORTED
M0162	1	battle	slot	BTL	0x209330	32	（ジャンプ<r中|ちゅう>）	NUN5_TEXTENG@0xD30	(while jumping)	(while jumping)						V26_BASELINE_IMPORTED
M0163	1	battle	slot	BTL	0x209350	48	（<r相手|あいて>の<r前|まえ>で）	NUN5_TEXTENG@0xD40	(in front of opponent)	(in front of opponent)						V26_BASELINE_IMPORTED
M0164	1	battle	slot	BTL	0x2093B0	80	（<r相手|あいて>の<r攻撃|こうげき>の<r当|あ>たる<r瞬間|しゅんかん>）	NUN5_TEXTENG@0xDB0	(right when getting hit)	(right when getting hit)						V26_BASELINE_IMPORTED
M0165	1	battle	slot	BTL	0x209400	80	（<r投|な>げられた<r時|とき>、<r叩|たた>き<r付|つ>けられる<r瞬間|しゅんかん>）	NUN5_TEXTENG@0xDD0	(right when getting thrown/hit)	(right when getting thrown/hit)						V26_BASELINE_IMPORTED
M0166	1	battle	slot	BTL	0x209450	80	（<r吹|ふ>っ<r飛|と>ばした<r方向|ほうこう>の<r方向|ほうこう>キー）	NUN5_TEXTENG@0xDF0	(directional button of the direction of your choice)	(directional button of the direction of your choice)						V26_BASELINE_IMPORTED
M0167	1	battle	slot	BTL	0x2094A0	96	（<r相手|あいて>の<r追|お>い<r討|う>ち<r攻撃|こうげき>が<r当|あ>たる<r瞬間|しゅんかん>）	NUN5_TEXTENG@0xE30	(right when receiving an Extra Hit)	(right when receiving an Extra Hit)						V26_BASELINE_IMPORTED
M0168	1	battle	slot	BTL	0x209520	32	（<r地上|ちじょう>で）	NUN5_TEXTENG@0xE58	(on ground)	(on ground)						V26_BASELINE_IMPORTED
M0169	1	battle	slot	BTL	0x209540	112	（<r高速移動|こうそくいどう>の<r相殺中|そうさいちゅう>や<r攻撃|こうげき>の<r相殺中|そうさいちゅう>）	NUN5_TEXTENG@0xE70	(High Speed Move and attack are cancelled out)	(High Speed Move and attack are cancelled out)						V26_BASELINE_IMPORTED
M0170	1	battle	slot	BTL	0x2095B0	96	（マニュアル：<r出現後|しゅつげんご>もう<r一度|いちど><r押|お>すと<r攻撃|こうげき>）	NUN5_TEXTENG@0xEA0	(Manual: Press again after move to attack)	(Manual: Press again after move to attack)						V26_BASELINE_IMPORTED
M0171	1	battle	slot	BTL	0x209650	32	<r連係攻撃|れんけいこうげき>	NUN5_TEXTENG@0xF08	Linked Attack	Linked Attack						V26_BASELINE_IMPORTED
M0172	1	battle	slot	BTL	0x209670	32	アイテム<r選択|せんたく>	NUN5_TEXTENG@0xF18	Item Select	Item Select						V26_BASELINE_IMPORTED
M0173	1	battle	slot	BTL	0x209690	24	アイテム<r使用|しよう>	NUN5_TEXTENG@0xF28	Item Use	Item Use						V26_BASELINE_IMPORTED
M0174	1	battle	slot	BTL	0x2096A8	24	ジャンプ	NUN5_TEXTENG@0xD935	Jump	Jump						V26_BASELINE_IMPORTED
M0175	1	battle	slot	BTL	0x2096C0	32	<r二段|にだん>ジャンプ	NUN5_TEXTENG@0xF38	Double-jump	Double-jump						V26_BASELINE_IMPORTED
M0176	1	battle	slot	BTL	0x2096E0	32	<r高速移動|こうそくいどう>	NUN5_TEXTENG@0xF50	High Speed Move	High Speed Move						V26_BASELINE_IMPORTED
M0177	1	battle	slot	BTL	0x209720	64	<r変|か>わり<r身|み>の<r術|じゅつ>（チャクラ<r消費|しょうひ>）	NUN5_TEXTENG@0xF60	Substitution Jutsu (Consume Chakra)	Substitution Jutsu (Consume Chakra)						V26_BASELINE_IMPORTED
M0178	1	command_chart	slot	BTL	0x209760	32	<r受|う>け<r身|み>	NUN5_SLES@0x513EE0	Rebound	Rebound						V26_REBOUND
M0179	1	battle	slot	BTL	0x209780	32	<r追|お>い<r討|う>ち	NUN5_TEXTENG@0xF88	Extra Hit	Extra Hit						V26_BASELINE_IMPORTED
M0180	1	battle	slot	BTL	0x2097A0	48	<r追|お>い<r討|う>ち<r返|がえ>し	NUN5_TEXTENG@0xFA0	Extra Hit Counter	Extra Hit Counter						V26_BASELINE_IMPORTED
M0181	1	command_chart	slot	BTL	0x2097D0	32	チャクラをためる	NUN5_SLES@0x513EB0	Charge	Charge						V27_COMMAND_CHARGE
M0182	1	battle	slot	BTL	0x209810	48	<r奥|おく>へ<r軸移動|じくいどう>	NUN5_TEXTENG@0xFC8	Side-jump Back	Side-jump Back						V26_BASELINE_IMPORTED
M0183	1	battle	slot	BTL	0x209840	48	<r手前|てまえ>へ<r軸移動|じくいどう>	NUN5_TEXTENG@0xFE0	Side-jump Forward	Side-jump Forward						V26_BASELINE_IMPORTED
M0184	1	battle	slot	BTL	0x209870	32	ガード<r崩|くず>し	NUN5_TEXTENG@0xFF8	Guard Break	Guard Break						V26_BASELINE_IMPORTED
M0185	1	battle	slot	BTL	0x209890	48	<r残影追|ざんえいお>い<r討|う>ち	NUN5_TEXTENG@0x1010	Shadowblur Extra Hit	Shadowblur Extra Hit						V26_BASELINE_IMPORTED
M0186	1	battle	slot	BTL	0x209C80	16	やさしい	NUN5_TEXTENG@0x26AE	Easy	Easy						V26_BASELINE_IMPORTED
M0187	1	battle	slot	BTL	0x209C90	16	むずかしい	NUN5_SLES@0x514230	Hard	Hard						V26_BASELINE_IMPORTED
M0188	1	battle	slot	BTL	0x209CD0	16	使用不可	NUN5_SLES@0x514258	No Use	No Use						V26_BASELINE_IMPORTED
M0189	1	battle	slot	BTL	0x209CE0	16	ランダム	NUN5_SLES@0x514260	Random	Random						V26_BASELINE_IMPORTED
M0190	1	battle	slot	BTL	0x209CF0	16	コマンド	NUN5_BTL@0x1ECEC2	Command	Command						V26_BASELINE_IMPORTED
M0191	1	battle	slot	BTL	0x209D00	16	タイミング	NUN5_SLES@0x514270	Timing	Timing						V26_BASELINE_IMPORTED
M0192	1	battle	slot	BTL	0x209D28	16	ギリギリ	NUN5_SLES@0x514288	Almost	Almost						V26_BASELINE_IMPORTED
M0193	1	battle	slot	BTL	0x209D48	16	マニュアル	NUN5_SLES@0x513F10	Manual	Manual						V26_BASELINE_IMPORTED
M0194	1	battle	slot	BTL	0x209D58	16	ジャンプ	NUN5_TEXTENG@0xD935	Jump	Jump						V26_BASELINE_IMPORTED
M0195	1	battle	slot	BTL	0x209D68	24	二段ジャンプ	NUN5_TEXTENG@0xF38	Double-jump	Double-jump						V26_BASELINE_IMPORTED
M0196	1	battle	slot	BTL	0x209D98	16	飛び道具	NUN5_BTL@0x1F9362	Projectile	Projectile						V26_BASELINE_IMPORTED
M0197	1	battle	slot	BTL	0x209DA8	16	高速移動	NUN5_TEXTENG@0xF50	High Speed Move	High Speed Move						V26_BASELINE_IMPORTED
M0198	1	battle	slot	BTL	0x209DE0	16	動かない	NUN5_SLES@0x5142B0	Stay	Stay						V26_BASELINE_IMPORTED
M0199	1	battle	slot	BTL	0x209DF0	16	必ず返す	NUN5_SLES@0x5142C0	Return	Return						V26_BASELINE_IMPORTED
M0200	1	battle	slot	BTL	0x209E00	17	使用しない	NUN5_TEXTENG@0xF248	Don't use	Don't use						V26_BASELINE_IMPORTED
M0201	1	battle	slot	BTL	0x209E20	112	「<r使用不可|しようふか>」は、<r奥義|おうぎ>が<r使|つか>えなくなるので<r注意|ちゅうい>してください。	NUN5_TEXTENG@0xF370	No Use: Ultimate Jutsu cannot be used.	No Use: Ultimate Jutsu cannot be used.						V26_BASELINE_IMPORTED
M0202	1	battle	slot	BTL	0x209E90	112	「ランダム」にすると<r入力勝負|にゅうりょくしょうぶ>の<r方法|ほうほう>が<r毎回変化|まいかいへんか>します。	NUN5_TEXTENG@0xF3A0	Random: Controls change every time.	Random: Controls change every time.						V26_BASELINE_IMPORTED
M0203	1	battle	slot	BTL	0x209F00	80	「コマンド」にするとボタンの<r入力勝負|にゅうりょくしょうぶ>になります。	NUN5_TEXTENG@0xF3D0	Command: A button-pressing competition.	Command: A button-pressing competition.						V26_BASELINE_IMPORTED
M0204	1	battle	slot	BTL	0x209F50	96	「タイミング」にするとボタンをタイミング<r良|よ>く<r押|お>す<r勝負|しょうぶ>になります。	NUN5_TEXTENG@0xF400	Timing: Press the buttons in good timing.	Timing: Press the buttons in good timing.						V26_BASELINE_IMPORTED
M0205	1	battle	slot	BTL	0x209FB0	144	「<r回転|かいてん>」にすると<r左|ひだり>スティック、もしくは<r右|みぎ>スティックの<r回転数勝負|かいてんすうしょうぶ>になります。	NUN5_TEXTENG@0xF430	Turn: A turning competition using the left analog stick and right analog stick.	Turn: A turning competition using the left analog stick and right analog stick.						V26_BASELINE_IMPORTED
M0206	1	battle	slot	BTL	0x20A040	80	「<r連打|れんだ>」にするとボタンの<r連打勝負|れんだしょうぶ>になります。	NUN5_TEXTENG@0xF480	Combo: A button-mashing competition.	Combo: A button-mashing competition.						V26_BASELINE_IMPORTED
M0207	1	battle	slot	BTL	0x20A0B0	112	「<r通常|つうじょう>」にすると<r一定時間|いっていじかん>で<r体力|たいりょく>が<r全回復|ぜんかいふく>します。	NUN5_TEXTENG@0xF4B0	Normal: Health recovers after a set time.	Normal: Health recovers after a set time.						V26_BASELINE_IMPORTED
M0208	1	battle	slot	BTL	0x20A120	128	「<r半分|はんぶん>」にすると<r一定時間|いっていじかん>で<r体力|たいりょく>が<r半分|はんぶん>まで<r回復|かいふく>します。	NUN5_TEXTENG@0xF4E0	Half: Health halfway recovers after a set time.	Half: Health halfway recovers after a set time.						V26_BASELINE_IMPORTED
M0209	1	battle	slot	BTL	0x20A1A0	96	「ギリギリ」にすると<r常|つね>に<r体力|たいりょく>がギリギリの<r状態|じょうたい>になります。	NUN5_TEXTENG@0xF510	Almost: Health always wavers near 0.	Almost: Health always wavers near 0.						V26_BASELINE_IMPORTED
M0210	1	battle	slot	BTL	0x20A210	16	対戦時間	NUN5_SLES@0x5142C8	Time	Time						V26_BASELINE_IMPORTED
M0211	1	battle	slot	BTL	0x20A220	16	アイテム出現	NUN5_SLES@0x5142D0	Items	Items						V26_BASELINE_IMPORTED
M0212	1	battle	slot	BTL	0x20A230	16	チャクラ	NUN5_TEXTENG@0xB88	Chakra	Chakra						V26_BASELINE_IMPORTED
M0213	1	battle	slot	BTL	0x20A240	32	ハンディキャップ	NUN5_TEXTENG@0xF890	Handicap	Handicap						V26_BASELINE_IMPORTED
M0214	1	battle	slot	BTL	0x20A280	96	<r方向|ほうこう>キー<r左右|さゆう>で<r対戦時間|たいせんじかん>の<r変更|へんこう>ができます。	NUN5_TEXTENG@0xF540	Press the left directional button or right directional button to change battle time.	Press the left directional button or right directional button to change battle time.						V26_BASELINE_IMPORTED
M0215	1	battle	slot	BTL	0x20A2E0	96	<r方向|ほうこう>キー<r左右|さゆう>でＣＯＭの<r強|つよ>さを<r変更|へんこう>できます。	NUN5_TEXTENG@0xF5A0	Press the left directional button or right directional button to change COM strength.	Press the left directional button or right directional button to change COM strength.						V26_BASELINE_IMPORTED
M0216	1	battle	slot	BTL	0x20A340	240	<r方向|ほうこう>キー<r左右|さゆう>でアイテムの<r出現率|しゅつげんりつ>が<r変更|へんこう>できます。　　　　　<r多|おお>めにすると、いつもよりゲーム<r中|ちゅう>に<r出現|しゅつげん>するアイテムの<r数|かず>が<r多|おお>くなります。	NUN5_TEXTENG@0xF600	Press the left directional button or right directional button to change frequency of item appearance. Set to More to make items appear more frequently than usual.	Press the left directional button or right directional button to change frequency of item appearance. Set to More to make items appear more frequently than usual.						V26_BASELINE_IMPORTED
M0217	1	battle	slot	BTL	0x20A430	160	<r方向|ほうこう>キー<r左右|さゆう>で<r忍術|にんじゅつ>などを<r使用|しよう>した<r時|とき>に、チャクラが<r減|へ>るか<r減|へ>らないかを<r設定|せってい>できます。	NUN5_TEXTENG@0xF6B0	Press the left directional button or right directional button to chose whether Chakra decreases or not when using Jutsu.	Press the left directional button or right directional button to chose whether Chakra decreases or not when using Jutsu.						V26_BASELINE_IMPORTED
M0218	1	battle	slot	BTL	0x20A4D0	144	<r方向|ほうこう>キー<r左右|さゆう>で<r奥義|おうぎ>の<r入力勝負|にゅうりょくしょうぶ>の<r切|き>り<r替|か>えなどが<r設定|せってい>できます。	NUN5_TEXTENG@0xF730	Press the left directional button or right directional button to change Ultimate Jutsu controls.	Press the left directional button or right directional button to change Ultimate Jutsu controls.						V26_BASELINE_IMPORTED
M0219	1	battle	slot	BTL	0x20A560	256	<r方向|ほうこう>キー<r左右|さゆう>でハンディキャップの<r設定|せってい>ができます。　　　　　<r赤|あか>いマークが<r多|おお>いほど、１Ｐが<r有利|ゆうり>。<r逆|ぎゃく>に<r青|あお>いマークが<r多|おお>いと２Ｐが<r有利|ゆうり>な<r設定|せってい>です。	NUN5_TEXTENG@0xF7A0	Press the left directional button or right directional button to change handicap. More red marks means a better advantage for 1P. Blue marks are for 2P.	Press the left directional button or right directional button to change handicap. More red marks means a better advantage for 1P. Blue marks are for 2P.						V26_BASELINE_IMPORTED
M0220	1	battle	slot	BTL	0x20A680	68	<r対戦設定|たいせんせってい>をデフォルトに<r戻|もど>しました。	NUN5_TEXTENG@0xF260	Battle Settings returned to defaults.	Battle Settings returned to defaults.						V26_BASELINE_IMPORTED
M0221	1	battle	slot	BTL	0x20A748	16	連係攻撃	NUN5_TEXTENG@0xF08	Linked Attack	Linked Attack						V26_BASELINE_IMPORTED
M0222	1	battle	slot	BTL	0x20A758	16	連係モード	NUN5_TEXTENG@0x1E60	Linked Mode	Linked Mode						V26_BASELINE_IMPORTED
M0223	1	battle	slot	BTL	0x20A768	16	コマンド表示	NUN5_TEXTENG@0x893	Commands	Commands						V26_BASELINE_IMPORTED
M0224	1	battle	slot	BTL	0x20A778	16	ダメージ量表示	NUN5_SLES@0x5142E8	Damage	Damage						V26_BASELINE_IMPORTED
M0225	1	battle	slot	BTL	0x20B170	160	<r対戦|たいせん><r相手|あいて>の<r状態|じょうたい>を<r指定|してい>できます。ＣＯＭでは、コンピュータと<r対戦|たいせん>する<r事|こと>ができます。	NUN5_TEXTENG@0xFFE0	You can battle against the computer when in COM mode.	You can battle against the computer when in COM mode.						V26_BASELINE_IMPORTED
M0226	1	battle	slot	BTL	0x20B210	192	<r対戦|たいせん><r相手|あいて>の<r状態|じょうたい>を<r指定|してい>できます。<r立|た>ちでは、<r立|た>った<r状態|じょうたい>で<r下記|かき>で<r指定|してい>した<r行動|こうどう>をします。	NUN5_TEXTENG@0x10020	COM will make the following standing movements when in Stand mode.	COM will make the following standing movements when in Stand mode.						V26_BASELINE_IMPORTED
M0227	1	battle	slot	BTL	0x20B2D0	176	<r対戦|たいせん><r相手|あいて>の<r状態|じょうたい>を<r指定|してい>できます。ジャンプでは、ジャンプしながら<r下記|かき>で<r指定|してい>した<r行動|こうどう>をします。	NUN5_TEXTENG@0x10070	COM will make the following standing movements when in Jump mode.	COM will make the following standing movements when in Jump mode.						V26_BASELINE_IMPORTED
M0228	1	battle	slot	BTL	0x20B380	208	<r対戦|たいせん><r相手|あいて>の<r状態|じょうたい>を<r指定|してい>できます。<r二段|にだん>ジャンプでは、<r二段|にだん>ジャンプしながら<r下記|かき>で<r指定|してい>した<r行動|こうどう>をします。	NUN5_TEXTENG@0x10070	COM will make the following standing movements when in Jump mode.	COM will make the following standing movements when in Jump mode.						V26_BASELINE_IMPORTED
M0229	1	battle	slot	BTL	0x20B468	24	対戦相手の設定	NUN5_TEXTENG@0xF920	Opponent Settings	Opponent Settings						V26_BASELINE_IMPORTED
M0230	1	battle	slot	BTL	0x20B4D0	72	<r練習設定|れんしゅうせってい>をデフォルトに<r戻|もど>しました。	NUN5_TEXTENG@0xF940	Practice settings returned to defaults.	Practice settings returned to defaults.						V26_BASELINE_IMPORTED
M0231	1	menus_data	slot	ETC	0x24F98	24	うずまきナルト	NUN5_TEXTENG@0x4D8	Naruto Uzumaki	Naruto Uzumaki						V26_BASELINE_IMPORTED
M0232	1	menus_data	slot	ETC	0x24FB0	24	<r春野|はるの>サクラ	NUN5_TEXTENG@0x4E8	Sakura Haruno	Sakura Haruno						V26_BASELINE_IMPORTED
M0233	1	menus_data	slot	ETC	0x24FC8	24	はたけカカシ	NUN5_TEXTENG@0x568	Kakashi Hatake	Kakashi Hatake						V26_BASELINE_IMPORTED
M0234	1	menus_data	slot	ETC	0x24FE0	24	<r日向|ひゅうが>ネジ	NUN5_TEXTENG@0x528	Neji Hyuga	Neji Hyuga						V26_BASELINE_IMPORTED
M0235	1	menus_data	slot	ETC	0x24FF8	16	ロック・リー	NUN5_TEXTENG@0x538	Rock Lee	Rock Lee						V26_BASELINE_IMPORTED
M0236	1	menus_data	slot	ETC	0x25018	24	マイト・ガイ	NUN5_TEXTENG@0x558	Might Guy	Might Guy						V26_BASELINE_IMPORTED
M0237	1	menus_data	slot	ETC	0x25030	32	<r奈良|なら>シカマル	NUN5_TEXTENG@0x548	Shikamaru Nara	Shikamaru Nara						V26_BASELINE_IMPORTED
M0238	1	menus_data	slot	ETC	0x25050	32	<r秋道|あきみち>チョウジ	NUN5_TEXTENG@0x648	Choji Akimichi	Choji Akimichi						V26_BASELINE_IMPORTED
M0239	1	menus_data	slot	ETC	0x25070	32	<r山中|やまなか>いの	NUN5_TEXTENG@0x658	Ino Yamanaka	Ino Yamanaka						V26_BASELINE_IMPORTED
M0240	1	menus_data	slot	ETC	0x25090	32	<r猿飛|さるとび>アスマ	NUN5_TEXTENG@0x668	Asuma Sarutobi	Asuma Sarutobi						V26_BASELINE_IMPORTED
M0241	1	menus_data	slot	ETC	0x250B0	32	<r犬塚|いぬづか>キバ	NUN5_TEXTENG@0x618	Kiba Inuzuka	Kiba Inuzuka						V26_BASELINE_IMPORTED
M0242	1	menus_data	slot	ETC	0x250D0	32	<r油女|あぶらめ>シノ	NUN5_TEXTENG@0x628	Shino Aburame	Shino Aburame						V26_BASELINE_IMPORTED
M0243	1	menus_data	slot	ETC	0x250F0	32	<r日向|ひゅうが>ヒナタ	NUN5_TEXTENG@0x638	Hinata Hyuga	Hinata Hyuga						V26_BASELINE_IMPORTED
M0244	1	menus_data	slot	ETC	0x25110	32	<r夕日|ゆうひ><r紅|くれない>	NUN5_TEXTENG@0x678	Kurenai Yuhi	Kurenai Yuhi						V26_BASELINE_IMPORTED
M0245	1	menus_data	slot	ETC	0x25130	40	<r風影|かぜかげ>・<r我愛羅|ガアラ>	NUN5_TEXTENG@0x4F8	Kazekage Gaara	Kazekage Gaara						V26_BASELINE_IMPORTED
M0246	1	menus_data	slot	ETC	0x25158	24	カンクロウ	NUN5_TEXTENG@0x2B0	Kankuro (Classic)	Kankuro (Classic)						V26_BASELINE_IMPORTED
M0247	1	menus_data	slot	ETC	0x25170	32	チヨバア（<r体術|たいじゅつ>）	NUN5_TEXTENG@0x600	Granny Chiyo (Taijutsu)	Granny Chiyo (Taijutsu)						V26_BASELINE_IMPORTED
M0248	1	menus_data	slot	ETC	0x25190	16	うちはイタチ	NUN5_TEXTENG@0x578	Itachi Uchiha	Itachi Uchiha						V26_BASELINE_IMPORTED
M0249	1	menus_data	slot	ETC	0x251A0	32	<r干柿鬼鮫|ほしがきキサメ>	NUN5_TEXTENG@0x590	Kisame Hoshigaki	Kisame Hoshigaki						V26_BASELINE_IMPORTED
M0250	1	menus_data	slot	ETC	0x251C0	16	デイダラ	NUN5_TEXTENG@0x254F8	Deidara	Deidara						V26_BASELINE_IMPORTED
M0251	1	menus_data	slot	ETC	0x251D0	16	サソリ・ヒルコ	NUN5_TEXTENG@0x5F0	Sasori (Hiruko)	Sasori (Hiruko)						V26_BASELINE_IMPORTED
M0252	1	menus_data	slot	ETC	0x251E0	16	チヨバア	NUN5_TEXTENG@0x508	Granny Chiyo	Granny Chiyo						V26_BASELINE_IMPORTED
M0253	1	menus_data	slot	ETC	0x25208	24	<r綱手|ツナデ>	NUN5_TEXTENG@0x29DE	Tsunade	Tsunade						V26_BASELINE_IMPORTED
M0254	1	menus_data	slot	ETC	0x25220	32	<r大蛇丸|オロチまる>	NUN5_TEXTENG@0x688	Orochimaru	Orochimaru						V26_BASELINE_IMPORTED
M0255	1	menus_data	slot	ETC	0x25240	24	<r薬師|やくし>カブト	NUN5_TEXTENG@0x698	Kabuto Yakushi	Kabuto Yakushi						V26_BASELINE_IMPORTED
M0256	1	menus_data	slot	ETC	0x25258	24	うちはサスケ	NUN5_TEXTENG@0x6A8	Sasuke Uchiha	Sasuke Uchiha						V26_BASELINE_IMPORTED
M0257	1	menus_data	slot	ETC	0x25270	64	<r九尾第四覚醒状態|きゅうびだいよんかくせいじょうたい>	NUN5_TEXTENG@0x5B0	Nine-Tailed Fourth Awakened State	Nine-Tailed Fourth Awakened State						V26_BASELINE_IMPORTED
M0258	1	menus_data	slot	ETC	0x252B0	48	サソリ（<r自分傀儡|じぶんくぐつ>）	NUN5_TEXTENG@0x5E0	Sasori (Puppet)	Sasori (Puppet)						V26_BASELINE_IMPORTED
M0259	1	menus_data	slot	ETC	0x252E0	48	うずまきナルト（<r旧章|きゅうしょう>）	NUN5_TEXTENG@0x100	N. Uzumaki (Classic)	N. Uzumaki (Classic)						V26_BASELINE_IMPORTED
M0260	1	menus_data	slot	ETC	0x25310	48	うちはサスケ（<r旧章|きゅうしょう>）	NUN5_TEXTENG@0x120	S. Uchiha (Classic)	S. Uchiha (Classic)						V26_BASELINE_IMPORTED
M0261	1	menus_data	slot	ETC	0x25340	48	<r春野|はるの>サクラ（<r旧章|きゅうしょう>）	NUN5_TEXTENG@0x1C0	S. Haruno (Classic)	S. Haruno (Classic)						V26_BASELINE_IMPORTED
M0262	1	menus_data	slot	ETC	0x25370	48	<r日向|ひゅうが>ネジ（<r旧章|きゅうしょう>）	NUN5_TEXTENG@0x1A0	Neji Hyuga (Classic)	Neji Hyuga (Classic)						V26_BASELINE_IMPORTED
M0263	1	menus_data	slot	ETC	0x253A0	48	ロック・リー（<r旧章|きゅうしょう>）	NUN5_TEXTENG@0x140	Rock Lee (Classic)	Rock Lee (Classic)						V26_BASELINE_IMPORTED
M0264	1	menus_data	slot	ETC	0x253D0	48	テンテン（<r旧章|きゅうしょう>）	NUN5_TEXTENG@0x210	Tenten (Classic)	Tenten (Classic)						V26_BASELINE_IMPORTED
M0265	1	menus_data	slot	ETC	0x25400	48	<r奈良|なら>シカマル（<r旧章|きゅうしょう>）	NUN5_TEXTENG@0x180	S. Nara (Classic)	S. Nara (Classic)						V26_BASELINE_IMPORTED
M0266	1	menus_data	slot	ETC	0x25430	64	<r秋道|あきみち>チョウジ（<r旧章|きゅうしょう>）	NUN5_TEXTENG@0x230	C. Akimichi (Classic)	C. Akimichi (Classic)						V26_BASELINE_IMPORTED
M0267	1	menus_data	slot	ETC	0x25470	48	<r山中|やまなか>いの（<r旧章|きゅうしょう>）	NUN5_TEXTENG@0x250	I. Yamanaka (Class.)	I. Yamanaka (Class.)						V26_BASELINE_IMPORTED
M0268	1	menus_data	slot	ETC	0x254A0	48	<r犬塚|いぬづか>キバ（<r旧章|きゅうしょう>）	NUN5_TEXTENG@0x270	K. Inuzuka (Classic)	K. Inuzuka (Classic)						V26_BASELINE_IMPORTED
M0269	1	menus_data	slot	ETC	0x254D0	48	<r油女|あぶらめ>シノ（<r旧章|きゅうしょう>）	NUN5_TEXTENG@0x290	S. Aburame (Classic)	S. Aburame (Classic)						V26_BASELINE_IMPORTED
M0270	1	menus_data	slot	ETC	0x25500	48	<r日向|ひゅうが>ヒナタ（<r旧章|きゅうしょう>）	NUN5_TEXTENG@0x1F0	H. Hyuga (Classic)	H. Hyuga (Classic)						V26_BASELINE_IMPORTED
M0271	1	menus_data	slot	ETC	0x25530	32	<r日向|ひゅうが>ハナビ	NUN5_TEXTENG@0x358	Hanabi Hyuga	Hanabi Hyuga						V26_BASELINE_IMPORTED
M0272	1	menus_data	slot	ETC	0x25550	48	<r木|こ>ノ<r葉丸|はまる><r軍団|ぐんだん>	NUN5_TEXTENG@0x348	Konohamaru NS	Konohamaru NS						V26_BASELINE_IMPORTED
M0273	1	menus_data	slot	ETC	0x25580	16	みたらしアンコ	NUN5_TEXTENG@0x3B8	Anko Mitarashi	Anko Mitarashi						V26_BASELINE_IMPORTED
M0274	1	menus_data	slot	ETC	0x25590	32	<r初代火影|しょだいほかげ>	NUN5_TEXTENG@0x370	The First Hokage	The First Hokage						V26_BASELINE_IMPORTED
M0275	1	menus_data	slot	ETC	0x255B0	32	<r二代目火影|にだいめほかげ>	NUN5_TEXTENG@0x3A0	The Second Hokage	The Second Hokage						V26_BASELINE_IMPORTED
M0276	1	menus_data	slot	ETC	0x255D0	32	<r三代目火影|さんだいめほかげ>	NUN5_TEXTENG@0x2F0	The Third Hokage	The Third Hokage						V26_BASELINE_IMPORTED
M0277	1	menus_data	slot	ETC	0x255F0	48	<r黄色|きいろ>い<r閃光|せんこう>	NUN5_TEXTENG@0x330	The Yellow Flash	The Yellow Flash						V26_BASELINE_IMPORTED
M0278	1	menus_data	slot	ETC	0x25620	64	<r砂瀑|さばく>の<r我愛羅|ガアラ>（<r旧章|きゅうしょう>）	NUN5_TEXTENG@0x160	Gaara (Classic)	Gaara (Classic)						V26_BASELINE_IMPORTED
M0279	1	menus_data	slot	ETC	0x25660	48	カンクロウ（<r旧章|きゅうしょう>）	NUN5_TEXTENG@0x2B0	Kankuro (Classic)	Kankuro (Classic)						V26_BASELINE_IMPORTED
M0280	1	menus_data	slot	ETC	0x25690	32	テマリ（<r旧章|きゅうしょう>）	NUN5_TEXTENG@0x2D0	Temari (Classic)	Temari (Classic)						V26_BASELINE_IMPORTED
M0281	1	menus_data	slot	ETC	0x256B0	24	<r君麻呂|キミマロ>	NUN5_TEXTENG@0x318	Kimimaro	Kimimaro						V26_BASELINE_IMPORTED
M0282	1	menus_data	slot	ETC	0x256C8	24	<r左近|サコン>	NUN5_TEXTENG@0x4AD	Sakon	Sakon						V26_BASELINE_IMPORTED
M0283	1	menus_data	slot	ETC	0x256E0	32	<r多由也|タユヤ>	NUN5_TEXTENG@0x48D	Tayuya	Tayuya						V26_BASELINE_IMPORTED
M0284	1	menus_data	slot	ETC	0x25700	32	<r鬼童丸|キドウマル>	NUN5_TEXTENG@0x308	Kidomaru	Kidomaru						V26_BASELINE_IMPORTED
M0285	1	menus_data	slot	ETC	0x25720	32	<r次郎坊|ジロウボウ>	NUN5_TEXTENG@0x44D	Jirobo	Jirobo						V26_BASELINE_IMPORTED
M0286	1	menus_data	slot	ETC	0x25740	32	<r桃地|ももち><r再不斬|ザブザ>	NUN5_TEXTENG@0x1D8	Zabuza Momochi	Zabuza Momochi						V26_BASELINE_IMPORTED
M0287	1	menus_data	slot	ETC	0x25770	48	うずまきナルト（<r九尾|きゅうび>）	NUN5_TEXTENG@0x3D0	Naruto Uzumaki (Nine-Tailed)	Naruto Uzumaki (Nine-Tailed)						V26_BASELINE_IMPORTED
M0288	1	menus_data	slot	ETC	0x257A0	48	うちはサスケ<r状態|じょうたい>２	NUN5_TEXTENG@0x3F0	Second Stage Sasuke Uchiha	Second Stage Sasuke Uchiha						V26_BASELINE_IMPORTED
M0289	1	menus_data	slot	ETC	0x257D0	32	すい<r拳|けん>リー	NUN5_TEXTENG@0x410	Loopy Fist Lee	Loopy Fist Lee						V26_BASELINE_IMPORTED
M0290	1	menus_data	slot	ETC	0x257F0	48	<r憑依体我愛羅|ひょういたいガアラ>	NUN5_TEXTENG@0x420	Possessed Gaara	Possessed Gaara						V26_BASELINE_IMPORTED
M0291	1	menus_data	slot	ETC	0x25820	32	<r超|ちょう>チョウジ	NUN5_TEXTENG@0x430	Super Choji	Super Choji						V26_BASELINE_IMPORTED
M0292	1	menus_data	slot	ETC	0x25840	48	<r次郎坊|ジロウボウ><r状態|じょうたい>２	NUN5_TEXTENG@0x440	Second Stage Jirobo	Second Stage Jirobo						V26_BASELINE_IMPORTED
M0293	1	menus_data	slot	ETC	0x25870	48	<r鬼童丸|キドウマル><r状態|じょうたい>２	NUN5_TEXTENG@0x460	Second Stage Kidomaru	Second Stage Kidomaru						V26_BASELINE_IMPORTED
M0294	1	menus_data	slot	ETC	0x258A0	48	<r多由也|タユヤ><r状態|じょうたい>２	NUN5_TEXTENG@0x480	Second Stage Tayuya	Second Stage Tayuya						V26_BASELINE_IMPORTED
M0295	1	menus_data	slot	ETC	0x258D0	48	<r左近|サコン><r状態|じょうたい>２	NUN5_TEXTENG@0x4A0	Second Stage Sakon	Second Stage Sakon						V26_BASELINE_IMPORTED
M0296	1	menus_data	slot	ETC	0x25900	40	<r君麻呂|キミマロ><r状態|じょうたい>２	NUN5_TEXTENG@0x4C0	Second Stage Kimimaro	Second Stage Kimimaro						V26_BASELINE_IMPORTED
M0297	1	menus_data	slot	ETC	0x25928	28	ジオラマ	NUN5_ETC@0x28959	Diorama	Diorama						V26_BASELINE_IMPORTED
M0298	1	menus_data	slot	ETC	0x25D00	40	<r影分身|かげぶんしん>の<r術|じゅつ>	NUN5_TEXTENG@0x3030	Shadow Clone Jutsu	Shadow Clone Jutsu						V26_BASELINE_IMPORTED
M0299	1	menus_data	slot	ETC	0x25D40	24	<r暴走|ぼうそう>	NUN5_TEXTENG@0x3058	Running Wild	Running Wild						V26_BASELINE_IMPORTED
M0300	1	menus_data	slot	ETC	0x25D70	40	<r気|き>を<r引|ひ>き<r締|し>めて…	NUN5_TEXTENG@0x3080	Steady Myself...	Steady Myself...						V26_BASELINE_IMPORTED
M0301	1	menus_data	slot	ETC	0x25DB0	24	<r女|おんな>らしく	NUN5_TEXTENG@0x30A8	Ladylike	Ladylike						V26_BASELINE_IMPORTED
M0302	1	menus_data	slot	ETC	0x25DE0	32	<r拳|こぶし>に<r力|ちから>を！	NUN5_TEXTENG@0x30D0	Power in My Fist!	Power in My Fist!						V26_BASELINE_IMPORTED
M0303	1	menus_data	slot	ETC	0x25E10	48	<r忍法|にんぽう>・<r超獣偽画|ちょうじゅうぎが>	NUN5_TEXTENG@0x3100	Ninja Art: Beast Scroll Replicas	Ninja Art: Beast Scroll Replicas						V26_BASELINE_IMPORTED
M0304	1	menus_data	slot	ETC	0x25E50	24	<r索敵|さくてき>	NUN5_TEXTENG@0x3140	Searching for the Enemy	Searching for the Enemy						V26_BASELINE_IMPORTED
M0305	1	menus_data	slot	ETC	0x25E80	24	<r飛翔|ひしょう>	NUN5_SLES@0x513F78	Soaring	Soaring						V26_BASELINE_IMPORTED
M0306	1	menus_data	slot	ETC	0x25EF0	32	<r牽制攻撃|けんせいこうげき>	NUN5_TEXTENG@0x31B0	Restraining Attack	Restraining Attack						V26_BASELINE_IMPORTED
M0307	1	menus_data	slot	ETC	0x25F20	32	<r忍犬口寄|にんけんくちよ>せ	NUN5_TEXTENG@0x31E0	Ninja Hound Summoning	Ninja Hound Summoning						V26_BASELINE_IMPORTED
M0308	1	menus_data	slot	ETC	0x25F50	24	<r柔拳|じゅうけん>	NUN5_TEXTENG@0x3208	Gentle Fist	Gentle Fist						V26_BASELINE_IMPORTED
M0309	1	menus_data	slot	ETC	0x25F80	32	<r八卦空掌|はっけくうしょう>	NUN5_TEXTENG@0x3230	8 Trigrams Sky Palm	8 Trigrams Sky Palm						V26_BASELINE_IMPORTED
M0310	1	menus_data	slot	ETC	0x25FE0	32	<r戦闘姿勢|せんとうしせい>	NUN5_TEXTENG@0x3288	Battle Posture	Battle Posture						V26_BASELINE_IMPORTED
M0311	1	menus_data	slot	ETC	0x26010	40	<r木|こ>ノ<r葉昇風|はしょうふう>	NUN5_TEXTENG@0x32B0	Leaf Rising Wind	Leaf Rising Wind						V26_BASELINE_IMPORTED
M0312	1	menus_data	slot	ETC	0x26050	40	<r限界|げんかい>を<r超|こ>えろ！	NUN5_TEXTENG@0x32E0	Surpass Your Limits!	Surpass Your Limits!						V26_BASELINE_IMPORTED
M0313	1	menus_data	slot	ETC	0x26090	40	<r忍具|にんぐ>の<r使|つか>い<r手|て>	NUN5_TEXTENG@0x3316	Tool User	Tool User						V26_BASELINE_IMPORTED
M0314	1	menus_data	slot	ETC	0x260D0	32	<r棒体術|ぼうたいじゅつ>	NUN5_TEXTENG@0x3330	Staff Taijutsu	Staff Taijutsu						V26_BASELINE_IMPORTED
M0315	1	menus_data	slot	ETC	0x26140	40	<r熱血青春|ねっけつせいしゅん>ポーズ！	NUN5_TEXTENG@0x3380	Hot-Blooded Youth Pose!	Hot-Blooded Youth Pose!						V26_BASELINE_IMPORTED
M0316	1	character_ultimate_jutsu	slot	ETC	0x26180	24	<r朝孔雀|あさくじゃく>	NUN5_TEXTENG@0x33B0	Morning Peacock	Morning Peacock						V31_MATCHED_ULTIMATE_RECORD_METADATA_ETC
M0317	1	menus_data	slot	ETC	0x261B0	24	<r開門|かいもん>ッ！	NUN5_TEXTENG@0x33D0	Opening Gate!	Opening Gate!						V26_BASELINE_IMPORTED
M0318	1	character_ultimate_jutsu	slot	ETC	0x26210	40	<r忍法|にんぽう>・<r影縫|かげぬ>い	NUN5_TEXTENG@0x3410	Ninja Art: Shadow Sew	Ninja Art: Shadow Sew						V31_MATCHED_ULTIMATE_RECORD_METADATA_ETC
M0319	1	menus_data	slot	ETC	0x26320	24	かわいさアピール	NUN5_TEXTENG@0x34F0	Cuteness Appeal	Cuteness Appeal						V26_BASELINE_IMPORTED
M0320	1	menus_data	slot	ETC	0x26350	32	<r綺麗|きれい>な<r花|はな>	NUN5_TEXTENG@0x3510	Beautiful Flower	Beautiful Flower						V26_BASELINE_IMPORTED
M0321	1	menus_data	slot	ETC	0x263A0	24	<r装着|そうちゃく>！	NUN5_SLES@0x513FD8	Equip!	Equip!						V26_BASELINE_IMPORTED
M0322	1	menus_data	slot	ETC	0x263D0	24	<r一閃|いっせん>！	NUN5_SLES@0x513FE0	Flash!	Flash!						V26_BASELINE_IMPORTED
M0323	1	menus_data	slot	ETC	0x26400	24	<r登場|とうじょう>	NUN5_TEXTENG@0x3578	Appearance	Appearance						V26_BASELINE_IMPORTED
M0324	1	menus_data	slot	ETC	0x26458	16	ダイナミック！	NUN5_TEXTENG@0x35C0	Dynamic!	Dynamic!						V26_BASELINE_IMPORTED
M0325	1	menus_data	slot	ETC	0x26480	32	<r静|しず>かな<r男|おとこ>	NUN5_TEXTENG@0x35E0	Silent Man	Silent Man						V26_BASELINE_IMPORTED
M0326	1	menus_data	slot	ETC	0x264B0	24	<r寄壊蟲|きかいちゅう>	NUN5_TEXTENG@0x3600	Parasitic Insects	Parasitic Insects						V26_BASELINE_IMPORTED
M0327	1	menus_data	slot	ETC	0x26580	24	<r掌打|しょうだ>！	NUN5_SLES@0x514000	Strike!	Strike!						V26_BASELINE_IMPORTED
M0328	1	menus_data	slot	ETC	0x265E0	32	<r幻術発動|げんじゅつはつどう>	NUN5_TEXTENG@0x36E0	Genjutsu Activate	Genjutsu Activate						V26_BASELINE_IMPORTED
M0329	1	menus_data	slot	ETC	0x26610	16	こんなものね	NUN5_TEXTENG@0x3708	That's it?	That's it?						V26_BASELINE_IMPORTED
M0330	1	menus_data	slot	ETC	0x26630	16	<r威圧|いあつ>	NUN5_TEXTENG@0x9C36	Pressure	Pressure						V26_BASELINE_IMPORTED
M0331	1	menus_data	slot	ETC	0x26650	24	<r砂|すな>の<r殻|から>	NUN5_TEXTENG@0x3748	Sand Shell	Sand Shell						V26_BASELINE_IMPORTED
M0332	1	menus_data	slot	ETC	0x26680	24	<r逃|に>がさん…	NUN5_TEXTENG@0x3770	You Won't Escape...	You Won't Escape...						V26_BASELINE_IMPORTED
M0333	1	menus_data	slot	ETC	0x266C0	40	<r傀儡|くぐつ>の<r巻物|まきもの>	NUN5_TEXTENG@0x37B8	Puppet Scroll	Puppet Scroll						V26_BASELINE_IMPORTED
M0334	1	menus_data	slot	ETC	0x26730	32	<r巨大扇子|きょだいせんす>	NUN5_TEXTENG@0x37F8	Giant Fan	Giant Fan						V26_BASELINE_IMPORTED
M0335	1	menus_data	slot	ETC	0x26800	24	<r父|ちち>と<r母|はは>	NUN5_TEXTENG@0x38A0	Father and Mother	Father and Mother						V26_BASELINE_IMPORTED
M0336	1	menus_data	slot	ETC	0x26880	32	<r鋭|するど>い<r蹴|け>り	NUN5_TEXTENG@0x390A	Sharp Kick	Sharp Kick						V26_BASELINE_IMPORTED
M0337	1	menus_data	slot	ETC	0x268B0	24	<r幻術|げんじゅつ>！？	NUN5_TEXTENG@0x3928	Genjutsu?!	Genjutsu?!						V26_BASELINE_IMPORTED
M0338	1	menus_data	slot	ETC	0x26920	40	<r大刀|だいとう>・<r鮫肌|サメハダ>	NUN5_TEXTENG@0x398D	Samehada	Samehada						V26_BASELINE_IMPORTED
M0339	1	menus_data	slot	ETC	0x269D0	32	<r芸術作品|げいじゅつさくひん>	NUN5_TEXTENG@0x3A08	A Work of Art	A Work of Art						V26_BASELINE_IMPORTED
M0340	1	menus_data	slot	ETC	0x26A00	32	<r空|そら>から<r攻|せ>める！	NUN5_TEXTENG@0x3A30	Attack From the Sky!	Attack From the Sky!						V26_BASELINE_IMPORTED
M0341	1	menus_data	slot	ETC	0x26A30	40	<r完璧|かんぺき>なる<r攻守|こうしゅ>	NUN5_TEXTENG@0x3A60	Perfect Offense and Defense	Perfect Offense and Defense						V26_BASELINE_IMPORTED
M0342	1	menus_data	slot	ETC	0x26A70	48	<r一番|いちばん>のお<r気|き>に<r入|い>り	NUN5_TEXTENG@0x3A93	Favorite	Favorite						V26_BASELINE_IMPORTED
M0343	1	menus_data	slot	ETC	0x26AB0	32	<r自分自身|じぶんじしん>	NUN5_TEXTENG@0x217B	Myself	Myself						V26_BASELINE_IMPORTED
M0344	1	menus_data	slot	ETC	0x26B10	56	<r四代目|よんだいめ>が<r遺|のこ>した<r術|じゅつ>	NUN5_TEXTENG@0x3AE0	Fourth Hokage's Jutsu	Fourth Hokage's Jutsu						V26_BASELINE_IMPORTED
M0345	1	menus_data	slot	ETC	0x26B60	32	<r蝦蟇仙人|ガマせんにん>	NUN5_TEXTENG@0x3B08	Toad Sage	Toad Sage						V26_BASELINE_IMPORTED
M0346	1	menus_data	slot	ETC	0x26C00	32	<r痛天脚|つうてんきゃく>	NUN5_TEXTENG@0x60F8	Heaven Kick	Heaven Kick						V26_BASELINE_IMPORTED
M0347	1	menus_data	slot	ETC	0x26C70	24	<r突撃|とつげき>！	NUN5_SLES@0x514098	Attack!	Attack!						V26_BASELINE_IMPORTED
M0348	1	menus_data	slot	ETC	0x26CF0	48	<r木遁|もくとん>・<r木錠壁|もくじょうへき>	NUN5_TEXTENG@0x3C20	Wood Style: Domed Wall	Wood Style: Domed Wall						V26_BASELINE_IMPORTED
M0349	1	menus_data	slot	ETC	0x26D30	32	<r不敵|ふてき>な<r笑|え>み	NUN5_TEXTENG@0x3C48	Fearless Laugh	Fearless Laugh						V26_BASELINE_IMPORTED
M0350	1	character_ultimate_jutsu	slot	ETC	0x26D60	40	<r潜影多蛇手|せんえいたじゃしゅ>	NUN5_TEXTENG@0x3C70	Multiple Hidden Shadow Snake Hands	Multiple Hidden Shadow Snake Hands						V31_MATCHED_ULTIMATE_RECORD_METADATA_ETC
M0351	1	menus_data	slot	ETC	0x26DA0	40	<r脅威|きょうい>の<r存在|そんざい>	NUN5_TEXTENG@0x3CB0	Menacing Presence	Menacing Presence						V26_BASELINE_IMPORTED
M0352	1	menus_data	slot	ETC	0x26DE0	48	<r大蛇丸|オロチまる>への<r忠誠|ちゅうせい>	NUN5_TEXTENG@0x3CE0	Loyalty to Orochimaru	Loyalty to Orochimaru						V26_BASELINE_IMPORTED
M0353	1	menus_data	slot	ETC	0x26E40	16	ストック	NUN5_TEXTENG@0x8C5	Stock	Stock						V26_BASELINE_IMPORTED
M0354	1	menus_data	slot	ETC	0x26EC8	28	<r千鳥|ちどり>	NUN5_TEXTENG@0x49D8	Chidori	Chidori						V26_BASELINE_IMPORTED
M0355	1	character_ultimate_jutsu	slot	ETC	0x286C0	48	<r八卦六十四掌|はっけろくじゅうよんしょう>	NUN5_TEXTENG@0x40F0	8 Trigrams 64 Palms	8 Trigrams 64 Palms						V31_MATCHED_ULTIMATE_RECORD_METADATA_ETC
M0356	1	character_ultimate_jutsu	slot	ETC	0x28AE0	32	<r砂縛牢|さばくろう>	NUN5_TEXTENG@0x43C8	Sand Prison	Sand Prison						V31_MATCHED_ULTIMATE_RECORD_METADATA_ETC
M0357	1	character_ultimate_jutsu	slot	ETC	0x29740	32	<r牙通牙|がつうが>	NUN5_TEXTENG@0x4C18	Fang Over Fang	Fang Over Fang						V31_MATCHED_ULTIMATE_RECORD_METADATA_ETC
M0358	1	character_ultimate_jutsu	slot	ETC	0x29760	32	<r牙狼牙|がろうが>	NUN5_TEXTENG@0x11240	Wolf Fang Over Fang 	Wolf Fang Over Fang 						V31_MATCHED_ULTIMATE_RECORD_METADATA_ETC
M0359	1	character_ultimate_jutsu	slot	ETC	0x29830	32	<r白眼|びゃくがん>	NUN5_TEXTENG@0x4CC0	Byakugan	Byakugan						V31_MATCHED_ULTIMATE_RECORD_METADATA_ETC
M0360	1	character_ultimate_jutsu	slot	ETC	0x29A90	32	<r砂瀑大葬|さばくたいそう>	NUN5_TEXTENG@0x4E80	Giant Sand Burial	Giant Sand Burial						V31_MATCHED_ULTIMATE_RECORD_METADATA_ETC
M0361	1	menus_data	slot	ETC	0x2B2E0	48	<r木|こ>ノ<r葉|は><r隠|がく>れの<r里|さと>	NUN5_TEXTENG@0x1CC18	Hidden Leaf	Hidden Leaf						V26_BASELINE_IMPORTED
M0362	1	menus_data	slot	ETC	0x2B310	32	<r木|こ>ノ<r葉|は>の<r門|もん>	NUN5_TEXTENG@0x2C67	Leaf Gate	Leaf Gate						V26_BASELINE_IMPORTED
M0363	1	menus_data	slot	ETC	0x2B330	48	<r五封結界|ごふうけっかい>の<r崖|がけ>	NUN5_TEXTENG@0x2C80	Five-Seal Barrier Cliff	Five-Seal Barrier Cliff						V26_BASELINE_IMPORTED
M0364	1	menus_data	slot	ETC	0x2B360	32	<r暁|あかつき>のアジト	NUN5_TEXTENG@0x2CA0	Akatsuki Hideout	Akatsuki Hideout						V26_BASELINE_IMPORTED
M0365	1	menus_data	slot	ETC	0x2B380	32	<r根|ね>の<r本部|ほんぶ>	NUN5_TEXTENG@0x2CC0	Foundation's Hideout	Foundation's Hideout						V26_BASELINE_IMPORTED
M0366	1	menus_data	slot	ETC	0x2B3A0	32	<r天地橋|てんちきょう>	NUN5_TEXTENG@0x2CD8	Tenchi Bridge	Tenchi Bridge						V26_BASELINE_IMPORTED
M0367	1	menus_data	slot	ETC	0x2B3C0	32	<r大蛇丸|オロチまる>のアジト	NUN5_TEXTENG@0x2CF0	Orochimaru's Hideout	Orochimaru's Hideout						V26_BASELINE_IMPORTED
M0368	1	menus_data	slot	ETC	0x2B3E0	48	<r大蛇|だいじゃ>の<r祭壇|さいだん>	NUN5_TEXTENG@0x2D10	Altar of Orochi	Altar of Orochi						V26_BASELINE_IMPORTED
M0369	1	menus_data	slot	ETC	0x2B410	32	<r賑|にぎ>わいの<r里|さと>	NUN5_TEXTENG@0x2D20	Busy Village	Busy Village						V26_BASELINE_IMPORTED
M0370	1	menus_data	slot	ETC	0x2B430	32	<r火影|ほかげ>の<r屋敷|やしき>	NUN5_TEXTENG@0x2D30	The Hokage's Mansion	The Hokage's Mansion						V26_BASELINE_IMPORTED
M0371	1	menus_data	slot	ETC	0x2B450	32	<r世界|せかい>を<r駆|か>ける	NUN5_TEXTENG@0x2D50	Travel the World	Travel the World						V26_BASELINE_IMPORTED
M0372	1	menus_data	slot	ETC	0x2B470	32	<r砂隠|すながく>れの<r里|さと>	NUN5_TEXTENG@0x2D70	The Hidden Sand Village	The Hidden Sand Village						V26_BASELINE_IMPORTED
M0373	1	menus_data	slot	ETC	0x2B490	48	<r邪傑|じゃけつ>の<r巣穴|すあな>	NUN5_TEXTENG@0x2D88	Jaketsu's Lair	Jaketsu's Lair						V26_BASELINE_IMPORTED
M0374	1	menus_data	slot	ETC	0x2B4C0	32	<r赤雲|せきうん>	NUN5_TEXTENG@0x2D98	Red Clouds	Red Clouds						V26_BASELINE_IMPORTED
M0375	1	menus_data	slot	ETC	0x2B4E0	32	<r激戦|げきせん>を<r越|こ>えて	NUN5_TEXTENG@0x2DB0	Surviving a Fierce Battle	Surviving a Fierce Battle						V26_BASELINE_IMPORTED
M0376	1	menus_data	slot	ETC	0x2B500	32	カカシ<r道場|どうじょう>	NUN5_TEXTENG@0x2DD0	Kakashi Dojo	Kakashi Dojo						V26_BASELINE_IMPORTED
M0377	1	menus_data	slot	ETC	0x2B520	32	やすらぎと<r再会|さいかい>と	NUN5_TEXTENG@0x2DE0	Tranquility and Reunion	Tranquility and Reunion						V26_BASELINE_IMPORTED
M0378	1	menus_data	slot	ETC	0x2B540	32	<r暗雲|あんうん><r来|きた>る	NUN5_TEXTENG@0x2E00	Dark Clouds on the Horizon	Dark Clouds on the Horizon						V26_BASELINE_IMPORTED
M0379	1	menus_data	slot	ETC	0x2B560	48	<r風影|かぜかげ><r襲撃|しゅうげき>	NUN5_TEXTENG@0x2E20	Kazekage being attacked	Kazekage being attacked						V26_BASELINE_IMPORTED
M0380	1	menus_data	slot	ETC	0x2B590	32	<r緊急指令|きんきゅうしれい>	NUN5_TEXTENG@0x2E40	Emergency Order	Emergency Order						V26_BASELINE_IMPORTED
M0381	1	menus_data	slot	ETC	0x2B5B0	32	<r走|はし>る<r緊迫|きんぱく>	NUN5_TEXTENG@0x2E50	Building Tension	Building Tension						V26_BASELINE_IMPORTED
M0382	1	menus_data	slot	ETC	0x2B5D0	48	<r恐|おそ>ろしき<r怪人|かいじん>	NUN5_TEXTENG@0x2E68	Fearsome Demon	Fearsome Demon						V26_BASELINE_IMPORTED
M0383	1	menus_data	slot	ETC	0x2B600	48	<r真紅|しんく>の<r激闘|げきとう>	NUN5_TEXTENG@0x2E78	Crimson Battle	Crimson Battle						V26_BASELINE_IMPORTED
M0384	1	menus_data	slot	ETC	0x2B630	48	<r闇|やみ>を<r抱|いだ>きし<r者|もの>たち	NUN5_TEXTENG@0x2E90	Those Who Embrace the Darkness	Those Who Embrace the Darkness						V26_BASELINE_IMPORTED
M0385	1	menus_data	slot	ETC	0x2B660	48	<r虚|うつ>ろ<r消|き>えゆく<r世界|せかい>	NUN5_TEXTENG@0x2EB0	An Ephemeral World	An Ephemeral World						V26_BASELINE_IMPORTED
M0386	1	menus_data	slot	ETC	0x2B690	16	<r絆|きずな>	NUN5_TEXTENG@0x15D8D	Bonds	Bonds						V26_BASELINE_IMPORTED
M0387	1	menus_data	slot	ETC	0x2B6A0	48	<r偽|いつわ>りの<r存在|そんざい>	NUN5_TEXTENG@0x2EC8	An Impostor	An Impostor						V26_BASELINE_IMPORTED
M0388	1	menus_data	slot	ETC	0x2B6D0	48	<r最凶|さいきょう>の<r傀儡師|くぐつし>	NUN5_TEXTENG@0x2EE0	Evil Puppetmaster	Evil Puppetmaster						V26_BASELINE_IMPORTED
M0389	1	menus_data	slot	ETC	0x2B700	32	<r決意|けつい><r固|かた>めて	NUN5_TEXTENG@0x2F00	Strong Determination	Strong Determination						V26_BASELINE_IMPORTED
M0390	1	menus_data	slot	ETC	0x2B720	32	サクラ<r舞|ま>う	NUN5_TEXTENG@0x2F18	Sakura's Dance	Sakura's Dance						V26_BASELINE_IMPORTED
M0391	1	menus_data	slot	ETC	0x2B740	48	<r猛|た>け<r吼|ほ>ゆる<r者|もの>	NUN5_TEXTENG@0x2F28	The Wild 	The Wild 						V26_BASELINE_IMPORTED
M0392	1	menus_data	slot	ETC	0x2B770	48	<r願|ねが>い…<r空|そら>に<r舞|ま>いて	NUN5_TEXTENG@0x2F40	Wish... Dance on the Clouds	Wish... Dance on the Clouds						V26_BASELINE_IMPORTED
M0393	1	menus_data	slot	ETC	0x2B7A0	48	<r新生|しんせい>の<r一斑|いっぱん>	NUN5_TEXTENG@0x2F60	The New Squad 1	The New Squad 1						V26_BASELINE_IMPORTED
M0394	1	menus_data	slot	ETC	0x2B7D0	32	<r碧|あお>き<r背中|せなか>	NUN5_TEXTENG@0x2F70	Blue Silhouette	Blue Silhouette						V26_BASELINE_IMPORTED
M0395	1	menus_data	slot	ETC	0x2B7F0	32	<r巨悪現|きょあくあらわ>る	NUN5_TEXTENG@0x2F82	Great Evil Appears	Great Evil Appears						V26_BASELINE_IMPORTED
M0396	1	menus_data	slot	ETC	0x2B810	48	<r荒|あ>れ<r狂|くる>う<r獣|けもの>	NUN5_TEXTENG@0x2FA0	The Crazed Beast	The Crazed Beast						V26_BASELINE_IMPORTED
M0397	1	menus_data	slot	ETC	0x2B840	48	<r切迫|せっぱく>の<r二人|ふたり>	NUN5_TEXTENG@0x2FC0	The Imminent Duel	The Imminent Duel						V26_BASELINE_IMPORTED
M0398	1	menus_data	slot	ETC	0x2B870	40	<r帰|かえ>るべき<r場所|ばしょ>へ	NUN5_TEXTENG@0x2FE0	A Place to Call Home	A Place to Call Home						V26_BASELINE_IMPORTED
M0399	1	menus_data	slot	ETC	0x2B898	28	オルゴール	NUN5_TEXTENG@0x2FF8	Music Box	Music Box						V26_BASELINE_IMPORTED
M0400	1	menus_data	slot	ETC	0x2BB60	32	<r悲|かな>しみと<r怒|いか>り	NUN5_TEXTENG@0x1E80	Sadness and Rage	Sadness and Rage						V26_BASELINE_IMPORTED
M0401	1	menus_data	slot	ETC	0x2BB80	32	ナルトの<r決意|けつい>	NUN5_TEXTENG@0x28860	Naruto's Resolve	Naruto's Resolve						V26_BASELINE_IMPORTED
M0402	1	menus_data	slot	ETC	0x2BBA0	32	<r激情|げきじょう>	NUN5_TEXTENG@0x4AA9	Passion	Passion						V26_BASELINE_IMPORTED
M0403	1	menus_data	slot	ETC	0x2BBC0	32	<r二人|ふたり>の<r繋|つな>がり	NUN5_TEXTENG@0x1EC0	The Bond Between Us	The Bond Between Us						V26_BASELINE_IMPORTED
M0404	1	menus_data	slot	ETC	0x2BBE0	32	<r再会|さいかい>…そして…	NUN5_TEXTENG@0x1EE0	Reunion, and then...	Reunion, and then...						V26_BASELINE_IMPORTED
M0405	1	menus_data	slot	ETC	0x2BC00	32	サクラの<r約束|やくそく>	NUN5_TEXTENG@0x1F00	Sakura's Promise	Sakura's Promise						V26_BASELINE_IMPORTED
M0406	1	menus_data	slot	ETC	0x2BC20	16	<r決意|けつい>	NUN5_TEXTENG@0x28869	Resolve	Resolve						V26_BASELINE_IMPORTED
M0407	1	menus_data	slot	ETC	0x2BC30	24	<r負|ま>けん<r気|き>	NUN5_TEXTENG@0x1F28	Never Give Up	Never Give Up						V26_BASELINE_IMPORTED
M0408	1	menus_data	slot	ETC	0x2BC48	24	ナルトのために	NUN5_TEXTENG@0x1F38	For Naruto	For Naruto						V26_BASELINE_IMPORTED
M0409	1	menus_data	slot	ETC	0x2BC60	32	いつも<r通|どお>り	NUN5_TEXTENG@0x1F50	Just Like Always	Just Like Always						V26_BASELINE_IMPORTED
M0410	1	menus_data	slot	ETC	0x2BC80	48	<r初|はじ>めての<r一言|ひとこと>	NUN5_TEXTENG@0x1F68	The First Word	The First Word						V26_BASELINE_IMPORTED
M0411	1	menus_data	slot	ETC	0x2BCB0	48	<r狙|ねら>ったキャラ<r位置|いち>	NUN5_TEXTENG@0x1F80	That's What I'm Going For	That's What I'm Going For						V26_BASELINE_IMPORTED
M0412	1	menus_data	slot	ETC	0x2BCE0	32	<r冷|つめ>たい<r言葉|ことば>	NUN5_TEXTENG@0x1FA0	Cold Words	Cold Words						V26_BASELINE_IMPORTED
M0413	1	menus_data	slot	ETC	0x2BD60	48	<r成長|せいちょう>への<r喜|よろこ>び	NUN5_TEXTENG@0x1FF4	Joy of Growth	Joy of Growth						V26_BASELINE_IMPORTED
M0414	1	menus_data	slot	ETC	0x2BD90	48	ナルトの<r気持|きも>ち・<r壱|いち>	NUN5_TEXTENG@0x2010	Naruto's Feelings: 1	Naruto's Feelings: 1						V26_BASELINE_IMPORTED
M0415	1	menus_data	slot	ETC	0x2BDC0	48	ナルトの<r気持|きも>ち・<r弐|に>	NUN5_TEXTENG@0x2030	Naruto's Feelings: 2	Naruto's Feelings: 2						V26_BASELINE_IMPORTED
M0416	1	menus_data	slot	ETC	0x2BDF0	32	<r正|ただ>しき<r道|みち>へ	NUN5_TEXTENG@0x2050	The Path of Righteousness	The Path of Righteousness						V26_BASELINE_IMPORTED
M0417	1	menus_data	slot	ETC	0x2BE10	48	“<r暁|あかつき>”を<r前|まえ>に	NUN5_TEXTENG@0x2070	Before Akatsuki	Before Akatsuki						V26_BASELINE_IMPORTED
M0418	1	menus_data	slot	ETC	0x2BE40	48	<r偽者|にせもの>との<r遭遇|そうぐう>	NUN5_TEXTENG@0x2080	Encounter with a Fake	Encounter with a Fake						V26_BASELINE_IMPORTED
M0419	1	menus_data	slot	ETC	0x2BE70	48	<r勝利|しょうり>の<r確信|かくしん>	NUN5_TEXTENG@0x20A0	Belief in Victory	Belief in Victory						V26_BASELINE_IMPORTED
M0420	1	menus_data	slot	ETC	0x2BEA0	32	<r近距離戦|きんきょりせん>	NUN5_TEXTENG@0x20B8	Close Combat	Close Combat						V26_BASELINE_IMPORTED
M0421	1	menus_data	slot	ETC	0x2BEC0	32	<r揺|ゆ>るぎない<r自信|じしん>	NUN5_TEXTENG@0x20D0	Steady Confidence	Steady Confidence						V26_BASELINE_IMPORTED
M0422	1	menus_data	slot	ETC	0x2BEE0	32	<r修業不足|しゅぎょうぶそく>？	NUN5_TEXTENG@0x20F0	Short on Training?!	Short on Training?!						V26_BASELINE_IMPORTED
M0423	1	menus_data	slot	ETC	0x2BF00	32	<r勝利|しょうり>！	NUN5_TEXTENG@0x2108	Victory!	Victory!						V26_BASELINE_IMPORTED
M0424	1	menus_data	slot	ETC	0x2BF20	32	<r真剣勝負|しんけんしょうぶ>！	NUN5_TEXTENG@0x2120	A Serious Duel!	A Serious Duel!						V26_BASELINE_IMPORTED
M0425	1	menus_data	slot	ETC	0x2BF40	32	<r青春|せいしゅん>とは！	NUN5_TEXTENG@0x2130	Youth is...!	Youth is...!						V26_BASELINE_IMPORTED
M0426	1	menus_data	slot	ETC	0x2BF60	32	<r感激|かんげき>！	NUN5_TEXTENG@0x2140	Admiration!	Admiration!						V26_BASELINE_IMPORTED
M0427	1	menus_data	slot	ETC	0x2BF80	32	つっこみ<r役|やく>	NUN5_TEXTENG@0x2150	Punchline	Punchline						V26_BASELINE_IMPORTED
M0428	1	menus_data	slot	ETC	0x2BFA0	32	テンテンの<r自信|じしん>	NUN5_TEXTENG@0x2160	Tenten's Confidence	Tenten's Confidence						V26_BASELINE_IMPORTED
M0429	1	menus_data	slot	ETC	0x2BFC0	32	<r勝負開始|しょうぶかいし>	NUN5_TEXTENG@0x2190	The Match Begins	The Match Begins						V26_BASELINE_IMPORTED
M0430	1	menus_data	slot	ETC	0x2BFE0	32	ちょっと<r感心|かんしん>	NUN5_TEXTENG@0x21B0	A Little Impressed	A Little Impressed						V26_BASELINE_IMPORTED
M0431	1	menus_data	slot	ETC	0x2C000	32	<r川|かわ>の<r国|くに>へ！！	NUN5_TEXTENG@0x21D0	To the Land of Rivers!	To the Land of Rivers!						V26_BASELINE_IMPORTED
M0432	1	menus_data	slot	ETC	0x2C020	32	<r獣|けもの>レベル…？	NUN5_TEXTENG@0x21F0	The Level of a Beast...?	The Level of a Beast...?						V26_BASELINE_IMPORTED
M0433	1	menus_data	slot	ETC	0x2C040	40	<r高揚|こうよう>する<r心|こころ>！！	NUN5_TEXTENG@0x2230	Exhilarated Heart!	Exhilarated Heart!						V26_BASELINE_IMPORTED
M0434	1	menus_data	slot	ETC	0x2C068	24	さすがオレ！！	NUN5_TEXTENG@0x2248	I'm Awesome!	I'm Awesome!						V26_BASELINE_IMPORTED
M0435	1	menus_data	slot	ETC	0x2C080	40	<r謎|なぞ>の<r忍現|しのびあらわ>る	NUN5_TEXTENG@0x28820	Mysterious Ninja	Mysterious Ninja						V26_BASELINE_IMPORTED
M0436	1	menus_data	slot	ETC	0x2C0C0	48	<r面倒|めんどう>くささ<r満点|まんてん>	NUN5_TEXTENG@0x2290	The Biggest Drag	The Biggest Drag						V26_BASELINE_IMPORTED
M0437	1	menus_data	slot	ETC	0x2C0F0	32	<r男|おとこ>の<r意地|いじ>	NUN5_TEXTENG@0x22A8	A Man's Pride	A Man's Pride						V26_BASELINE_IMPORTED
M0438	1	menus_data	slot	ETC	0x2C110	48	<r明晰|めいせき>な<r頭脳|ずのう>	NUN5_TEXTENG@0x22B8	A Bright Mind	A Bright Mind						V26_BASELINE_IMPORTED
M0439	1	menus_data	slot	ETC	0x2C160	32	<r強力|ごうりき>チョウジ	NUN5_TEXTENG@0x22C8	Powerful Choji	Powerful Choji						V26_BASELINE_IMPORTED
M0440	1	menus_data	slot	ETC	0x2C180	32	シカマルとの<r連係|れんけい>	NUN5_TEXTENG@0x22E0	Team With Shikamaru	Team With Shikamaru						V26_BASELINE_IMPORTED
M0441	1	menus_data	slot	ETC	0x2C1A0	32	<r準備万端|じゅんびばんたん>	NUN5_TEXTENG@0x22F8	Well Prepared	Well Prepared						V26_BASELINE_IMPORTED
M0442	1	menus_data	slot	ETC	0x2C1C0	32	<r旧知|きゅうち>の<r仲|なか>	NUN5_TEXTENG@0x2308	An Old Friend	An Old Friend						V26_BASELINE_IMPORTED
M0443	1	menus_data	slot	ETC	0x2C1E0	32	いの<r登場|とうじょう>	NUN5_TEXTENG@0x2318	Ino Appears	Ino Appears						V26_BASELINE_IMPORTED
M0444	1	menus_data	slot	ETC	0x2C200	48	<r久々|ひさびさ>の<r対面|たいめん>	NUN5_TEXTENG@0x2328	A Rare Meeting	A Rare Meeting						V26_BASELINE_IMPORTED
M0445	1	menus_data	slot	ETC	0x2C230	32	サクラと<r共闘|きょうとう>？	NUN5_TEXTENG@0x2340	A Shared Cause With Sakura?	A Shared Cause With Sakura?						V26_BASELINE_IMPORTED
M0446	1	menus_data	slot	ETC	0x2C250	32	チョウジと<r連係|れんけい>	NUN5_TEXTENG@0x2360	Team With Choji	Team With Choji						V26_BASELINE_IMPORTED
M0447	1	menus_data	slot	ETC	0x2C270	32	<r自信満々|じしんまんまん>	NUN5_TEXTENG@0x2370	Full of Confidence	Full of Confidence						V26_BASELINE_IMPORTED
M0448	1	menus_data	slot	ETC	0x2C290	32	<r戦闘|せんとう>へ	NUN5_TEXTENG@0x2388	Into Battle	Into Battle						V26_BASELINE_IMPORTED
M0449	1	menus_data	slot	ETC	0x2C2B0	32	<r優|やさ>しい<r言葉|ことば>	NUN5_TEXTENG@0x23A0	Words of Kindness	Words of Kindness						V26_BASELINE_IMPORTED
M0450	1	menus_data	slot	ETC	0x2C2D0	32	<r感謝|かんしゃ>	NUN5_TEXTENG@0x2539	Thanks	Thanks						V26_BASELINE_IMPORTED
M0451	1	menus_data	slot	ETC	0x2C2F0	32	アスマの<r意地|いじ>	NUN5_TEXTENG@0x23C8	Asuma's Pride	Asuma's Pride						V26_BASELINE_IMPORTED
M0452	1	menus_data	slot	ETC	0x2C310	32	<r新|あら>たな<r手|て>	NUN5_TEXTENG@0x23D8	A New Choice	A New Choice						V26_BASELINE_IMPORTED
M0453	1	menus_data	slot	ETC	0x2C330	32	ナルトとの<r再会|さいかい>	NUN5_TEXTENG@0x23F0	Reunion With Naruto	Reunion With Naruto						V26_BASELINE_IMPORTED
M0454	1	menus_data	slot	ETC	0x2C350	32	<r大|おお>きくなった？	NUN5_TEXTENG@0x2408	You've Grown?	You've Grown?						V26_BASELINE_IMPORTED
M0455	1	menus_data	slot	ETC	0x2C370	32	ヒナタが<r倒|たお>れて	NUN5_TEXTENG@0x2418	Hinata Falls	Hinata Falls						V26_BASELINE_IMPORTED
M0456	1	menus_data	slot	ETC	0x2C390	24	ヒナタを<r守|まも>って	NUN5_TEXTENG@0x2428	Protect Hinata	Protect Hinata						V26_BASELINE_IMPORTED
M0457	1	menus_data	slot	ETC	0x2C410	32	<r静|しず>かなる<r自信|じしん>	NUN5_TEXTENG@0x24B0	Silent Confidence	Silent Confidence						V26_BASELINE_IMPORTED
M0458	1	menus_data	slot	ETC	0x2C430	32	<r微|かす>かな<r安心|あんしん>	NUN5_TEXTENG@0x24C8	Faint Unease	Faint Unease						V26_BASELINE_IMPORTED
M0459	1	menus_data	slot	ETC	0x2C450	32	ナルトを<r見|み>かけて	NUN5_TEXTENG@0x24E0	Naruto Spotting	Naruto Spotting						V26_BASELINE_IMPORTED
M0460	1	menus_data	slot	ETC	0x2C470	32	<r戦闘前|せんとうまえ>	NUN5_TEXTENG@0x24F0	Before Battle	Before Battle						V26_BASELINE_IMPORTED
M0461	1	menus_data	slot	ETC	0x2C490	32	つのる<r心配|しんぱい>	NUN5_TEXTENG@0x2500	Growing Worry	Growing Worry						V26_BASELINE_IMPORTED
M0462	1	menus_data	slot	ETC	0x2C4B0	32	ナルトの<r助太刀|すけだち>	NUN5_TEXTENG@0x2510	Coming to Naruto's Aid	Coming to Naruto's Aid						V26_BASELINE_IMPORTED
M0463	1	menus_data	slot	ETC	0x2C4D0	48	<r感謝|かんしゃ>の<r言葉|ことば>	NUN5_TEXTENG@0x2530	Words of Thanks	Words of Thanks						V26_BASELINE_IMPORTED
M0464	1	menus_data	slot	ETC	0x2C500	32	<r幻術使|げんじゅつつか>い	NUN5_TEXTENG@0x2540	Genjutsu User	Genjutsu User						V26_BASELINE_IMPORTED
M0465	1	menus_data	slot	ETC	0x2C520	32	アスマと<r共闘|きょうとう>	NUN5_TEXTENG@0x2550	A Shared Cause With Asuma	A Shared Cause With Asuma						V26_BASELINE_IMPORTED
M0466	1	menus_data	slot	ETC	0x2C540	32	<r共|とも>に…！	NUN5_TEXTENG@0x2570	Together!	Together!						V26_BASELINE_IMPORTED
M0467	1	menus_data	slot	ETC	0x2C560	32	<r肩透|かたす>かし	NUN5_TEXTENG@0x2580	Dodging the Issue	Dodging the Issue						V26_BASELINE_IMPORTED
M0468	1	menus_data	slot	ETC	0x2C580	48	<r不注意厳禁|ふちゅういげんきん>	NUN5_TEXTENG@0x25A0	Caution Required	Caution Required						V26_BASELINE_IMPORTED
M0469	1	menus_data	slot	ETC	0x2C5B0	32	<r風影|かぜかげ>として	NUN5_TEXTENG@0x25B8	As a Kazekage	As a Kazekage						V26_BASELINE_IMPORTED
M0470	1	menus_data	slot	ETC	0x2C5D0	48	<r空虚|くうきょ>な<r世界|せかい>で	NUN5_TEXTENG@0x25D0	In a World of Emptiness	In a World of Emptiness						V26_BASELINE_IMPORTED
M0471	1	menus_data	slot	ETC	0x2C600	32	<r存在|そんざい>	NUN5_TEXTENG@0x25E8	Existence	Existence						V26_BASELINE_IMPORTED
M0472	1	menus_data	slot	ETC	0x2C620	32	<r新|あたら>しい<r自分|じぶん>	NUN5_TEXTENG@0x25F8	A New Me	A New Me						V26_BASELINE_IMPORTED
M0473	1	menus_data	slot	ETC	0x2C640	24	<r弟|おとうと>のために	NUN5_TEXTENG@0x2608	For My Brother	For My Brother						V26_BASELINE_IMPORTED
M0474	1	menus_data	slot	ETC	0x2C658	24	<r驚|おどろ>き	NUN5_TEXTENG@0x2618	Surprise	Surprise						V26_BASELINE_IMPORTED
M0475	1	menus_data	slot	ETC	0x2C670	48	<r滲|にじ>み<r出|で>る<r悔|くや>しさ	NUN5_TEXTENG@0x2630	Dripping With Frustration	Dripping With Frustration						V26_BASELINE_IMPORTED
M0476	1	menus_data	slot	ETC	0x2C6A0	32	<r自慢|じまん>の<r傀儡|くぐつ>	NUN5_TEXTENG@0x2650	Pride in Puppets	Pride in Puppets						V26_BASELINE_IMPORTED
M0477	1	menus_data	slot	ETC	0x2C6C0	32	<r姉|あね>と<r共|とも>に	NUN5_TEXTENG@0x2668	With My Sister	With My Sister						V26_BASELINE_IMPORTED
M0478	1	menus_data	slot	ETC	0x2C6E0	48	<r風|かぜ>の<r使|つか>い<r手|て>	NUN5_TEXTENG@0x2680	Wielder of the Wind	Wielder of the Wind						V26_BASELINE_IMPORTED
M0479	1	menus_data	slot	ETC	0x2C710	32	<r我愛羅|ガアラ>の<r前|まえ>で	NUN5_TEXTENG@0x2698	Before Gaara	Before Gaara						V26_BASELINE_IMPORTED
M0480	1	menus_data	slot	ETC	0x2C730	32	<r手加減|てかげん>	NUN5_TEXTENG@0x26A8	Going Easy	Going Easy						V26_BASELINE_IMPORTED
M0481	1	menus_data	slot	ETC	0x2C770	32	<r邂逅|かいこう>	NUN5_TEXTENG@0x26B8	Chance Meeting	Chance Meeting						V26_BASELINE_IMPORTED
M0482	1	menus_data	slot	ETC	0x2C7C0	48	<r九尾|きゅうび>の<r人柱力|じんちゅうりき>	NUN5_TEXTENG@0x26D0	Host to Nine Tails	Host to Nine Tails						V26_BASELINE_IMPORTED
M0483	1	menus_data	slot	ETC	0x2C7F0	48	<r強者|きょうしゃ>の<r男|おとこ>	NUN5_TEXTENG@0x26EA	Strong Man	Strong Man						V26_BASELINE_IMPORTED
M0484	1	menus_data	slot	ETC	0x2C820	48	<r珍獣|ちんじゅう>との<r再会|さいかい>	NUN5_TEXTENG@0x2700	Re-encounter with the odd beast	Re-encounter with the odd beast						V26_BASELINE_IMPORTED
M0485	1	menus_data	slot	ETC	0x2C850	32	<r獣|けもの>レベル	NUN5_TEXTENG@0x2720	Beast Level	Beast Level						V26_BASELINE_IMPORTED
M0486	1	menus_data	slot	ETC	0x2C870	48	<r襲|おそ>い<r掛|か>かる<r鬼鮫|キサメ>	NUN5_TEXTENG@0x2730	Attacking Kisame	Attacking Kisame						V26_BASELINE_IMPORTED
M0487	1	menus_data	slot	ETC	0x2C8A0	48	<r高揚|こうよう>する<r心|こころ>	NUN5_TEXTENG@0x2750	Exhilarated Heart	Exhilarated Heart						V26_BASELINE_IMPORTED
M0488	1	menus_data	slot	ETC	0x2C8D0	32	<r苛立|いらだ>ち	NUN5_TEXTENG@0x2768	Irritation	Irritation						V26_BASELINE_IMPORTED
M0489	1	menus_data	slot	ETC	0x2C8F0	48	<r一尾|いちび>の<r人柱力|じんちゅうりき>	NUN5_TEXTENG@0x2780	Host to One Tail	Host to One Tail						V26_BASELINE_IMPORTED
M0490	1	menus_data	slot	ETC	0x2C920	32	<r刺激|しげき>を<r求|もと>めて	NUN5_TEXTENG@0x27A0	Looking for Excitement	Looking for Excitement						V26_BASELINE_IMPORTED
M0491	1	menus_data	slot	ETC	0x2C940	32	<r変|か>わり<r者|もの>	NUN5_TEXTENG@0x27B8	Peculiar	Peculiar						V26_BASELINE_IMPORTED
M0492	1	menus_data	slot	ETC	0x2C960	32	デイダラの<r挑発|ちょうはつ>	NUN5_TEXTENG@0x27D0	Deidara's Challenge	Deidara's Challenge						V26_BASELINE_IMPORTED
M0493	1	menus_data	slot	ETC	0x2C980	16	<r予告|よこく>	NUN5_TEXTENG@0x27E8	Premonition	Premonition						V26_BASELINE_IMPORTED
M0494	1	menus_data	slot	ETC	0x2C9C0	32	<r最後|さいご>の<r喜|よろこ>び	NUN5_TEXTENG@0x2830	Final Happiness	Final Happiness						V26_BASELINE_IMPORTED
M0495	1	menus_data	slot	ETC	0x2C9E0	32	<r砂|すな>と<r木|こ>ノ<r葉|は>	NUN5_TEXTENG@0x2840	The Sand and the Leaf 	The Sand and the Leaf 						V26_BASELINE_IMPORTED
M0496	1	menus_data	slot	ETC	0x2CA00	32	<r最後|さいご>のお<r願|ねが>い	NUN5_TEXTENG@0x2858	Last Wish	Last Wish						V26_BASELINE_IMPORTED
M0497	1	menus_data	slot	ETC	0x2CA20	32	サソリの<r性格|せいかく>	NUN5_TEXTENG@0x2880	Sasori's Nature	Sasori's Nature						V26_BASELINE_IMPORTED
M0498	1	menus_data	slot	ETC	0x2CA40	48	<r三代目風影|さんだいめかぜかげ>	NUN5_TEXTENG@0x2894	Third Kazekage	Third Kazekage						V26_BASELINE_IMPORTED
M0499	1	menus_data	slot	ETC	0x2CA70	32	<r自分傀儡|じぶんくぐつ>	NUN5_TEXTENG@0x28A8	Self Puppet	Self Puppet						V26_BASELINE_IMPORTED
M0500	1	menus_data	slot	ETC	0x2CA90	32	<r止|と>まる<r傀儡|くぐつ>	NUN5_TEXTENG@0x28B8	Still Puppets	Still Puppets						V26_BASELINE_IMPORTED
M0501	1	menus_data	slot	ETC	0x2CAB0	48	<r自来也|じらいや>の<r魅力|みりょく>？	NUN5_TEXTENG@0x28D0	Jiraiya's Appeal?	Jiraiya's Appeal?						V26_BASELINE_IMPORTED
M0502	1	menus_data	slot	ETC	0x2CAE0	32	<r取材|しゅざい>	NUN5_TEXTENG@0x28E8	Research	Research						V26_BASELINE_IMPORTED
M0503	1	menus_data	slot	ETC	0x2CB00	32	<r因縁|いんねん>のケリ	NUN5_TEXTENG@0x28F8	Fated Duel	Fated Duel						V26_BASELINE_IMPORTED
M0504	1	menus_data	slot	ETC	0x2CB20	32	<r高笑|たかわら>い	NUN5_TEXTENG@0x2910	Condescending Laugh	Condescending Laugh						V26_BASELINE_IMPORTED
M0505	1	menus_data	slot	ETC	0x2CB40	40	<r三忍|さんにん>の<r実力|じつりょく>	NUN5_TEXTENG@0x2930	The Power of the Sannin	The Power of the Sannin						V26_BASELINE_IMPORTED
M0506	1	menus_data	slot	ETC	0x2CB68	24	<r監視|かんし>	NUN5_TEXTENG@0x2958	Surveillance	Surveillance						V26_BASELINE_IMPORTED
M0507	1	menus_data	slot	ETC	0x2CB80	32	<r決着|けっちゃく>の<r時|とき>	NUN5_TEXTENG@0x2970	Settle the Score	Settle the Score						V26_BASELINE_IMPORTED
M0508	1	menus_data	slot	ETC	0x2CBA0	48	<r綱手|ツナデ>の<r性格|せいかく>	NUN5_TEXTENG@0x2990	Tsunade's Nature	Tsunade's Nature						V26_BASELINE_IMPORTED
M0509	1	menus_data	slot	ETC	0x2CBD0	32	<r五代目火影|ごだいめほかげ>	NUN5_TEXTENG@0x29B4	Fifth Hokage	Fifth Hokage						V26_BASELINE_IMPORTED
M0510	1	menus_data	slot	ETC	0x2CBF0	32	<r綱手|ツナデ>と<r組手|くみて>	NUN5_TEXTENG@0x29D0	Sparring with Tsunade	Sparring with Tsunade						V26_BASELINE_IMPORTED
M0511	1	menus_data	slot	ETC	0x2CC10	32	<r本領発揮|ほんりょうはっき>	NUN5_TEXTENG@0x29F0	Realizing Potential 	Realizing Potential 						V26_BASELINE_IMPORTED
M0512	1	menus_data	slot	ETC	0x2CC30	32	<r付|つ>き<r人|びと>シズネ	NUN5_TEXTENG@0x2A10	Attendant Shizune	Attendant Shizune						V26_BASELINE_IMPORTED
M0513	1	menus_data	slot	ETC	0x2CC50	40	<r医療忍者|いりょうにんじゃ>として	NUN5_TEXTENG@0x2A30	As a Medical Ninja	As a Medical Ninja						V26_BASELINE_IMPORTED
M0514	1	menus_data	slot	ETC	0x2CC78	24	おめでとう！	NUN5_TEXTENG@0x2A50	Congratulations!	Congratulations!						V26_BASELINE_IMPORTED
M0515	1	menus_data	slot	ETC	0x2CC90	32	<r代行|だいこう>の<r男|おとこ>	NUN5_TEXTENG@0x2A68	The Stand-In	The Stand-In						V26_BASELINE_IMPORTED
M0516	1	menus_data	slot	ETC	0x2CCB0	16	チームワーク	NUN5_TEXTENG@0x2A78	Teamwork	Teamwork						V26_BASELINE_IMPORTED
M0517	1	menus_data	slot	ETC	0x2CCC0	48	<r共通|きょうつう>の<r目的|もくてき>	NUN5_TEXTENG@0x2A90	A Shared Purpose	A Shared Purpose						V26_BASELINE_IMPORTED
M0518	1	menus_data	slot	ETC	0x2CCF0	32	<r軽|かる>い<r挑発|ちょうはつ>	NUN5_TEXTENG@0x2AB0	A Light Provocation	A Light Provocation						V26_BASELINE_IMPORTED
M0519	1	menus_data	slot	ETC	0x2CD10	32	<r行動|こうどう>あるのみ	NUN5_TEXTENG@0x2AD0	No Choice But Action	No Choice But Action						V26_BASELINE_IMPORTED
M0520	1	menus_data	slot	ETC	0x2CD30	48	<r大蛇丸|オロチまる><r現|あらわ>る	NUN5_TEXTENG@0x2AF0	Orochimaru is Coming	Orochimaru is Coming						V26_BASELINE_IMPORTED
M0521	1	menus_data	slot	ETC	0x2CD60	32	<r挑発|ちょうはつ>	NUN5_TEXTENG@0x2B08	No Worries	No Worries						V26_BASELINE_IMPORTED
M0522	1	menus_data	slot	ETC	0x2CD80	32	<r二人|ふたり>の<r対比|たいひ>	NUN5_TEXTENG@0x2B18	Provocation	Provocation						V26_BASELINE_IMPORTED
M0523	1	menus_data	slot	ETC	0x2CDA0	32	<r通告|つうこく>	NUN5_TEXTENG@0x2B30	Contrasting Pair	Contrasting Pair						V26_BASELINE_IMPORTED
M0524	1	menus_data	slot	ETC	0x2CDC0	48	<r五年|ごねん>ぶりの<r再会|さいかい>	NUN5_TEXTENG@0x2B50	A Reunion After Five Years	A Reunion After Five Years						V26_BASELINE_IMPORTED
M0525	1	menus_data	slot	ETC	0x2CDF0	32	<r共感|きょうかん>	NUN5_TEXTENG@0x2B70	Sympathy	Sympathy						V26_BASELINE_IMPORTED
M0526	1	menus_data	slot	ETC	0x2CE30	32	<r感心|かんしん>	NUN5_TEXTENG@0x21B9	Impressed	Impressed						V26_BASELINE_IMPORTED
M0527	1	menus_data	slot	ETC	0x2CE90	32	<r愚|おろ>かなること	NUN5_TEXTENG@0x2BE8	Foolishness	Foolishness						V26_BASELINE_IMPORTED
M0528	1	menus_data	slot	ETC	0x2DDA0	24	シミュレーション	NUN5_TEXTENG@0x3E78	Simulation	Simulation						V26_BASELINE_IMPORTED
M0529	1	menus_data	slot	ETC	0x2EE50	32	<r対戦相手|たいせんあいて>	NUN5_TEXTENG@0x778	Opponent	Opponent						V26_BASELINE_IMPORTED
M0530	1	menus_data	slot	ETC	0x2F230	112	<r購入|こうにゅう>する<r商品|しょうひん>を<r選|えら>び、<iconCIRCLE>ボタンを<r押|お>してください。	NUN5_TEXTENG@0x1490	Press <iconCIRCLE> to choose item.	Press <iconCIRCLE> to choose item.						V26_BASELINE_IMPORTED
M0531	1	menus_data	slot	ETC	0x2F2A0	48	<r人形|にんぎょう>を<r購入|こうにゅう>します。	NUN5_TEXTENG@0x14B8	Buy Figures.	Buy Figures.						V26_BASELINE_IMPORTED
M0532	1	menus_data	slot	ETC	0x2F2D0	48	<r奥義|おうぎ>を<r購入|こうにゅう>します。	NUN5_TEXTENG@0x14D0	Buy Ultimate Jutsu.	Buy Ultimate Jutsu.						V26_BASELINE_IMPORTED
M0533	1	menus_data	slot	ETC	0x2F300	48	<r音楽|おんがく>を<r購入|こうにゅう>します。	NUN5_TEXTENG@0x14E8	Buy Music.	Buy Music.						V26_BASELINE_IMPORTED
M0534	1	menus_data	slot	ETC	0x2F330	48	<r音声|おんせい>を<r購入|こうにゅう>します。	NUN5_TEXTENG@0x14F8	Buy Sound.	Buy Sound.						V26_BASELINE_IMPORTED
M0535	1	menus_data	slot	ETC	0x2F360	64	<r案内忍|あんないにん>を<r購入|こうにゅう>します。	NUN5_TEXTENG@0x1510	Buy Guide Ninja.	Buy Guide Ninja.						V26_BASELINE_IMPORTED
M0536	1	menus_data	slot	ETC	0x2F3A0	80	<r購入|こうにゅう>するキャラクターを<r選択|せんたく>してください。	NUN5_TEXTENG@0x1530	Select character to buy.	Select character to buy.						V26_BASELINE_IMPORTED
M0537	1	menus_data	slot	ETC	0x2F3F0	112	<r購入|こうにゅう>する<r商品|しょうひん>にカーソルを<r合|あ>わせ、<iconCIRCLE>ボタンを<r押|お>してください。	NUN5_TEXTENG@0x1550	Select an item and press <iconCIRCLE> to buy.	Select an item and press <iconCIRCLE> to buy.						V26_BASELINE_IMPORTED
M0538	1	shop	slot	ETC	0x2F460	112	<iconSQUARE>ボタンを<r押|お>すとポイントを<r使|つか>ってボーナスゲームを<r行|おこな>うことができます。	NUN5_TEXTENG@0x1580	Press <iconSQUARE> to use points to play a bonus game.	Press <iconSQUARE> to use points to play a bonus game.						V26_SHOP_HELP_BOUNDARY
M0539	1	menus_data	slot	ETC	0x2F500	80	<color080860>ショップ<color000000>を<r終了|しゅうりょう>しますか？	NUN5_TEXTENG@0x17D0	<BLACK>Quit <color080860>shopping<BLACK>?	<color000000>Quit <color080860>shopping<color000000>?						V26_BASELINE_IMPORTED
M0540	1	menus_data	slot	ETC	0x2F6F0	48	ハズレくじを<r引|ひ>いてしまいました…。	NUN5_TEXTENG@0x18A0	Too bad, you missed.	Too bad, you missed.						V26_BASELINE_IMPORTED
M0541	1	menus_data	slot	ETC	0x2F8B0	48	<r残念|ざんねん>、はずれてしまいました。	NUN5_TEXTENG@0x18A0	Too bad, you missed.	Too bad, you missed.						V26_BASELINE_IMPORTED
M0542	1	system_ui	slot	SLPS	0x4B19D0	208	<color00FFFF>マスターモード<colorFFFFFF>では<r広大|こうだい>な<r世界|せかい>を<r舞台|ぶたい>に、<r成長|せいちょう>したうずまきナルトの<r新|あたら>しい<r物語|ものがたり>を<r体験|たいけん>することができます。	NUN5_TEXTENG@0x1A20	<color00FFFF>Master Mode<WHITE> is set in a vast world. Experience a stronger Naruto Uzumaki in this new story.	<color00FFFF>Master Mode<colorFFFFFF> is set in a vast world. Experience a stronger Naruto Uzumaki in this new story.						V26_BASELINE_IMPORTED
M0543	1	system_ui	slot	SLPS	0x4B1AA0	144	<color00FFFF>フリーバトル<colorFFFFFF>では<r好|す>きなキャラクターを<r使|つか>って<r自由|じゆう>に<r闘|たたか>うことができます。	NUN5_TEXTENG@0x1A90	<color00FFFF>Free Battle<WHITE> allows you to use any character to fight how you like.	<color00FFFF>Free Battle<colorFFFFFF> allows you to use any character to fight how you like.						V26_BASELINE_IMPORTED
M0544	1	system_ui	slot	SLPS	0x4B1B30	176	<color00FFFF>プラクティス<colorFFFFFF>では<r基本操作|きほんそうさ>など、<r戦闘|せんとう>に<r関|かん>する<r様々|さまざま>な<r練習|れんしゅう>を<r行|おこな>うことができます。	NUN5_TEXTENG@0x1AF0	<color00FFFF>Practice<WHITE> lets you practice basic controls and other battle-related training.	<color00FFFF>Practice<colorFFFFFF> lets you practice basic controls and other battle-related training.						V26_BASELINE_IMPORTED
M0545	1	system_ui	slot	SLPS	0x4B1BE0	96	<color00FFFF>ミニゲーム<colorFFFFFF>ではミニゲームで<r遊|あそ>ぶことができます。	NUN5_TEXTENG@0x1B60	<WHITE>Play various <color00FFFF>Mini-Games<WHITE>.	<colorFFFFFF>Play various <color00FFFF>Mini-Games<colorFFFFFF>.						V26_BASELINE_IMPORTED
M0546	1	system_ui	slot	SLPS	0x4B1C40	144	<color00FFFF>ショップ<colorFFFFFF>ではお<r金|かね>を<r払|はら>ってコレクション<r用|よう>のアイテムを<r購入|こうにゅう>することができます。	NUN5_TEXTENG@0x1BA0	<WHITE>Pay money at the <color00FFFF>Shop<WHITE> to purchase collection items.	<colorFFFFFF>Pay money at the <color00FFFF>Shop<colorFFFFFF> to purchase collection items.						V26_BASELINE_IMPORTED
M0547	1	system_ui	slot	SLPS	0x4B1CD0	144	<color00FFFF>コレクション<colorFFFFFF>ではショップで<r購入|こうにゅう>したコレクション<r用|よう>アイテムを<r閲覧|えつらん>することができます。	NUN5_TEXTENG@0x1BF0	<WHITE>View <color00FFFF>Collection<WHITE> items that you purchased at the Shop.	<colorFFFFFF>View <color00FFFF>Collection<colorFFFFFF> items that you purchased at the Shop.						V26_BASELINE_IMPORTED
M0548	1	system_ui	slot	SLPS	0x4B1D60	128	<color00FFFF>オプション<colorFFFFFF>では<r各種|かくしゅ><r設定|せってい>の<r変更|へんこう>を<r行|おこな>うことができます。	NUN5_TEXTENG@0x1C50	Change various game settings.	Change various game settings.						V26_BASELINE_IMPORTED
M0549	1	system_ui	slot	SLPS	0x4B1E00	48	タイトル<r画面|がめん>に<r戻|もど>りますか？	NUN5_TEXTENG@0x1C90	Return to Title Screen?	Return to Title Screen?						V26_BASELINE_IMPORTED
M0550	1	system_ui	slot	SLPS	0x4B1EB0	112	"<color080860>マスターモード<BLACK>を、どこから<r開始|かいし>するのかを
<r選択|せんたく>してください。"	NUN5_TEXTENG@0x1D30	<BLACK>Select where to start <color080860>Master Mode<BLACK>.	<BLACK>Select where to start <color080860>Master Mode<BLACK>.						V26_BASELINE_IMPORTED
M0551	1	system_ui	slot	SLPS	0x4B2230	176	<r変更|へんこう>したいボタン・<r項目|こうもく>を<iconOK>ボタンで<r選択|せんたく>し、<r方向|ほうこう>キー<r左右|さゆう>で<r操作|そうさ>を<r変更|へんこう>してください。	NUN5_TEXTENG@0x1240	Press <iconOK> to select the button/item to change. Press the left directional button or right directional button to change controls.	Press <iconOK> to select the button/item to change. Press the left directional button or right directional button to change controls.						V26_BASELINE_IMPORTED
M0552	1	system_ui	slot	SLPS	0x4B22E0	80	１Ｐの<r操作設定|そうさせってい>をデフォルトに<r戻|もど>しました。	NUN5_TEXTENG@0x12D0	1P controls restored to defaults.	1P controls restored to defaults.						V26_BASELINE_IMPORTED
M0553	1	system_ui	slot	SLPS	0x4B2330	80	２Ｐの<r操作設定|そうさせってい>をデフォルトに<r戻|もど>しました。	NUN5_TEXTENG@0x1300	2P controls restored to defaults.	2P controls restored to defaults.						V26_BASELINE_IMPORTED
M0554	1	system_ui	slot	SLPS	0x4B2380	176	<iconL1><iconR1>には<color00FFFF>「ガード・アイテム<r使用|しよう>・アイテム<r選択|せんたく>」<colorFFFFFF><r以外|いがい>は、<r割|わ>り<r振|ふ>ることができません。	NUN5_TEXTENG@0x1330	<iconL1><iconR1> can only assign Guard, Item Use, and Item Select.	<iconL1><iconR1> can only assign Guard, Item Use, and Item Select.						V26_BASELINE_IMPORTED
M0555	1	system_ui	slot	SLPS	0x4B2430	176	<iconL2><iconR2>には<color00FFFF>「ガード・アイテム<r使用|しよう>・アイテム<r選択|せんたく>」<colorFFFFFF><r以外|いがい>は、<r割|わ>り<r振|ふ>ることができません。	NUN5_TEXTENG@0x1380	Item Select can only be assigned using <iconL1><iconR1> or <iconL2><iconR2>.	Item Select can only be assigned using <iconL1><iconR1> or <iconL2><iconR2>.						V26_BASELINE_IMPORTED
M0556	1	character_select	slot	SLPS	0x4B4220	64	ゲームモード<r選択|せんたく>に<r戻|もど>りますか？	NUN5_TEXTENG@0x1DF0	Return to Game Mode Screen?	Return to Game Mode Screen?						V26_BASELINE_IMPORTED
M0557	1	character_select	slot	SLPS	0x4B4260	32	タイトルに<r戻|もど>りますか？	NUN5_TEXTENG@0x1C90	Return to Title Screen?	Return to Title Screen?						V26_BASELINE_IMPORTED
M0558	1	character_select	slot	SLPS	0x4B4280	64	<r任務|にんむ><r選択|せんたく>に<r戻|もど>りますか？	NUN5_TEXTENG@0x1E10	Return to Mission Select?	Return to Mission Select?						V26_BASELINE_IMPORTED
M0559	1	character_select	slot	SLPS	0x4B42C0	64	<r種目選択|しゅもくせんたく>に<r戻|もど>りますか？	NUN5_TEXTENG@0x1E30	Return to Event Select?	Return to Event Select?						V26_BASELINE_IMPORTED
M0560	1	system_ui	slot	SLPS	0x4B4310	24	<r連係|れんけい>モード	NUN5_TEXTENG@0x1E60	Linked Mode	Linked Mode						V26_BASELINE_IMPORTED
M0561	1	system_ui	slot	SLPS	0x4B4328	16	マニュアル	NUN5_SLES@0x513F10	Manual	Manual						V26_BASELINE_IMPORTED
M0562	1	system_ui	slot	SLPS	0x503110	5	はい	NUN5_SLES@0x513E50	Yes	Yes						V26_BASELINE_IMPORTED
M0563	1	system_ui	slot	SLPS	0x503118	7	いいえ	NUN5_SLES@0x513E4C	No	No						V26_BASELINE_IMPORTED
M0564	1	system_ui	slot	SLPS	0x5031A0	5	はい	NUN5_SLES@0x513E50	Yes	Yes						V26_BASELINE_IMPORTED
M0565	1	system_ui	slot	SLPS	0x5031A8	7	いいえ	NUN5_SLES@0x513E4C	No	No						V26_BASELINE_IMPORTED
M0566	1	system_ui	slot	SLPS	0x504668	7	いいえ	NUN5_SLES@0x513E4C	No	No						V38_GENERIC_MODAL_LABEL_RESTORE
M0567	1	system_ui	slot	SLPS	0x504738	8	攻撃	NUN5_SLES@0x513EF0	Attack	Attack						V26_BASELINE_IMPORTED
M0568	1	system_ui	slot	SLPS	0x504740	8	ガード	NUN5_SLES@0x4AFD6D	Guard	Guard						V26_BASELINE_IMPORTED
M0569	1	practice_settings	slot	SLPS	0x504748	8	オフ	NUN5_SLES@0x513E6C	OFF	OFF						V26_ASCII_ON_OFF
M0570	1	practice_settings	slot	SLPS	0x504750	8	オン	NUN5_SLES@0x513E68	ON	ON						V26_ASCII_ON_OFF
M0571	1	system_ui	slot	SLPS	0x504908	8	オート	NUN5_SLES@0x513F18	Auto	Auto						V26_BASELINE_IMPORTED
M0572	1	battle_dialogs	slot	SLPS	0x505AD0	8	は　い	NUN5_SLES@0x513E50	Yes	Yes						V26_DIALOG_YES_EXISTING
M0573	1	system_ui	slot	SLPS	0x505AD8	7	いいえ	NUN5_SLES@0x513E4C	No	No						V26_BASELINE_IMPORTED
M0574	1	system_ui	slot	SLPS	0x505B48	8	楽々	NUN5_SLES@0x514220	Easy	Easy						V26_BASELINE_IMPORTED
M0575	1	system_ui	slot	SLPS	0x505B50	8	ふつう	NUN5_SLES@0x4B9519	Normal	Normal						V26_BASELINE_IMPORTED
M0576	1	system_ui	slot	SLPS	0x505B58	8	激むず	NUN5_SLES@0x514230	Hard	Hard						V26_BASELINE_IMPORTED
M0577	1	system_ui	slot	SLPS	0x505B60	8	究極	NUN5_SLES@0x514238	Insane	Insane						V26_BASELINE_IMPORTED
M0578	1	system_ui	slot	SLPS	0x505B68	8	なし	NUN5_SLES@0x514240	None	None						V26_BASELINE_IMPORTED
M0579	1	system_ui	slot	SLPS	0x505B70	8	少なめ	NUN5_SLES@0x514248	Less	Less						V26_BASELINE_IMPORTED
M0580	1	system_ui	slot	SLPS	0x505B78	8	多め	NUN5_SLES@0x514250	More	More						V26_BASELINE_IMPORTED
M0581	1	system_ui	slot	SLPS	0x505B80	8	通常	NUN5_SLES@0x4B9519	Normal	Normal						V26_BASELINE_IMPORTED
M0582	1	system_ui	slot	SLPS	0x505B98	8	回転	NUN5_SLES@0x514278	Turn	Turn						V26_BASELINE_IMPORTED
M0583	1	system_ui	slot	SLPS	0x505BA0	8	連打	NUN5_SLES@0x4AFE80	Combo	Combo						V26_BASELINE_IMPORTED
M0584	1	practice_settings	slot	SLPS	0x505BB0	8	オフ	NUN5_SLES@0x513E6C	OFF	OFF						V26_ASCII_ON_OFF
M0585	1	practice_settings	slot	SLPS	0x505BB8	8	オン	NUN5_SLES@0x513E68	ON	ON						V26_ASCII_ON_OFF
M0586	1	system_ui	slot	SLPS	0x505BC8	8	半分	NUN5_SLES@0x514280	Half	Half						V26_BASELINE_IMPORTED
M0587	1	system_ui	slot	SLPS	0x505BE0	8	オート	NUN5_SLES@0x513F18	Auto	Auto						V26_BASELINE_IMPORTED
M0588	1	system_ui	slot	SLPS	0x505BF0	8	手動	NUN5_SLES@0x513F10	Manual	Manual						V26_BASELINE_IMPORTED
M0589	1	system_ui	slot	SLPS	0x505BF8	8	ＣＯＭ	NUN5_SLES@0x514290	COM	COM						V26_BASELINE_IMPORTED
M0590	1	system_ui	slot	SLPS	0x505C00	8	立ち	NUN5_SLES@0x514298	Stand	Stand						V26_BASELINE_IMPORTED
M0591	1	system_ui	slot	SLPS	0x505C08	8	しない	NUN5_SLES@0x513E4C	No	No						V26_BASELINE_IMPORTED
M0592	1	system_ui	slot	SLPS	0x505C10	8	単発	NUN5_SLES@0x5142A0	Single	Single						V26_BASELINE_IMPORTED
M0593	1	system_ui	slot	SLPS	0x505C18	8	コンボ	NUN5_SLES@0x4AFE80	Combo	Combo						V26_BASELINE_IMPORTED
M0594	1	system_ui	slot	SLPS	0x505C28	8	忍術	NUN5_SLES@0x5142A8	Jutsu	Jutsu						V26_BASELINE_IMPORTED
M0595	1	system_ui	slot	SLPS	0x505C30	8	する	NUN5_SLES@0x51425B	Use	Use						V26_BASELINE_IMPORTED
M0596	1	system_ui	slot	SLPS	0x505C40	8	追う	NUN5_SLES@0x5142B8	Follow	Follow						V26_BASELINE_IMPORTED
M0597	1	system_ui	slot	SLPS	0x505C70	8	難易度	NUN5_TEXTENG@0x2726	Level	Level						V26_BASELINE_IMPORTED
M0598	1	system_ui	slot	SLPS	0x505CA0	8	体力	NUN5_SLES@0x5142E0	Health	Health						V26_BASELINE_IMPORTED
M0599	1	system_ui	slot	SLPS	0x505CA8	8	状態	NUN5_SLES@0x4AFF1D	Status	Status						V26_BASELINE_IMPORTED
M0600	1	system_ui	slot	SLPS	0x505CB8	8	攻撃	NUN5_SLES@0x513EF0	Attack	Attack						V26_BASELINE_IMPORTED
M0601	1	system_ui	slot	SLPS	0x505CC0	8	ガード	NUN5_SLES@0x4AFD6D	Guard	Guard						V26_BASELINE_IMPORTED
M0602	1	system_ui	slot	SLPS	0x505CC8	8	行動	NUN5_SLES@0x5142F8	Move	Move						V26_BASELINE_IMPORTED
M0603	1	system_ui	slot	SLPS	0x506450	8	ナルト	NUN5_SLES@0x513D18	Naruto	Naruto						V26_BASELINE_IMPORTED
M0604	1	system_ui	slot	SLPS	0x506458	8	サクラ	NUN5_SLES@0x4AFEDC	Sakura	Sakura						V26_BASELINE_IMPORTED
M0605	1	system_ui	slot	SLPS	0x506460	8	カカシ	NUN5_SLES@0x513DD8	Kakashi	Kakashi						V26_BASELINE_IMPORTED
M0606	1	system_ui	slot	SLPS	0x506468	8	ネジ	NUN5_SLES@0x513D38	Neji	Neji						V26_BASELINE_IMPORTED
M0607	1	system_ui	slot	SLPS	0x506470	8	サイ	NUN5_SLES@0x513E28	Sai	Sai						V26_BASELINE_IMPORTED
M0608	1	system_ui	slot	SLPS	0x506478	8	サスケ	NUN5_SLES@0x513D20	Sasuke	Sasuke						V26_BASELINE_IMPORTED
M0609	1	system_ui	slot	SLPS	0x506480	8	シズネ	NUN5_SLES@0x513E00	Shizune	Shizune						V26_BASELINE_IMPORTED
M0610	1	system_ui	slot	SLPS	0x506488	8	アスマ	NUN5_SLES@0x513E08	Asuma	Asuma						V26_BASELINE_IMPORTED
M0611	1	system_ui	slot	SLPS	0x506490	8	テマリ	NUN5_SLES@0x513D90	Temari	Temari						V26_BASELINE_IMPORTED
M0612	1	system_ui	slot	SLPS	0x506498	8	ヤマト	NUN5_SLES@0x513E20	Yamato	Yamato						V26_BASELINE_IMPORTED
M0613	1	system_ui	slot	SLPS	0x5064A0	8	リー	NUN5_SLES@0x513D28	Lee	Lee						V26_BASELINE_IMPORTED
M0614	1	system_ui	slot	SLPS	0x5064A8	8	ガイ	NUN5_SLES@0x513DD0	Guy	Guy						V26_BASELINE_IMPORTED
M0615	1	system_ui	slot	SLPS	0x5064B0	8	いの	NUN5_SLES@0x513D70	Ino	Ino						V26_BASELINE_IMPORTED
M0616	1	system_ui	slot	SLPS	0x5064B8	8	キバ	NUN5_SLES@0x513D78	Kiba	Kiba						V26_BASELINE_IMPORTED
M0617	1	system_ui	slot	SLPS	0x5064C0	8	シノ	NUN5_SLES@0x513D80	Shino	Shino						V26_BASELINE_IMPORTED
M0618	1	system_ui	slot	SLPS	0x5064C8	8	ヒナタ	NUN5_SLES@0x513D58	Hinata	Hinata						V26_BASELINE_IMPORTED
M0619	1	system_ui	slot	SLPS	0x506648	8	クナイ	NUN5_SLES@0x5143A8	Kunai	Kunai						V26_BASELINE_IMPORTED
M0620	1	shop	slot	SLPS	0x506650	8	サイ	NUN5_SLES@0x513E28	Sai	Sai						V26_SHOP_NAMES_EXISTING_COPY
M0621	1	shop	slot	SLPS	0x506658	8	テマリ	NUN5_SLES@0x513D90	Temari	Temari						V26_SHOP_NAMES_EXISTING_COPY
M0622	1	shop	slot	SLPS	0x506660	8	サソリ	NUN5_SLES@0x513DC0	Sasori	Sasori						V26_SHOP_NAMES_EXISTING_COPY
M0623	1	shop	slot	SLPS	0x506668	8	シズネ	NUN5_SLES@0x513E00	Shizune	Shizune						V26_SHOP_NAMES_EXISTING_COPY
M0624	1	shop	slot	SLPS	0x506670	8	ヤマト	NUN5_SLES@0x513E20	Yamato	Yamato						V26_SHOP_NAMES_EXISTING_COPY
M0625	1	system_ui	slot	SLPS	0x5066A8	7	いいえ	NUN5_SLES@0x513E4C	No	No						V26_BASELINE_IMPORTED
M0626	1	system_ui	slot	SLPS	0x506760	5	はい	NUN5_SLES@0x513E50	Yes	Yes						V26_BASELINE_IMPORTED
M0627	1	system_ui	slot	SLPS	0x506768	7	いいえ	NUN5_SLES@0x513E4C	No	No						V26_BASELINE_IMPORTED
M0628	1	system_ui	slot	SLPS	0x506FA8	5	はい	NUN5_SLES@0x513E50	Yes	Yes						V26_BASELINE_IMPORTED
M0629	1	system_ui	slot	SLPS	0x506FB0	7	いいえ	NUN5_SLES@0x513E4C	No	No						V26_BASELINE_IMPORTED
M0630	1	battle	slot	BTL	0x20A7A8	24	追い討ち返し	NUN5_TEXTENG@0xFA0	Extra Hit Counter	Extra Hit Counter						V26_BASELINE_IMPORTED
M0631	1	system_ui	slot	SLPS	0x505C20	8	奥義	NUN5_TEXTENG@0xF238	Ultimate Jutsu	Ultimate Jutsu			BTL	0x209DD4,0x20A270,0x20A7CC		V27_NO_RELOCATION_SHORTEN
M0632	1	battle	slot	BTL	0x20A788	16	案内忍音声	NUN5_TEXTENG@0xF8D0	Guide Ninja Sound	Guide Ninja Sound			BTL	0x20A7E0		V27_NO_RELOCATION_SHORTEN
M0633	1	system_ui	slot	SLPS	0x505CB0	8	強さ	NUN5_TEXTENG@0xF8E8	Strength	Strength			BTL	0x20A7E8		V27_NO_RELOCATION_SHORTEN
M0634	1	battle	slot	BTL	0x20A798	16	変わり身の術	NUN5_TEXTENG@0xF900	Substitution Jutsu	Substitution Jutsu			BTL	0x20A7F8		V27_NO_RELOCATION_SHORTEN
M0635	1	battle	slot	BTL	0x20A810	128	<r方向|ほうこう>キー<r左右|さゆう>でプレイヤーの<r体力|たいりょく>の<r状態|じょうたい>を<r設定|せってい>することができます。	NUN5_TEXTENG@0xF9C0	Press the left directional button or right directional button to set players' Health.	Press the left directional button or right directional button to set players' Health.						V26_BASELINE_IMPORTED
M0636	1	battle	slot	BTL	0x20A890	112	<r方向|ほうこう>キー<r左右|さゆう>でチャクラが<r減|へ>るか<r減|へ>らないかを<r設定|せってい>できます。	NUN5_TEXTENG@0xFA20	Press the left directional button or right directional button to choose whether Chakra decreases or not when using Jutsu.	Press the left directional button or right directional button to choose whether Chakra decreases or not when using Jutsu.			BTL	0x20B074		V27_NO_RELOCATION_SHORTEN
M0637	1	battle	slot	BTL	0x20A900	144	<r方向|ほうこう>キー<r左右|さゆう>でプレイヤーの<r連係|れんけい>ゲージの<r溜|た>まり<r方|かた>を<r設定|せってい>することができます。	NUN5_TEXTENG@0xFAA0	Press the left directional button or right directional button to set how player's Link Gauge charges.	Press the left directional button or right directional button to set how player's Link Gauge charges.						V26_BASELINE_IMPORTED
M0638	1	battle	slot	BTL	0x20A990	128	<r方向|ほうこう>キー<r左右|さゆう>で<r連係|れんけい>の<r発動|はつどう>の<r仕方|しかた>を<r設定|せってい>することができます。	NUN5_TEXTENG@0xFB10	Press the left directional button or right directional button to determine how Linked moves are activated.	Press the left directional button or right directional button to determine how Linked moves are activated.						V26_BASELINE_IMPORTED
M0639	1	battle	slot	BTL	0x20AA10	112	<r方向|ほうこう>キー<r左右|さゆう>でアイテムの<r出現頻度|しゅつげんひんど>を<r設定|せってい>できます。	NUN5_TEXTENG@0xFB80	Press the left directional button or right directional button to determine how often items appear.	Press the left directional button or right directional button to determine how often items appear.						V26_BASELINE_IMPORTED
M0640	1	battle	slot	BTL	0x20AA80	112	<r方向|ほうこう>キー<r左右|さゆう>でコマンドの<r表示|ひょうじ>をするか、しないかの<r設定|せってい>ができます。	NUN5_TEXTENG@0xFBF0	Press the left directional button or right directional button to set whether to display commands.	Press the left directional button or right directional button to set whether to display commands.						V26_BASELINE_IMPORTED
M0641	1	battle	slot	BTL	0x20AAF0	160	<r方向|ほうこう>キー<r左右|さゆう>で<r相手|あいて>に<r対|たい>するダメージ<r量|りょう>の<r表示|ひょうじ>をするか、しないかの<r設定|せってい>ができます。	NUN5_TEXTENG@0xFC60	Press the left directional button or right directional button to determine whether the damage inflicted is displayed for the opponent.	Press the left directional button or right directional button to determine whether the damage inflicted is displayed for the opponent.						V26_BASELINE_IMPORTED
M0642	1	battle	slot	BTL	0x20AB90	144	<r方向|ほうこう>キー<r左右|さゆう>でプラクティス<r中|ちゅう>の<r案内忍音声|あんないにんおんせい>の<r設定|せってい>をすることができます。	NUN5_TEXTENG@0xFCF0	Press the left directional button or right directional button to set Guide Ninja Sound settings for practice.	Press the left directional button or right directional button to set Guide Ninja Sound settings for practice.						V26_BASELINE_IMPORTED
M0643	1	battle	slot	BTL	0x20AC20	112	<r状態|じょうたい>が「ＣＯＭ」に<r設定|せってい>されている<r時|とき>の<r強|つよ>さを<r指定|してい>できます。	NUN5_TEXTENG@0xFD60	Set strength for when in COM mode.	Set strength for when in COM mode.						V26_BASELINE_IMPORTED
M0644	1	battle	slot	BTL	0x20AC90	160	<r状態|じょうたい>が「<r立|た>ち・ジャンプ・<r二段|にだん>ジャンプ」に<r設定|せってい>されている<r時|とき>の<r攻撃|こうげき>パターンを<r指定|してい>できます。	NUN5_TEXTENG@0xFD90	Set the attack pattern for when status is set to: Stand, Jump or Double-jump.	Set the attack pattern for when status is set to: Stand, Jump or Double-jump.						V26_BASELINE_IMPORTED
M0645	1	battle	slot	BTL	0x20AD30	160	<r状態|じょうたい>が「<r立|た>ち・ジャンプ・<r二段|にだん>ジャンプ」に<r設定|せってい>されている<r時|とき>のガードパターンを<r指定|してい>できます。	NUN5_TEXTENG@0xFDE0	Set the guard pattern for when status is set to: Stand, Jump or Double-jump.	Set the guard pattern for when status is set to: Stand, Jump or Double-jump.						V26_BASELINE_IMPORTED
M0646	1	battle	slot	BTL	0x20ADD0	160	<r状態|じょうたい>が「<r立|た>ち・ジャンプ・<r二段|にだん>ジャンプ」に<r設定|せってい>されている<r時|とき>の<r行動|こうどう>パターンを<r指定|してい>できます。	NUN5_TEXTENG@0xFE30	Set the movement pattern for when in status: Stand, Jump or Double-jump.	Set the movement pattern for when in status: Stand, Jump or Double-jump.						V26_BASELINE_IMPORTED
M0647	1	battle	slot	BTL	0x20AE70	160	<r状態|じょうたい>が「ＣＯＭ」に<r設定|せってい>されている<r時|とき>の<r変|か>わり<r身|み>の<r術|じゅつ>の<r使用頻度|しようひんど>を<r指定|してい>できます。	NUN5_TEXTENG@0xFE80	Set the frequency of Substitution Jutsu when in COM mode.	Set the frequency of Substitution Jutsu when in COM mode.						V26_BASELINE_IMPORTED
M0648	1	battle	slot	BTL	0x20AF10	176	<r状態|じょうたい>が「<r手動|しゅどう>」<r以外|いがい>に<r設定|せってい>されている<r時|とき>の<r連係攻撃|れんけいこうげき>の<r使用頻度|しようひんど>を<r指定|してい>できます。	NUN5_TEXTENG@0xFEC0	Set the frequency of Linked Attacks when not in Manual mode.	Set the frequency of Linked Attacks when not in Manual mode.						V26_BASELINE_IMPORTED
M0649	1	battle	slot	BTL	0x20AFC0	176	<r状態|じょうたい>が「<r手動|しゅどう>」<r以外|いがい>に<r設定|せってい>されている<r時|とき>の<r追|お>い<r討|う>ち<r返|がえ>しの<r頻度|ひんど>を<r指定|してい>できます。	NUN5_TEXTENG@0xFF00	Set the frequency of the Extra Hit Counter when in the COM mode.	Set the frequency of the Extra Hit Counter when in the COM mode.						V26_BASELINE_IMPORTED
M0650	1	options	slot	SLPS	0x4B2680	16	連係攻撃	NUN5_TEXTENG@0xF08	Linked Attack	Linked Attack						V26_BASELINE_IMPORTED
M0651	1	options	slot	SLPS	0x4B2670	16	アイテム選択	NUN5_TEXTENG@0xF18	Item Select	Item Select						V26_BASELINE_IMPORTED
M0652	1	options	slot	SLPS	0x4B2660	16	アイテム使用	NUN5_TEXTENG@0xF28	Item Use	Item Use						V26_BASELINE_IMPORTED
M0653	1	options	slot	SLPS	0x4B2640	16	奥義準備	NUN5_TEXTENG@0x1450	Ultimate Jutsu Prep	Ultimate Jutsu Prep			SLPS	0x4B2690		V27_NO_RELOCATION_SHORTEN
M0654	1	system_ui	slot	SLPS	0x504AB8	8	奥義	NUN5_TEXTENG@0xF208	Ultimate	Ultimate			SLPS	0x504AC0		V27_NO_RELOCATION_SHORTEN
M0655	1	system_ui	slot	SLPS	0x505B88	8	無限	NUN5_TEXTENG@0xF218	Unlimited	Unlimited			SLPS	0x505B94,0x505BAC,0x505C68		V27_NO_RELOCATION_SHORTEN
M0656	1	options	slot	SLPS	0x4B2650	16	ジャンプ	NUN5_SLES@0x513ED0	Jump	Jump						V26_BASELINE_IMPORTED
M0700	1	command_chart	slot	BTL	0x209090	32	<r連打技|れんだわざ>	NUN5_SLES@0x513EA8	Combo	Combo						V28_COMMAND_COMBO_CATEGORY
M0701	1	command_chart	slot	BTL	0x2090B0	32	<r溜|た>め<r技|わざ>	NUN5_SLES@0x513EB0	Charge	Charge						V28_COMMAND_CHARGE_CATEGORY
M0717	1	menus_data	slot	ETC	0x261E8	16	ホラよっ！	NUN5_SLES@0x513FB8	Hey!	Hey!						V32_MATCHED_COLLECTION_ANIMATION_IDENTIFIER
M0718	1	character_ultimate_jutsu	slot	ETC	0x28610	48	<r雷切|らいきり>・<r一尖|いっせん>	NUN5_TEXTENG@0x11520	Lightning Blade, Single Sharpness 	Lightning Blade, Single Sharpness 						V31_MATCHED_ULTIMATE_RECORD_METADATA_ETC
M0719	1	character_ultimate_jutsu	slot	ETC	0x28670	32	コピー<r忍術|にんじゅつ>	NUN5_TEXTENG@0x40B0	Ninja Art: Copy Jutsu	Ninja Art: Copy Jutsu						V31_MATCHED_ULTIMATE_RECORD_METADATA_ETC
M0720	1	character_ultimate_jutsu	slot	ETC	0x29A60	48	<r飛雷神|ひらいしん>の<r術|じゅつ>	NUN5_TEXTENG@0x4E60	Flying Thunder God Jutsu	Flying Thunder God Jutsu						V31_MATCHED_ULTIMATE_RECORD_METADATA_ETC
M0721	1	menus_data	slot	ETC	0x2BD00	32	<r感情|かんじょう>	NUN5_SLES@0x513F28	Emotion	Emotion						V32_MATCHED_COLLECTION_AUDIO_TITLE_SEQUENCE
M0722	1	menus_data	slot	ETC	0x2BD20	32	<r確|たし>かめたいもの	NUN5_TEXTENG@0x1FB0	Something I Want to Know	Something I Want to Know						V32_MATCHED_COLLECTION_AUDIO_TITLE_SEQUENCE
M0723	1	menus_data	slot	ETC	0x2BD40	32	カカシの<r本気|ほんき>	NUN5_TEXTENG@0x1FD0	Kakashi's Seriousness	Kakashi's Seriousness						V32_MATCHED_COLLECTION_AUDIO_TITLE_SEQUENCE
M0724	1	menus_data	slot	ETC	0x2C140	32	ポッチャリ<r系|けい>	NUN5_SLES@0x513F30	Tubby	Tubby						V32_MATCHED_COLLECTION_AUDIO_TITLE_SEQUENCE
M0725	1	menus_data	slot	ETC	0x2C750	32	<r姉|あね>の<r喜|よろこ>び	NUN5_TEXTENG@0x24B0	Silent Confidence	Silent Confidence						VERIFIED_NUN5_SCREEN_MATCH
M0726	1	menus_data	slot	ETC	0x2C790	24	<r忠告|ちゅうこく>	NUN5_SLES@0x513F38	Warning	Warning						V32_MATCHED_COLLECTION_AUDIO_TITLE_SEQUENCE
M0727	1	menus_data	slot	ETC	0x2C7A8	24	<r余裕|よゆう>	NUN5_SLES@0x513F40	A Cinch	A Cinch						V32_MATCHED_COLLECTION_AUDIO_TITLE_SEQUENCE
M0728	1	menus_data	slot	ETC	0x2CE10	32	カブトの<r挑発|ちょうはつ>	NUN5_TEXTENG@0x2B80	Kabuto's Challenge	Kabuto's Challenge						V32_MATCHED_COLLECTION_AUDIO_TITLE_SEQUENCE
M0729	1	menus_data	slot	ETC	0x2CE50	32	サスケの<r存在|そんざい>	NUN5_TEXTENG@0x2BB0	Sasuke's Presence	Sasuke's Presence						V32_MATCHED_COLLECTION_AUDIO_TITLE_SEQUENCE
M0730	1	menus_data	slot	ETC	0x2CE80	16	<r気|き>まぐれ	NUN5_SLES@0x513F48	Fickle	Fickle						V32_MATCHED_COLLECTION_AUDIO_TITLE_SEQUENCE
M0731	1	menus_data	slot	ETC	0x2CEB0	32	<r兄|あに>との<r繋|つな>がり	NUN5_TEXTENG@0x2C00	Bond Between Brothers	Bond Between Brothers						V32_MATCHED_COLLECTION_AUDIO_TITLE_SEQUENCE
M0732	1	menus_data	slot	ETC	0x2CED0	52	<r目障|めざわ>りな<r存在|そんざい>	NUN5_TEXTENG@0x2C20	An Unpleasant Sight	An Unpleasant Sight						V32_MATCHED_COLLECTION_AUDIO_TITLE_SEQUENCE
M0733	1	practice_settings	slot	BTL	0x20B0C0	176	<r対戦|たいせん><r相手|あいて>の<r状態|じょうたい>を<r指定|してい>できます。<r手動|しゅどう>では、<r別|べつ>のコントローラで<r操作|そうさ>する<r事|こと>ができます。	NUN5_TEXTENG@0xFF80	You can use another analog controller (DUALSHOCK®2) to input commands when in Manual mode.	You can use another analog controller (DUALSHOCK®2) to input commands when in Manual mode.						V26_OPPONENT_STATUS_HELP
M0734	1	practice_settings	slot	SLPS	0x505C60	8	乱発	NUN5_SLES@0x514260	Random	Random						V26_RANDOM
M0735	1	command_chart	slot	SLPS	0x505B08	8	または	NUN5_SLES@0x513EC0	or	or						V26_COMMAND_LABELS
M0736	1	command_chart	slot	SLPS	0x505B18	8	ガード	NUN5_SLES@0x513EC8	Guard	Guard						V26_COMMAND_LABELS
M0737	1	command_chart	slot	BTL	0x209500	32	（しばらく<r押|お>す）	NUN5_SLES@0x513EB8	(Hold)	(Hold)						V26_COMMAND_LABELS
M0738	1	command_chart	slot	BTL	0x209700	32	<r飛|と>び<r退|の>き	NUN5_SLES@0x513ED8	Flee	Flee						V26_COMMAND_LABELS
M0739	1	command_chart	slot	BTL	0x2097F0	32	<r挑発|ちょうはつ>	NUN5_SLES@0x513EE8	Taunt	Taunt						V26_COMMAND_LABELS
M0740	1	command_chart	slot	BTL	0x209380	48	<r後側方向|うしろがわほうこう>キー	NUN5_TEXTENG@0xD60	directional button in the opposite direction to that you are facing	directional button in the opposite direction to that you are facing			BTL	0x209618		V27_NO_RELOCATION_SHORTEN__V26_FLEE_HELP_RELOCATION
M0741	1	battle_dialogs	slot	BTL	0x208CF0	32	<r対戦|たいせん>	NUN5_TEXTENG@0xA20	Are you sure you want to quit %1 and return to %2?	Are you sure you want to quit Free Battle and return to 			BTL	0x208E40		V27_DIALOG_NO_RELOCATION__V26_DIALOG_RETURN_PREFIX_FREE
M0742	1	battle_dialogs	slot	BTL	0x208D10	32	<r練習|れんしゅう>	NUN5_TEXTENG@0xA20	Are you sure you want to quit %1 and return to %2?	Are you sure you want to quit Practice and return to 			BTL	0x208E44		V27_DIALOG_NO_RELOCATION__V26_DIALOG_RETURN_PREFIX_PRACTICE
M0743	1	battle_dialogs	slot	BTL	0x208D30	80	"を<r終了|しゅうりょう>しますが、よろしいですか？
<iconCANCEL>キャンセル"	NUN5_TEXTENG@0xA00	Do you want to quit %1?	Do you want to quit Free Battle?			BTL	0x208E48		V27_DIALOG_NO_RELOCATION__V26_DIALOG_DIRECT_FREE__V39_INLINE_FIT
M0744	1	battle_dialogs	slot	BTL	0x208D80	32	を<r終了|しゅうりょう>して	NUN5_TEXTENG@0xA20	Are you sure you want to quit %1 and return to %2?	 and return to 						V27_DIALOG_NO_RELOCATION__V26_DIALOG_EMPTY_FRAGMENT
M0745	1	battle_dialogs	slot	BTL	0x208DF0	80	"に<r戻|もど>りますが、
よろしいですか？　　　　<iconCANCEL>キャンセル"	NUN5_TEXTENG@0xA20	Are you sure you want to quit %1 and return to %2?	?						V27_DIALOG_NO_RELOCATION__V26_DIALOG_SUFFIX
M0750	1	battle_dialogs	slot	SLPS	0x5066B8	8	は　い	NUN5_SLES@0x513E50	Yes	Yes						V26_DIALOG_YES
M0751	1	options	slot	SLPS	0x4b2a10	144	<color00FFFF>フリーバトル<colorFFFFFF>と<color00FFFF>プラクティス<colorFFFFFF>でのＣＯＭの<r強|つよ>さを<r設定|せってい>できます。	NUN5_TEXTENG@0x1100	<WHITE>Set the Com strength for when in the<color00FFFF> Free Battle <WHITE>and <color00FFFF>Practice.	<colorFFFFFF>Set the Com strength for when in the<color00FFFF> Free Battle <colorFFFFFF>and <color00FFFF>Practice.						V26_OPTIONS_HELP
M0752	1	options	slot	SLPS	0x4b2aa0	64	ボタン<r操作|そうさ>の<r割|わ>り<r振|ふ>りができます。	NUN5_TEXTENG@0x1170	Assign button controls.	Assign button controls.						V26_OPTIONS_HELP
M0753	1	options	slot	SLPS	0x4b2ae0	80	<r音量|おんりょう>や<r音|おと>の<r出力設定|しゅつりょくせってい>ができます。	NUN5_TEXTENG@0x1190	Change volume and audio output settings.	Change volume and audio output settings.						V26_OPTIONS_HELP
M0754	1	options	slot	SLPS	0x4b2b30	64	<r画面|がめん>の<r位置|いち>の<r調整|ちょうせい>ができます。	NUN5_TEXTENG@0x11c0	Adjust screen position.	Adjust screen position.						V26_OPTIONS_HELP
M0755	1	options	slot	SLPS	0x4b2b70	64	<r難易度|なんいど>をデフォルトに<r戻|もど>します。	NUN5_TEXTENG@0x11e0	Return to default difficulty.	Return to default difficulty.						V26_OPTIONS_HELP
M0756	1	save_load	slot	SLPS	0x303da0	64	ロードするデータを<ruby選|えら>んでください。	NUN5_TEXTENG@0x29260	Please select data to load.	Please select data to load.						V26_SAVE_LOAD
M0757	1	save_load	slot	SLPS	0x303de0	48	このデータをロードしますか？	NUN5_TEXTENG@0x29280	Load this data?	Load this data?						V26_SAVE_LOAD
M0758	1	save_load	slot	SLPS	0x303e90	64	データのロードが<ruby終了|しゅうりょう>しました。	NUN5_TEXTENG@0x29310	Load completed.	Load completed.						V26_SAVE_LOAD
M0759	1	save_load	slot	SLPS	0x303f10	64	セーブする<ruby場所|ばしょ>を<ruby選|えら>んでください。	NUN5_TEXTENG@0x29330	Please select where to save.	Please select where to save.						V26_SAVE_LOAD
M0760	1	save_load	slot	SLPS	0x304970	32	データをセーブしますか？	NUN5_TEXTENG@0x28fe0	Save data?	Save data?						V26_SAVE_LOAD
M0761	1	save_load	slot	SLPS	0x304a40	32	プレイ<ruby時間|じかん> 	NUN5_TEXTENG@0x29038	Play Time	Play Time 						V27_SAVE_PLAY_TIME_TRAILING_SPACE
M0762	1	shop	slot	ETC	0x25008	16	テンテン	NUN5_SLES@0x513d60	Tenten	Tenten						V26_SHOP_NAMES
M0763	1	shop	slot	ETC	0x251f0	24	<r自来也|じらいや>	NUN5_SLES@0x513df0	Jiraiya	Jiraiya						V26_SHOP_NAMES
M0764	1	shop	slot	ETC	0x25760	16	<r白|ハク>	NUN5_SLES@0x513d48	Haku	Haku						V26_SHOP_NAMES
M0765	1	shop	slot	SLPS	0x506fe0	8	サイ	NUN5_SLES@0x513e28	Sai	Sai						V26_SHOP_NAMES
M0766	1	shop	slot	SLPS	0x506fe8	8	テマリ	NUN5_SLES@0x513d90	Temari	Temari						V26_SHOP_NAMES
M0767	1	shop	slot	SLPS	0x506ff0	8	サソリ	NUN5_SLES@0x513dc0	Sasori	Sasori						V26_SHOP_NAMES
M0768	1	shop	slot	SLPS	0x506ff8	8	シズネ	NUN5_SLES@0x513e00	Shizune	Shizune						V26_SHOP_NAMES
M0769	1	shop	slot	SLPS	0x507000	8	ヤマト	NUN5_SLES@0x513e20	Yamato	Yamato						V26_SHOP_NAMES
M0770	1	collection	slot	SLPS	0x2FFBA0	64	<ruby再会|さいかい>の<ruby時|とき>・<ruby壱|いち>	NUN5_TEXTENG@0x28930	Reunion Time I	Reunion Time I						V29_COLLECTION_REUNION_POINTER_TARGET_FIX
M0771	1	collection	slot	SLPS	0x2ffbe0	80	<ruby封印術|ふういんじゅつ>・<ruby幻龍九封尽|げんりゅうきゅうふうじん>	NUN5_TEXTENG@0x28670	Sealing Jutsu: Nine Phantom Dragons	Sealing Jutsu: Nine Phantom Dragons						V26_COLLECTION_MOVIES
M0772	1	collection	slot	SLPS	0x2ffc30	48	<ruby常闇|とこやみ>の<ruby者|もの>たち	NUN5_TEXTENG@0x287d0	People of Endless Darkness	People of Endless Darkness						V26_COLLECTION_MOVIES
M0773	1	collection	slot	SLPS	0x2ffc60	64	<ruby忍法|にんぽう>・<ruby超獣偽画|ちょうじゅうぎが>	NUN5_TEXTENG@0x3100	Ninja Art: Beast Scroll Replicas	Ninja Art: Beast Scroll Replicas						V26_COLLECTION_MOVIES
M0774	1	collection	slot	SLPS	0x2ffca0	48	<ruby第四|だいよん>の<ruby覚醒|かくせい>	NUN5_TEXTENG@0x28940	Fourth Awakened Mode	Fourth Awakened Mode						V26_COLLECTION_MOVIES
M0775	1	collection	slot	SLPS	0x2ffcd0	48	<ruby再会|さいかい>の<ruby時|とき>・<ruby弐|に>	NUN5_TEXTENG@0x28960	Reunion Time II	Reunion Time II						V26_COLLECTION_MOVIES
M0776	1	collection	slot	SLPS	0x2ffd00	28	スタッフロール	NUN5_SLES@0x514928	Credits	Credits						V29_COLLECTION_CREDITS_POINTER_TABLE_BOUNDARY
M0777	1	collection	slot	ETC	0x2d950	40	<r紅班勢揃|くれないはんせいぞろ>い	NUN5_TEXTENG@0x3d80	Team Kurenai Unites	Team Kurenai Unites						V26_COLLECTION_CHARACTERS
M0778	1	collection	slot	ETC	0x2da30	32	ナルトの<r帰郷|ききょう>	NUN5_TEXTENG@0x3dc0	Naruto Returns Home	Naruto Returns Home						V26_COLLECTION_CHARACTERS
M0779	1	collection	slot	ETC	0x2da70	40	<r風影|かぜかげ>の<r闘|たたか>い	NUN5_TEXTENG@0x3de0	Battle of the Kazekage	Battle of the Kazekage						V26_COLLECTION_CHARACTERS
M0780	1	collection	slot	ETC	0x2dae0	48	<r木|こ>ノ<r葉|は>の<r白|しろ>い<r牙|きば>！？	NUN5_TEXTENG@0x3e00	White Fang of the Leaf!?	White Fang of the Leaf!?						V26_COLLECTION_CHARACTERS
M0781	1	collection	slot	ETC	0x2db80	40	“<r暁|あかつき>”の<r目的|もくてき>	NUN5_TEXTENG@0x3e20	Akatsuki's Scheme	Akatsuki's Scheme						V26_COLLECTION_CHARACTERS
M0782	1	collection	slot	ETC	0x2dc30	40	<r傀儡師|くぐつし>の<r激闘|げきとう>	NUN5_TEXTENG@0x3e40	Fierce Puppetmaster Battle	Fierce Puppetmaster Battle						V26_COLLECTION_CHARACTERS
M0783	1	collection	slot	ETC	0x2dca0	40	<r突然|とつぜん>の<r襲撃|しゅうげき>！	NUN5_TEXTENG@0x3e60	A Sudden Assault!	A Sudden Assault!						V26_COLLECTION_CHARACTERS
M0784	1	collection	slot	ETC	0x2de70	40	<r人外|じんがい>の<r闘|たたか>い	NUN5_TEXTENG@0x3e88	Outcast Battle	Outcast Battle						V26_COLLECTION_CHARACTERS
M0785	1	collection	slot	ETC	0x2df50	40	<r運命|うんめい>の<r再会|さいかい>	NUN5_TEXTENG@0x3ea0	Fateful Reunion	Fateful Reunion						V26_COLLECTION_CHARACTERS
M0786	1	collection	slot	ETC	0x2dff0	48	<r漆黒|しっこく>に<r浮|う>かぶ<r影|かげ>	NUN5_TEXTENG@0x3eb0	The Pitch-Black Shadow	The Pitch-Black Shadow						V26_COLLECTION_CHARACTERS
M0787	1	collection	slot	ETC	0x2D9D0	24	いのシカチョウトリオ	NUN5_TEXTENG@0x3DA0	The Boar-Deer-Butterfly Trio	The Boar-Deer-Butterfly Trio			ETC	0x2E0FC		V27_NO_RELOCATION_SHORTEN__V26_COLLECTION_CHARACTERS_RELOCATION
M0788	1	collection	slot	ETC	0x24F50	72	<color080860>コレクション<color000000>を<r終了|しゅうりょう>しますか？	NUN5_TEXTENG@0x750	<BLACK>Quit <color080860>%1<BLACK>?	<color000000>Quit <color080860>Collection<color000000>?						V26_COLLECTION_EXIT
M0789	1	options	slot	SLPS	0x4B2860	112	ＢＧＭ、ＳＥ、<r音声|おんせい>を<r含|ふく>む<r音量全体|おんりょうぜんたい>を<r変更|へんこう>します。	NUN5_TEXTENG@0x1030	Change the music, SFX and voice volume.	Change the music, SFX and voice volume.						V27_MUSIC_VOLUME_HELP
M0790	1	options	slot	SLPS	0x4B28D0	128	<r方向|ほうこう>キー<r左右|さゆう>で<r出力|しゅつりょく>モードをステレオ・モノラルのいずれかに<r設定|せってい>します。	NUN5_TEXTENG@0x1060	Press the left directional button or right directional button to set to stereo or mono.	Press the left directional button or right directional button to set to stereo or mono.						V27_MUSIC_OUTPUT_HELP
M0791	1	options	slot	SLPS	0x4B2950	72	<r音響設定|おんきょうせってい>をデフォルトに<r戻|もど>しました。	NUN5_TEXTENG@0x10C0	Reset audio settings to default.	Reset audio settings to default.						V27_MUSIC_RESET_RESULT
M0792	1	options	slot	SLPS	0x4B2BB0	64	<r難易度|なんいど>をデフォルトに<r戻|もど>しました。	NUN5_TEXTENG@0x1200	Difficulty set to default.	Difficulty set to default.						V29_OPTIONS_POINTER_TABLE_BOUNDARY
M0793	1	character_select	slot	SLPS	0x4B4150	32	 １Ｐ　ｖｓ　２Ｐ	NUN5_TEXTENG@0x1D88	1P vs. 2P	1P vs. 2P						V27_CHARACTER_SELECT_1P_VS_2P
M0794	1	character_select	slot	SLPS	0x4B4170	32	 １Ｐ　ｖｓ ＣＯＭ	NUN5_TEXTENG@0x1D98	1P vs. COM	1P vs. COM						V27_CHARACTER_SELECT_1P_VS_COM
M0795	1	character_select	slot	SLPS	0x4B4190	32	ＣＯＭ ｖｓ　２Ｐ	NUN5_TEXTENG@0x1DA8	COM vs. 2P	COM vs. 2P						V27_CHARACTER_SELECT_COM_VS_2P
M0796	1	character_select	slot	SLPS	0x4B41B0	32	ＣＯＭ ｖｓ ＣＯＭ	NUN5_TEXTENG@0x1DB8	COM vs. COM	COM vs. COM						V27_CHARACTER_SELECT_COM_VS_COM
M0797	1	character_select	slot	SLPS	0x4B41D0	48	ゲームモード<r選択|せんたく>に<r戻|もど>る	NUN5_TEXTENG@0x900	Back to Game Mode Screen	Back to Game Mode Screen						V27_BACK_TO_GAME_MODE_SCREEN
M0798	0	command_chart	slot	BTL	0x2097D0	32	チャクラをためる	NUN5_SLES@0x513EB0	Charge	Charge						V27_DISABLED_DUPLICATE_COMMAND_CHARGE
M0799	1	system_ui	slot	SLPS	0x504670	8	は　い	NUN5_SLES@0x513E50	Yes	Yes						V38_GENERIC_MODAL_LABEL_RESTORE
M0800	1	save_load	slot	SLPS	0x303FD0	64	データのセーブが<ruby終了|しゅうりょう>しました。	NUN5_TEXTENG@0x293F0	Save completed.	Save completed.						V27_SAVE_COMPLETED
M0801	1	save_load	slot	SLPS	0x304050	64	<ruby新|あたら>しいデータを<ruby作成|さくせい>しますか？	NUN5_TEXTENG@0x29410	Create new data?	Create new data?						V27_CREATE_NEW_DATA
M0802	1	save_load	slot	SLPS	0x304090	86	<ruby上書|うわが>きすると<ruby以前|いぜん>のデータは<ruby失|うしな>われてしまいます。	NUN5_TEXTENG@0x29430	Previous data will be lost if you overwrite.<br>Overwrite?	Previous data will be lost if you overwrite.						V27_OVERWRITE_WARNING
M0803	1	save_load	slot	SLPS	0x3040E6	42	<ruby上書|うわが>きしますか？	NUN5_TEXTENG@0x29430	Previous data will be lost if you overwrite.<br>Overwrite?	Overwrite?						V27_OVERWRITE_PROMPT
M0804	1	save_load	slot	SLPS	0x304990	64	タイトル<ruby画面|がめん>に<ruby戻|もど>りますか？	NUN5_TEXTENG@0x28FF0	Return to title screen?	Return to title screen?						V27_RETURN_TO_TITLE
M0805	1	save_load	slot	SLPS	0x3049D0	48	ロードできるデータがありません。	NUN5_TEXTENG@0x29010	There is no data that can be loaded.	There is no data that can be loaded.						V27_NO_LOADABLE_DATA
M0806	1	save_load	slot	SLPS	0x304A00	16	<ruby壱|いち>・	NUN5_SLES@0x514980	1	1						V27_SAVE_SLOT_1
M0807	1	save_load	slot	SLPS	0x304A10	16	<ruby弐|に>・	NUN5_SLES@0x514984	2	2						V27_SAVE_SLOT_2
M0808	1	save_load	slot	SLPS	0x304A20	16	<ruby参|さん>・	NUN5_SLES@0x514988	3	3						V27_SAVE_SLOT_3
M0809	1	save_load	slot	SLPS	0x304A60	24	<ruby未使用|みしよう>	NUN5_SLES@0x514970	Empty	Empty						V27_SAVE_SLOT_EMPTY
M0810	1	save_load	slot	SLPS	0x303F50	19	セーブしています。	NUN5_TEXTENG@0x29350	Saving to memory card (PS2) in <br>MEMORY CARD slot 1.<br>Please do not remove memory card (PS2), <br>controller, or reset/switch off the console.	Saving to memory card (PS2) in <br>MEMORY CARD slot 1.<br>Please do not remove memory card (PS2), <br>controller, or reset/switch off the console.	split_br	part=0	SLPS	0x5030B4		V27_SAVE_PROGRESS_SHORT
M0811	1	save_load	slot	SLPS	0x303F63	73	”ＰｌａｙＳｔａｔｉｏｎ ２”<ruby専用|せんよう>メモリーカード（８ＭＢ）	NUN5_TEXTENG@0x29350	Saving to memory card (PS2) in <br>MEMORY CARD slot 1.<br>Please do not remove memory card (PS2), <br>controller, or reset/switch off the console.	MEMORY CARD slot 1.						V27_SAVE_PROGRESS_SLOT
M0812	1	save_load	slot	SLPS	0x303FAC	36	を<ruby抜|ぬ>かないでください。	NUN5_TEXTENG@0x29350	Saving to memory card (PS2) in <br>MEMORY CARD slot 1.<br>Please do not remove memory card (PS2), <br>controller, or reset/switch off the console.	Please do not remove memory card (PS2), <br>controller, or reset/switch off the console.			SLPS	0x5030B4	M0810	V27_SAVE_PROGRESS_SHORT
M0813	1	save_load	sequence	SLPS	0x303C40	160	ＭＥＭＯＲＹ ＣＡＲＤ<ruby差込口|さしこみぐち>１の<NUL>”ＰｌａｙＳｔａｔｉｏｎ ２”<ruby専用|せんよう>メモリーカード（８ＭＢ）が<NUL>フォーマットされていません。	NUN5_TEXTENG@0x291D0	The memory card (PS2) in <br>MEMORY CARD slot 1 is unformatted.<br>Format memory card (PS2)?	The memory card (PS2) in <NUL>MEMORY CARD slot 1 is unformatted.						V30_UNFORMATTED_CARD_NOTICE_PACKED_SEQUENCE
M0816	1	save_load	sequence	SLPS	0x303CE0	112	”ＰｌａｙＳｔａｔｉｏｎ ２”<ruby専用|せんよう>メモリーカード（８ＭＢ）<NUL>をフォーマットしますか？	NUN5_TEXTENG@0x291D0	The memory card (PS2) in <br>MEMORY CARD slot 1 is unformatted.<br>Format memory card (PS2)?	Format memory card (PS2)?						V30_FORMAT_CARD_PROMPT_PACKED_SEQUENCE
M0818	1	save_load	slot	SLPS	0x304110	25	フォーマットしています。	NUN5_TEXTENG@0x29470	Formatting memory card (PS2) in <br>MEMORY CARD slot 1.<br>Please do not remove memory card (PS2), <br>controller, or reset/switch off the console.	Formatting memory card (PS2) in <br>MEMORY CARD slot 1.<br>Please do not remove memory card (PS2), <br>controller, or reset/switch off the console.	split_br	part=0	SLPS	0x5030C8		V27_FORMAT_PROGRESS_SHORT
M0819	1	save_load	slot	SLPS	0x304129	73	”ＰｌａｙＳｔａｔｉｏｎ ２”<ruby専用|せんよう>メモリーカード（８ＭＢ）	NUN5_TEXTENG@0x29470	Formatting memory card (PS2) in <br>MEMORY CARD slot 1.<br>Please do not remove memory card (PS2), <br>controller, or reset/switch off the console.	MEMORY CARD slot 1.						V27_FORMAT_PROGRESS_SLOT
M0820	1	save_load	slot	SLPS	0x304172	46	を<ruby抜|ぬ>かないでください。	NUN5_TEXTENG@0x29470	Formatting memory card (PS2) in <br>MEMORY CARD slot 1.<br>Please do not remove memory card (PS2), <br>controller, or reset/switch off the console.	Please do not remove memory card (PS2), <br>controller, or reset/switch off the console.			SLPS	0x5030C8	M0818	V27_FORMAT_PROGRESS_SHORT
M0821	1	save_load	slot	SLPS	0x3041A0	73	”ＰｌａｙＳｔａｔｉｏｎ ２”<ruby専用|せんよう>メモリーカード（８ＭＢ）	NUN5_TEXTENG@0x29510	Format completed.	Format completed.						V27_FORMAT_COMPLETED
M0822	1	save_load	slot	SLPS	0x3041E9	55	のフォーマットが<ruby終了|しゅうりょう>しました。	NUN5_TEXTENG@0x29510	Format completed.							V27_FORMAT_COMPLETED_UNUSED_FRAGMENT
M0823	1	save_load	slot	SLPS	0x304250	61	セーブ<ruby領域|りょういき>を<ruby作成|さくせい>しています。	NUN5_TEXTENG@0x29540	Creating Naruto Shippuden: Ultimate Ninja 5 data<br>on memory card (PS2) in MEMORY CARD slot 1.<br>Please do not remove memory card (PS2),<br>controller, or reset/switch off the console.	Creating Naruto Shippuden: Ultimate Ninja 5 data<br>on memory card (PS2) in MEMORY CARD slot 1.<br>Please do not remove memory card (PS2),<br>controller, or reset/switch off the console.	split_br	part=0				V27_CREATE_SAVE_PROGRESS
M0824	1	save_load	slot	SLPS	0x30428D	73	”ＰｌａｙＳｔａｔｉｏｎ ２”<ruby専用|せんよう>メモリーカード（８ＭＢ）	NUN5_TEXTENG@0x29540	Creating Naruto Shippuden: Ultimate Ninja 5 data<br>on memory card (PS2) in MEMORY CARD slot 1.<br>Please do not remove memory card (PS2),<br>controller, or reset/switch off the console.	on memory card (PS2) in MEMORY CARD slot 1.						V27_CREATE_SAVE_PROGRESS
M0825	1	save_load	slot	SLPS	0x3042D6	42	を<ruby抜|ぬ>かないでください。	NUN5_TEXTENG@0x29540	Creating Naruto Shippuden: Ultimate Ninja 5 data<br>on memory card (PS2) in MEMORY CARD slot 1.<br>Please do not remove memory card (PS2),<br>controller, or reset/switch off the console.	Please do not remove memory card (PS2),<br>controller, or reset/switch off the console.			SLPS	0x5030D4	M0823	V27_CREATE_SAVE_PROGRESS_SHORT
M0826	1	save_load	slot	SLPS	0x304300	96	セーブ<ruby領域|りょういき>の<ruby作成|さくせい>が<ruby終了|しゅうりょう>しました。	NUN5_TEXTENG@0x29600	Naruto Shippuden: Ultimate Ninja 5 data has <br>been created on memory card (PS2) in <br>MEMORY CARD slot 1.	Naruto Shippuden: Ultimate Ninja 5 data has <br>been created on memory card (PS2) in <br>MEMORY CARD slot 1.			SLPS	0x5030D8		V27_CREATE_SAVE_COMPLETED_SHORT
M0827	1	save_load	slot	SLPS	0x3043C0	71	このゲームのセーブ<ruby領域|りょういき>が<ruby作|つく>られていません。	NUN5_TEXTENG@0x296A0	No Naruto Shippuden: Ultimate Ninja 5 data found <br>on memory card (PS2) in MEMORY CARD slot 1. <br>Create new Naruto Shippuden: Ultimate Ninja 5 data?	No Naruto Shippuden: Ultimate Ninja 5 data found <br>on memory card (PS2) in MEMORY CARD slot 1. 			SLPS	0x5030E0		V27_NO_SAVE_DATA_SHORT
M0828	1	save_load	slot	SLPS	0x304407	57	セーブ<ruby領域|りょういき>を<ruby作|つく>りますか？	NUN5_TEXTENG@0x296A0	No Naruto Shippuden: Ultimate Ninja 5 data found <br>on memory card (PS2) in MEMORY CARD slot 1. <br>Create new Naruto Shippuden: Ultimate Ninja 5 data?	Create new Naruto Shippuden: Ultimate Ninja 5 data?						V27_CREATE_SAVE_PROMPT
M0829	1	save_load	sequence	SLPS	0x3046A0	336	ＭＥＭＯＲＹ ＣＡＲＤ<ruby差込口|さしこみぐち>１に<NUL>”ＰｌａｙＳｔａｔｉｏｎ ２”<ruby専用|せんよう>メモリーカード（８ＭＢ）が<NUL><ruby差|さ>されていません。<NUL>このゲームのデータをセーブするには<NUL>１０３ＫＢ<ruby以上|いじょう>の<ruby空|あ>き<ruby容量|ようりょう>が<ruby必要|ひつよう>です。<NUL>このままで<ruby開始|かいし>しますか？	NUN5_TEXTENG@0x29A10	No memory card (PS2) is inserted.<br>Please insert a memory card (PS2) in MEMORY CARD slot 1.<br>At least 102 KB of free space is necessary to save Naruto Shippuden: Ultimate Ninja 5 data. Start the game anyway?	No memory card (PS2) is inserted.<NUL>Please insert a memory card (PS2) in MEMORY CARD slot 1.<NUL>At least 102 KB of free space is necessary to save Naruto Shippuden: Ultimate Ninja 5 data. Start the game anyway?						V30_STARTUP_NO_CARD_PROMPT_PACKED_SEQUENCE
M0832	1	save_load	slot	SLPS	0x304440	48	このゲームのデータがありません。	NUN5_TEXTENG@0x29740	No Naruto Shippuden: Ultimate Ninja 5 data <br>found on memory card (PS2) in <br>MEMORY CARD slot 1. Please insert <br>memory card (PS2) with <br>Naruto Shippuden: Ultimate Ninja 5 data.	No Naruto Shippuden: Ultimate Ninja 5 data <br>found on memory card (PS2) in <br>MEMORY CARD slot 1. Please insert <br>memory card (PS2) with <br>Naruto Shippuden: Ultimate Ninja 5 data.			SLPS	0x5030E4		V27_NO_COMPATIBLE_SAVE_SHORT
M0834	1	save_load	slot	SLPS	0x303E10	19	ロードしています。	NUN5_TEXTENG@0x29290	Loading from memory card (PS2).<br>Please do not remove memory card (PS2), controller, or reset/switch off the console.	Loading from						V28_LOAD_PROGRESS_OFFICIAL_SLICE_1
M0835	1	save_load	slot	SLPS	0x303E23	73	”ＰｌａｙＳｔａｔｉｏｎ ２”<ruby専用|せんよう>メモリーカード（８ＭＢ）	NUN5_TEXTENG@0x29290	Loading from memory card (PS2).<br>Please do not remove memory card (PS2), controller, or reset/switch off the console.	memory card (PS2). Please do not remove memory card (PS2), controller,						V28_LOAD_PROGRESS_OFFICIAL_SLICE_2
M0836	1	save_load	slot	SLPS	0x303E6C	36	を<ruby抜|ぬ>かないでください。	NUN5_TEXTENG@0x29290	Loading from memory card (PS2).<br>Please do not remove memory card (PS2), controller, or reset/switch off the console.	or reset/switch off the console.						V28_LOAD_PROGRESS_OFFICIAL_SLICE_3
M0837	1	command_chart	slot	SLPS	0x3D9C40	32	うずまきナルト<r連撃|れんげき>	NUN5_TEXTENG@0xA6B0	Naruto Uzumaki Combo Attack	Naruto Uzumaki Combo Attack						V28_COMMAND_NARUTO_UZUMAKI_COMBO_ATTACK
M0838	1	command_chart	slot	SLPS	0x3D9C60	48	<r大玉螺旋丸|おおだまらせんがん>	NUN5_TEXTENG@0x3F00	Great Ball Rasengan	Great Ball Rasengan						V28_COMMAND_GREAT_BALL_RASENGAN
M0839	1	command_chart	slot	SLPS	0x3D9C90	32	<r飛影昇撃|ひえんしょうげき>	NUN5_TEXTENG@0xA6D0	Flying Shadow Rising Attack	Flying Shadow Rising Attack						V28_COMMAND_FLYING_SHADOW_RISING_ATTACK
M0840	1	command_chart	slot	SLPS	0x3D9CB0	48	<r分身脳天|ぶんしんのうてん>カチ<r割|わ>り	NUN5_TEXTENG@0xA6F0	Clone Jutsu: Head Split	Clone Jutsu: Head Split						V28_COMMAND_CLONE_JUTSU_HEAD_SPLIT
M0841	1	command_chart	slot	SLPS	0x3D9CE0	32	<r旋風蹴撃|せんぷうしゅうげき>	NUN5_TEXTENG@0xA708	Whirlwind Kick	Whirlwind Kick						V28_COMMAND_WHIRLWIND_KICK
M0842	1	command_chart	slot	SLPS	0x3D9D00	48	<r風魔特攻変化|ふうまとっこうへんげ>	NUN5_TEXTENG@0xA720	Demon Wind Charging Transformation	Demon Wind Charging Transformation						V28_COMMAND_DEMON_WIND_CHARGING_TRANSFORMATION
M0843	1	command_chart	slot	SLPS	0x3D9D30	48	<r特攻螺旋丸|とっこうらせんがん>	NUN5_TEXTENG@0xA750	Charging Rasengan	Charging Rasengan						V28_COMMAND_CHARGING_RASENGAN
M0844	1	command_chart	slot	SLPS	0x3D9D60	32	<r忍道|にんどう>アタック	NUN5_TEXTENG@0xA768	Nindo Attack	Nindo Attack						V28_COMMAND_NINDO_ATTACK
M0845	1	command_chart	slot	SLPS	0x3D9D80	32	<r風魔追撃|ふうまついげき>	NUN5_TEXTENG@0xA780	Demon Wind Assault	Demon Wind Assault						V28_COMMAND_DEMON_WIND_ASSAULT
M0846	1	command_chart	slot	SLPS	0x3D9DA0	32	<r跳特急|ちょうとっきゅう>	NUN5_TEXTENG@0xA7A0	Jumping Express	Jumping Express						V28_COMMAND_JUMPING_EXPRESS
M0847	1	command_chart	slot	SLPS	0x3D9DC0	32	<r昇|のぼ>り<r風車|ふうしゃ>	NUN5_TEXTENG@0xA7B0	Rising Windmill	Rising Windmill						V28_COMMAND_RISING_WINDMILL
M0848	1	command_chart	slot	SLPS	0x3D9DE0	32	<r飛影撃|ひえんげき>	NUN5_TEXTENG@0xA7C0	Flying Shadow Attack	Flying Shadow Attack						V28_COMMAND_FLYING_SHADOW_ATTACK
M0849	1	command_chart	slot	SLPS	0x3D9E00	32	<r瞬手弾|しゅんてだん>	NUN5_TEXTENG@0xA7E0	Instant Hand Bullet	Instant Hand Bullet						V28_COMMAND_INSTANT_HAND_BULLET
M0850	1	command_chart	slot	SLPS	0x502DF0	8	ナルト	NUN5_SLES@0x513D18	Naruto	Naruto						V28_COMMAND_NARUTO_LABEL
M0851	1	command_chart	slot	SLPS	0x5032F8	8	ナルト	NUN5_SLES@0x513D18	Naruto	Naruto						V28_COMMAND_NARUTO_LABEL
M0852	1	command_chart	slot	SLPS	0x505F48	8	ナルト	NUN5_SLES@0x513D18	Naruto	Naruto						V28_COMMAND_NARUTO_LABEL
M0853	1	command_chart	slot	SLPS	0x5063A8	8	ナルト	NUN5_SLES@0x513D18	Naruto	Naruto						V28_COMMAND_NARUTO_LABEL
M0854	1	command_chart	slot	SLPS	0x506B10	8	ナルト	NUN5_SLES@0x513D18	Naruto	Naruto						V28_COMMAND_NARUTO_LABEL
M0855	1	command_chart	slot	SLPS	0x30CAE0	32	<r特攻蹴撃|とっこうしゅうげき>	NUN5_TEXTENG@0x51F0	Charging Kick	Charging Kick						V29_COMMAND_CHARGING_KICK
M0856	1	command_chart	slot	SLPS	0x3D9E20	48	<r分身跳爆打|ぶんしんちょうばくだ>	NUN5_TEXTENG@0xA800	Clone Jumping Explosion Hit 	Clone Jumping Explosion Hit 						V29_COMMAND_CLONE_JUMPING_EXPLOSION_HIT
M0857	1	save_load	sequence	SLPS	0x3039E0	160	ＭＥＭＯＲＹ ＣＡＲＤ<ruby差込口|さしこみぐち>１に<NUL>”ＰｌａｙＳｔａｔｉｏｎ ２”<ruby専用|せんよう>メモリーカード（８ＭＢ）が<NUL><ruby差|さ>されていません。	NUN5_TEXTENG@0x29060	No memory card (PS2) is inserted in <br>MEMORY CARD slot 1.<br>Please insert a memory card (PS2) in<br>MEMORY CARD slot 1.	No memory card (PS2) is inserted in <NUL>MEMORY CARD slot 1.<NUL>Please insert a memory card (PS2) in<NUL>MEMORY CARD slot 1.						V30_STANDARD_NO_CARD_NOTICE_PACKED_SEQUENCE
M0858	1	character_ultimate_jutsu	slot	ETC	0x284C0	48	<r変|か>わらない<r関係|かんけい>	NUN5_TEXTENG@0x3F60	Unchanging Relationship	Unchanging Relationship						V31_MATCHED_ULTIMATE_RECORD_METADATA_ETC
M0859	1	character_ultimate_jutsu	slot	SLPS	0x4AE030	48	<r変|か>わらない<r関係|かんけい>	NUN5_TEXTENG@0x3F60	Unchanging Relationship	Unchanging Relationship						V31_MATCHED_ULTIMATE_RECORD_METADATA_SLPS
M0860	1	character_command_chart	slot	SLPS	0x30CA80	64	<r多重影分身|たじゅうかげぶんしん>の<r術|じゅつ>	NUN5_TEXTENG@0x51C0	Multi Shadow Clone Jutsu	Multi Shadow Clone Jutsu						V31_POINTER_TABLE_COMMAND_T00_I01
M0861	1	character_command_chart	slot	SLPS	0x30CAC0	32	<r螺旋丸|らせんがん>	NUN5_TEXTENG@0x51E0	Rasengan	Rasengan						V31_POINTER_TABLE_COMMAND_T00_I03
M0862	1	character_command_chart	slot	SLPS	0x30CB00	32	<r跳爆激|ちょうばくげき>	NUN5_TEXTENG@0x5200	Jumping Explosion	Jumping Explosion						V31_POINTER_TABLE_COMMAND_T00_I25
M0863	1	character_command_chart	slot	SLPS	0x30CB20	48	<r分身脳天割|ぶんしんのうてんわ>り	NUN5_TEXTENG@0x5220	Clone Jutsu: Crown of the Head Cut 	Clone Jutsu: Crown of the Head Cut 						V31_POINTER_TABLE_COMMAND_T00_I26
M0864	1	character_command_chart	slot	SLPS	0x30CB50	32	<r跳影撃|ちょうえいげき>	NUN5_TEXTENG@0x5250	Jumping Shadow Strike	Jumping Shadow Strike						V31_POINTER_TABLE_COMMAND_T00_I27
M0865	1	character_command_chart	slot	SLPS	0x30CB70	32	うずまき<r大回転|だいかいてん>	NUN5_TEXTENG@0x5268	Uzumaki Spin	Uzumaki Spin						V31_POINTER_TABLE_COMMAND_T00_I30
M0866	1	character_command_chart	slot	SLPS	0x30CB90	48	<r分身旋回蹴|ぶんしんせんかいげ>り	NUN5_TEXTENG@0x5280	Clone Jutsu: Whirling Kick	Clone Jutsu: Whirling Kick						V31_POINTER_TABLE_COMMAND_T00_I32
M0867	1	character_command_chart	slot	SLPS	0x30CBC0	48	<r分身特攻弾|ぶんしんとっこうだん>	NUN5_TEXTENG@0x52A0	Clone Jutsu: Charging Bullet	Clone Jutsu: Charging Bullet						V31_POINTER_TABLE_COMMAND_T00_I34
M0868	1	character_command_chart	slot	SLPS	0x30CBF0	48	<r分身|ぶんしん>うずまき<r昇竜|しょうりゅう>	NUN5_TEXTENG@0x52C0	Clone Jutsu: Naruto Rising Dragon	Clone Jutsu: Naruto Rising Dragon						V31_POINTER_TABLE_COMMAND_T00_I36
M0869	1	character_command_chart	slot	SLPS	0x30CC20	32	<r大車輪|だいしゃりん>	NUN5_TEXTENG@0x52E8	Giant Swing	Giant Swing						V31_POINTER_TABLE_COMMAND_T00_I39
M0870	1	character_command_chart	slot	SLPS	0x30CC40	32	<r大風車|だいふうしゃ>	NUN5_TEXTENG@0x52F8	Giant Windmill	Giant Windmill						V31_POINTER_TABLE_COMMAND_T00_I42
M0871	1	character_command_chart	slot	SLPS	0x30CC60	32	<r大蹴激|だいしゅうげき>	NUN5_TEXTENG@0x5310	Giant Kick Fury	Giant Kick Fury						V31_POINTER_TABLE_COMMAND_T00_I44
M0872	1	character_command_chart	slot	SLPS	0x30CC80	32	<r竹蜻蛉|たけとんぼ>	NUN5_TEXTENG@0x5320	Bamboo Helicopter	Bamboo Helicopter						V31_POINTER_TABLE_COMMAND_T00_I47
M0873	1	character_command_chart	slot	SLPS	0x312200	40	<r無双豪炎弾|むそうごうえんだん>	NUN5_TEXTENG@0x5400	Ultra Fire Bullet 	Ultra Fire Bullet 						V31_POINTER_TABLE_COMMAND_T01_I01
M0874	1	character_command_chart	slot	SLPS	0x312228	24	<r千鳥|ちどり>	NUN5_SLES@0x5140E0	Chidori	Chidori						V31_POINTER_TABLE_COMMAND_T01_I03
M0875	1	character_command_chart	slot	SLPS	0x312240	32	<r潜鉄爪|せんてっそう>	NUN5_TEXTENG@0x5420	Hidden Iron Claw	Hidden Iron Claw						V31_POINTER_TABLE_COMMAND_T01_I24
M0876	1	character_command_chart	slot	SLPS	0x312260	32	<r火砕突|かさいとつ>	NUN5_TEXTENG@0x5440	Fire Smash Thrust	Fire Smash Thrust						V31_POINTER_TABLE_COMMAND_T01_I25
M0877	1	character_command_chart	slot	SLPS	0x312280	32	<r疾風脚|しっぷうきゃく>	NUN5_TEXTENG@0x5460	Gale Force Kick	Gale Force Kick						V31_POINTER_TABLE_COMMAND_T01_I26
M0878	1	character_command_chart	slot	SLPS	0x3122A0	32	<r炎上羽|えんじょうばね>	NUN5_TEXTENG@0x5470	Flame Wing	Flame Wing						V31_POINTER_TABLE_COMMAND_T01_I27
M0879	1	character_command_chart	slot	SLPS	0x3122C0	32	<r炎華脚|えんがきゃく>	NUN5_TEXTENG@0x5480	Flaming Flower Kick	Flaming Flower Kick						V31_POINTER_TABLE_COMMAND_T01_I29
M0880	1	character_command_chart	slot	SLPS	0x3122E0	32	<r直華脚|ちょっかきゃく>	NUN5_TEXTENG@0x5498	Direct Kick	Direct Kick						V31_POINTER_TABLE_COMMAND_T01_I31
M0881	1	character_command_chart	slot	SLPS	0x312300	32	<r旋炎撃|せんえんげき>	NUN5_TEXTENG@0x54B0	Whirl Flame Attack/Strike	Whirl Flame Attack/Strike						V31_POINTER_TABLE_COMMAND_T01_I33
M0882	1	character_command_chart	slot	SLPS	0x312320	32	<r背負|せお>い<r投|な>げ	NUN5_TEXTENG@0x54D0	Shoulder Throw	Shoulder Throw						V31_POINTER_TABLE_COMMAND_T01_I35
M0883	1	character_command_chart	slot	SLPS	0x312340	32	<r火塵乱舞|かじんらんぶ>	NUN5_TEXTENG@0x54E0	Wild Dance of Fire Dust	Wild Dance of Fire Dust						V31_POINTER_TABLE_COMMAND_T01_I38
M0884	1	character_command_chart	slot	SLPS	0x312360	32	<r火円落脚|かえんらくきゃく>	NUN5_TEXTENG@0x5500	Flame Circle Drop Kick	Flame Circle Drop Kick						V31_POINTER_TABLE_COMMAND_T01_I41
M0885	1	character_command_chart	slot	SLPS	0x312380	32	<r隼落|はやぶさお>とし	NUN5_TEXTENG@0x49C0	Falcon Drop	Falcon Drop						V31_POINTER_TABLE_COMMAND_T01_I43
M0886	1	character_command_chart	slot	SLPS	0x3123A0	32	<r迸火乱舞|へいからんぶ>	NUN5_TEXTENG@0x5520	Wild Dance of Spouting Fire	Wild Dance of Spouting Fire						V31_POINTER_TABLE_COMMAND_T01_I46
M0887	1	character_command_chart	slot	SLPS	0x317940	32	<r木|こ>ノ<r葉烈風|はれっぷう>	NUN5_TEXTENG@0x5600	Leaf Whirlwind	Leaf Whirlwind						V31_POINTER_TABLE_COMMAND_T02_I01
M0888	1	character_command_chart	slot	SLPS	0x317960	48	<r木|こ>ノ<r葉大旋風|はだいせんぷう>	NUN5_TEXTENG@0x5610	Leaf Great Hurricane	Leaf Great Hurricane						V31_POINTER_TABLE_COMMAND_T02_I03
M0889	1	character_command_chart	slot	SLPS	0x317990	32	<r碧|あお>い<r閃光|せんこう>	NUN5_TEXTENG@0x5628	Green Flash	Green Flash						V31_POINTER_TABLE_COMMAND_T02_I24
M0890	1	character_command_chart	slot	SLPS	0x3179B0	32	<r剛肩突破|ごうけんとっぱ>	NUN5_TEXTENG@0x5640	Ferocious Shoulder Breakthrough	Ferocious Shoulder Breakthrough						V31_POINTER_TABLE_COMMAND_T02_I25
M0891	1	character_command_chart	slot	SLPS	0x3179D0	32	<r三連剛脚|さんれんごうきゃく>	NUN5_TEXTENG@0x5660	Triple Ferocious Kick	Triple Ferocious Kick						V31_POINTER_TABLE_COMMAND_T02_I26
M0892	1	character_command_chart	slot	SLPS	0x3179F0	32	<r碧|あお>い<r衝撃|しょうげき>	NUN5_TEXTENG@0x5678	Green Impact	Green Impact						V31_POINTER_TABLE_COMMAND_T02_I27
M0893	1	character_command_chart	slot	SLPS	0x317A10	32	<r落葉天舞|らくようてんぶ>	NUN5_TEXTENG@0x5690	Heavenly Dance of Falling Leaf 	Heavenly Dance of Falling Leaf 						V31_POINTER_TABLE_COMMAND_T02_I29
M0894	1	character_command_chart	slot	SLPS	0x317A30	32	<r旋風烈破|せんぷうれっぱ>	NUN5_TEXTENG@0x56B0	Hurricane Destruction	Hurricane Destruction						V31_POINTER_TABLE_COMMAND_T02_I31
M0895	1	character_command_chart	slot	SLPS	0x317A50	32	<r練気拳|れんきけん>	NUN5_TEXTENG@0x56C8	Energy Fist	Energy Fist						V31_POINTER_TABLE_COMMAND_T02_I33
M0896	1	character_command_chart	slot	SLPS	0x317A70	32	<r碧|あお>い<r咆哮|ほうこう>	NUN5_TEXTENG@0x56D8	Green Roar	Green Roar						V31_POINTER_TABLE_COMMAND_T02_I35
M0897	1	character_command_chart	slot	SLPS	0x317A90	32	<r碧|あお>い<r突風|とっぷう>	NUN5_TEXTENG@0x56E8	Green Gust	Green Gust						V31_POINTER_TABLE_COMMAND_T02_I38
M0898	1	character_command_chart	slot	SLPS	0x317AB0	32	<r碧|あお>い<r烈風|れっぷう>	NUN5_TEXTENG@0x56F8	Green Storm	Green Storm						V31_POINTER_TABLE_COMMAND_T02_I41
M0899	1	character_command_chart	slot	SLPS	0x317AD0	32	<r碧|あお>い<r旋風|せんぷう>	NUN5_TEXTENG@0x5708	Green Tornado	Green Tornado						V31_POINTER_TABLE_COMMAND_T02_I43
M0900	1	character_command_chart	slot	SLPS	0x317AF0	32	<r碧|あお>い<r疾風|しっぷう>	NUN5_TEXTENG@0x5718	Green Gale	Green Gale						V31_POINTER_TABLE_COMMAND_T02_I46
M0901	1	character_command_chart	slot	SLPS	0x31CAB0	32	<r砂瀑送葬|さばくそうそう>	NUN5_TEXTENG@0x57F0	Sand Burial	Sand Burial						V31_POINTER_TABLE_COMMAND_T03_I01
M0902	1	character_command_chart	slot	SLPS	0x31CAD0	32	<r砂時雨|すなしぐれ>	NUN5_TEXTENG@0x5800	Sand Shower 	Sand Shower 						V31_POINTER_TABLE_COMMAND_T03_I03
M0903	1	character_command_chart	slot	SLPS	0x31CAF0	32	<r翔陣砂|しょうじんさ>	NUN5_TEXTENG@0x5810	Soaring Sand Formation	Soaring Sand Formation						V31_POINTER_TABLE_COMMAND_T03_I23
M0904	1	character_command_chart	slot	SLPS	0x31CB10	32	<r波追砂|はついさ>	NUN5_TEXTENG@0x5830	Sand Wave Pursuit	Sand Wave Pursuit						V31_POINTER_TABLE_COMMAND_T03_I24
M0905	1	character_command_chart	slot	SLPS	0x31CB30	32	<r流壁砂|りゅうへきさ>	NUN5_TEXTENG@0x5850	Flowing Wall of Sand	Flowing Wall of Sand						V31_POINTER_TABLE_COMMAND_T03_I25
M0906	1	character_command_chart	slot	SLPS	0x31CB50	32	<r縛落砂|ばくらくさ>	NUN5_TEXTENG@0x5870	Falling Sand Paralysis	Falling Sand Paralysis						V31_POINTER_TABLE_COMMAND_T03_I27
M0907	1	character_command_chart	slot	SLPS	0x31CB70	24	<r噴塵砂|ふんじんさ>	NUN5_TEXTENG@0x5890	Erupting Sandstorm	Erupting Sandstorm						V31_POINTER_TABLE_COMMAND_T03_I29
M0908	1	character_command_chart	slot	SLPS	0x31CB88	24	<r握砂|あくさ>	NUN5_TEXTENG@0x58A8	Sand Clutch	Sand Clutch						V31_POINTER_TABLE_COMMAND_T03_I31
M0909	1	character_command_chart	slot	SLPS	0x31CBA0	32	<r瀑流砂|ばくりゅうさ>	NUN5_TEXTENG@0x58B8	Sandfall Flow	Sandfall Flow						V31_POINTER_TABLE_COMMAND_T03_I33
M0910	1	character_command_chart	slot	SLPS	0x31CBC0	32	<r瀑縛砂|ばくばくさ>	NUN5_TEXTENG@0x58C8	Sandfall Bind	Sandfall Bind						V31_POINTER_TABLE_COMMAND_T03_I35
M0911	1	character_command_chart	slot	SLPS	0x31CBE0	32	<r昇瀑砂|しょうばくさ>	NUN5_TEXTENG@0x58E0	Rising Sandfall	Rising Sandfall						V31_POINTER_TABLE_COMMAND_T03_I37
M0912	1	character_command_chart	slot	SLPS	0x31CC00	32	<r落瀑砂|らくばくさ>	NUN5_TEXTENG@0x58F0	Falling Sandfall	Falling Sandfall						V31_POINTER_TABLE_COMMAND_T03_I39
M0913	1	character_command_chart	slot	SLPS	0x31CC20	32	<r縛跳砂|ばくちょうさ>	NUN5_TEXTENG@0x5910	Splashing Sand Paralysis	Splashing Sand Paralysis						V31_POINTER_TABLE_COMMAND_T03_I41
M0914	1	character_command_chart	slot	SLPS	0x31CC40	32	<r空瀑砂|くうばくさ>	NUN5_TEXTENG@0x5930	Flying Sandfall	Flying Sandfall						V31_POINTER_TABLE_COMMAND_T03_I43
M0915	1	character_command_chart	slot	SLPS	0x321FA0	48	<r影真似|かげまね>の<r術|じゅつ>	NUN5_TEXTENG@0x4B30	Shadow Possession Jutsu	Shadow Possession Jutsu						V31_POINTER_TABLE_COMMAND_T04_I01
M0916	1	character_command_chart	slot	SLPS	0x321FD0	32	<r爆式影潜|ばくしきえいせん>	NUN5_TEXTENG@0x59F0	Explosive Style Shadow Conceal	Explosive Style Shadow Conceal						V31_POINTER_TABLE_COMMAND_T04_I03
M0917	1	character_command_chart	slot	SLPS	0x321FF0	24	<r子鹿返|こじかがえ>り	NUN5_TEXTENG@0x5A10	Fawn Return	Fawn Return						V31_POINTER_TABLE_COMMAND_T04_I23
M0918	1	character_command_chart	slot	SLPS	0x322008	16	<r鹿旋|かせん>	NUN5_TEXTENG@0x5A20	Deer Spin	Deer Spin						V31_POINTER_TABLE_COMMAND_T04_I24
M0919	1	character_command_chart	slot	SLPS	0x322018	24	<r鹿落|からく>	NUN5_TEXTENG@0x5A30	Deer Drop	Deer Drop						V31_POINTER_TABLE_COMMAND_T04_I25
M0920	1	character_command_chart	slot	SLPS	0x322030	32	<r無影潜|むえいせん>	NUN5_TEXTENG@0x5A40	Shadowless Conceal 	Shadowless Conceal 						V31_POINTER_TABLE_COMMAND_T04_I26
M0921	1	character_command_chart	slot	SLPS	0x322050	32	<r待影払|まちかげはら>い	NUN5_TEXTENG@0x5A60	Waiting Shadow Sweep 	Waiting Shadow Sweep 						V31_POINTER_TABLE_COMMAND_T04_I28
M0922	1	character_command_chart	slot	SLPS	0x322070	32	<r影放刺|かげぼうし>	NUN5_TEXTENG@0x5A80	Released Shadow Pierce	Released Shadow Pierce						V31_POINTER_TABLE_COMMAND_T04_I29
M0923	1	character_command_chart	slot	SLPS	0x322090	24	<r影渫|かげざら>い	NUN5_TEXTENG@0x5AA0	Shadow Eradication	Shadow Eradication						V31_POINTER_TABLE_COMMAND_T04_I31
M0924	1	character_command_chart	slot	SLPS	0x3220A8	24	<r鹿突|かとつ>	NUN5_TEXTENG@0x5AB8	Deer Lunge	Deer Lunge						V31_POINTER_TABLE_COMMAND_T04_I33
M0925	1	character_command_chart	slot	SLPS	0x3220C0	32	<r後影|ごかげ>すくい	NUN5_TEXTENG@0x5AD0	Rear Shadow Scoop	Rear Shadow Scoop						V31_POINTER_TABLE_COMMAND_T04_I35
M0926	1	character_command_chart	slot	SLPS	0x3220E0	32	<r昇影|しょうえい>	NUN5_TEXTENG@0x5AE8	Rising Shadow	Rising Shadow						V31_POINTER_TABLE_COMMAND_T04_I38
M0927	1	character_command_chart	slot	SLPS	0x322100	32	<r落影|らくえい>	NUN5_TEXTENG@0x5AF8	Falling Shadow	Falling Shadow						V31_POINTER_TABLE_COMMAND_T04_I41
M0928	1	character_command_chart	slot	SLPS	0x322120	24	<r後影落|ごかげお>とし	NUN5_TEXTENG@0x5B10	Rear Shadow Drop	Rear Shadow Drop						V31_POINTER_TABLE_COMMAND_T04_I43
M0929	1	character_command_chart	slot	SLPS	0x322138	24	<r飛影|ひえい>	NUN5_TEXTENG@0x5B28	Flying Shadow	Flying Shadow						V31_POINTER_TABLE_COMMAND_T04_I46
M0930	1	character_command_chart	slot	SLPS	0x327540	48	<r八卦掌嵐舞|はっけしょうらんぶ>	NUN5_TEXTENG@0x5C00	8 Trigrams Palm Storm Dance	8 Trigrams Palm Storm Dance						V31_POINTER_TABLE_COMMAND_T05_I01
M0931	1	character_command_chart	slot	SLPS	0x327570	32	<r回天|かいてん>	NUN5_TEXTENG@0x5C20	Rotation	Rotation						V31_POINTER_TABLE_COMMAND_T05_I03
M0932	1	character_command_chart	slot	SLPS	0x327590	48	<r蒼空昇華脚|そうくうしょうかきゃく>	NUN5_TEXTENG@0x5C30	Rising Blue Sky Kick	Rising Blue Sky Kick						V31_POINTER_TABLE_COMMAND_T05_I24
M0933	1	character_command_chart	slot	SLPS	0x3275C0	48	<r破経三連撃|はけいさんれんげき>	NUN5_TEXTENG@0x5C50	Chakra Network Triple Attack	Chakra Network Triple Attack						V31_POINTER_TABLE_COMMAND_T05_I25
M0934	1	character_command_chart	slot	SLPS	0x3275F0	48	<r蒼葬襲連撃|そうそうしゅうれんげき>	NUN5_TEXTENG@0x5C70	Blue Burial Attack	Blue Burial Attack						V31_POINTER_TABLE_COMMAND_T05_I26
M0935	1	character_command_chart	slot	SLPS	0x327620	32	<r白気開放|びゃっきかいほう>	NUN5_TEXTENG@0x5C90	White Power Release	White Power Release						V31_POINTER_TABLE_COMMAND_T05_I27
M0936	1	character_command_chart	slot	SLPS	0x327640	32	<r無限経突|むげんけいとつ>	NUN5_TEXTENG@0x5CB0	Eternal Chakra Network Thrust 	Eternal Chakra Network Thrust 						V31_POINTER_TABLE_COMMAND_T05_I28
M0937	1	character_command_chart	slot	SLPS	0x327660	32	<r襲天崩撃|しゅうてんほうげき>	NUN5_TEXTENG@0x5CD0	Collapsing Heaven Attack	Collapsing Heaven Attack						V31_POINTER_TABLE_COMMAND_T05_I30
M0938	1	character_command_chart	slot	SLPS	0x327680	32	<r旋落脚|せんらくきゃく>	NUN5_TEXTENG@0x5CF0	Downward Spiral Kick	Downward Spiral Kick						V31_POINTER_TABLE_COMMAND_T05_I32
M0939	1	character_command_chart	slot	SLPS	0x3276A0	32	<r瞬経連突|しゅんけいれんとつ>	NUN5_TEXTENG@0x5D10	Instant Chakra Network Barrage 	Instant Chakra Network Barrage 						V31_POINTER_TABLE_COMMAND_T05_I34
M0940	1	character_command_chart	slot	SLPS	0x3276C0	32	<r経烈撃|けいれつげき>	NUN5_TEXTENG@0x5D30	Chakra Network Sever Strike	Chakra Network Sever Strike						V31_POINTER_TABLE_COMMAND_T05_I36
M0941	1	character_command_chart	slot	SLPS	0x3276E0	32	<r天蹴乱舞|てんしゅうらんぶ>	NUN5_TEXTENG@0x5D50	Heaven's Wild Dance Kick	Heaven's Wild Dance Kick						V31_POINTER_TABLE_COMMAND_T05_I38
M0942	1	character_command_chart	slot	SLPS	0x327700	32	<r天拳乱舞|てんけんらんぶ>	NUN5_TEXTENG@0x5D70	Heaven's Wild Dance Fist	Heaven's Wild Dance Fist						V31_POINTER_TABLE_COMMAND_T05_I40
M0943	1	character_command_chart	slot	SLPS	0x327720	48	<r衝背双脚|しょうはいそうきゃく>	NUN5_TEXTENG@0x5D90	Double Back Kick	Double Back Kick						V31_POINTER_TABLE_COMMAND_T05_I42
M0944	1	character_command_chart	slot	SLPS	0x327750	32	<r天掌乱舞|てんしょうらんぶ>	NUN5_TEXTENG@0x5DB0	Wild Dance of Heaven's Palm	Wild Dance of Heaven's Palm						V31_POINTER_TABLE_COMMAND_T05_I44
M0945	1	character_command_chart	slot	SLPS	0x32C938	24	メルヘンゲット	NUN5_TEXTENG@0x5E90	This Fairy Tale is for Real!!	This Fairy Tale is for Real!!			SLPS	0x32CBBC		V31_POINTER_TABLE_COMMAND_T06_I01
M0946	1	character_command_chart	slot	SLPS	0x32C950	32	<r分身|ぶんしん>コンボ	NUN5_TEXTENG@0x5EB0	Clone Combo	Clone Combo						V31_POINTER_TABLE_COMMAND_T06_I03
M0947	1	character_command_chart	slot	SLPS	0x32C970	48	<r痴漢撃退|ちかんげきたい>コンボ	NUN5_TEXTENG@0x5EC0	Repulsion Combo	Repulsion Combo						V31_POINTER_TABLE_COMMAND_T06_I24
M0948	1	character_command_chart	slot	SLPS	0x32C9A0	32	<r折檻|せっかん>コンボ	NUN5_TEXTENG@0x5ED0	Punishment Combo	Punishment Combo						V31_POINTER_TABLE_COMMAND_T06_I25
M0949	1	character_command_chart	slot	SLPS	0x32C9C0	32	<r断裂|だんれつ>コンボ	NUN5_TEXTENG@0x5EE8	Rupture Combo	Rupture Combo						V31_POINTER_TABLE_COMMAND_T06_I26
M0950	1	character_command_chart	slot	SLPS	0x32C9E0	32	<r乙女|おとめ>の<r怒|いか>り	NUN5_TEXTENG@0x5EF8	Maiden's Anger	Maiden's Anger						V31_POINTER_TABLE_COMMAND_T06_I27
M0951	1	character_command_chart	slot	SLPS	0x32CA00	48	<r乙女|おとめ>の<r底力|そこぢから>	NUN5_TEXTENG@0x5F08	Maiden's Power	Maiden's Power						V31_POINTER_TABLE_COMMAND_T06_I29
M0952	1	character_command_chart	slot	SLPS	0x32CA30	32	<r足蹴|あしげ>コンボ	NUN5_TEXTENG@0x5F18	Leg Kick Combo	Leg Kick Combo						V31_POINTER_TABLE_COMMAND_T06_I31
M0953	1	character_command_chart	slot	SLPS	0x32CA50	48	ウザイ<r奴撲殺術|やつぼくさつじゅつ>	NUN5_TEXTENG@0x5F30	Beating Up Annoying Guys Jutsu	Beating Up Annoying Guys Jutsu						V31_POINTER_TABLE_COMMAND_T06_I33
M0954	1	character_command_chart	slot	SLPS	0x32CA80	48	<r悪漢撃退術|あっかんげきたいじゅつ>	NUN5_TEXTENG@0x5F50	Thug Repulsion Jutsu	Thug Repulsion Jutsu						V31_POINTER_TABLE_COMMAND_T06_I35
M0955	1	character_command_chart	slot	SLPS	0x32CAB0	48	<r空中殺法|くうちゅうさっぽう>　<r上|じょう>	NUN5_TEXTENG@0x5F70	Midair Strike Top	Midair Strike Top						V31_POINTER_TABLE_COMMAND_T06_I38
M0956	1	character_command_chart	slot	SLPS	0x32CAE0	48	<r空中殺法|くうちゅうさっぽう>　<r下|げ>	NUN5_TEXTENG@0x5F90	Midair Strike Bottom	Midair Strike Bottom						V31_POINTER_TABLE_COMMAND_T06_I41
M0957	1	character_command_chart	slot	SLPS	0x32CB10	32	<r回転殺法|かいてんさっぽう>	NUN5_TEXTENG@0x5FB0	Rotating Strike	Rotating Strike						V31_POINTER_TABLE_COMMAND_T06_I43
M0958	1	character_command_chart	slot	SLPS	0x32CB30	48	<r空中殺法|くうちゅうさっぽう>　<r中|ちゅう>	NUN5_TEXTENG@0x5FC0	Midair Strike Middle	Midair Strike Middle						V31_POINTER_TABLE_COMMAND_T06_I46
M0959	1	character_command_chart	slot	SLPS	0x331AD0	32	<r千殺水翔|せんさつすいしょう>	NUN5_TEXTENG@0x5180	A Thousand Needles of Death	A Thousand Needles of Death						V31_POINTER_TABLE_COMMAND_T07_I01
M0960	1	character_command_chart	slot	SLPS	0x331AF0	32	<r魔鏡薄氷|まきょうはくひょう>	NUN5_TEXTENG@0x51A0	Crystal Ice Mirrors	Crystal Ice Mirrors						V31_POINTER_TABLE_COMMAND_T07_I03
M0961	1	character_command_chart	slot	SLPS	0x331B10	32	<r穿弓腿|せんきゅうたい>	NUN5_TEXTENG@0x60A0	Handstand Kick	Handstand Kick						V31_POINTER_TABLE_COMMAND_T07_I24
M0962	1	character_command_chart	slot	SLPS	0x331B30	32	<r鏡割|かがみわ>り	NUN5_TEXTENG@0x60B0	Mirror Breaker	Mirror Breaker						V31_POINTER_TABLE_COMMAND_T07_I25
M0963	1	character_command_chart	slot	SLPS	0x331B50	32	<r氷演舞|ひょうえんぶ>	NUN5_TEXTENG@0x60C0	Theater of Ice	Theater of Ice						V31_POINTER_TABLE_COMMAND_T07_I26
M0964	1	character_command_chart	slot	SLPS	0x331B70	32	<r翔旋千本|しょうせんせんぼん>	NUN5_TEXTENG@0x60D0	Soaring Turn Senbon	Soaring Turn Senbon						V31_POINTER_TABLE_COMMAND_T07_I27
M0965	1	character_command_chart	slot	SLPS	0x331B90	32	<r天駆脚|てんくきゃく>	NUN5_TEXTENG@0x60F0	Running Heaven Kick	Running Heaven Kick						V31_POINTER_TABLE_COMMAND_T07_I29
M0966	1	character_command_chart	slot	SLPS	0x331BB0	32	<r閃回脚|せんかいきゃく>	NUN5_TEXTENG@0x6110	Turning Flash Kick	Turning Flash Kick						V31_POINTER_TABLE_COMMAND_T07_I31
M0967	1	character_command_chart	slot	SLPS	0x331BD0	32	<r旋抉斬|せんかいざん>	NUN5_TEXTENG@0x6130	Rotating Piercing Slash	Rotating Piercing Slash						V31_POINTER_TABLE_COMMAND_T07_I33
M0968	1	character_command_chart	slot	SLPS	0x331BF0	32	<r廻天斬|かいてんざん>	NUN5_TEXTENG@0x6148	Spinning Slash	Spinning Slash						V31_POINTER_TABLE_COMMAND_T07_I35
M0969	1	character_command_chart	slot	SLPS	0x331C10	32	<r昇閃舞|しょうせんぶ>	NUN5_TEXTENG@0x6160	Dance of the Rising Flash	Dance of the Rising Flash						V31_POINTER_TABLE_COMMAND_T07_I37
M0970	1	character_command_chart	slot	SLPS	0x331C30	32	<r落爪舞|らくそうぶ>	NUN5_TEXTENG@0x6180	Dance of the Falling Claw	Dance of the Falling Claw						V31_POINTER_TABLE_COMMAND_T07_I39
M0971	1	character_command_chart	slot	SLPS	0x331C50	32	<r翔飛脚|しょうひきゃく>	NUN5_TEXTENG@0x61A0	Soaring Kick	Soaring Kick						V31_POINTER_TABLE_COMMAND_T07_I41
M0972	1	character_command_chart	slot	SLPS	0x331C70	32	<r空旋舞|くうせんぶ>	NUN5_TEXTENG@0x61B0	Dance of the Flying Rotation	Dance of the Flying Rotation						V31_POINTER_TABLE_COMMAND_T07_I43
M0973	1	character_command_chart	slot	SLPS	0x337080	64	<r水遁|すいとん>・<r水龍弾|すいりゅうだん>の<r術|じゅつ>	NUN5_TEXTENG@0x5140	Water Style: Water Dragon Jutsu	Water Style: Water Dragon Jutsu						V31_POINTER_TABLE_COMMAND_T08_I01
M0974	1	character_command_chart	slot	SLPS	0x3370C0	16	<r鬼來|きらい>	NUN5_TEXTENG@0x6280	Demon Slash	Demon Slash						V31_POINTER_TABLE_COMMAND_T08_I03
M0975	1	character_command_chart	slot	SLPS	0x3370D0	32	<r骨抉剣|こっけつけん>	NUN5_TEXTENG@0x6290	Bone Piercing Sword	Bone Piercing Sword						V31_POINTER_TABLE_COMMAND_T08_I24
M0976	1	character_command_chart	slot	SLPS	0x3370F0	32	<r転背斬|てんはいざん>	NUN5_TEXTENG@0x62B0	Spinning Back Slash	Spinning Back Slash						V31_POINTER_TABLE_COMMAND_T08_I25
M0977	1	character_command_chart	slot	SLPS	0x337110	32	<r散裂斬|さんれつざん>	NUN5_TEXTENG@0x62D0	Scatter Burst Slash	Scatter Burst Slash						V31_POINTER_TABLE_COMMAND_T08_I26
M0978	1	character_command_chart	slot	SLPS	0x337130	32	<r飛旋剣|ひせんけん>	NUN5_TEXTENG@0x62F0	Flying Turn Slash	Flying Turn Slash						V31_POINTER_TABLE_COMMAND_T08_I27
M0979	1	character_command_chart	slot	SLPS	0x337150	32	<r波烈斬|はれつざん>	NUN5_TEXTENG@0x6310	Wave Blast Slash	Wave Blast Slash						V31_POINTER_TABLE_COMMAND_T08_I29
M0980	1	character_command_chart	slot	SLPS	0x337170	32	<r鞭腕撃|べんわんげき>	NUN5_TEXTENG@0x6330	Arm Whip Strike	Arm Whip Strike						V31_POINTER_TABLE_COMMAND_T08_I31
M0981	1	character_command_chart	slot	SLPS	0x337190	32	<r龍尾脚|りゅうびきゃく>	NUN5_TEXTENG@0x6340	Dragon Tail Kick	Dragon Tail Kick						V31_POINTER_TABLE_COMMAND_T08_I33
M0982	1	character_command_chart	slot	SLPS	0x3371B0	32	<r投捨|とうしゃ>	NUN5_SLES@0x514100	Throw	Throw						V31_POINTER_TABLE_COMMAND_T08_I35
M0983	1	character_command_chart	slot	SLPS	0x3371D0	32	<r霞連撃|かすみれんげき>	NUN5_TEXTENG@0x6360	Mist Combo Attack	Mist Combo Attack						V31_POINTER_TABLE_COMMAND_T08_I38
M0984	1	character_command_chart	slot	SLPS	0x3371F0	32	<r頭蓋穿|ずがいせん>	NUN5_TEXTENG@0x6378	Skull-Crusher	Skull-Crusher						V31_POINTER_TABLE_COMMAND_T08_I40
M0985	1	character_command_chart	slot	SLPS	0x337210	32	<r斬捨|ざんしゃ>	NUN5_TEXTENG@0x6390	Slashing Discard	Slashing Discard						V31_POINTER_TABLE_COMMAND_T08_I42
M0986	1	character_command_chart	slot	SLPS	0x337230	32	<r霧隱連撃|きりがくれれんげき>	NUN5_TEXTENG@0x63B0	Mist-Shrouded Pummeling	Mist-Shrouded Pummeling						V31_POINTER_TABLE_COMMAND_T08_I45
M0987	1	character_command_chart	slot	SLPS	0x33C0A0	64	<r守護八卦六十四掌|しゅごはっけろくじゅうよんしょう>	NUN5_TEXTENG@0x6490	8 Trigrams 64 Palms Guard	8 Trigrams 64 Palms Guard						V31_POINTER_TABLE_COMMAND_T09_I01
M0988	1	character_command_chart	slot	SLPS	0x33C0E0	32	<r超回復薬|ちょうかいふくやく>	NUN5_TEXTENG@0x64B0	Super Healing Medicine	Super Healing Medicine						V31_POINTER_TABLE_COMMAND_T09_I03
M0989	1	character_command_chart	slot	SLPS	0x33C100	32	<r旋掌撃|せんしょうげき>	NUN5_TEXTENG@0x64D0	Turning Palm Strike	Turning Palm Strike						V31_POINTER_TABLE_COMMAND_T09_I24
M0990	1	character_command_chart	slot	SLPS	0x33C120	32	<r両突撃|りょうとつげき>	NUN5_TEXTENG@0x64F0	Double Thrust Strike	Double Thrust Strike						V31_POINTER_TABLE_COMMAND_T09_I25
M0991	1	character_command_chart	slot	SLPS	0x33C140	32	<r掌双打|しょうそうだ>	NUN5_TEXTENG@0x6510	Double Palm Hit	Double Palm Hit						V31_POINTER_TABLE_COMMAND_T09_I26
M0992	1	character_command_chart	slot	SLPS	0x33C160	32	<r旋掌連舞|せんしょうれんぶ>	NUN5_TEXTENG@0x6520	Turning Palm Dance Barrage	Turning Palm Dance Barrage						V31_POINTER_TABLE_COMMAND_T09_I27
M0993	1	character_command_chart	slot	SLPS	0x33C180	32	<r天掌|てんしょう>	NUN5_TEXTENG@0x6540	Heaven's Palm	Heaven's Palm						V31_POINTER_TABLE_COMMAND_T09_I29
M0994	1	character_command_chart	slot	SLPS	0x33C1A0	32	<r旋落掌|せんらくしょう>	NUN5_TEXTENG@0x6550	Downward Spiral Palm	Downward Spiral Palm						V31_POINTER_TABLE_COMMAND_T09_I31
M0995	1	character_command_chart	slot	SLPS	0x33C1C0	32	<r旋通背掌|せんつうはいしょう>	NUN5_TEXTENG@0x6570	Turning Back-Through Palm	Turning Back-Through Palm						V31_POINTER_TABLE_COMMAND_T09_I33
M0996	1	character_command_chart	slot	SLPS	0x33C1E0	32	<r旋膝撃|せんしつげき>	NUN5_TEXTENG@0x6590	Turning Knee Strike	Turning Knee Strike						V31_POINTER_TABLE_COMMAND_T09_I35
M0997	1	character_command_chart	slot	SLPS	0x33C200	32	<r跳昇突|ちょうしょうとつ>	NUN5_TEXTENG@0x65B0	Jumping Rising Thrust	Jumping Rising Thrust						V31_POINTER_TABLE_COMMAND_T09_I37
M0998	1	character_command_chart	slot	SLPS	0x33C220	32	<r踏空脚|しゅうくうきゃく>	NUN5_TEXTENG@0x65D0	Stepping on Air Kick	Stepping on Air Kick						V31_POINTER_TABLE_COMMAND_T09_I39
M0999	1	character_command_chart	slot	SLPS	0x33C240	32	<r転背掌|てんはいしょう>	NUN5_TEXTENG@0x65F0	Rolling Back Palm	Rolling Back Palm						V31_POINTER_TABLE_COMMAND_T09_I41
M1000	1	character_command_chart	slot	SLPS	0x33C260	32	<r双掌空撃|そうしょうくうげき>	NUN5_TEXTENG@0x6610	Double Palm Air Strike	Double Palm Air Strike						V31_POINTER_TABLE_COMMAND_T09_I43
M1001	1	character_command_chart	slot	SLPS	0x341380	32	<r双燕刈|そうえんか>	NUN5_TEXTENG@0x66E0	Twin Swallow Cut	Twin Swallow Cut						V31_POINTER_TABLE_COMMAND_T10_I01
M1002	1	character_command_chart	slot	SLPS	0x3413A0	32	<r神楽手裏剣|かぐらしゅりけん>	NUN5_TEXTENG@0x6700	Sacred Dance Shuriken	Sacred Dance Shuriken						V31_POINTER_TABLE_COMMAND_T10_I03
M1003	1	character_command_chart	slot	SLPS	0x3413C0	48	<r暗器術|あんきじゅつ>　<r翔斬|しょうざん>	NUN5_TEXTENG@0x6720	Concealed Jutsu: Soaring Slash	Concealed Jutsu: Soaring Slash						V31_POINTER_TABLE_COMMAND_T10_I24
M1004	1	character_command_chart	slot	SLPS	0x3413F0	48	<r暗器術|あんきじゅつ>　<r通弾|つうだん>	NUN5_TEXTENG@0x6740	Concealed Jutsu: Piercing Shot	Concealed Jutsu: Piercing Shot						V31_POINTER_TABLE_COMMAND_T10_I25
M1005	1	character_command_chart	slot	SLPS	0x341420	48	<r暗器術|あんきじゅつ>　<r衝鋼|しょうこう>	NUN5_TEXTENG@0x6760	Concealed Jutsu: Steel Impact	Concealed Jutsu: Steel Impact						V31_POINTER_TABLE_COMMAND_T10_I26
M1006	1	character_command_chart	slot	SLPS	0x341450	48	<r暗器術|あんきじゅつ>　<r荊|いばら>	NUN5_TEXTENG@0x6780	Concealed Jutsu: Thorn	Concealed Jutsu: Thorn						V31_POINTER_TABLE_COMMAND_T10_I27
M1007	1	character_command_chart	slot	SLPS	0x341480	48	<r暗器術|あんきじゅつ>　<r飛翔|ひしょう>	NUN5_TEXTENG@0x67A0	Concealed Jutsu: Soaring	Concealed Jutsu: Soaring						V31_POINTER_TABLE_COMMAND_T10_I29
M1008	1	character_command_chart	slot	SLPS	0x3414B0	32	<r降砕脚|こうさいきゃく>	NUN5_TEXTENG@0x67C0	Falling Smash Kick	Falling Smash Kick						V31_POINTER_TABLE_COMMAND_T10_I31
M1009	1	character_command_chart	slot	SLPS	0x3414D0	48	<r暗器術|あんきじゅつ>　<r斬突|ざんとつ>	NUN5_TEXTENG@0x67E0	Concealed Jutsu: Slash Thrust	Concealed Jutsu: Slash Thrust						V31_POINTER_TABLE_COMMAND_T10_I33
M1010	1	character_command_chart	slot	SLPS	0x341500	32	<r延髄撃|えんずいげき>	NUN5_TEXTENG@0x6800	Medullary Strike	Medullary Strike						V31_POINTER_TABLE_COMMAND_T10_I35
M1011	1	character_command_chart	slot	SLPS	0x341520	48	<r暗器術|あんきじゅつ>　<r斬空|ざんくう>	NUN5_TEXTENG@0x6820	Concealed Jutsu: Air Slash	Concealed Jutsu: Air Slash						V31_POINTER_TABLE_COMMAND_T10_I38
M1012	1	character_command_chart	slot	SLPS	0x341550	48	<r暗器術|あんきじゅつ>　<r鋼振|こうしん>	NUN5_TEXTENG@0x6840	Concealed Jutsu: Steel Swing	Concealed Jutsu: Steel Swing						V31_POINTER_TABLE_COMMAND_T10_I41
M1013	1	character_command_chart	slot	SLPS	0x341580	48	<r暗器術|あんきじゅつ>　<r風縛|かぜしばり>	NUN5_TEXTENG@0x6860	Concealed Jutsu: Wind Paralysis	Concealed Jutsu: Wind Paralysis						V31_POINTER_TABLE_COMMAND_T10_I43
M1014	1	character_command_chart	slot	SLPS	0x3415B0	48	<r暗器術|あんきじゅつ>　<r直鋼|ちょっこう>	NUN5_TEXTENG@0x6880	Concealed Jutsu: Direct Steel	Concealed Jutsu: Direct Steel						V31_POINTER_TABLE_COMMAND_T10_I46
M1015	1	character_command_chart	slot	SLPS	0x346690	32	<r曇撫離投|どんぶりな>げ	NUN5_TEXTENG@0x6960	Donburi Throw	Donburi Throw						V31_POINTER_TABLE_COMMAND_T11_I01
M1016	1	character_command_chart	slot	SLPS	0x3466B0	40	<r肉弾針戦車|にくだんはりせんしゃ>	NUN5_TEXTENG@0x6970	Spiky Human Boulder	Spiky Human Boulder						V31_POINTER_TABLE_COMMAND_T11_I03
M1017	1	character_command_chart	slot	SLPS	0x3466D8	16	<r反姿|かえし>	NUN5_TEXTENG@0x6988	Warped Figure	Warped Figure						V31_POINTER_TABLE_COMMAND_T11_I23
M1018	1	character_command_chart	slot	SLPS	0x3466E8	16	<r刺身|さしみ>	NUN5_TEXTENG@0x6998	Sashimi 	Sashimi 						V31_POINTER_TABLE_COMMAND_T11_I24
M1019	1	character_command_chart	slot	SLPS	0x3466F8	16	<r叩軌|たたき>	NUN5_TEXTENG@0x69A8	Track Strike 	Track Strike 						V31_POINTER_TABLE_COMMAND_T11_I25
M1020	1	character_command_chart	slot	SLPS	0x346708	16	<r開軌|ひらき>	NUN5_TEXTENG@0x69B8	Track Open	Track Open						V31_POINTER_TABLE_COMMAND_T11_I26
M1021	1	character_command_chart	slot	SLPS	0x346718	16	<r弾子|だんご>	NUN5_TEXTENG@0x69C8	Bullet Kid	Bullet Kid						V31_POINTER_TABLE_COMMAND_T11_I28
M1022	1	character_command_chart	slot	SLPS	0x346728	24	<r浮来|ふらい>	NUN5_TEXTENG@0x69E0	Floating Arrival	Floating Arrival						V31_POINTER_TABLE_COMMAND_T11_I30
M1023	1	character_command_chart	slot	SLPS	0x346740	32	<r空揚|からあげ>	NUN5_TEXTENG@0x69F8	Deep Fry	Deep Fry						V31_POINTER_TABLE_COMMAND_T11_I32
M1024	1	character_command_chart	slot	SLPS	0x346760	32	<r天怖羅|てんぷら>	NUN5_SLES@0x514108	Tempura	Tempura						V31_POINTER_TABLE_COMMAND_T11_I34
M1025	1	character_command_chart	slot	SLPS	0x346780	32	<r海老天|えびてん>	NUN5_TEXTENG@0x6A08	Shrimp Spin	Shrimp Spin						V31_POINTER_TABLE_COMMAND_T11_I35
M1026	1	character_command_chart	slot	SLPS	0x3467A0	32	<r大棍|だいこん>	NUN5_SLES@0x514110	Daikon	Daikon						V31_POINTER_TABLE_COMMAND_T11_I37
M1027	1	character_command_chart	slot	SLPS	0x3467C0	32	<r落下星|らっかせい>	NUN5_TEXTENG@0x6A18	Falling Star	Falling Star						V31_POINTER_TABLE_COMMAND_T11_I39
M1028	1	character_command_chart	slot	SLPS	0x3467E0	32	<r米胡麻|べいごま>	NUN5_TEXTENG@0x6A28	Rice Sesame 	Rice Sesame 						V31_POINTER_TABLE_COMMAND_T11_I40
M1029	1	character_command_chart	slot	SLPS	0x34B9D0	32	１６<r連|れん>コンボ	NUN5_TEXTENG@0x6AE8	16-hit Combo	16-hit Combo						V31_POINTER_TABLE_COMMAND_T12_I01
M1030	1	character_command_chart	slot	SLPS	0x34B9F0	48	<r忍花鳥兜|しのびばなとりかぶと>	NUN5_TEXTENG@0x6B00	Ninja Wolfsbane	Ninja Wolfsbane						V31_POINTER_TABLE_COMMAND_T12_I03
M1031	1	character_command_chart	slot	SLPS	0x34BA20	32	<r風|かぜ>に<r舞|ま>うカトレア	NUN5_TEXTENG@0x6B10	Cattleya Dancing in the Wind	Cattleya Dancing in the Wind						V31_POINTER_TABLE_COMMAND_T12_I23
M1032	1	character_command_chart	slot	SLPS	0x34BA40	32	ユーカリの<r風|かぜ>	NUN5_TEXTENG@0x6B30	Eucalyptus Wind	Eucalyptus Wind						V31_POINTER_TABLE_COMMAND_T12_I24
M1033	1	character_command_chart	slot	SLPS	0x34BA60	32	アマリリスの<r踊|おど>り	NUN5_TEXTENG@0x6B40	Amaryllus Dance	Amaryllus Dance						V31_POINTER_TABLE_COMMAND_T12_I25
M1034	1	character_command_chart	slot	SLPS	0x34BA80	32	アキレアのステップ	NUN5_TEXTENG@0x6B50	Achillea Step	Achillea Step						V31_POINTER_TABLE_COMMAND_T12_I27
M1035	1	character_command_chart	slot	SLPS	0x34BAA0	32	ホウセンカの<r拒絶|きょぜつ>	NUN5_TEXTENG@0x6B60	Impatiens Rejection	Impatiens Rejection						V31_POINTER_TABLE_COMMAND_T12_I29
M1036	1	character_command_chart	slot	SLPS	0x34BAC0	32	リアトリスの<r想|おも>い	NUN5_TEXTENG@0x6B80	Feelings of the Liatris	Feelings of the Liatris						V31_POINTER_TABLE_COMMAND_T12_I30
M1037	1	character_command_chart	slot	SLPS	0x34BAE0	32	<r踊|おど>るヒメユリ	NUN5_TEXTENG@0x6B98	Dancing Lily	Dancing Lily						V31_POINTER_TABLE_COMMAND_T12_I32
M1038	1	character_command_chart	slot	SLPS	0x34BB00	32	バラの<r一撃|いちげき>	NUN5_TEXTENG@0x6BA8	Rose Strike	Rose Strike						V31_POINTER_TABLE_COMMAND_T12_I34
M1039	1	character_command_chart	slot	SLPS	0x34BB20	32	クローバーの<r約束|やくそく>	NUN5_TEXTENG@0x6BC0	Promise of the Clover	Promise of the Clover						V31_POINTER_TABLE_COMMAND_T12_I36
M1040	1	character_command_chart	slot	SLPS	0x34BB40	32	カスミソウの<r飛翔|ひしょう>	NUN5_TEXTENG@0x6BE0	Flight of the Soaproot	Flight of the Soaproot						V31_POINTER_TABLE_COMMAND_T12_I39
M1041	1	character_command_chart	slot	SLPS	0x34BB60	32	<r悲|かな>しみのキンセンカ	NUN5_TEXTENG@0x6C00	Sadness of the Marigold	Sadness of the Marigold						V31_POINTER_TABLE_COMMAND_T12_I42
M1042	1	character_command_chart	slot	SLPS	0x34BB80	32	シクラメンの<r香|かお>り	NUN5_TEXTENG@0x6C20	Cyclamen Fragrance	Cyclamen Fragrance						V31_POINTER_TABLE_COMMAND_T12_I44
M1043	1	character_command_chart	slot	SLPS	0x34BBA0	32	<r風|かぜ>に<r乗|の>るネリネ	NUN5_TEXTENG@0x6C40	Nerine Riding the Wind	Nerine Riding the Wind						V31_POINTER_TABLE_COMMAND_T12_I47
M1044	1	character_command_chart	slot	SLPS	0x3510E0	32	<r獣人分身|じゅうじんぶんしん>	NUN5_TEXTENG@0x6D20	Man Beast Clone	Man Beast Clone						V31_POINTER_TABLE_COMMAND_T13_I01
M1045	1	character_command_chart	slot	SLPS	0x351100	16	<r通牙|つうが>	NUN5_TEXTENG@0x6D30	Tunneling Fang 	Tunneling Fang 						V31_POINTER_TABLE_COMMAND_T13_I03
M1046	1	character_command_chart	slot	SLPS	0x351110	32	<r昇牙|しょうが>	NUN5_TEXTENG@0x6D40	Rising Fang	Rising Fang						V31_POINTER_TABLE_COMMAND_T13_I24
M1047	1	character_command_chart	slot	SLPS	0x351130	32	<r旋風牙|せんぷうが>	NUN5_TEXTENG@0x6D50	Whirlwind Fang	Whirlwind Fang						V31_POINTER_TABLE_COMMAND_T13_I25
M1048	1	character_command_chart	slot	SLPS	0x351150	32	<r台風爪|たいふうそう>	NUN5_TEXTENG@0x6D60	Typhoon Claw	Typhoon Claw						V31_POINTER_TABLE_COMMAND_T13_I26
M1049	1	character_command_chart	slot	SLPS	0x351170	32	<r赤丸連撃|あかまるれんげき>	NUN5_TEXTENG@0x6D70	Akamaru Combo	Akamaru Combo						V31_POINTER_TABLE_COMMAND_T13_I27
M1050	1	character_command_chart	slot	SLPS	0x351190	48	<r百獣爪襲|ひゃくじゅうそうしゅう>	NUN5_TEXTENG@0x6D80	100 Animal Claw Attack	100 Animal Claw Attack						V31_POINTER_TABLE_COMMAND_T13_I28
M1051	1	character_command_chart	slot	SLPS	0x3511C0	24	<r疾爪|しっそう>	NUN5_TEXTENG@0x6D98	Swift Fang	Swift Fang						V31_POINTER_TABLE_COMMAND_T13_I30
M1052	1	character_command_chart	slot	SLPS	0x3511D8	24	<r爪牙|そうが>	NUN5_TEXTENG@0x6DA8	Tooth and Claw	Tooth and Claw						V31_POINTER_TABLE_COMMAND_T13_I32
M1053	1	character_command_chart	slot	SLPS	0x3511F0	32	<r獣電|じゅうでん>	NUN5_TEXTENG@0x6DC0	Beast Lightning	Beast Lightning						V31_POINTER_TABLE_COMMAND_T13_I34
M1054	1	character_command_chart	slot	SLPS	0x351210	32	<r昇双脚|しょうそうきゃく>	NUN5_TEXTENG@0x6DD0	Rising Double Kick	Rising Double Kick						V31_POINTER_TABLE_COMMAND_T13_I36
M1055	1	character_command_chart	slot	SLPS	0x351230	32	<r天裂爪|てんれつそう>	NUN5_TEXTENG@0x6DF0	Slicing Fang of Sky	Slicing Fang of Sky						V31_POINTER_TABLE_COMMAND_T13_I39
M1056	1	character_command_chart	slot	SLPS	0x351250	32	<r戯獣脚|ぎじゅうきゃく>	NUN5_TEXTENG@0x6E10	Transient Beast Kick	Transient Beast Kick						V31_POINTER_TABLE_COMMAND_T13_I42
M1057	1	character_command_chart	slot	SLPS	0x351270	32	<r転双脚|てんそうきゃく>	NUN5_TEXTENG@0x6E30	Rolling Double Kick	Rolling Double Kick						V31_POINTER_TABLE_COMMAND_T13_I44
M1058	1	character_command_chart	slot	SLPS	0x351290	32	<r獣蹴激|じゅうしゅうげき>	NUN5_TEXTENG@0x6E50	Beast Crush Kick 	Beast Crush Kick 						V31_POINTER_TABLE_COMMAND_T13_I47
M1059	1	character_command_chart	slot	SLPS	0x356600	48	<r蟲縛|むししば>りの<r術|じゅつ>	NUN5_TEXTENG@0x6F30	Insect Paralysis Jutsu	Insect Paralysis Jutsu						V31_POINTER_TABLE_COMMAND_T14_I01
M1060	1	character_command_chart	slot	SLPS	0x356630	48	<r蟲柱|むしばしら>の<r術|じゅつ>	NUN5_TEXTENG@0x6F50	Insect Pillar Jutsu	Insect Pillar Jutsu						V31_POINTER_TABLE_COMMAND_T14_I03
M1061	1	character_command_chart	slot	SLPS	0x356660	32	<r旋円蟲|せんえんちゅう>	NUN5_TEXTENG@0x6F70	Turning Circle of Insects	Turning Circle of Insects						V31_POINTER_TABLE_COMMAND_T14_I24
M1062	1	character_command_chart	slot	SLPS	0x356680	32	<r衝突蟲|しょうとっちゅう>	NUN5_TEXTENG@0x6F90	Impact Insects	Impact Insects						V31_POINTER_TABLE_COMMAND_T14_I25
M1063	1	character_command_chart	slot	SLPS	0x3566A0	32	<r蟲旋脚|ちゅうせんきゃく>	NUN5_TEXTENG@0x6FA0	Insect Spiral Kick	Insect Spiral Kick						V31_POINTER_TABLE_COMMAND_T14_I26
M1064	1	character_command_chart	slot	SLPS	0x3566C0	32	<r蟲波拳|ちゅうはけん>	NUN5_TEXTENG@0x6FC0	Insect Wave Fist	Insect Wave Fist						V31_POINTER_TABLE_COMMAND_T14_I27
M1065	1	character_command_chart	slot	SLPS	0x3566E0	32	<r天蟲殺|てんちゅうさつ>	NUN5_TEXTENG@0x6FE0	Sky Insect Death	Sky Insect Death						V31_POINTER_TABLE_COMMAND_T14_I29
M1066	1	character_command_chart	slot	SLPS	0x356700	32	<r這面蟲|はいめんちゅう>	NUN5_TEXTENG@0x7000	Crawling Insects	Crawling Insects						V31_POINTER_TABLE_COMMAND_T14_I31
M1067	1	character_command_chart	slot	SLPS	0x356720	32	<r蟲拳打|ちゅうけんだ>	NUN5_TEXTENG@0x7020	Insect Fist Hit	Insect Fist Hit						V31_POINTER_TABLE_COMMAND_T14_I33
M1068	1	character_command_chart	slot	SLPS	0x356740	32	<r瞬蟲撃|しゅんちゅうげき>	NUN5_TEXTENG@0x7030	Instant Insect Strike	Instant Insect Strike						V31_POINTER_TABLE_COMMAND_T14_I35
M1069	1	character_command_chart	slot	SLPS	0x356760	32	<r天翔蟲|てんしょうちゅう>	NUN5_TEXTENG@0x7050	Soaring Insects of Sky	Soaring Insects of Sky						V31_POINTER_TABLE_COMMAND_T14_I38
M1070	1	character_command_chart	slot	SLPS	0x356780	32	<r蟲降脚|ちゅうこうきゃく>	NUN5_TEXTENG@0x7070	Insect Drop Kick	Insect Drop Kick						V31_POINTER_TABLE_COMMAND_T14_I41
M1071	1	character_command_chart	slot	SLPS	0x3567A0	32	<r襲降蟲|しゅうこうちゅう>	NUN5_TEXTENG@0x7090	Raid of Insects	Raid of Insects						V31_POINTER_TABLE_COMMAND_T14_I43
M1072	1	character_command_chart	slot	SLPS	0x3567C0	32	<r震振蟲|しんしんちゅう>	NUN5_TEXTENG@0x70A0	Throbbing Insects	Throbbing Insects						V31_POINTER_TABLE_COMMAND_T14_I46
M1073	1	character_command_chart	slot	SLPS	0x35BFB0	48	<r傀儡|くぐつ>　<r卍砲|まんじほう>	NUN5_TEXTENG@0x7180	Puppet: Manji Shot	Puppet: Manji Shot						V31_POINTER_TABLE_COMMAND_T15_I01
M1074	1	character_command_chart	slot	SLPS	0x35BFE0	48	<r一対|いっつい>の<r処女|しょじょ>	NUN5_TEXTENG@0x71A0	Pair of Maidens	Pair of Maidens						V31_POINTER_TABLE_COMMAND_T15_I03
M1075	1	character_command_chart	slot	SLPS	0x35C010	48	<r傀儡|くぐつ>　<r風穴|かざあな>	NUN5_TEXTENG@0x71B0	Puppet: Wind Hole	Puppet: Wind Hole						V31_POINTER_TABLE_COMMAND_T15_I23
M1076	1	character_command_chart	slot	SLPS	0x35C040	48	<r傀儡|くぐつ>　<r噴弾|ふんだん>	NUN5_TEXTENG@0x71D0	Puppet: Spewing Shot	Puppet: Spewing Shot						V31_POINTER_TABLE_COMMAND_T15_I24
M1077	1	character_command_chart	slot	SLPS	0x35C070	48	<r傀儡|くぐつ>　<r朧独楽|おぼろごま>	NUN5_TEXTENG@0x71F0	Puppet: Hazy Spin	Puppet: Hazy Spin						V31_POINTER_TABLE_COMMAND_T15_I25
M1078	1	character_command_chart	slot	SLPS	0x35C0A0	32	<r傀儡|くぐつ>　<r懺悔|ざんげ>	NUN5_TEXTENG@0x7210	Puppet: Confession	Puppet: Confession						V31_POINTER_TABLE_COMMAND_T15_I27
M1079	1	character_command_chart	slot	SLPS	0x35C0C0	48	<r傀儡|くぐつ>　<r霞独楽|かすみごま>	NUN5_TEXTENG@0x7230	Puppet: Misty Spin	Puppet: Misty Spin						V31_POINTER_TABLE_COMMAND_T15_I29
M1080	1	character_command_chart	slot	SLPS	0x35C0F0	32	<r傀儡|くぐつ>　<r裁|さばき>	NUN5_TEXTENG@0x7250	Puppet: Judgment	Puppet: Judgment						V31_POINTER_TABLE_COMMAND_T15_I31
M1081	1	character_command_chart	slot	SLPS	0x35C110	48	<r傀儡|くぐつ>　<r流刃|りゅうじん>	NUN5_TEXTENG@0x7270	Puppet: Flowing Blade	Puppet: Flowing Blade						V31_POINTER_TABLE_COMMAND_T15_I32
M1082	1	character_command_chart	slot	SLPS	0x35C140	48	<r傀儡|くぐつ>　<r逆手車|さかてぐるま>	NUN5_TEXTENG@0x7290	Puppet: Reverse Pushcart	Puppet: Reverse Pushcart						V31_POINTER_TABLE_COMMAND_T15_I34
M1083	1	character_command_chart	slot	SLPS	0x35C170	32	<r傀儡|くぐつ>　<r無斬|むざん>	NUN5_TEXTENG@0x72B0	Puppet: Slash of Nothingness	Puppet: Slash of Nothingness						V31_POINTER_TABLE_COMMAND_T15_I36
M1084	1	character_command_chart	slot	SLPS	0x35C190	48	<r傀儡|くぐつ>　<r堕羅繰|だらく>	NUN5_TEXTENG@0x72D0	Puppet: Degeneration	Puppet: Degeneration						V31_POINTER_TABLE_COMMAND_T15_I37
M1085	1	character_command_chart	slot	SLPS	0x35C1C0	48	<r傀儡|くぐつ>　<r逆手飛車|さかてひしゃ>	NUN5_TEXTENG@0x72F0	Puppet: Flying Reverse Pushcart	Puppet: Flying Reverse Pushcart						V31_POINTER_TABLE_COMMAND_T15_I39
M1086	1	character_command_chart	slot	SLPS	0x35C1F0	48	<r傀儡|くぐつ>　<r双哭|そうこく>	NUN5_TEXTENG@0x7310	Puppet: Double Scream	Puppet: Double Scream						V31_POINTER_TABLE_COMMAND_T15_I41
M1087	1	character_command_chart	slot	SLPS	0x361900	48	<r大扇風轟壁|だいせんぷうごうへき>	NUN5_TEXTENG@0x73E0	Giant Rumbling Fan Wind Wall	Giant Rumbling Fan Wind Wall						V31_POINTER_TABLE_COMMAND_T16_I01
M1088	1	character_command_chart	slot	SLPS	0x361930	32	カマイタチの<r術|じゅつ>	NUN5_TEXTENG@0x7400	Wind Scythe Jutsu	Wind Scythe Jutsu						V31_POINTER_TABLE_COMMAND_T16_I03
M1089	1	character_command_chart	slot	SLPS	0x361950	32	<r風神|ふうじん>の<r舞|まい>	NUN5_TEXTENG@0x7418	Fujin's Dance	Fujin's Dance						V31_POINTER_TABLE_COMMAND_T16_I23
M1090	1	character_command_chart	slot	SLPS	0x361970	32	<r扇旋風|せんせんぷう>	NUN5_TEXTENG@0x7428	Fan Tornado	Fan Tornado						V31_POINTER_TABLE_COMMAND_T16_I24
M1091	1	character_command_chart	slot	SLPS	0x361990	32	<r地龍|ちりゅう>の<r息|いき>	NUN5_TEXTENG@0x7440	Breath of the Earth Dragon	Breath of the Earth Dragon						V31_POINTER_TABLE_COMMAND_T16_I25
M1092	1	character_command_chart	slot	SLPS	0x3619B0	32	<r回扇刃|かいせんじん>	NUN5_TEXTENG@0x7460	Spinning Fan Blade	Spinning Fan Blade						V31_POINTER_TABLE_COMMAND_T16_I26
M1093	1	character_command_chart	slot	SLPS	0x3619D0	32	<r暴風昇壁|ぼうふうしょうへき>	NUN5_TEXTENG@0x7480	Rising Tempest Wall	Rising Tempest Wall						V31_POINTER_TABLE_COMMAND_T16_I28
M1094	1	character_command_chart	slot	SLPS	0x3619F0	32	<r斧扇降|ふせんこう>	NUN5_TEXTENG@0x74A0	Falling Fan Axe	Falling Fan Axe						V31_POINTER_TABLE_COMMAND_T16_I30
M1095	1	character_command_chart	slot	SLPS	0x361A10	32	<r疾風刃|しっぷうじん>	NUN5_TEXTENG@0x74B0	Gale Blade	Gale Blade						V31_POINTER_TABLE_COMMAND_T16_I31
M1096	1	character_command_chart	slot	SLPS	0x361A30	32	<r夢扇舞|むせんまい>	NUN5_TEXTENG@0x74C0	Dance of the Dream Fan	Dance of the Dream Fan						V31_POINTER_TABLE_COMMAND_T16_I33
M1097	1	character_command_chart	slot	SLPS	0x361A50	32	<r転身扇刃|てんしんせんじん>	NUN5_TEXTENG@0x74E0	Rotating Fan Blade	Rotating Fan Blade						V31_POINTER_TABLE_COMMAND_T16_I36
M1098	1	character_command_chart	slot	SLPS	0x361A70	32	<r斧扇兜割|ふせんとうかつ>	NUN5_TEXTENG@0x7500	Axe Fan Helmet Break	Axe Fan Helmet Break						V31_POINTER_TABLE_COMMAND_T16_I39
M1099	1	character_command_chart	slot	SLPS	0x361A90	32	<r幻扇舞|げんせんまい>	NUN5_TEXTENG@0x7520	Dance of the Phantasm Fan	Dance of the Phantasm Fan						V31_POINTER_TABLE_COMMAND_T16_I41
M1100	1	character_command_chart	slot	SLPS	0x361AB0	32	<r扇一閃|おおぎいっせん>　	NUN5_TEXTENG@0x7540	Fan Flash	Fan Flash						V31_POINTER_TABLE_COMMAND_T16_I44
M1101	1	character_command_chart	slot	SLPS	0x366FC0	48	<r火遁|かとん>・<r火龍炎弾|かりゅうえんだん>	NUN5_TEXTENG@0x7610	Fire Style: Dragon Flame Bombs	Fire Style: Dragon Flame Bombs						V31_POINTER_TABLE_COMMAND_T17_I01
M1102	1	character_command_chart	slot	SLPS	0x366FF0	48	<r土遁|どとん>・<r土流壁|どりゅうへき>	NUN5_TEXTENG@0x7630	Earth Style: Mud Wall	Earth Style: Mud Wall						V31_POINTER_TABLE_COMMAND_T17_I03
M1103	1	character_command_chart	slot	SLPS	0x367020	64	<r金剛術|こんごうじゅつ>　<r乱|みだ>れ<r打|う>ち	NUN5_TEXTENG@0x7650	Adamantine Jutsu: Wild Strike	Adamantine Jutsu: Wild Strike						V31_POINTER_TABLE_COMMAND_T17_I24
M1104	1	character_command_chart	slot	SLPS	0x367060	32	<r伸身如意|しんしんにょい>	NUN5_TEXTENG@0x7670	Elastic Nyoi	Elastic Nyoi						V31_POINTER_TABLE_COMMAND_T17_I25
M1105	1	character_command_chart	slot	SLPS	0x367080	32	<r遊猿脚|ゆうえんきゃく>	NUN5_TEXTENG@0x7680	Playful Monkey Kick	Playful Monkey Kick						V31_POINTER_TABLE_COMMAND_T17_I26
M1106	1	character_command_chart	slot	SLPS	0x3670A0	32	<r旋猿脚|せんえんきゃく>	NUN5_TEXTENG@0x76A0	Turning Monkey Kick	Turning Monkey Kick						V31_POINTER_TABLE_COMMAND_T17_I27
M1107	1	character_command_chart	slot	SLPS	0x3670C0	32	<r顎割|あぎとわ>り	NUN5_TEXTENG@0x76B8	Jawbreaker	Jawbreaker						V31_POINTER_TABLE_COMMAND_T17_I29
M1108	1	character_command_chart	slot	SLPS	0x3670E0	48	<r金剛術|こんごうじゅつ>　<r大地割|だいちわ>り	NUN5_TEXTENG@0x76D0	Adamantine Jutsu: Earthbreaker	Adamantine Jutsu: Earthbreaker						V31_POINTER_TABLE_COMMAND_T17_I31
M1109	1	character_command_chart	slot	SLPS	0x367110	32	<r猿王|えんおう>の<r牙|きば>	NUN5_TEXTENG@0x76F0	Fangs of the Monkey King	Fangs of the Monkey King						V31_POINTER_TABLE_COMMAND_T17_I34
M1110	1	character_command_chart	slot	SLPS	0x367130	64	<r金剛術|こんごうじゅつ>　<r一本釣|いっぽんづ>り	NUN5_TEXTENG@0x7710	Adamantine Jutsu: Single-Rod Fishing	Adamantine Jutsu: Single-Rod Fishing						V31_POINTER_TABLE_COMMAND_T17_I36
M1111	1	character_command_chart	slot	SLPS	0x367170	64	<r金剛術|こんごうじゅつ>　<r大打上|おおうちあ>げ	NUN5_TEXTENG@0x7740	Adamantine Jutsu: Great Launch	Adamantine Jutsu: Great Launch						V31_POINTER_TABLE_COMMAND_T17_I39
M1112	1	character_command_chart	slot	SLPS	0x3671B0	64	<r金剛術|こんごうじゅつ>　<r頭蓋砕|ずがいくだ>き	NUN5_TEXTENG@0x7760	Adamantine Jutsu: Cranium Smash	Adamantine Jutsu: Cranium Smash						V31_POINTER_TABLE_COMMAND_T17_I42
M1113	1	character_command_chart	slot	SLPS	0x3671F0	64	<r金剛術|こんごうじゅつ>　<r大打降|おおうちおろ>し	NUN5_TEXTENG@0x7780	Adamantine Jutsu: Great Prang	Adamantine Jutsu: Great Prang						V31_POINTER_TABLE_COMMAND_T17_I44
M1114	1	character_command_chart	slot	SLPS	0x367230	48	<r金剛術|こんごうじゅつ>　<r裏突|うらづ>き	NUN5_TEXTENG@0x77A0	Adamantine Jutsu: Under-Thrust	Adamantine Jutsu: Under-Thrust						V31_POINTER_TABLE_COMMAND_T17_I47
M1115	1	character_command_chart	slot	SLPS	0x36C1E0	64	<r土遁結界|どとんけっかい>　<r土牢堂無|どろうどうむ>	NUN5_TEXTENG@0x7990	Earth Style Barrier: Earth Dome Prison	Earth Style Barrier: Earth Dome Prison						V31_POINTER_TABLE_COMMAND_T18_I01
M1116	1	character_command_chart	slot	SLPS	0x36C220	48	<r土遁|どとん>・<r土陵団子|どりょうだんご>	NUN5_TEXTENG@0x79C0	Earth Style: Sphere of Graves	Earth Style: Sphere of Graves						V31_POINTER_TABLE_COMMAND_T18_I03
M1117	1	character_command_chart	slot	SLPS	0x36C250	32	<r山顔|ざんがん>	NUN5_TEXTENG@0x79E0	Mountain Face	Mountain Face						V31_POINTER_TABLE_COMMAND_T18_I23
M1118	1	character_command_chart	slot	SLPS	0x36C270	32	<r崩掌|ほうしょう>	NUN5_TEXTENG@0x79F0	Shatter Palm	Shatter Palm						V31_POINTER_TABLE_COMMAND_T18_I24
M1119	1	character_command_chart	slot	SLPS	0x36C290	24	<r岩投|がんとう>	NUN5_TEXTENG@0x7A00	Stone Throw	Stone Throw						V31_POINTER_TABLE_COMMAND_T18_I26
M1120	1	character_command_chart	slot	SLPS	0x36C2A8	24	<r放打|ほうだ>	NUN5_TEXTENG@0x7A10	Releasing Strike	Releasing Strike						V31_POINTER_TABLE_COMMAND_T18_I28
M1121	1	character_command_chart	slot	SLPS	0x36C2C0	32	<r雷豪|らいごう>	NUN5_TEXTENG@0x7A30	Thunderbolt Roar	Thunderbolt Roar						V31_POINTER_TABLE_COMMAND_T18_I30
M1122	1	character_command_chart	slot	SLPS	0x36C2E0	32	<r伐掌|ばっしょう>	NUN5_TEXTENG@0x7A48	Cutting Palm	Cutting Palm						V31_POINTER_TABLE_COMMAND_T18_I32
M1123	1	character_command_chart	slot	SLPS	0x36C300	32	<r剛突|ごうとつ>	NUN5_TEXTENG@0x7A58	Heavy Thrust	Heavy Thrust						V31_POINTER_TABLE_COMMAND_T18_I34
M1124	1	character_command_chart	slot	SLPS	0x36C320	32	<r暴砲|ぼうほう>	NUN5_TEXTENG@0x7A70	Violent Cannonball	Violent Cannonball						V31_POINTER_TABLE_COMMAND_T18_I36
M1125	1	character_command_chart	slot	SLPS	0x36C340	32	<r昇雷|しょうらい>	NUN5_TEXTENG@0x7A88	Rising Thunder	Rising Thunder						V31_POINTER_TABLE_COMMAND_T18_I38
M1126	1	character_command_chart	slot	SLPS	0x36C360	32	<r落体|らくてい>	NUN5_TEXTENG@0x7A98	Body Drop	Body Drop						V31_POINTER_TABLE_COMMAND_T18_I39
M1127	1	character_command_chart	slot	SLPS	0x36C380	32	<r落撃|らくげき>	NUN5_TEXTENG@0x7AA8	Drop Attack	Drop Attack						V31_POINTER_TABLE_COMMAND_T18_I41
M1128	1	character_command_chart	slot	SLPS	0x36C3A0	32	<r突肩|とっけん>	NUN5_TEXTENG@0x7AC0	Shoulder Charge	Shoulder Charge						V31_POINTER_TABLE_COMMAND_T18_I43
M1129	1	character_command_chart	slot	SLPS	0x3711E0	32	<r蜘蛛巣開|クモソウカイ>	NUN5_TEXTENG@0x7B80	Spiral Spider Web	Spiral Spider Web						V31_POINTER_TABLE_COMMAND_T19_I01
M1130	1	character_command_chart	slot	SLPS	0x371200	32	<r大蜘蛛落|おおグモお>とし	NUN5_TEXTENG@0x7BA0	Giant Spider Drop	Giant Spider Drop						V31_POINTER_TABLE_COMMAND_T19_I03
M1131	1	character_command_chart	slot	SLPS	0x371220	32	<r蜘蛛足返|クモあしがえ>し	NUN5_TEXTENG@0x7BC0	Spider Leg Counter	Spider Leg Counter						V31_POINTER_TABLE_COMMAND_T19_I23
M1132	1	character_command_chart	slot	SLPS	0x371240	32	<r粘金棘刺|ねんきんきょくし>	NUN5_TEXTENG@0x7BE0	Malleable Metal Stab	Malleable Metal Stab						V31_POINTER_TABLE_COMMAND_T19_I24
M1133	1	character_command_chart	slot	SLPS	0x371260	32	<r粘金咬顎|ねんきんこうがく>	NUN5_TEXTENG@0x7C00	Malleable Metal Jaw Bite	Malleable Metal Jaw Bite						V31_POINTER_TABLE_COMMAND_T19_I25
M1134	1	character_command_chart	slot	SLPS	0x371280	32	<r蜘蛛足爪裁|クモあしそうさい>	NUN5_TEXTENG@0x7C20	Spider Foot Claw Cut 	Spider Foot Claw Cut 						V31_POINTER_TABLE_COMMAND_T19_I26
M1135	1	character_command_chart	slot	SLPS	0x3712A0	64	<r蜘蛛粘吐|クモねんど>　<r舞鳥捕獲|まいどりほかく>	NUN5_TEXTENG@0x7C40	Spider Gum: Dancing Bird Capture	Spider Gum: Dancing Bird Capture						V31_POINTER_TABLE_COMMAND_T19_I28
M1136	1	character_command_chart	slot	SLPS	0x3712E0	32	<r蜘蛛旋斧|クモせんぷ>	NUN5_TEXTENG@0x7C70	Spider Spiral Axe	Spider Spiral Axe						V31_POINTER_TABLE_COMMAND_T19_I30
M1137	1	character_command_chart	slot	SLPS	0x371300	64	<r蜘蛛粘吐|クモねんど>　<r這虫捕獲|はいむしほかく>	NUN5_TEXTENG@0x7C90	Spider Gum: Crawling Insect Capture	Spider Gum: Crawling Insect Capture						V31_POINTER_TABLE_COMMAND_T19_I32
M1138	1	character_command_chart	slot	SLPS	0x371340	64	<r蜘蛛粘吐|クモねんど>　<r天下半周|てんげはんしゅう>	NUN5_TEXTENG@0x7CC0	Spider Gum: Halfway Around the Earth	Spider Gum: Halfway Around the Earth						V31_POINTER_TABLE_COMMAND_T19_I34
M1139	1	character_command_chart	slot	SLPS	0x371380	32	<r蜘蛛昇槍|クモしょうそう>	NUN5_TEXTENG@0x7CF0	Spider Rising Spear 	Spider Rising Spear 						V31_POINTER_TABLE_COMMAND_T19_I36
M1140	1	character_command_chart	slot	SLPS	0x3713A0	32	<r天井這落|てんじょうしゃらく>	NUN5_TEXTENG@0x7D10	Ceiling Crawl Drop	Ceiling Crawl Drop						V31_POINTER_TABLE_COMMAND_T19_I38
M1141	1	character_command_chart	slot	SLPS	0x3713C0	48	<r蜘蛛粘吐|クモねんど>　<r纏糸|てんし>	NUN5_TEXTENG@0x7D30	Spider Gum: Clad String	Spider Gum: Clad String						V31_POINTER_TABLE_COMMAND_T19_I40
M1142	1	character_command_chart	slot	SLPS	0x3713F0	32	<r八艘蜘蛛足|はっそうクモあし>	NUN5_TEXTENG@0x7D50	8 Ship Spider Leg 	8 Ship Spider Leg 						V31_POINTER_TABLE_COMMAND_T19_I42
M1143	1	character_command_chart	slot	SLPS	0x375DF0	64	<r幻武操曲|げんぶそうきょく>　<r絆狂|はんきょう>	NUN5_TEXTENG@0x7E20	Musical Manipulation: Tied Madness	Musical Manipulation: Tied Madness						V31_POINTER_TABLE_COMMAND_T20_I01
M1144	1	character_command_chart	slot	SLPS	0x375E30	48	<r幻武操曲|げんぶそうきょく>　<r独葬|どくそう>	NUN5_TEXTENG@0x7E50	Musical Manipulation: Single Burial 	Musical Manipulation: Single Burial 						V31_POINTER_TABLE_COMMAND_T20_I03
M1145	1	character_command_chart	slot	SLPS	0x375E60	32	<r魔笛|まてき>　<r鎖音|さいん>	NUN5_TEXTENG@0x7E80	Demon Flute: Chain Sound	Demon Flute: Chain Sound						V31_POINTER_TABLE_COMMAND_T20_I23
M1146	1	character_command_chart	slot	SLPS	0x375E80	32	<r魔笛|まてき>　<r音羽|おとは>	NUN5_TEXTENG@0x7EA0	Demon Flute: Sound Wings	Demon Flute: Sound Wings						V31_POINTER_TABLE_COMMAND_T20_I24
M1147	1	character_command_chart	slot	SLPS	0x375EA0	48	<r魔笛|まてき>　<r滴音|てきいん>	NUN5_TEXTENG@0x7EC0	Demon Flute: Drop Sound	Demon Flute: Drop Sound						V31_POINTER_TABLE_COMMAND_T20_I25
M1148	1	character_command_chart	slot	SLPS	0x375ED0	48	<r魔笛|まてき>　<r円音|えんいん>	NUN5_TEXTENG@0x7EE0	Demon Flute: Circle Sound	Demon Flute: Circle Sound						V31_POINTER_TABLE_COMMAND_T20_I26
M1149	1	character_command_chart	slot	SLPS	0x375F00	48	<r魔笛|まてき>　<r月音|げついん>	NUN5_TEXTENG@0x7F00	Demon Flute: Moon Sound	Demon Flute: Moon Sound						V31_POINTER_TABLE_COMMAND_T20_I27
M1150	1	character_command_chart	slot	SLPS	0x375F30	48	<r魔笛|まてき>　<r跫音|きょうおん>	NUN5_TEXTENG@0x7F20	Demon Flute: Footstep Sound	Demon Flute: Footstep Sound						V31_POINTER_TABLE_COMMAND_T20_I28
M1151	1	character_command_chart	slot	SLPS	0x375F60	32	<r魔笛|まてき>　<r波音|はいん>	NUN5_TEXTENG@0x7F40	Demon Flute: Wave Sound	Demon Flute: Wave Sound						V31_POINTER_TABLE_COMMAND_T20_I29
M1152	1	character_command_chart	slot	SLPS	0x375F80	16	<r無音|ぶいん>	NUN5_SLES@0x514118	Silence	Silence						V31_POINTER_TABLE_COMMAND_T20_I31
M1153	1	character_command_chart	slot	SLPS	0x375F90	48	<r魔笛|まてき>　<r環音|かんいん>	NUN5_TEXTENG@0x7F60	Demon Flute: Ring Sound	Demon Flute: Ring Sound						V31_POINTER_TABLE_COMMAND_T20_I32
M1154	1	character_command_chart	slot	SLPS	0x375FC0	40	<r魔笛|まてき>　<r凛音|りんおん>	NUN5_TEXTENG@0x7F80	Demon Flute: Clear Sound	Demon Flute: Clear Sound						V31_POINTER_TABLE_COMMAND_T20_I33
M1155	1	character_command_chart	slot	SLPS	0x375FE8	24	<r無笛|むてき>	NUN5_TEXTENG@0x7FA0	No Flute 	No Flute 						V31_POINTER_TABLE_COMMAND_T20_I35
M1156	1	character_command_chart	slot	SLPS	0x376000	48	<r魔笛|まてき>　<r虚音|きょいん>	NUN5_TEXTENG@0x7FB0	Demon Flute: Hollow Sound	Demon Flute: Hollow Sound						V31_POINTER_TABLE_COMMAND_T20_I36
M1157	1	character_command_chart	slot	SLPS	0x37B3A0	32	<r多連拳|たれんけん>	NUN5_TEXTENG@0x8070	Multiple Fists Barrage	Multiple Fists Barrage						V31_POINTER_TABLE_COMMAND_T21_I01
M1158	1	character_command_chart	slot	SLPS	0x37B3C0	32	<r爆滅法陣|ばくめつほうじん>	NUN5_TEXTENG@0x8090	Explosive Destruction Formation	Explosive Destruction Formation						V31_POINTER_TABLE_COMMAND_T21_I03
M1159	1	character_command_chart	slot	SLPS	0x37B3E0	48	<r多連伸角脚|たれんしんかくきゃく>	NUN5_TEXTENG@0x80B0	Multi Growing Horn Kick	Multi Growing Horn Kick						V31_POINTER_TABLE_COMMAND_T21_I24
M1160	1	character_command_chart	slot	SLPS	0x37B410	48	<r多連暗生拳|たれんあんしょうけん>	NUN5_TEXTENG@0x80D0	Multi Dark Life Fist	Multi Dark Life Fist						V31_POINTER_TABLE_COMMAND_T21_I25
M1161	1	character_command_chart	slot	SLPS	0x37B440	48	<r多連鬼爪脚|たれんきそうきゃく>	NUN5_TEXTENG@0x80F0	Multi Demon Claw Kick	Multi Demon Claw Kick						V31_POINTER_TABLE_COMMAND_T21_I26
M1162	1	character_command_chart	slot	SLPS	0x37B470	48	<r多連惨風脚|たれんざんぷうきゃく>	NUN5_TEXTENG@0x8110	Multi Cruel Wind Kick	Multi Cruel Wind Kick						V31_POINTER_TABLE_COMMAND_T21_I27
M1163	1	character_command_chart	slot	SLPS	0x37B4A0	48	<r多連哭龍脚|たれんこくりゅうきゃく>	NUN5_TEXTENG@0x8130	Multi Howling Dragon Kick	Multi Howling Dragon Kick						V31_POINTER_TABLE_COMMAND_T21_I29
M1164	1	character_command_chart	slot	SLPS	0x37B4D0	48	<r多連獄刺脚|たれんごくしきゃく>	NUN5_TEXTENG@0x8150	Multi Imprisoning Stabbing Kick	Multi Imprisoning Stabbing Kick						V31_POINTER_TABLE_COMMAND_T21_I31
M1165	1	character_command_chart	slot	SLPS	0x37B500	48	<r多連亡手拳|たれんぼうしゅけん>	NUN5_TEXTENG@0x8170	Multi Dead Hand Fist	Multi Dead Hand Fist						V31_POINTER_TABLE_COMMAND_T21_I34
M1166	1	character_command_chart	slot	SLPS	0x37B530	48	<r多連閻鳴拳|たれんえんめいけん>	NUN5_TEXTENG@0x8190	Multi Diabolical Shouting Fist	Multi Diabolical Shouting Fist						V31_POINTER_TABLE_COMMAND_T21_I36
M1167	1	character_command_chart	slot	SLPS	0x37B560	48	<r多連追般脚|たれんついはんきゃく>	NUN5_TEXTENG@0x81B0	Multi Pursuing Kick	Multi Pursuing Kick						V31_POINTER_TABLE_COMMAND_T21_I39
M1168	1	character_command_chart	slot	SLPS	0x37B590	48	<r多連鬼招脚|たれんきしょうきゃく>	NUN5_TEXTENG@0x81D0	Multi Demon Calling Kick	Multi Demon Calling Kick						V31_POINTER_TABLE_COMMAND_T21_I42
M1169	1	character_command_chart	slot	SLPS	0x37B5C0	48	<r多連投獄脚|たれんとうごくきゃく>	NUN5_TEXTENG@0x81F0	Multi Imprisoning Kick	Multi Imprisoning Kick						V31_POINTER_TABLE_COMMAND_T21_I44
M1170	1	character_command_chart	slot	SLPS	0x37B5F0	32	<r多連魔走拳|たれんまそうけん>	NUN5_TEXTENG@0x8210	Multi Evil Dash Fist	Multi Evil Dash Fist						V31_POINTER_TABLE_COMMAND_T21_I47
M1171	1	character_command_chart	slot	SLPS	0x380BB8	24	<r茨|いばら>	NUN5_SLES@0x514120	Thorn	Thorn						V31_POINTER_TABLE_COMMAND_T22_I01
M1172	1	character_command_chart	slot	SLPS	0x380BD0	32	<r唐松|からまつ>の<r舞|まい>	NUN5_TEXTENG@0x82F0	Larch Dance 	Larch Dance 						V31_POINTER_TABLE_COMMAND_T22_I03
M1173	1	character_command_chart	slot	SLPS	0x380BF0	16	<r椿|つばき>	NUN5_TEXTENG@0x8300	Camellia 	Camellia 						V31_POINTER_TABLE_COMMAND_T22_I24
M1174	1	character_command_chart	slot	SLPS	0x380C00	16	<r槻|けやき>	NUN5_SLES@0x514128	Zelkova	Zelkova						V31_POINTER_TABLE_COMMAND_T22_I25
M1175	1	character_command_chart	slot	SLPS	0x380C10	32	<r風車|かざぐるま>	NUN5_TEXTENG@0x8310	Windmill	Windmill						V31_POINTER_TABLE_COMMAND_T22_I26
M1176	1	character_command_chart	slot	SLPS	0x380C30	24	<r骨飛礫|ほねつぶて>	NUN5_TEXTENG@0x8320	Flying Bone Pellet	Flying Bone Pellet						V31_POINTER_TABLE_COMMAND_T22_I27
M1177	1	character_command_chart	slot	SLPS	0x380C48	16	<r芒|すすき>	NUN5_SLES@0x514130	Pampas	Pampas						V31_POINTER_TABLE_COMMAND_T22_I28
M1178	1	character_command_chart	slot	SLPS	0x380C58	24	<r薊|あざみ>	NUN5_SLES@0x514138	Thistle	Thistle						V31_POINTER_TABLE_COMMAND_T22_I30
M1179	1	character_command_chart	slot	SLPS	0x380C70	24	<r令法|りょうぶ>	NUN5_SLES@0x514140	Clethra	Clethra						V31_POINTER_TABLE_COMMAND_T22_I32
M1180	1	character_command_chart	slot	SLPS	0x380C88	16	<r柊|ひいらぎ>	NUN5_SLES@0x514148	Holly	Holly						V31_POINTER_TABLE_COMMAND_T22_I34
M1181	1	character_command_chart	slot	SLPS	0x380C98	24	<r空木|うつぎ>	NUN5_SLES@0x514150	Deutzia	Deutzia						V31_POINTER_TABLE_COMMAND_T22_I36
M1182	1	character_command_chart	slot	SLPS	0x380CB0	24	<r吸葛|すいかずら>	NUN5_TEXTENG@0x8338	Honeysuckle	Honeysuckle						V31_POINTER_TABLE_COMMAND_T22_I39
M1183	1	character_command_chart	slot	SLPS	0x380CC8	24	<r柳|やなぎ>	NUN5_SLES@0x514158	Willow	Willow						V31_POINTER_TABLE_COMMAND_T22_I42
M1184	1	character_command_chart	slot	SLPS	0x380CE0	32	<r夜叉五倍子|やしゃぶし>	NUN5_SLES@0x514160	Alder 	Alder 						V31_POINTER_TABLE_COMMAND_T22_I44
M1185	1	character_command_chart	slot	SLPS	0x380D00	16	<r椹|さわら>	NUN5_SLES@0x514168	Cypress	Cypress						V31_POINTER_TABLE_COMMAND_T22_I47
M1186	1	character_command_chart	slot	SLPS	0x386690	32	<r瞬光|しゅんこう>	NUN5_TEXTENG@0x8410	Instant Light 	Instant Light 						V31_POINTER_TABLE_COMMAND_T23_I01
M1187	1	character_command_chart	slot	SLPS	0x3866B0	48	<r瞬転昇蹴|しゅんてんしょうしゅう>	NUN5_TEXTENG@0x8420	Instant Rising Kick	Instant Rising Kick						V31_POINTER_TABLE_COMMAND_T23_I24
M1188	1	character_command_chart	slot	SLPS	0x3866E0	32	<r射光閃|しゃこうせん>	NUN5_TEXTENG@0x8438	Shooting Flash	Shooting Flash						V31_POINTER_TABLE_COMMAND_T23_I25
M1189	1	character_command_chart	slot	SLPS	0x386700	32	<r輝刃閃|きじんせん>	NUN5_TEXTENG@0x8450	Shining Blade Flash	Shining Blade Flash						V31_POINTER_TABLE_COMMAND_T23_I26
M1190	1	character_command_chart	slot	SLPS	0x386720	32	<r三光閃|さんこうせん>	NUN5_TEXTENG@0x8468	Triple Flash	Triple Flash						V31_POINTER_TABLE_COMMAND_T23_I27
M1191	1	character_command_chart	slot	SLPS	0x386740	32	<r昇雷閃|しょうらいせん>	NUN5_TEXTENG@0x8480	Rising Thunder Flash	Rising Thunder Flash						V31_POINTER_TABLE_COMMAND_T23_I30
M1192	1	character_command_chart	slot	SLPS	0x386760	32	<r超光脚|ちょうこうきゃく>	NUN5_TEXTENG@0x84A0	Super Light beam Kick	Super Light beam Kick						V31_POINTER_TABLE_COMMAND_T23_I33
M1193	1	character_command_chart	slot	SLPS	0x386780	32	<r瞬雷刃|しゅんらいじん>	NUN5_TEXTENG@0x84C0	Instant Thunder Blade	Instant Thunder Blade						V31_POINTER_TABLE_COMMAND_T23_I36
M1194	1	character_command_chart	slot	SLPS	0x3867A0	32	<r粒光脚|りゅうこうきゃく>	NUN5_TEXTENG@0x84E0	Light Particle Kick	Light Particle Kick						V31_POINTER_TABLE_COMMAND_T23_I38
M1195	1	character_command_chart	slot	SLPS	0x3867C0	32	<r帰光閃|きこうせん>	NUN5_TEXTENG@0x8500	Returning Light Flash	Returning Light Flash						V31_POINTER_TABLE_COMMAND_T23_I41
M1196	1	character_command_chart	slot	SLPS	0x3867E0	32	<r降雷刃|こうらいじん>	NUN5_TEXTENG@0x8520	Falling Thunder Blade	Falling Thunder Blade						V31_POINTER_TABLE_COMMAND_T23_I44
M1197	1	character_command_chart	slot	SLPS	0x386800	32	<r疾光弾|しっこうだん>	NUN5_TEXTENG@0x8540	Lightning Bullet	Lightning Bullet						V31_POINTER_TABLE_COMMAND_T23_I46
M1198	1	character_command_chart	slot	SLPS	0x386820	32	<r迅雷閃|じんらいせん>	NUN5_TEXTENG@0x8560	Lightning Flash 	Lightning Flash 						V31_POINTER_TABLE_COMMAND_T23_I49
M1199	1	character_command_chart	slot	SLPS	0x38B6D0	32	おいろけの<r術|じゅつ>	NUN5_TEXTENG@0x8648	Sexy Jutsu	Sexy Jutsu						V31_POINTER_TABLE_COMMAND_T24_I01
M1200	1	character_command_chart	slot	SLPS	0x38B6F0	32	<r忍具|にんぐ>ぽいぽいっ！	NUN5_TEXTENG@0x8660	Ninja Tools Toss!	Ninja Tools Toss!						V31_POINTER_TABLE_COMMAND_T24_I03
M1201	1	character_command_chart	slot	SLPS	0x38B710	64	<r木|こ>ノ<r葉丸軍団劇場|はまるぐんだんげきじょう>	NUN5_TEXTENG@0x8680	Konohamaru Ninja Squad Theater	Konohamaru Ninja Squad Theater						V31_POINTER_TABLE_COMMAND_T24_I23
M1202	1	character_command_chart	slot	SLPS	0x38B750	24	ぐるぐるどか～ん！	NUN5_TEXTENG@0x86A0	Spin, Spin, Bam!	Spin, Spin, Bam!						V31_POINTER_TABLE_COMMAND_T24_I25
M1203	1	character_command_chart	slot	SLPS	0x38B768	24	かかったな！	NUN5_TEXTENG@0x86B8	I Got You!	I Got You!						V31_POINTER_TABLE_COMMAND_T24_I27
M1204	1	character_command_chart	slot	SLPS	0x38B780	32	<r見|み>えないだろ！	NUN5_TEXTENG@0x86D0	You Can't See Me!	You Can't See Me!						V31_POINTER_TABLE_COMMAND_T24_I28
M1205	1	character_command_chart	slot	SLPS	0x38B7A0	32	<r飛|と>んでけぇ！	NUN5_TEXTENG@0x86E8	Fly Away!	Fly Away!						V31_POINTER_TABLE_COMMAND_T24_I30
M1206	1	character_command_chart	slot	SLPS	0x38B7C0	32	<r飛|と>び<r越|こ>えろっ！	NUN5_TEXTENG@0x86F8	Jump Over!	Jump Over!						V31_POINTER_TABLE_COMMAND_T24_I32
M1207	1	character_command_chart	slot	SLPS	0x38B7E0	16	ごっつんこ！	NUN5_SLES@0x514170	Thump!	Thump!						V31_POINTER_TABLE_COMMAND_T24_I33
M1208	1	character_command_chart	slot	SLPS	0x38B7F0	16	びった～ん！	NUN5_SLES@0x514178	Slam!	Slam!						V31_POINTER_TABLE_COMMAND_T24_I34
M1209	1	character_command_chart	slot	SLPS	0x38B800	32	こっち<r来|く>るなコレ！	NUN5_TEXTENG@0x8710	Keep Away From Me!	Keep Away From Me!						V31_POINTER_TABLE_COMMAND_T24_I36
M1210	1	character_command_chart	slot	SLPS	0x38B820	32	あっち<r行|い>けコレ！	NUN5_TEXTENG@0x8728	Go Away! 	Go Away! 						V31_POINTER_TABLE_COMMAND_T24_I38
M1211	1	character_command_chart	slot	SLPS	0x390730	32	<r烈華掌|れっかしょう>	NUN5_TEXTENG@0x87E0	Fierce Palm	Fierce Palm						V31_POINTER_TABLE_COMMAND_T25_I01
M1212	1	character_command_chart	slot	SLPS	0x390750	32	<r輪昇打|りんしょうだ>	NUN5_TEXTENG@0x87F0	Rising Circle Strike	Rising Circle Strike						V31_POINTER_TABLE_COMMAND_T25_I24
M1213	1	character_command_chart	slot	SLPS	0x390770	32	<r砲突撃|ほうとつげき>	NUN5_TEXTENG@0x8810	Cannonball Charge	Cannonball Charge						V31_POINTER_TABLE_COMMAND_T25_I25
M1214	1	character_command_chart	slot	SLPS	0x390790	32	<r下天崩撃|げてんほうげき>	NUN5_TEXTENG@0x8830	Earth Destruction Attack	Earth Destruction Attack						V31_POINTER_TABLE_COMMAND_T25_I26
M1215	1	character_command_chart	slot	SLPS	0x3907B0	32	<r旋回掌|せんかいしょう>	NUN5_TEXTENG@0x8850	Whirling Palm	Whirling Palm						V31_POINTER_TABLE_COMMAND_T25_I27
M1216	1	character_command_chart	slot	SLPS	0x3907D0	32	<r天突連掌|てんとつれんしょう>	NUN5_TEXTENG@0x8860	Heaven Thrust Repeating Palm	Heaven Thrust Repeating Palm						V31_POINTER_TABLE_COMMAND_T25_I29
M1217	1	character_command_chart	slot	SLPS	0x3907F0	32	<r湖面双脚|こめんそうきゃく>	NUN5_TEXTENG@0x8880	Lake Surface Twin Kick	Lake Surface Twin Kick						V31_POINTER_TABLE_COMMAND_T25_I31
M1218	1	character_command_chart	slot	SLPS	0x390810	48	<r白爆経掌|びゃくばくけいしょう>	NUN5_TEXTENG@0x88A0	White Explosive Chakra Palm	White Explosive Chakra Palm						V31_POINTER_TABLE_COMMAND_T25_I33
M1219	1	character_command_chart	slot	SLPS	0x390840	48	<r跳背両脚|ちょうはいりょうきゃく>	NUN5_TEXTENG@0x88C0	Jumping Double Back Kick	Jumping Double Back Kick						V31_POINTER_TABLE_COMMAND_T25_I35
M1220	1	character_command_chart	slot	SLPS	0x390870	32	<r天掴砲掌|てんかくほうしょう>	NUN5_TEXTENG@0x88E0	Seizing Heaven Cannonball Palm	Seizing Heaven Cannonball Palm						V31_POINTER_TABLE_COMMAND_T25_I41
M1221	1	character_command_chart	slot	SLPS	0x3956E0	48	<r木遁|もくとん>・<r森羅万象|しんらばんしょう>	NUN5_TEXTENG@0x89B0	Wood Style: Universe	Wood Style: Universe						V31_POINTER_TABLE_COMMAND_T26_I01
M1222	1	character_command_chart	slot	SLPS	0x395710	64	<r木遁|もくとん>・<r金剛招木|こんごうしょうぼく>	NUN5_TEXTENG@0x89D0	Wood Style: Adamantine Forest Call	Wood Style: Adamantine Forest Call						V31_POINTER_TABLE_COMMAND_T26_I03
M1223	1	character_command_chart	slot	SLPS	0x395750	32	<r痛天樹|つうてんじゅ>	NUN5_TEXTENG@0x8A00	Heaven Forest of Pain	Heaven Forest of Pain						V31_POINTER_TABLE_COMMAND_T26_I24
M1224	1	character_command_chart	slot	SLPS	0x395770	32	<r木|こ>ノ<r葉風陣|はふうじん>	NUN5_TEXTENG@0x8A20	Hidden Leaf Wind Formation	Hidden Leaf Wind Formation						V31_POINTER_TABLE_COMMAND_T26_I25
M1225	1	character_command_chart	slot	SLPS	0x395790	32	<r無双脚|むそうきゃく>	NUN5_TEXTENG@0x8A40	Ultra Kick	Ultra Kick						V31_POINTER_TABLE_COMMAND_T26_I26
M1226	1	character_command_chart	slot	SLPS	0x3957B0	32	<r金剛拳|こんごうけん>	NUN5_TEXTENG@0x8A50	Adamantine Fist	Adamantine Fist						V31_POINTER_TABLE_COMMAND_T26_I27
M1227	1	character_command_chart	slot	SLPS	0x3957D0	32	<r縫連樹|ほうれんじゅ>	NUN5_TEXTENG@0x8A60	Lined Forest	Lined Forest						V31_POINTER_TABLE_COMMAND_T26_I29
M1228	1	character_command_chart	slot	SLPS	0x3957F0	32	<r黄金蓮咲|こがねれんそう>	NUN5_TEXTENG@0x8A70	Golden Lotus Blossom	Golden Lotus Blossom						V31_POINTER_TABLE_COMMAND_T26_I30
M1229	1	character_command_chart	slot	SLPS	0x395810	32	<r剛槍樹|ごうそうじゅ>	NUN5_TEXTENG@0x8A88	Spear Forest	Spear Forest						V31_POINTER_TABLE_COMMAND_T26_I31
M1230	1	character_command_chart	slot	SLPS	0x395830	32	<r真肘打|しんちゅうだ>	NUN5_TEXTENG@0x8A98	Elbow Strike	Elbow Strike						V31_POINTER_TABLE_COMMAND_T26_I33
M1231	1	character_command_chart	slot	SLPS	0x395850	32	<r天狗返|てんぐがえ>り	NUN5_TEXTENG@0x8AA8	Tengu Turn	Tengu Turn						V31_POINTER_TABLE_COMMAND_T26_I35
M1232	1	character_command_chart	slot	SLPS	0x395870	32	<r剛力天誅|ごうりきてんちゅう>	NUN5_TEXTENG@0x8AC0	Heaven's Punishment	Heaven's Punishment						V31_POINTER_TABLE_COMMAND_T26_I37
M1233	1	character_command_chart	slot	SLPS	0x395890	32	<r金剛投|こんごうな>げ	NUN5_TEXTENG@0x8AE0	Adamantine Throw	Adamantine Throw						V31_POINTER_TABLE_COMMAND_T26_I39
M1234	1	character_command_chart	slot	SLPS	0x3958B0	32	<r旋風舞|つむじま>い	NUN5_TEXTENG@0x8B00	Whirlwind Dance	Whirlwind Dance						V31_POINTER_TABLE_COMMAND_T26_I41
M1235	1	character_command_chart	slot	SLPS	0x39A950	48	<r黒暗行|こくあんぎょう>の<r術|じゅつ>	NUN5_TEXTENG@0x8BC0	Infinite Darkness Jutsu	Infinite Darkness Jutsu						V31_POINTER_TABLE_COMMAND_T27_I01
M1236	1	character_command_chart	slot	SLPS	0x39A980	48	<r水遁|すいとん>・<r水陣壁|すいじんへき>	NUN5_TEXTENG@0x8BE0	Water Style: Water Wall	Water Style: Water Wall						V31_POINTER_TABLE_COMMAND_T27_I03
M1237	1	character_command_chart	slot	SLPS	0x39A9B0	32	<r昇河穿脚|しょうかせんきゃく>	NUN5_TEXTENG@0x8C00	Rising River Thrust Kick	Rising River Thrust Kick						V31_POINTER_TABLE_COMMAND_T27_I24
M1238	1	character_command_chart	slot	SLPS	0x39A9D0	32	<r水掌刃|すいしょうじん>	NUN5_TEXTENG@0x8C20	Water Palm Blade	Water Palm Blade						V31_POINTER_TABLE_COMMAND_T27_I25
M1239	1	character_command_chart	slot	SLPS	0x39A9F0	32	<r抱水|ほうすい>	NUN5_TEXTENG@0x8C38	Water Retain	Water Retain						V31_POINTER_TABLE_COMMAND_T27_I26
M1240	1	character_command_chart	slot	SLPS	0x39AA10	32	<r流水斬|りゅうすいざん>	NUN5_TEXTENG@0x8C50	Flowing Water Slash	Flowing Water Slash						V31_POINTER_TABLE_COMMAND_T27_I27
M1241	1	character_command_chart	slot	SLPS	0x39AA30	32	<r水柱突|すいちゅうとつ>	NUN5_TEXTENG@0x8C70	Water Pillar Thrust	Water Pillar Thrust						V31_POINTER_TABLE_COMMAND_T27_I29
M1242	1	character_command_chart	slot	SLPS	0x39AA50	32	<r転落踵|てんらくしょう>	NUN5_TEXTENG@0x8C88	Heel Drop	Heel Drop						V31_POINTER_TABLE_COMMAND_T27_I31
M1243	1	character_command_chart	slot	SLPS	0x39AA70	32	<r瞬水|しゅんすい>	NUN5_TEXTENG@0x8C98	Instant Water	Instant Water						V31_POINTER_TABLE_COMMAND_T27_I33
M1244	1	character_command_chart	slot	SLPS	0x39AA90	32	<r渦流脚激|かりゅうかくげき>	NUN5_TEXTENG@0x8CA8	Whirlpool Kick	Whirlpool Kick						V31_POINTER_TABLE_COMMAND_T27_I35
M1245	1	character_command_chart	slot	SLPS	0x39AAB0	32	<r氾水脚|はんすいきゃく>	NUN5_TEXTENG@0x8CB8	Flood Kick 	Flood Kick 						V31_POINTER_TABLE_COMMAND_T27_I38
M1246	1	character_command_chart	slot	SLPS	0x39AAD0	16	<r獅水|しすい>	NUN5_TEXTENG@0x8CC8	Lion Water	Lion Water						V31_POINTER_TABLE_COMMAND_T27_I39
M1247	1	character_command_chart	slot	SLPS	0x39AAE0	32	<r滝壺落|たきつぼお>とし	NUN5_TEXTENG@0x8CE0	Water Basin Drop 	Water Basin Drop 						V31_POINTER_TABLE_COMMAND_T27_I41
M1248	1	character_command_chart	slot	SLPS	0x39AB00	32	<r飛沫連脚|ひまつれんきゃく>	NUN5_TEXTENG@0x8D00	Spray Kick Barrage	Spray Kick Barrage						V31_POINTER_TABLE_COMMAND_T27_I44
M1249	1	character_command_chart	slot	SLPS	0x39FF60	32	<r猛蛇蹂躙|もうじゃじゅうりん>	NUN5_TEXTENG@0x8DD8	Snake Stomp	Snake Stomp						V31_POINTER_TABLE_COMMAND_T28_I01
M1250	1	character_command_chart	slot	SLPS	0x39FF80	32	<r撃滅乱蛇|げきめつらんだ>	NUN5_TEXTENG@0x8DF0	Marauding Snakes	Marauding Snakes						V31_POINTER_TABLE_COMMAND_T28_I03
M1251	1	character_command_chart	slot	SLPS	0x39FFA0	32	<r輪蛇転脚|りんじゃてんきゃく>	NUN5_TEXTENG@0x8E10	Ring Snake Kick	Ring Snake Kick						V31_POINTER_TABLE_COMMAND_T28_I24
M1252	1	character_command_chart	slot	SLPS	0x39FFC0	48	<r潜影蛇手|せんえいじゃしゅ>　<r蛇突|じゃとつ>	NUN5_TEXTENG@0x8E20	Striking Shadow Snake: Snake Thrust	Striking Shadow Snake: Snake Thrust						V31_POINTER_TABLE_COMMAND_T28_I25
M1253	1	character_command_chart	slot	SLPS	0x39FFF0	48	<r潜影蛇手|せんえいじゃしゅ>　<r蛇降|じゃこう>	NUN5_TEXTENG@0x8E50	Striking Shadow Snake: Snake Fall	Striking Shadow Snake: Snake Fall						V31_POINTER_TABLE_COMMAND_T28_I26
M1254	1	character_command_chart	slot	SLPS	0x3A0020	32	<r刃蛇潜影|はじゃせんえい>	NUN5_TEXTENG@0x8E80	Blade Snake Shadow	Blade Snake Shadow						V31_POINTER_TABLE_COMMAND_T28_I28
M1255	1	character_command_chart	slot	SLPS	0x3A0040	48	<r追蛇脚昇|ついじゃきゃくしょう>	NUN5_TEXTENG@0x8EA0	Pursuing Snake Rising Kick	Pursuing Snake Rising Kick						V31_POINTER_TABLE_COMMAND_T28_I30
M1256	1	character_command_chart	slot	SLPS	0x3A0070	48	<r潜影蛇手|せんえいじゃしゅ>　<r蛇鞭|じゃべん>	NUN5_TEXTENG@0x8EC0	Striking Shadow Snake: Snake Whip	Striking Shadow Snake: Snake Whip						V31_POINTER_TABLE_COMMAND_T28_I32
M1257	1	character_command_chart	slot	SLPS	0x3A00A0	32	<r這蛇穿脚|はじゃせんきゃく>	NUN5_TEXTENG@0x8EF0	Slithering Snake Thrust Kick	Slithering Snake Thrust Kick						V31_POINTER_TABLE_COMMAND_T28_I34
M1258	1	character_command_chart	slot	SLPS	0x3A00C0	48	<r潜影蛇手|せんえいじゃしゅ>　<r蛇縛|じゃばく>	NUN5_TEXTENG@0x8F10	Striking Shadow Snake: Snake Capture	Striking Shadow Snake: Snake Capture						V31_POINTER_TABLE_COMMAND_T28_I36
M1259	1	character_command_chart	slot	SLPS	0x3A00F0	64	<r潜影蛇手|せんえいじゃしゅ>　<r蛇仰|じゃぎょう>	NUN5_TEXTENG@0x8F40	Striking Shadow Snake: Snake Cult	Striking Shadow Snake: Snake Cult						V31_POINTER_TABLE_COMMAND_T28_I39
M1260	1	character_command_chart	slot	SLPS	0x3A0130	48	<r潜影蛇手|せんせいじゃしゅ>　<r蛇追|じゃつい>	NUN5_TEXTENG@0x8F70	Striking Shadow Snake: Snake Pursuit	Striking Shadow Snake: Snake Pursuit						V31_POINTER_TABLE_COMMAND_T28_I42
M1261	1	character_command_chart	slot	SLPS	0x3A0160	32	<r蛇縛転脚|じゃばくてんきゃく>	NUN5_TEXTENG@0x8FA0	Snake Capture Rolling Kick	Snake Capture Rolling Kick						V31_POINTER_TABLE_COMMAND_T28_I44
M1262	1	character_command_chart	slot	SLPS	0x3A0180	48	<r旋蛇蹴脚|せんじゃしゅうきゃく>	NUN5_TEXTENG@0x8FC0	Spiral Snake Kick	Spiral Snake Kick						V31_POINTER_TABLE_COMMAND_T28_I47
M1263	1	character_command_chart	slot	SLPS	0x3A5820	32	<r九尾|きゅうび>の<r力|ちから>	NUN5_TEXTENG@0x90A0	Nine-Tailed Fox Power	Nine-Tailed Fox Power						V31_POINTER_TABLE_COMMAND_T29_I01
M1264	1	character_command_chart	slot	SLPS	0x3A5840	48	<r朱|あか>い<r螺旋丸|らせんがん>	NUN5_TEXTENG@0x90C0	Vermilion Rasengan	Vermilion Rasengan						V31_POINTER_TABLE_COMMAND_T29_I03
M1265	1	character_command_chart	slot	SLPS	0x3A5870	32	<r紅蓮旋風|ぐれんせんぷう>	NUN5_TEXTENG@0x90E0	Blazing Whirlwind	Blazing Whirlwind						V31_POINTER_TABLE_COMMAND_T29_I24
M1266	1	character_command_chart	slot	SLPS	0x3A5890	32	<r紅蓮爪駆|ぐれんそうか>	NUN5_TEXTENG@0x9100	Blazing Claw Dash	Blazing Claw Dash						V31_POINTER_TABLE_COMMAND_T29_I25
M1267	1	character_command_chart	slot	SLPS	0x3A58B0	32	<r紅蓮爪舞|ぐれんそうぶ>	NUN5_TEXTENG@0x9120	Blazing Claw Dance	Blazing Claw Dance						V31_POINTER_TABLE_COMMAND_T29_I26
M1268	1	character_command_chart	slot	SLPS	0x3A58D0	32	<r紅蓮風塵|ぐれんふうじん>	NUN5_TEXTENG@0x9138	Blazing Dust	Blazing Dust						V31_POINTER_TABLE_COMMAND_T29_I27
M1269	1	character_command_chart	slot	SLPS	0x3A58F0	32	<r紅蓮空舞|ぐれんくうぶ>	NUN5_TEXTENG@0x9150	Blazing Air Dance	Blazing Air Dance						V31_POINTER_TABLE_COMMAND_T29_I29
M1270	1	character_command_chart	slot	SLPS	0x3A5910	32	<r紅蓮震弾|ぐれんしんだん>	NUN5_TEXTENG@0x9170	Blazing Vibrating Bullet	Blazing Vibrating Bullet						V31_POINTER_TABLE_COMMAND_T29_I31
M1271	1	character_command_chart	slot	SLPS	0x3A5930	32	<r紅蓮倒落|ぐれんとうらく>	NUN5_TEXTENG@0x9190	Blazing Drop	Blazing Drop						V31_POINTER_TABLE_COMMAND_T29_I33
M1272	1	character_command_chart	slot	SLPS	0x3A5950	48	<r紅蓮飛流撃|ぐれんひりゅうげき>	NUN5_TEXTENG@0x91A0	Blazing Flying Strike	Blazing Flying Strike						V31_POINTER_TABLE_COMMAND_T29_I35
M1273	1	character_command_chart	slot	SLPS	0x3A5980	32	<r紅蓮震撃|ぐれんしんげき>	NUN5_TEXTENG@0x91C0	Blazing Tremor Attack	Blazing Tremor Attack						V31_POINTER_TABLE_COMMAND_T29_I38
M1274	1	character_command_chart	slot	SLPS	0x3A59A0	32	<r紅蓮爪撃|ぐれんそうげき>	NUN5_TEXTENG@0x91E0	Blazing Claw Strike	Blazing Claw Strike						V31_POINTER_TABLE_COMMAND_T29_I41
M1275	1	character_command_chart	slot	SLPS	0x3A59C0	48	<r紅蓮旋風迅|ぐれんせんぷうじん>	NUN5_TEXTENG@0x9200	Rapid Blazing Whirlwind	Rapid Blazing Whirlwind						V31_POINTER_TABLE_COMMAND_T29_I43
M1276	1	character_command_chart	slot	SLPS	0x3A59F0	32	<r紅蓮旋華|ぐれんせんか>	NUN5_TEXTENG@0x9220	Blazing Whirling Flower	Blazing Whirling Flower						V31_POINTER_TABLE_COMMAND_T29_I46
M1277	1	character_command_chart	slot	SLPS	0x3AB2F0	48	<r無双豪風陣|むそうごうふうじん>	NUN5_TEXTENG@0x9300	Ultra Gale Formation	Ultra Gale Formation						V31_POINTER_TABLE_COMMAND_T30_I01
M1278	1	character_command_chart	slot	SLPS	0x3AB320	32	<r黒|くろ>い<r千鳥|ちどり>	NUN5_TEXTENG@0x9318	Black Chidori	Black Chidori						V31_POINTER_TABLE_COMMAND_T30_I03
M1279	1	character_command_chart	slot	SLPS	0x3AB340	32	<r飛炎疾風|ひえんしっぷう>	NUN5_TEXTENG@0x9330	Flying Flame Gale	Flying Flame Gale						V31_POINTER_TABLE_COMMAND_T30_I24
M1280	1	character_command_chart	slot	SLPS	0x3AB360	32	<r旋風轟迅|せんぷうごうじん>	NUN5_TEXTENG@0x9350	Super Speed Whirlwind 	Super Speed Whirlwind 						V31_POINTER_TABLE_COMMAND_T30_I25
M1281	1	character_command_chart	slot	SLPS	0x3AB380	48	<r火遁|かとん>・<r飛炎弾|ひえんだん>	NUN5_TEXTENG@0x9370	Fire Style: Flying Flame Bullet 	Fire Style: Flying Flame Bullet 						V31_POINTER_TABLE_COMMAND_T30_I26
M1282	1	character_command_chart	slot	SLPS	0x3AB3B0	32	<r後葬炎舞|こうそうえんぶ>	NUN5_TEXTENG@0x93A0	Burial Flame Dance 	Burial Flame Dance 						V31_POINTER_TABLE_COMMAND_T30_I27
M1283	1	character_command_chart	slot	SLPS	0x3AB3D0	32	<r疾風炎戯|しっぷうえんぎ>	NUN5_TEXTENG@0x93C0	Gale Flame Prank	Gale Flame Prank						V31_POINTER_TABLE_COMMAND_T30_I29
M1284	1	character_command_chart	slot	SLPS	0x3AB3F0	32	<r旋風炎迅|せんぷうえんじん>	NUN5_TEXTENG@0x93E0	Rapid Flame Whirlwind	Rapid Flame Whirlwind						V31_POINTER_TABLE_COMMAND_T30_I31
M1285	1	character_command_chart	slot	SLPS	0x3AB410	48	<r轟風炎飛落|ごうふうえんびらく>	NUN5_TEXTENG@0x9400	Roaring Wind Flame Drop	Roaring Wind Flame Drop						V31_POINTER_TABLE_COMMAND_T30_I33
M1286	1	character_command_chart	slot	SLPS	0x3AB440	32	<r飛隼奈落|ひしゅんならく>	NUN5_TEXTENG@0x9420	Flying Falcon Abyss	Flying Falcon Abyss						V31_POINTER_TABLE_COMMAND_T30_I37
M1287	1	character_command_chart	slot	SLPS	0x3AB460	48	<r疾風翔炎迅|しっぷうしょうえんじん>	NUN5_TEXTENG@0x9440	Flying Gale Flame	Flying Gale Flame						V31_POINTER_TABLE_COMMAND_T30_I40
M1288	1	character_command_chart	slot	SLPS	0x3AB490	32	<r双飛天脚|そうひてんきゃく>	NUN5_TEXTENG@0x9460	Twin Flying Kick	Twin Flying Kick						V31_POINTER_TABLE_COMMAND_T30_I42
M1289	1	character_command_chart	slot	SLPS	0x3AB4B0	48	<r疾走流葬迅|しっそうりゅうそうじん>	NUN5_TEXTENG@0x9480	Rapid Burial Dash 	Rapid Burial Dash 						V31_POINTER_TABLE_COMMAND_T30_I44
M1290	1	character_command_chart	slot	SLPS	0x3AB4E0	32	<r飛炎流舞|ひえんりゅうぶ>	NUN5_TEXTENG@0x94A0	Flying Flame Dance	Flying Flame Dance						V31_POINTER_TABLE_COMMAND_T30_I47
M1291	1	character_command_chart	slot	SLPS	0x3B0FB0	32	すい<r蓮華|れんげ>	NUN5_TEXTENG@0x9580	Loopy Lotus	Loopy Lotus						V31_POINTER_TABLE_COMMAND_T31_I01
M1292	1	character_command_chart	slot	SLPS	0x3B0FD0	32	すい<r八旋風|はっせんぷう>	NUN5_TEXTENG@0x9590	Loopy Eight Whirlwind	Loopy Eight Whirlwind						V31_POINTER_TABLE_COMMAND_T31_I03
M1293	1	character_command_chart	slot	SLPS	0x3B0FF0	48	<r旋転仰飲蹴|せんてんぎょういんしゅう>	NUN5_TEXTENG@0x95A8	Whirling Kick	Whirling Kick						V31_POINTER_TABLE_COMMAND_T31_I23
M1294	1	character_command_chart	slot	SLPS	0x3B1020	64	<r三連双撃|さんれんそうげき>　<r鬼殺|おにごろ>し	NUN5_TEXTENG@0x95C0	Triple Twin-Attack: Demon Killer	Triple Twin-Attack: Demon Killer						V31_POINTER_TABLE_COMMAND_T31_I24
M1295	1	character_command_chart	slot	SLPS	0x3B1060	32	<r旋転地盃|せんてんちはい>	NUN5_TEXTENG@0x95F0	Whirling Earth Goblet	Whirling Earth Goblet						V31_POINTER_TABLE_COMMAND_T31_I25
M1296	1	character_command_chart	slot	SLPS	0x3B1080	32	<r逆樽回|さかだるまわ>し	NUN5_TEXTENG@0x9610	Reverse Barrel Spin	Reverse Barrel Spin						V31_POINTER_TABLE_COMMAND_T31_I27
M1297	1	character_command_chart	slot	SLPS	0x3B10A0	32	<r月牙跳撃|げつがちょうげき>	NUN5_TEXTENG@0x9630	Moon Fang Strike	Moon Fang Strike						V31_POINTER_TABLE_COMMAND_T31_I28
M1298	1	character_command_chart	slot	SLPS	0x3B10C0	32	<r二本蹴|にほんしゅう>	NUN5_TEXTENG@0x9648	Double Kick	Double Kick						V31_POINTER_TABLE_COMMAND_T31_I30
M1299	1	character_command_chart	slot	SLPS	0x3B10E0	32	<r常流蹴|じょうりゅうしゅう>	NUN5_TEXTENG@0x9658	Ever-Flow Kick	Ever-Flow Kick						V31_POINTER_TABLE_COMMAND_T31_I32
M1300	1	character_command_chart	slot	SLPS	0x3B1100	48	<r騰空飛天砲|とうくうひてんほう>	NUN5_TEXTENG@0x9670	Boiling Air Flying Cannonball	Boiling Air Flying Cannonball						V31_POINTER_TABLE_COMMAND_T31_I33
M1301	1	character_command_chart	slot	SLPS	0x3B1130	32	<r舞投蹴|ぶとうしゅう>	NUN5_TEXTENG@0x9690	Dancing Throw Kick	Dancing Throw Kick						V31_POINTER_TABLE_COMMAND_T31_I37
M1302	1	character_command_chart	slot	SLPS	0x3B1150	32	<r翔宙脚|しょうちゅうきゃく>	NUN5_TEXTENG@0x96A8	Flying Kick	Flying Kick						V31_POINTER_TABLE_COMMAND_T31_I40
M1303	1	character_command_chart	slot	SLPS	0x3B1170	32	<r杯落|さかずきお>とし	NUN5_TEXTENG@0x96B8	Goblet Drop	Goblet Drop						V31_POINTER_TABLE_COMMAND_T31_I43
M1304	1	character_command_chart	slot	SLPS	0x3B1190	32	<r陽鳴蹴|ようめいしゅう>	NUN5_TEXTENG@0x96C8	Chirping Kick	Chirping Kick						V31_POINTER_TABLE_COMMAND_T31_I45
M1305	1	character_command_chart	slot	SLPS	0x3B11B0	32	<r突|つ>き<r出|だ>し	NUN5_SLES@0x514180	Shove	Shove						V31_POINTER_TABLE_COMMAND_T31_I48
M1306	1	character_command_chart	slot	SLPS	0x3B62D0	32	<r熱砂瀑葬|ねっさばくそう>	NUN5_TEXTENG@0x97B0	Hot Sand Burial 	Hot Sand Burial 						V31_POINTER_TABLE_COMMAND_T32_I01
M1307	1	character_command_chart	slot	SLPS	0x3B62F0	32	<r砂手裏剣|すなしゅりけん>	NUN5_TEXTENG@0x4E98	Sand Shuriken	Sand Shuriken						V31_POINTER_TABLE_COMMAND_T32_I03
M1308	1	character_command_chart	slot	SLPS	0x3B6310	16	<r砂天|さてん>	NUN5_TEXTENG@0x97C8	Sand Sky	Sand Sky						V31_POINTER_TABLE_COMMAND_T32_I23
M1309	1	character_command_chart	slot	SLPS	0x3B6320	32	<r砂腕撃|さわんげき>	NUN5_TEXTENG@0x97D8	Sand Arm Blow	Sand Arm Blow						V31_POINTER_TABLE_COMMAND_T32_I24
M1310	1	character_command_chart	slot	SLPS	0x3B6340	32	<r砂重|さじゅう>の<r尾|お>	NUN5_TEXTENG@0x97E8	Sand Tail	Sand Tail						V31_POINTER_TABLE_COMMAND_T32_I25
M1311	1	character_command_chart	slot	SLPS	0x3B6360	16	<r烈砂|れっさ>	NUN5_TEXTENG@0x97F8	Fierce Sand	Fierce Sand						V31_POINTER_TABLE_COMMAND_T32_I27
M1312	1	character_command_chart	slot	SLPS	0x3B6370	32	<r砂狸躯砲|さりくほう>	NUN5_TEXTENG@0x9810	Sand Cannonball	Sand Cannonball						V31_POINTER_TABLE_COMMAND_T32_I29
M1313	1	character_command_chart	slot	SLPS	0x3B6390	32	<r暴砂墳塵|ぼうさふんじん>	NUN5_TEXTENG@0x9820	Sand Erupting Dust	Sand Erupting Dust						V31_POINTER_TABLE_COMMAND_T32_I30
M1314	1	character_command_chart	slot	SLPS	0x3B63B0	32	<r轢砂噛弾|れきさごうだん>	NUN5_TEXTENG@0x9838	Sand Bullet	Sand Bullet						V31_POINTER_TABLE_COMMAND_T32_I31
M1315	1	character_command_chart	slot	SLPS	0x3B63D0	32	<r流砂削激|りゅうささくげき>	NUN5_TEXTENG@0x9848	Sand Blast	Sand Blast						V31_POINTER_TABLE_COMMAND_T32_I33
M1316	1	character_command_chart	slot	SLPS	0x3B63F0	24	<r放天|ほうてん>	NUN5_TEXTENG@0x9860	Heaven Release 	Heaven Release 						V31_POINTER_TABLE_COMMAND_T32_I35
M1317	1	character_command_chart	slot	SLPS	0x3B6408	24	<r怒砂|どしゃ>	NUN5_TEXTENG@0x9870	Raging Sand	Raging Sand						V31_POINTER_TABLE_COMMAND_T32_I36
M1318	1	character_command_chart	slot	SLPS	0x3B6420	32	<r墳砂瀑弾|ふんさばくだん>	NUN5_TEXTENG@0x9880	Erupting Sand Bullet	Erupting Sand Bullet						V31_POINTER_TABLE_COMMAND_T32_I38
M1319	1	character_command_chart	slot	SLPS	0x3B6440	32	<r瀑流禍礫|ばくりゅうかれき>	NUN5_TEXTENG@0x9898	Pellet Stream 	Pellet Stream 						V31_POINTER_TABLE_COMMAND_T32_I41
M1320	1	character_command_chart	slot	SLPS	0x3BB580	32	<r蝶抜怒投|ちょうばつどとう>	NUN5_TEXTENG@0x9960	Butterfly Rage Throw	Butterfly Rage Throw						V31_POINTER_TABLE_COMMAND_T33_I01
M1321	1	character_command_chart	slot	SLPS	0x3BB5A0	32	<r蝶弾爆裂|ちょうだんばくれつ>	NUN5_TEXTENG@0x9980	Butterfly Bomb Sever	Butterfly Bomb Sever						V31_POINTER_TABLE_COMMAND_T33_I03
M1322	1	character_command_chart	slot	SLPS	0x3BB5C0	32	<r蒼天舞|そうてんぶ>	NUN5_TEXTENG@0x9998	Blue Sky Dance	Blue Sky Dance						V31_POINTER_TABLE_COMMAND_T33_I24
M1323	1	character_command_chart	slot	SLPS	0x3BB5E0	32	<r空填砲|くうてんほう>	NUN5_TEXTENG@0x99B0	Empty Cannonball 	Empty Cannonball 						V31_POINTER_TABLE_COMMAND_T33_I26
M1324	1	character_command_chart	slot	SLPS	0x3BB600	32	<r捻転斧|ねんてんふ>	NUN5_TEXTENG@0x99C8	Twisting Axe 	Twisting Axe 						V31_POINTER_TABLE_COMMAND_T33_I27
M1325	1	character_command_chart	slot	SLPS	0x3BB620	32	<r瞬身叩|しゅんしんこう>	NUN5_TEXTENG@0x99D8	Instant Smash	Instant Smash						V31_POINTER_TABLE_COMMAND_T33_I29
M1326	1	character_command_chart	slot	SLPS	0x3BB640	32	<r空天翔|くうてんしょう>	NUN5_TEXTENG@0x99E8	Flying Heaven	Flying Heaven						V31_POINTER_TABLE_COMMAND_T33_I31
M1327	1	character_command_chart	slot	SLPS	0x3BB660	32	<r降竜槍|こうりゅうそう>	NUN5_TEXTENG@0x9A00	Falling Dragon Spear 	Falling Dragon Spear 						V31_POINTER_TABLE_COMMAND_T33_I33
M1328	1	character_command_chart	slot	SLPS	0x3BB680	32	<r彗星突|すいせいとつ>	NUN5_TEXTENG@0x9A20	Shooting Star Thrust	Shooting Star Thrust						V31_POINTER_TABLE_COMMAND_T33_I35
M1329	1	character_command_chart	slot	SLPS	0x3BB6A0	32	<r空圧閃|くうあつせん>	NUN5_TEXTENG@0x9A40	Air Pressure Slash	Air Pressure Slash						V31_POINTER_TABLE_COMMAND_T33_I37
M1330	1	character_command_chart	slot	SLPS	0x3BB6C0	32	<r裂空昇|れっくうしょう>	NUN5_TEXTENG@0x9A60	Rising Air Slice	Rising Air Slice						V31_POINTER_TABLE_COMMAND_T33_I39
M1331	1	character_command_chart	slot	SLPS	0x3BB6E0	32	<r閃天斧|せんてんふ>	NUN5_TEXTENG@0x9A80	Slashing Heaven Axe	Slashing Heaven Axe						V31_POINTER_TABLE_COMMAND_T33_I41
M1332	1	character_command_chart	slot	SLPS	0x3BB700	32	<r飛転脚|ひてんきゃく>	NUN5_TEXTENG@0x9AA0	Flying Spin Kick	Flying Spin Kick						V31_POINTER_TABLE_COMMAND_T33_I43
M1333	1	character_command_chart	slot	SLPS	0x3BB720	32	<r天駆羽|てんくう>	NUN5_TEXTENG@0x9AB8	Pegasus Wing	Pegasus Wing						V31_POINTER_TABLE_COMMAND_T33_I44
M1334	1	character_command_chart	slot	SLPS	0x3C0610	32	チャクラ<r吸引|きゅういん>	NUN5_TEXTENG@0x9B88	Chakra Inhale	Chakra Inhale						V31_POINTER_TABLE_COMMAND_T34_I01
M1335	1	character_command_chart	slot	SLPS	0x3C0630	48	<r土遁|どとん>・<r噴岩砲岱|ふんがんほうたい>	NUN5_TEXTENG@0x9BA0	Earth Style: Gushing Rock Mountain Cannonball	Earth Style: Gushing Rock Mountain Cannonball						V31_POINTER_TABLE_COMMAND_T34_I03
M1337	1	character_command_chart	slot	SLPS	0x3C0670	32	<r昇撃掌|しょうげきしょう>	NUN5_TEXTENG@0x9BD0	Slamming Palm	Slamming Palm						V31_POINTER_TABLE_COMMAND_T34_I23
M1338	1	character_command_chart	slot	SLPS	0x3C0690	32	<r豪肘撃|ごうちゅうげき>	NUN5_TEXTENG@0x9BE0	Elbow Strike 	Elbow Strike 						V31_POINTER_TABLE_COMMAND_T34_I24
M1339	1	character_command_chart	slot	SLPS	0x3C06B0	32	<r地断堕|じだんだ>	NUN5_TEXTENG@0x9BF0	Severing Earth	Severing Earth						V31_POINTER_TABLE_COMMAND_T34_I25
M1340	1	character_command_chart	slot	SLPS	0x3C06D0	32	<r土天砲|どってんぽう>	NUN5_TEXTENG@0x9C00	Earth and Heaven Cannonball	Earth and Heaven Cannonball						V31_POINTER_TABLE_COMMAND_T34_I27
M1341	1	character_command_chart	slot	SLPS	0x3C06F0	32	<r昇膝|しょうしつ>	NUN5_TEXTENG@0x9C20	Knee Slam	Knee Slam						V31_POINTER_TABLE_COMMAND_T34_I29
M1342	1	character_command_chart	slot	SLPS	0x3C0710	32	<r踏圧|とうあつ>	NUN5_TEXTENG@0x9C30	Stomp Pressure	Stomp Pressure						V31_POINTER_TABLE_COMMAND_T34_I31
M1343	1	character_command_chart	slot	SLPS	0x3C0730	32	<r岩撃|がんげき>	NUN5_TEXTENG@0x9C40	Boulder Blow	Boulder Blow						V31_POINTER_TABLE_COMMAND_T34_I33
M1344	1	character_command_chart	slot	SLPS	0x3C0750	32	<r天撃|てんげき>	NUN5_TEXTENG@0x9C50	Heaven Attack	Heaven Attack						V31_POINTER_TABLE_COMMAND_T34_I39
M1345	1	character_command_chart	slot	SLPS	0x3C4F70	32	<r天蜘蛛縛|あまグモしば>り	NUN5_TEXTENG@0x9D10	Heaven Spider Web Net	Heaven Spider Web Net						V31_POINTER_TABLE_COMMAND_T35_I01
M1346	1	character_command_chart	slot	SLPS	0x3C4F90	32	<r滅殺強弓|めっさつごうきゅう>	NUN5_TEXTENG@0x9D30	Destruction Power Bow	Destruction Power Bow						V31_POINTER_TABLE_COMMAND_T35_I03
M1347	1	character_command_chart	slot	SLPS	0x3C4FB0	48	<r蜘蛛戦弓|クモせんきゅう>　<r放射|ほうしゃ>	NUN5_TEXTENG@0x9D50	Spider Bow: Shot	Spider Bow: Shot						V31_POINTER_TABLE_COMMAND_T35_I21
M1348	1	character_command_chart	slot	SLPS	0x3C4FE0	48	<r蜘蛛戦弓|クモせんきゅう>　<r降射|こうしゃ>	NUN5_TEXTENG@0x9D70	Spider Bow: Dropping Shot	Spider Bow: Dropping Shot						V31_POINTER_TABLE_COMMAND_T35_I23
M1349	1	character_command_chart	slot	SLPS	0x3C5010	48	<r蜘蛛戦弓|クモせんきゅう>　<r鶺鴒|せきれい>	NUN5_TEXTENG@0x9D90	Spider Bow: Wagtail	Spider Bow: Wagtail						V31_POINTER_TABLE_COMMAND_T35_I29
M1350	1	character_command_chart	slot	SLPS	0x3C5040	64	<r蜘蛛戦弓|クモせんきゅう>　<r雲龍射猟|うんりゅうしゃりょう>	NUN5_TEXTENG@0x9DB0	Spider Bow: Cloud Dragon Bow Hunt 	Spider Bow: Cloud Dragon Bow Hunt 						V31_POINTER_TABLE_COMMAND_T35_I30
M1351	1	character_command_chart	slot	SLPS	0x3C5080	64	<r蜘蛛戦弓|クモせんきゅう>　<r無双放射|むそうほうしゃ>	NUN5_TEXTENG@0x9DE0	Spider Bow: Ultra Shot	Spider Bow: Ultra Shot						V31_POINTER_TABLE_COMMAND_T35_I32
M1352	1	character_command_chart	slot	SLPS	0x3C50C0	64	<r蜘蛛戦弓|クモせんきゅう>　<r海面割射|かいめんかっしゃ>	NUN5_TEXTENG@0x9E00	Spider Bow: Sea Parting Shot	Spider Bow: Sea Parting Shot						V31_POINTER_TABLE_COMMAND_T35_I33
M1353	1	character_command_chart	slot	SLPS	0x3C5100	64	<r蜘蛛戦弓|クモせんきゅう>　<r一点放射|いってんほうしゃ>	NUN5_TEXTENG@0x9E20	Spider Bow: One Point Shot	Spider Bow: One Point Shot						V31_POINTER_TABLE_COMMAND_T35_I35
M1354	1	character_command_chart	slot	SLPS	0x3C5140	64	<r蜘蛛戦弓|クモせんきゅう>　<r常経狙射|じょうけいそしゃ>	NUN5_TEXTENG@0x9E40	Spider Bow: Chakra Shot	Spider Bow: Chakra Shot						V31_POINTER_TABLE_COMMAND_T35_I38
M1355	1	character_command_chart	slot	SLPS	0x3C98F0	48	<r魔笛|まてき>・<r夢幻音鎖|むげんおんさ>	NUN5_TEXTENG@0x9F00	Demon Flute: Chains of Fantasia	Demon Flute: Chains of Fantasia						V31_POINTER_TABLE_COMMAND_T36_I01
M1356	1	character_command_chart	slot	SLPS	0x3C9920	48	<r魔笛|まてき>・<r幻霊波|げんれいは>	NUN5_TEXTENG@0x9F20	Demon Flute: Phantom Wave	Demon Flute: Phantom Wave						V31_POINTER_TABLE_COMMAND_T36_I03
M1357	1	character_command_chart	slot	SLPS	0x3C9950	64	<r幻武操曲|げんぶそうきょく>　<r爪旋斬|そうせんざん>	NUN5_TEXTENG@0x9F40	Musical Manipulation: Claw Turning Slash	Musical Manipulation: Claw Turning Slash						V31_POINTER_TABLE_COMMAND_T36_I23
M1358	1	character_command_chart	slot	SLPS	0x3C9990	64	<r幻武操曲|げんぶそうきょく>　<r爪穿突|そうがとつ>	NUN5_TEXTENG@0x9F70	Musical Manipulation: Claw Thrust	Musical Manipulation: Claw Thrust						V31_POINTER_TABLE_COMMAND_T36_I24
M1359	1	character_command_chart	slot	SLPS	0x3C99D0	64	<r幻武操曲|げんぶそうきょく>　<r爪双突|そうそうとつ>	NUN5_TEXTENG@0x9FA0	Musical Manipulation: Twin Claw Thrust	Musical Manipulation: Twin Claw Thrust						V31_POINTER_TABLE_COMMAND_T36_I25
M1360	1	character_command_chart	slot	SLPS	0x3C9A10	48	<r幻武操曲|げんぶそうきょく>　<r爪砕|そうさい>	NUN5_TEXTENG@0x9FD0	Musical Manipulation: Claw Crush	Musical Manipulation: Claw Crush						V31_POINTER_TABLE_COMMAND_T36_I26
M1361	1	character_command_chart	slot	SLPS	0x3C9A40	64	<r幻武操曲|げんぶそうきょく>　<r棍剛打|こんごうだ>	NUN5_TEXTENG@0xA000	Musical Manipulation: Heavy Club Strike	Musical Manipulation: Heavy Club Strike						V31_POINTER_TABLE_COMMAND_T36_I28
M1362	1	character_command_chart	slot	SLPS	0x3C9A80	64	<r幻武操曲|げんぶそうきょく>　<r爪昇斬|そうしょうざん>	NUN5_TEXTENG@0xA030	Musical Manipulation: Claw Rising Slash	Musical Manipulation: Claw Rising Slash						V31_POINTER_TABLE_COMMAND_T36_I29
M1363	1	character_command_chart	slot	SLPS	0x3C9AC0	64	<r幻武操曲|げんぶそうきょく>　<r爪斬撃|そうざんげき>	NUN5_TEXTENG@0xA060	Musical Manipulation: Claw Slash Attack	Musical Manipulation: Claw Slash Attack						V31_POINTER_TABLE_COMMAND_T36_I30
M1364	1	character_command_chart	slot	SLPS	0x3C9B00	64	<r幻武操曲|げんぶそうきょく>　<r爪重撃|そうじゅうげき>	NUN5_TEXTENG@0xA090	Musical Manipulation: Heavy Claw Attack	Musical Manipulation: Heavy Claw Attack						V31_POINTER_TABLE_COMMAND_T36_I31
M1365	1	character_command_chart	slot	SLPS	0x3C9B40	64	<r幻武操曲|げんぶそうきょく>　<r棍瞬打|こんしゅんだ>	NUN5_TEXTENG@0xA0C0	Musical Manipulation: Instant Club Strike	Musical Manipulation: Instant Club Strike						V31_POINTER_TABLE_COMMAND_T36_I33
M1366	1	character_command_chart	slot	SLPS	0x3C9B80	64	<r幻武操曲|げんぶそうきょく>　<r蹴昇旋|しゅうしょうせん>	NUN5_TEXTENG@0xA0F0	Musical Manipulation: Rising Kick Spiral	Musical Manipulation: Rising Kick Spiral						V31_POINTER_TABLE_COMMAND_T36_I34
M1367	1	character_command_chart	slot	SLPS	0x3C9BC0	64	<r幻武操曲|げんぶそうきょく>　<r蹴追撃|しゅうついげき>	NUN5_TEXTENG@0xA120	Musical Manipulation: Pursuing Kick Attack	Musical Manipulation: Pursuing Kick Attack						V31_POINTER_TABLE_COMMAND_T36_I35
M1368	1	character_command_chart	slot	SLPS	0x3C9C00	64	<r幻武操曲|げんぶそうきょく>　<r棍穿打|こんせんだ>	NUN5_TEXTENG@0xA150	Musical Manipulation: Club Thrust Strike	Musical Manipulation: Club Thrust Strike						V31_POINTER_TABLE_COMMAND_T36_I37
M1369	1	character_command_chart	slot	SLPS	0x3C9C40	64	<r幻武操曲|げんぶそうきょく>　<r蹴輪旋|しゅうりんせん>	NUN5_TEXTENG@0xA180	Musical Manipulation: Ring Kick Spiral	Musical Manipulation: Ring Kick Spiral						V31_POINTER_TABLE_COMMAND_T36_I38
M1370	1	character_command_chart	slot	SLPS	0x3CEBF0	32	<r双極落天|そうごくらくてん>	NUN5_TEXTENG@0xA250	Twin Pole Drop	Twin Pole Drop						V31_POINTER_TABLE_COMMAND_T37_I01
M1371	1	character_command_chart	slot	SLPS	0x3CEC10	48	<r口寄|くちよ>せ　<r羅生門|ラショウモン>	NUN5_TEXTENG@0xA260	Summoning: Rashomon	Summoning: Rashomon						V31_POINTER_TABLE_COMMAND_T37_I03
M1372	1	character_command_chart	slot	SLPS	0x3CEC40	48	<r阿吽追昇撃|あうんついしょうげき>	NUN5_TEXTENG@0xA280	Alpha Omega Rising Pursuit Attack	Alpha Omega Rising Pursuit Attack						V31_POINTER_TABLE_COMMAND_T37_I24
M1373	1	character_command_chart	slot	SLPS	0x3CEC70	48	<r阿吽対衝打|あうんついしょうだ>	NUN5_TEXTENG@0xA2B0	Alpha Omega Collision Strike	Alpha Omega Collision Strike						V31_POINTER_TABLE_COMMAND_T37_I25
M1374	1	character_command_chart	slot	SLPS	0x3CECA0	48	<r阿吽天地同砕|あうんてんちどうさい>	NUN5_TEXTENG@0xA2D0	Alpha Omega Heaven & Earth Crush	Alpha Omega Heaven & Earth Crush						V31_POINTER_TABLE_COMMAND_T37_I26
M1375	1	character_command_chart	slot	SLPS	0x3CECD0	48	<r阿吽猛強襲|あうんもうきょうしゅう>	NUN5_TEXTENG@0xA300	Alpha Omega Fierce Attack	Alpha Omega Fierce Attack						V31_POINTER_TABLE_COMMAND_T37_I27
M1376	1	character_command_chart	slot	SLPS	0x3CED00	48	<r阿吽双打大砲|あうんそうだたいほう>	NUN5_TEXTENG@0xA320	Alpha Omega Twin Cannonball	Alpha Omega Twin Cannonball						V31_POINTER_TABLE_COMMAND_T37_I29
M1377	1	character_command_chart	slot	SLPS	0x3CED30	32	<r多連昇拳|たれんしょうけん>	NUN5_TEXTENG@0xA340	Multiple Rising Fists	Multiple Rising Fists						V31_POINTER_TABLE_COMMAND_T37_I30
M1378	1	character_command_chart	slot	SLPS	0x3CED50	48	<r阿吽対鏡打|あうんついきょうだ>	NUN5_TEXTENG@0xA360	Alpha Omega Mirror Strike	Alpha Omega Mirror Strike						V31_POINTER_TABLE_COMMAND_T37_I32
M1379	1	character_command_chart	slot	SLPS	0x3CED80	32	<r阿吽連追打|あうんれんついだ>	NUN5_TEXTENG@0xA380	Alpha Omega Pursuing Barrage	Alpha Omega Pursuing Barrage						V31_POINTER_TABLE_COMMAND_T37_I34
M1380	1	character_command_chart	slot	SLPS	0x3CEDA0	32	<r阿吽鬼手玉|あうんおにてだま>	NUN5_TEXTENG@0xA3A0	Alpha Omega Demon Beanbag	Alpha Omega Demon Beanbag						V31_POINTER_TABLE_COMMAND_T37_I36
M1381	1	character_command_chart	slot	SLPS	0x3CEDC0	48	<r多連集束拳|たれんしゅうそくけん>	NUN5_TEXTENG@0xA3C0	Multiple Bundle Fist	Multiple Bundle Fist						V31_POINTER_TABLE_COMMAND_T37_I38
M1382	1	character_command_chart	slot	SLPS	0x3CEDF0	48	<r多連獄送拳|たれんごくそうけん>	NUN5_TEXTENG@0xA3E0	Multiple Hell Imprisoning Fist	Multiple Hell Imprisoning Fist						V31_POINTER_TABLE_COMMAND_T37_I40
M1383	1	character_command_chart	slot	SLPS	0x3CEE20	48	<r阿吽空裂爪|あうんくうれつそう>	NUN5_TEXTENG@0xA400	Alpha Omega Air Severing Claw	Alpha Omega Air Severing Claw						V31_POINTER_TABLE_COMMAND_T37_I42
M1384	1	character_command_chart	slot	SLPS	0x3CEE50	48	<r多連彗翔脚|たれんすいしょうきゃく>	NUN5_TEXTENG@0xA420	Multiple Shooting Kick	Multiple Shooting Kick						V31_POINTER_TABLE_COMMAND_T37_I44
M1385	1	character_command_chart	slot	SLPS	0x3D4360	32	<r蔓|つる>と<r花|はな>	NUN5_TEXTENG@0xA500	Vine and Flower	Vine and Flower						V31_POINTER_TABLE_COMMAND_T38_I01
M1386	1	character_command_chart	slot	SLPS	0x3D4380	32	<r早蕨|さわらび>の<r舞|まい>	NUN5_TEXTENG@0xA510	Bracken Dance 	Bracken Dance 						V31_POINTER_TABLE_COMMAND_T38_I03
M1387	1	character_command_chart	slot	SLPS	0x3D43A0	32	<r鬼百合|おにゆり>	NUN5_TEXTENG@0xA520	Tiger Lily	Tiger Lily						V31_POINTER_TABLE_COMMAND_T38_I24
M1388	1	character_command_chart	slot	SLPS	0x3D43C0	32	<r捻花|ねじりばな>	NUN5_TEXTENG@0xA530	Spiranthes	Spiranthes						V31_POINTER_TABLE_COMMAND_T38_I25
M1389	1	character_command_chart	slot	SLPS	0x3D43E0	32	<r垂花|しだればな>	NUN5_TEXTENG@0xA540	Hanging Flower	Hanging Flower						V31_POINTER_TABLE_COMMAND_T38_I26
M1390	1	character_command_chart	slot	SLPS	0x3D4400	32	<r枸橘|からたち>	NUN5_TEXTENG@0xA550	Trifoliate Orange	Trifoliate Orange						V31_POINTER_TABLE_COMMAND_T38_I27
M1391	1	character_command_chart	slot	SLPS	0x3D4420	32	<r深山半鐘|みやまはんしょう>	NUN5_TEXTENG@0xA570	Alpine Clematis 	Alpine Clematis 						V31_POINTER_TABLE_COMMAND_T38_I29
M1392	1	character_command_chart	slot	SLPS	0x3D4440	32	<r鬼野芥子|おにのげし>	NUN5_TEXTENG@0xA590	Sonchus Oleraceus	Sonchus Oleraceus						V31_POINTER_TABLE_COMMAND_T38_I31
M1393	1	character_command_chart	slot	SLPS	0x3D4460	24	<r鉤葛|かぎかずら>	NUN5_SLES@0x514190	Uncaria	Uncaria						V31_POINTER_TABLE_COMMAND_T38_I33
M1394	1	character_command_chart	slot	SLPS	0x3D4478	16	<r蔓|つる>	NUN5_SLES@0x514198	Creeper	Creeper						V31_POINTER_TABLE_COMMAND_T38_I35
M1395	1	character_command_chart	slot	SLPS	0x3D4488	16	<r天花|てんか>	NUN5_TEXTENG@0xA5B0	Heavenly Flower	Heavenly Flower						V31_POINTER_TABLE_COMMAND_T38_I38
M1396	1	character_command_chart	slot	SLPS	0x3D4498	24	<r立花|りっか>	NUN5_TEXTENG@0xA5C0	Standing Flower 	Standing Flower 						V31_POINTER_TABLE_COMMAND_T38_I41
M1397	1	character_command_chart	slot	SLPS	0x3D44B0	32	<r剣山|けんざん>	NUN5_SLES@0x5141A0	Frog	Frog						V31_POINTER_TABLE_COMMAND_T38_I43
M1398	1	character_command_chart	slot	SLPS	0x3D44D0	32	<r彗花|ほうきばな>	NUN5_TEXTENG@0xA5E0	Shooting Flower	Shooting Flower						V31_POINTER_TABLE_COMMAND_T38_I46
M1399	1	character_command_chart	slot	SLPS	0x3DF180	64	<r医療忍術|いりょうにんじゅつ>　<r剛閃|ごうせん>	NUN5_TEXTENG@0xA8F0	Medical Ninjutsu: Ferocious Flash	Medical Ninjutsu: Ferocious Flash						V31_POINTER_TABLE_COMMAND_T40_I01
M1400	1	character_command_chart	slot	SLPS	0x3DF1C0	32	<r春誅打|しゅんちゅうだ>	NUN5_TEXTENG@0xA918	Killer Spring	Killer Spring						V31_POINTER_TABLE_COMMAND_T40_I03
M1401	1	character_command_chart	slot	SLPS	0x3DF1E0	32	<r撲殺|ぼくさつ>コンボ	NUN5_TEXTENG@0xA930	Fatal Beating Combo	Fatal Beating Combo						V31_POINTER_TABLE_COMMAND_T40_I23
M1402	1	character_command_chart	slot	SLPS	0x3DF200	32	<r怪力|かいりき>パンチ	NUN5_TEXTENG@0xA950	Herculean Power Punch	Herculean Power Punch						V31_POINTER_TABLE_COMMAND_T40_I24
M1403	1	character_command_chart	slot	SLPS	0x3DF220	32	<r落華星|らっかせい>	NUN5_TEXTENG@0xA970	Shooting Flower Star	Shooting Flower Star						V31_POINTER_TABLE_COMMAND_T40_I25
M1404	1	character_command_chart	slot	SLPS	0x3DF240	32	<r蠍針|さそりばり>	NUN5_TEXTENG@0xA990	Scorpion Needle	Scorpion Needle						V31_POINTER_TABLE_COMMAND_T40_I26
M1405	1	character_command_chart	slot	SLPS	0x3DF260	32	<r滅殺|めっさつ>コンボ	NUN5_TEXTENG@0xA9A0	Destruction Combo	Destruction Combo						V31_POINTER_TABLE_COMMAND_T40_I28
M1406	1	character_command_chart	slot	SLPS	0x3DF280	32	<r阿修羅落|あしゅらお>とし	NUN5_TEXTENG@0xA9B8	Asura Drop	Asura Drop						V31_POINTER_TABLE_COMMAND_T40_I30
M1407	1	character_command_chart	slot	SLPS	0x3DF2A0	32	<r乙女|おとめ>の<r牙|きば>	NUN5_TEXTENG@0xA9C8	Maiden's Fang	Maiden's Fang						V31_POINTER_TABLE_COMMAND_T40_I32
M1408	1	character_command_chart	slot	SLPS	0x3DF2C0	32	<r彗星弾|すいせいだん>	NUN5_TEXTENG@0xA9D8	Comet Bullet	Comet Bullet						V31_POINTER_TABLE_COMMAND_T40_I34
M1409	1	character_command_chart	slot	SLPS	0x3DF2E0	32	<r昇天|しょうてん>コンボ	NUN5_TEXTENG@0xA9F0	Rising Heaven Combo	Rising Heaven Combo						V31_POINTER_TABLE_COMMAND_T40_I37
M1410	1	character_command_chart	slot	SLPS	0x3DF300	48	<r乙女|おとめ>の<r剛拳|ごうけん>	NUN5_TEXTENG@0xAA10	Maiden's Ferocious Fist	Maiden's Ferocious Fist						V31_POINTER_TABLE_COMMAND_T40_I40
M1411	1	character_command_chart	slot	SLPS	0x3DF330	32	<r爆砕拳打|ばくさいけんだ>	NUN5_TEXTENG@0xAA30	Explosive Smashing Fist	Explosive Smashing Fist						V31_POINTER_TABLE_COMMAND_T40_I42
M1412	1	character_command_chart	slot	SLPS	0x3DF350	48	<r乙女|おとめ>の<r本心|ほんしん>	NUN5_TEXTENG@0xAA50	Maiden's True Heart	Maiden's True Heart						V31_POINTER_TABLE_COMMAND_T40_I45
M1413	1	character_command_chart	slot	SLPS	0x3E4B10	32	<r砂爆砂塊|さばくさかい>	NUN5_TEXTENG@0xAB28	Sand Cluster	Sand Cluster						V31_POINTER_TABLE_COMMAND_T41_I01
M1414	1	character_command_chart	slot	SLPS	0x3E4B30	32	<r流砂瀑流|りゅうさばくりゅう>	NUN5_TEXTENG@0xAB38	Sand Tsunami	Sand Tsunami						V31_POINTER_TABLE_COMMAND_T41_I03
M1415	1	character_command_chart	slot	SLPS	0x3E4B50	32	<r砂爆噴突|さばくふんとつ>	NUN5_TEXTENG@0xAB50	Sand Fountain Thrust	Sand Fountain Thrust						V31_POINTER_TABLE_COMMAND_T41_I24
M1416	1	character_command_chart	slot	SLPS	0x3E4B70	48	<r小流砂瀑流|こりゅうさばくりゅう>	NUN5_TEXTENG@0xAB70	Little Sand Tsunami	Little Sand Tsunami						V31_POINTER_TABLE_COMMAND_T41_I26
M1417	1	character_command_chart	slot	SLPS	0x3E4BA0	32	<r砂塵円|さじんえん>	NUN5_TEXTENG@0xAB90	Sand Dust Circle	Sand Dust Circle						V31_POINTER_TABLE_COMMAND_T41_I27
M1418	1	character_command_chart	slot	SLPS	0x3E4BC0	32	<r噴葬塵|ふんそうじん>	NUN5_TEXTENG@0xABB0	Fountain Burial Dust	Fountain Burial Dust						V31_POINTER_TABLE_COMMAND_T41_I29
M1419	1	character_command_chart	slot	SLPS	0x3E4BE0	32	<r砂瀑域葬|さばくえいそう>	NUN5_TEXTENG@0xABD0	Sand Area Burial	Sand Area Burial						V31_POINTER_TABLE_COMMAND_T41_I31
M1420	1	character_command_chart	slot	SLPS	0x3E4C00	32	<r砂惨追葬|さざんついそう>	NUN5_TEXTENG@0xABF0	Sand Pursuit Burial	Sand Pursuit Burial						V31_POINTER_TABLE_COMMAND_T41_I33
M1421	1	character_command_chart	slot	SLPS	0x3E4C20	32	<r圧砂塵|あっさじん>	NUN5_TEXTENG@0xAC10	Sandstorm Pressure	Sandstorm Pressure						V31_POINTER_TABLE_COMMAND_T41_I37
M1422	1	character_command_chart	slot	SLPS	0x3E4C40	32	<r落渦葬|らっかそう>	NUN5_TEXTENG@0xAC30	Maelstrom Burial	Maelstrom Burial						V31_POINTER_TABLE_COMMAND_T41_I39
M1423	1	character_command_chart	slot	SLPS	0x3E4C60	48	<r砂漠球|さばくきゅう>・<r狭|へい>	NUN5_TEXTENG@0xAC50	Sand Coffin: Narrow	Sand Coffin: Narrow						V31_POINTER_TABLE_COMMAND_T41_I41
M1424	1	character_command_chart	slot	SLPS	0x3E4C90	32	<r羅惨塵|らさんじん>	NUN5_TEXTENG@0xAC68	Cruel Dust	Cruel Dust						V31_POINTER_TABLE_COMMAND_T41_I43
M1425	1	character_command_chart	slot	SLPS	0x3E4CB0	48	<r漠撃|ばくげき>・<r圧葬|あっそう>	NUN5_TEXTENG@0xAC80	Sand Attack: Crush Burial	Sand Attack: Crush Burial						V31_POINTER_TABLE_COMMAND_T41_I44
M1426	1	character_command_chart	slot	SLPS	0x3E4CE0	48	<r漠撃|ばくげき>・<r滅葬|めっそう>	NUN5_TEXTENG@0xACA0	Sand Attack: Ruin Burial	Sand Attack: Ruin Burial						V31_POINTER_TABLE_COMMAND_T41_I45
M1427	1	character_command_chart	slot	SLPS	0x3E4D10	48	<r漠撃|ばくげき>・<r天葬|てんそう>	NUN5_TEXTENG@0xACC0	Sand Attack: Heaven Burial	Sand Attack: Heaven Burial						V31_POINTER_TABLE_COMMAND_T41_I46
M1428	1	character_command_chart	slot	SLPS	0x3E4D40	32	<r豪砂甚雨|ごうさじんう>	NUN5_TEXTENG@0xACE0	Fierce Sand Downpour	Fierce Sand Downpour						V31_POINTER_TABLE_COMMAND_T41_I47
M1429	1	character_command_chart	slot	SLPS	0x3EA3E0	48	<r黒秘技機々一発|くろひぎききいっぱつ>	NUN5_TEXTENG@0x4F00	Secret Black Move: Iron Maiden	Secret Black Move: Iron Maiden						V31_POINTER_TABLE_COMMAND_T42_I01
M1430	1	character_command_chart	slot	SLPS	0x3EA410	48	<r黒秘技炎填華|くろひぎえんてんか>	NUN5_TEXTENG@0xADC0	Secret Black Move: Fire Flower	Secret Black Move: Fire Flower						V31_POINTER_TABLE_COMMAND_T42_I03
M1431	1	character_command_chart	slot	SLPS	0x3EA440	48	<r傀儡|くぐつ>　<r怠慢|たいまん>	NUN5_TEXTENG@0xADE0	Puppet: Neglect	Puppet: Neglect						V31_POINTER_TABLE_COMMAND_T42_I25
M1432	1	character_command_chart	slot	SLPS	0x3EA470	48	<r傀儡|くぐつ>　<r散斬|さんざん>	NUN5_TEXTENG@0xADF0	Puppet: Scattered Slash	Puppet: Scattered Slash						V31_POINTER_TABLE_COMMAND_T42_I26
M1433	1	character_command_chart	slot	SLPS	0x3EA4A0	48	<r傀儡|くぐつ>　<r妖独楽|あやかしごま>	NUN5_TEXTENG@0xAE10	Puppet: Demonic Spin	Puppet: Demonic Spin						V31_POINTER_TABLE_COMMAND_T42_I28
M1434	1	character_command_chart	slot	SLPS	0x3EA4D0	48	<r傀儡|くぐつ>　<r剥刺錆|むささび>	NUN5_TEXTENG@0xAE30	Puppet: Piercing Rust	Puppet: Piercing Rust						V31_POINTER_TABLE_COMMAND_T42_I30
M1435	1	character_command_chart	slot	SLPS	0x3EA500	48	<r傀儡|くぐつ>　<r惨懺波|さざなみ>	NUN5_TEXTENG@0xAE50	Puppet: Cruel Wave	Puppet: Cruel Wave						V31_POINTER_TABLE_COMMAND_T42_I32
M1436	1	character_command_chart	slot	SLPS	0x3EA530	48	<r傀儡|くぐつ>　<r六本峠|ろっぽんとうげ>	NUN5_TEXTENG@0xAE70	Puppet: Six Mountain Pass	Puppet: Six Mountain Pass						V31_POINTER_TABLE_COMMAND_T42_I34
M1437	1	character_command_chart	slot	SLPS	0x3EA560	48	<r傀儡|くぐつ>　<r研斬|けんざん>	NUN5_TEXTENG@0xAE90	Puppet: Grinding Slash	Puppet: Grinding Slash						V31_POINTER_TABLE_COMMAND_T42_I36
M1438	1	character_command_chart	slot	SLPS	0x3EA590	48	<r傀儡|くぐつ>　<r鳶疾風|とびはやて>	NUN5_TEXTENG@0xAEB0	Puppet: Black Kite Gale	Puppet: Black Kite Gale						V31_POINTER_TABLE_COMMAND_T42_I37
M1439	1	character_command_chart	slot	SLPS	0x3EA5C0	48	<r傀儡|くぐつ>　<r仇車|かたぐるま>	NUN5_TEXTENG@0xAED0	Puppet: Enemy Wheels	Puppet: Enemy Wheels						V31_POINTER_TABLE_COMMAND_T42_I39
M1440	1	character_command_chart	slot	SLPS	0x3EFA00	32	<r斬|き>り<r斬|き>り<r舞|まい>	NUN5_TEXTENG@0xAFA0	Slicing Blade Dance	Slicing Blade Dance						V31_POINTER_TABLE_COMMAND_T43_I01
M1441	1	character_command_chart	slot	SLPS	0x3EFA20	48	<r真|しん>・カマイタチの<r術|じゅつ>	NUN5_TEXTENG@0xAFC0	True Wind Scythe Jutsu	True Wind Scythe Jutsu						V31_POINTER_TABLE_COMMAND_T43_I03
M1442	1	character_command_chart	slot	SLPS	0x3EFA50	32	<r蓮流扇|はすりゅうせん>	NUN5_TEXTENG@0xAFE0	Lotus Flowing Fan	Lotus Flowing Fan						V31_POINTER_TABLE_COMMAND_T43_I23
M1443	1	character_command_chart	slot	SLPS	0x3EFA70	32	<r疾風扇舞|しっぷうせんぶ>	NUN5_TEXTENG@0xB000	Gale Force Fan Dance	Gale Force Fan Dance						V31_POINTER_TABLE_COMMAND_T43_I24
M1444	1	character_command_chart	slot	SLPS	0x3EFA90	32	<r真空|しんくう>の<r風|かぜ>	NUN5_TEXTENG@0xB018	Vacuum Wind	Vacuum Wind						V31_POINTER_TABLE_COMMAND_T43_I25
M1445	1	character_command_chart	slot	SLPS	0x3EFAB0	32	<r扇嵐撃|せんらんげき>	NUN5_TEXTENG@0xB030	Fan Storm Attack	Fan Storm Attack						V31_POINTER_TABLE_COMMAND_T43_I26
M1446	1	character_command_chart	slot	SLPS	0x3EFAD0	32	<r燕返|つばめがえ>し	NUN5_TEXTENG@0xB050	Swallow Counter 	Swallow Counter 						V31_POINTER_TABLE_COMMAND_T43_I28
M1447	1	character_command_chart	slot	SLPS	0x3EFAF0	32	<r大扇壊|だいせんかい>	NUN5_TEXTENG@0xB070	Giant Fan Destruction	Giant Fan Destruction						V31_POINTER_TABLE_COMMAND_T43_I30
M1448	1	character_command_chart	slot	SLPS	0x3EFB10	24	<r空龍扇|くうろんせん>	NUN5_TEXTENG@0xB088	Sky Dragon Fan	Sky Dragon Fan						V31_POINTER_TABLE_COMMAND_T43_I31
M1449	1	character_command_chart	slot	SLPS	0x3EFB28	24	<r華踊|かよう>	NUN5_TEXTENG@0xB0A0	Spectacular Dance	Spectacular Dance						V31_POINTER_TABLE_COMMAND_T43_I33
M1450	1	character_command_chart	slot	SLPS	0x3EFB40	32	<r修羅|しゅら>の<r舞|まい>	NUN5_TEXTENG@0xB0B8	Carnage Dance	Carnage Dance						V31_POINTER_TABLE_COMMAND_T43_I36
M1451	1	character_command_chart	slot	SLPS	0x3EFB60	32	<r扇襲洛|せんしゅうらく>	NUN5_TEXTENG@0xB0C8	Fan Raid	Fan Raid						V31_POINTER_TABLE_COMMAND_T43_I39
M1452	1	character_command_chart	slot	SLPS	0x3EFB80	32	<r乱|みだ>れ<r舞踊|ぶよう>	NUN5_TEXTENG@0xB0D8	Dance of Chaos	Dance of Chaos						V31_POINTER_TABLE_COMMAND_T43_I41
M1453	1	character_command_chart	slot	SLPS	0x3EFBA0	32	<r烈風扇華|れっぷうせんか>	NUN5_TEXTENG@0xB0F0	Whirlwind Fan Flower	Whirlwind Fan Flower						V31_POINTER_TABLE_COMMAND_T43_I44
M1454	1	character_command_chart	slot	SLPS	0x3F5C10	32	<r二親按包|にしんあんぽう>	NUN5_TEXTENG@0xB1C8	Parental Love	Parental Love						V31_POINTER_TABLE_COMMAND_T44_I01
M1455	1	character_command_chart	slot	SLPS	0x3F5C30	32	<r千与時雨|ちよしぐれ>	NUN5_TEXTENG@0xB1E0	1000 Autumn Shower	1000 Autumn Shower						V31_POINTER_TABLE_COMMAND_T44_I03
M1456	1	character_command_chart	slot	SLPS	0x3F5C50	32	<r帰母昇刃父|きばしょうじんふ>	NUN5_TEXTENG@0xB200	Returning Upper Blade	Returning Upper Blade						V31_POINTER_TABLE_COMMAND_T44_I23
M1457	1	character_command_chart	slot	SLPS	0x3F5C70	32	<r帰母進刃父|きばしんじんふ>	NUN5_TEXTENG@0xB220	Returning Thrust Blade	Returning Thrust Blade						V31_POINTER_TABLE_COMMAND_T44_I24
M1458	1	character_command_chart	slot	SLPS	0x3F5C90	32	<r二連傘刃|にれんさんじん>	NUN5_TEXTENG@0xB240	Double Umbrella Blade	Double Umbrella Blade						V31_POINTER_TABLE_COMMAND_T44_I25
M1459	1	character_command_chart	slot	SLPS	0x3F5CB0	32	<r支父流刃母|しふりゅうじんば>	NUN5_TEXTENG@0xB258	Flowing Blade	Flowing Blade						V31_POINTER_TABLE_COMMAND_T44_I27
M1460	1	character_command_chart	slot	SLPS	0x3F5CD0	48	<r演劇|えんげき>　<r八方対刃|はっぽうついじん>	NUN5_TEXTENG@0xB270	Performance Multi-Directional Blade	Performance Multi-Directional Blade						V31_POINTER_TABLE_COMMAND_T44_I28
M1461	1	character_command_chart	slot	SLPS	0x3F5D00	48	<r燕刃母獅刃父|えんじんばしじんふ>	NUN5_TEXTENG@0xB2A0	Swallow Lion Blade	Swallow Lion Blade						V31_POINTER_TABLE_COMMAND_T44_I30
M1462	1	character_command_chart	slot	SLPS	0x3F5D30	32	<r二連墜刃|にれんついじん>	NUN5_TEXTENG@0xB2B8	Double Drop	Double Drop						V31_POINTER_TABLE_COMMAND_T44_I32
M1463	1	character_command_chart	slot	SLPS	0x3F5D50	32	<r二連進刃|にれんしんじん>	NUN5_TEXTENG@0xB2C8	Double Thrust	Double Thrust						V31_POINTER_TABLE_COMMAND_T44_I34
M1464	1	character_command_chart	slot	SLPS	0x3F5D70	32	<r支母流刃父|しばりゅうじんふ>	NUN5_TEXTENG@0xB2E0	Flowing Blade Reverse	Flowing Blade Reverse						V31_POINTER_TABLE_COMMAND_T44_I36
M1465	1	character_command_chart	slot	SLPS	0x3F5D90	32	<r二連昇刃|にれんしょうじん>	NUN5_TEXTENG@0x5D90	Double Back Kick	Double Back Kick						V31_POINTER_TABLE_COMMAND_T44_I38
M1466	1	character_command_chart	slot	SLPS	0x3F5DB0	32	<r氏族一点|しぞくいってん>	NUN5_TEXTENG@0xB2F8	Ancestry	Ancestry						V31_POINTER_TABLE_COMMAND_T44_I39
M1467	1	character_command_chart	slot	SLPS	0x3F5DD0	48	<r流投母怠父|りゅうとうばたいふ>	NUN5_TEXTENG@0xB308	Slack Throw	Slack Throw						V31_POINTER_TABLE_COMMAND_T44_I41
M1468	1	character_command_chart	slot	SLPS	0x3F5E00	32	<r二連転刃|にれんてんじん>	NUN5_TEXTENG@0xB318	Double Spin	Double Spin						V31_POINTER_TABLE_COMMAND_T44_I43
M1469	1	character_command_chart	slot	SLPS	0x3FB470	32	<r砂鉄界法|さてつかいほう>	NUN5_TEXTENG@0xB3E0	Iron Sand World Order	Iron Sand World Order						V31_POINTER_TABLE_COMMAND_T45_I01
M1470	1	character_command_chart	slot	SLPS	0x3FB490	32	<r砂鉄時雨|さてつしぐれ>	NUN5_TEXTENG@0xB400	Iron Sand Drizzle	Iron Sand Drizzle						V31_POINTER_TABLE_COMMAND_T45_I03
M1471	1	character_command_chart	slot	SLPS	0x3FB4B0	32	<r奇刃隠臥|きじんいんが>	NUN5_TEXTENG@0xB420	Mysterious Hidden Blade 	Mysterious Hidden Blade 						V31_POINTER_TABLE_COMMAND_T45_I23
M1472	1	character_command_chart	slot	SLPS	0x3FB4D0	32	<r浮刃隠臥|ふじんいんが>	NUN5_TEXTENG@0xB440	Floating Hidden Blade	Floating Hidden Blade						V31_POINTER_TABLE_COMMAND_T45_I24
M1473	1	character_command_chart	slot	SLPS	0x3FB4F0	48	<r偽人千手|ぎじんせんじゅ>・<r地|ち>	NUN5_TEXTENG@0xB460	Thousand Handed Marionette: Earth	Thousand Handed Marionette: Earth						V31_POINTER_TABLE_COMMAND_T45_I25
M1474	1	character_command_chart	slot	SLPS	0x3FB520	32	<r紫煙隠臥|しえんいんが>	NUN5_TEXTENG@0xB490	Purple Hidden Smoke	Purple Hidden Smoke						V31_POINTER_TABLE_COMMAND_T45_I26
M1475	1	character_command_chart	slot	SLPS	0x3FB540	32	<r砂鉄鎖界|さてつさかい>	NUN5_TEXTENG@0xB4B0	Iron Sand Chain	Iron Sand Chain						V31_POINTER_TABLE_COMMAND_T45_I27
M1476	1	character_command_chart	slot	SLPS	0x3FB560	32	<r砂鉄塊|さてつかい>	NUN5_TEXTENG@0xB4C0	Iron Sand Mass	Iron Sand Mass						V31_POINTER_TABLE_COMMAND_T45_I29
M1477	1	character_command_chart	slot	SLPS	0x3FB580	32	<r砂鉄槍|さてつそう>	NUN5_TEXTENG@0xB4D0	Iron Sand Spear	Iron Sand Spear						V31_POINTER_TABLE_COMMAND_T45_I30
M1478	1	character_command_chart	slot	SLPS	0x3FB5A0	32	<r砂鉄送葬|さてつそうそう>	NUN5_TEXTENG@0xB4E0	Iron Sand Funeral	Iron Sand Funeral						V31_POINTER_TABLE_COMMAND_T45_I32
M1479	1	character_command_chart	slot	SLPS	0x3FB5C0	32	<r砂鉄刺散|さてつしさん>	NUN5_TEXTENG@0xB500	Iron Sand Spray	Iron Sand Spray						V31_POINTER_TABLE_COMMAND_T45_I33
M1480	1	character_command_chart	slot	SLPS	0x3FB5E0	48	<r偽人千手|ぎじんせんじゅ>・<r天|てん>	NUN5_TEXTENG@0xB510	Thousand Handed Marionette: Sky	Thousand Handed Marionette: Sky						V31_POINTER_TABLE_COMMAND_T45_I34
M1481	1	character_command_chart	slot	SLPS	0x3FB610	32	<r弄玩操戯|ろうがんそうぎ>	NUN5_TEXTENG@0xB530	Puppet Play	Puppet Play						V31_POINTER_TABLE_COMMAND_T45_I36
M1482	1	character_command_chart	slot	SLPS	0x3FB630	32	<r舞振操戯|ぶしんそうぎ>	NUN5_TEXTENG@0xB540	Puppet Dance	Puppet Dance						V31_POINTER_TABLE_COMMAND_T45_I38
M1483	1	character_command_chart	slot	SLPS	0x4008C0	32	<r造形|ぞうけい>の<r美|び>	NUN5_TEXTENG@0xB5F0	Beauty of Figurative Arts	Beauty of Figurative Arts						V31_POINTER_TABLE_COMMAND_T46_I01
M1484	1	character_command_chart	slot	SLPS	0x4008E0	32	<r破壊|はかい>の<r美|び>	NUN5_TEXTENG@0xB610	Beauty of Destruction	Beauty of Destruction						V31_POINTER_TABLE_COMMAND_T46_I03
M1485	1	character_command_chart	slot	SLPS	0x400900	64	<r爆破芸術|ばくはげいじゅつ>・<r昇|しょう>～<r連作|れんさく>～	NUN5_TEXTENG@0xB630	Explosive Art Sequences: Rise	Explosive Art Sequences: Rise						V31_POINTER_TABLE_COMMAND_T46_I23
M1486	1	character_command_chart	slot	SLPS	0x400940	64	<r爆破芸術|ばくはげいじゅつ>・<r撃|げき>～<r連作|れんさく>～	NUN5_TEXTENG@0xB650	Explosive Art Sequences: Attack	Explosive Art Sequences: Attack						V31_POINTER_TABLE_COMMAND_T46_I24
M1487	1	character_command_chart	slot	SLPS	0x400980	64	<r爆破芸術|ばくはげいじゅつ>・<r揚|よう>～<r連作|れんさく>～	NUN5_TEXTENG@0xB670	Explosive Art Sequences: Lift	Explosive Art Sequences: Lift						V31_POINTER_TABLE_COMMAND_T46_I25
M1488	1	character_command_chart	slot	SLPS	0x4009C0	64	<r爆破芸術|ばくはげいじゅつ>・<r退|たい>～<r連作|れんさく>～	NUN5_TEXTENG@0xB690	Explosive Art Sequences: Withdraw	Explosive Art Sequences: Withdraw						V31_POINTER_TABLE_COMMAND_T46_I26
M1489	1	character_command_chart	slot	SLPS	0x400A00	48	<r起爆粘土|きばくねんど>・<r鳥|とり>	NUN5_TEXTENG@0xB6C0	Detonating Clay: Bird	Detonating Clay: Bird						V31_POINTER_TABLE_COMMAND_T46_I27
M1490	1	character_command_chart	slot	SLPS	0x400A30	48	<r起爆粘土|きばくねんど>・<r蜘蛛|くも>	NUN5_TEXTENG@0xB6E0	Detonating Clay: Spider	Detonating Clay: Spider						V31_POINTER_TABLE_COMMAND_T46_I29
M1491	1	character_command_chart	slot	SLPS	0x400A60	64	<r起爆粘土|きばくねんど>・<r鳥|とり>～<r翻|ほん>～	NUN5_TEXTENG@0xB700	Detonating Clay: Bird Flap	Detonating Clay: Bird Flap						V31_POINTER_TABLE_COMMAND_T46_I30
M1492	1	character_command_chart	slot	SLPS	0x400AA0	32	<r爆葬|ばくそう>	NUN5_TEXTENG@0xB720	Explosive Burial 	Explosive Burial 						V31_POINTER_TABLE_COMMAND_T46_I32
M1493	1	character_command_chart	slot	SLPS	0x400AC0	64	<r空中爆破芸術|くうちゅうばくはげいじゅつ>・<r天|てん>	NUN5_TEXTENG@0xB740	Midair Explosive Art: Heaven	Midair Explosive Art: Heaven						V31_POINTER_TABLE_COMMAND_T46_I34
M1494	1	character_command_chart	slot	SLPS	0x400B00	64	<r空中爆破芸術|くうちゅうばくはげいじゅつ>・<r双|そう>	NUN5_TEXTENG@0xB760	Midair Explosive Art: Duplex	Midair Explosive Art: Duplex						V31_POINTER_TABLE_COMMAND_T46_I36
M1495	1	character_command_chart	slot	SLPS	0x400B40	32	<r爆葬|ばくそう>～<r空|くう>～	NUN5_TEXTENG@0xB780	Explosive Burial Sky	Explosive Burial Sky						V31_POINTER_TABLE_COMMAND_T46_I38
M1496	1	character_command_chart	slot	SLPS	0x400B60	64	<r空中爆破芸術三部作|くうちゅうばくはげいじゅつさんぶさく>	NUN5_TEXTENG@0xB7A0	Midair Explosive Art Trilogy	Midair Explosive Art Trilogy						V31_POINTER_TABLE_COMMAND_T46_I41
M1497	1	character_command_chart	slot	SLPS	0x400BA0	48	<r大型鳥粘土|おおがたとりねんど>・<r翔|しょう>	NUN5_TEXTENG@0xB7C0	Giant Bird Clay: Fly	Giant Bird Clay: Fly						V31_POINTER_TABLE_COMMAND_T46_I43
M1498	1	character_command_chart	slot	SLPS	0x400BD0	48	<r大型鳥粘土|おおがたとりねんど>・<r襲|しゅう>	NUN5_TEXTENG@0xB7E0	Giant Bird Clay: Attack	Giant Bird Clay: Attack						V31_POINTER_TABLE_COMMAND_T46_I44
M1499	1	character_command_chart	slot	SLPS	0x400C00	48	<r大型鳥粘土|おおがたとりねんど>・<r突|とつ>	NUN5_TEXTENG@0xB800	Giant Bird Clay: Thrust	Giant Bird Clay: Thrust						V31_POINTER_TABLE_COMMAND_T46_I45
M1500	1	character_command_chart	slot	SLPS	0x406B40	48	<r八卦掌回天|はっけしょうかいてん>	NUN5_TEXTENG@0xB8E0	8 Trigrams Palms Rotation	8 Trigrams Palms Rotation						V31_POINTER_TABLE_COMMAND_T47_I01
M1501	1	character_command_chart	slot	SLPS	0x406B70	32	<r八卦空掌|はっけくうしょう>	NUN5_TEXTENG@0x3230	8 Trigrams Sky Palm	8 Trigrams Sky Palm						V31_POINTER_TABLE_COMMAND_T47_I03
M1502	1	character_command_chart	slot	SLPS	0x406B90	32	<r柔閃突|じゅうせんとつ>	NUN5_TEXTENG@0xB900	Gentle Flash Thrust	Gentle Flash Thrust						V31_POINTER_TABLE_COMMAND_T47_I24
M1503	1	character_command_chart	slot	SLPS	0x406BB0	32	<r斜天掌|しゃてんしょう>	NUN5_TEXTENG@0xB920	Slanted Heaven Palm	Slanted Heaven Palm						V31_POINTER_TABLE_COMMAND_T47_I25
M1504	1	character_command_chart	slot	SLPS	0x406BD0	32	<r飛連突|ひれんとつ>	NUN5_TEXTENG@0xB940	Flying Thrust Barrage 	Flying Thrust Barrage 						V31_POINTER_TABLE_COMMAND_T47_I26
M1505	1	character_command_chart	slot	SLPS	0x406BF0	32	<r跳舞掌|ちょうぶしょう>	NUN5_TEXTENG@0xB960	Hopping Dance Palm	Hopping Dance Palm						V31_POINTER_TABLE_COMMAND_T47_I27
M1506	1	character_command_chart	slot	SLPS	0x406C10	32	<r崩撃閃|ほうげきせん>	NUN5_TEXTENG@0xB980	Demolition Attack Flash	Demolition Attack Flash						V31_POINTER_TABLE_COMMAND_T47_I29
M1507	1	character_command_chart	slot	SLPS	0x406C30	32	<r空撃掌|くうげきしょう>	NUN5_TEXTENG@0xB9A0	"Air Strike Palm
"	"Air Strike Palm
"						V31_POINTER_TABLE_COMMAND_T47_I32
M1508	1	character_command_chart	slot	SLPS	0x406C50	32	<r空砕掌|くうさいしょう>	NUN5_TEXTENG@0xB9B8	Sky Smash Palm	Sky Smash Palm						V31_POINTER_TABLE_COMMAND_T47_I37
M1509	1	character_command_chart	slot	SLPS	0x406C70	32	<r背撃崩|はいげきほう>	NUN5_TEXTENG@0xB9D0	Back Attack Collapse	Back Attack Collapse						V31_POINTER_TABLE_COMMAND_T47_I39
M1510	1	character_command_chart	slot	SLPS	0x406C90	32	<r天昇脚|てんしょうきゃく>	NUN5_TEXTENG@0xB9F0	Heavenly Rising Kick	Heavenly Rising Kick						V31_POINTER_TABLE_COMMAND_T47_I42
M1511	1	character_command_chart	slot	SLPS	0x406CB0	32	<r掌撃墜|しょうげきつい>	NUN5_TEXTENG@0xBA10	Palm Attack Fall	Palm Attack Fall						V31_POINTER_TABLE_COMMAND_T47_I45
M1512	1	character_command_chart	slot	SLPS	0x406CD0	32	<r穿冽掌|せんれっしょう>	NUN5_TEXTENG@0xBA30	Dignified Drill Palm	Dignified Drill Palm						V31_POINTER_TABLE_COMMAND_T47_I50
M1513	1	character_command_chart	slot	SLPS	0x40C620	48	<r操具襲千刃|そうぐしゅうせんじん>	NUN5_TEXTENG@0x4AE0	Ninja Tool: Blade of 1000 Strikes	Ninja Tool: Blade of 1000 Strikes						V31_POINTER_TABLE_COMMAND_T48_I01
M1514	1	character_command_chart	slot	SLPS	0x40C650	64	<r暗器|あんき>・<r爆閃|ばくせん>クナイ<r玉|だま>	NUN5_TEXTENG@0xBB20	Concealed Kunai Blast	Concealed Kunai Blast						V31_POINTER_TABLE_COMMAND_T48_I03
M1515	1	character_command_chart	slot	SLPS	0x40C690	64	<r暗器口寄|あんきくちよ>せ・<r全弾発射|ぜんだんはっしゃ>	NUN5_TEXTENG@0xBB40	Concealed Summoning: Bullet Launch	Concealed Summoning: Bullet Launch						V31_POINTER_TABLE_COMMAND_T48_I24
M1516	1	character_command_chart	slot	SLPS	0x40C6D0	32	トンファーコンボ	NUN5_TEXTENG@0xBB68	Tonfa Combo	Tonfa Combo						V31_POINTER_TABLE_COMMAND_T48_I25
M1517	1	character_command_chart	slot	SLPS	0x40C6F0	48	<r双金棒打|そうかなぼうう>ち<r落|お>とし	NUN5_TEXTENG@0xBB80	Twin Golden Rod Drop	Twin Golden Rod Drop						V31_POINTER_TABLE_COMMAND_T48_I26
M1518	1	character_command_chart	slot	SLPS	0x40C720	64	<r暗器術|あんきじゅつ>・<r操具死球撃|そうぐしきゅうげき>	NUN5_TEXTENG@0x4AC0	Ninja Tool: Death Sphere Strike	Ninja Tool: Death Sphere Strike						V31_POINTER_TABLE_COMMAND_T48_I27
M1519	1	character_command_chart	slot	SLPS	0x40C760	48	<r暗器口寄|あんきくちよ>せ・<r刃突|はとつ>	NUN5_TEXTENG@0xBBA0	Concealed Summoning: Blade Thrust	Concealed Summoning: Blade Thrust						V31_POINTER_TABLE_COMMAND_T48_I29
M1520	1	character_command_chart	slot	SLPS	0x40C790	48	<r棒術|ぼうじゅつ>・<r三節棍|さんせつこん>	NUN5_TEXTENG@0xBBD0	Cudgel Art: Three-Sectional Staff 	Cudgel Art: Three-Sectional Staff 						V31_POINTER_TABLE_COMMAND_T48_I31
M1521	1	character_command_chart	slot	SLPS	0x40C7C0	48	<r暗器術|あんきじゅつ>・<r飛歩|とんぼ>	NUN5_TEXTENG@0xBC00	Concealed Jutsu: Flying Walk	Concealed Jutsu: Flying Walk						V31_POINTER_TABLE_COMMAND_T48_I35
M1522	1	character_command_chart	slot	SLPS	0x40C7F0	48	<r暗器術|あんきじゅつ>・<r鎮砕|ふんさい>	NUN5_TEXTENG@0xBC20	Concealed Jutsu: Subside Clash	Concealed Jutsu: Subside Clash						V31_POINTER_TABLE_COMMAND_T48_I37
M1523	1	character_command_chart	slot	SLPS	0x40C820	48	<r暗器術|あんきじゅつ>・<r鎖鎌|くさりがま>	NUN5_TEXTENG@0xBC40	Concealed Jutsu: Chain-sickle 	Concealed Jutsu: Chain-sickle 						V31_POINTER_TABLE_COMMAND_T48_I40
M1524	1	character_command_chart	slot	SLPS	0x40C850	64	<r暗器術|あんきじゅつ>・<r鉄球噴芯|てっきゅうふんしん>	NUN5_TEXTENG@0xBC60	Concealed Jutsu: Iron Ball Core	Concealed Jutsu: Iron Ball Core						V31_POINTER_TABLE_COMMAND_T48_I43
M1525	1	character_command_chart	slot	SLPS	0x40C890	48	<r暗器術|あんきじゅつ>・<r風縛|かぜしばり>	NUN5_TEXTENG@0xBC80	Concealed Jutsu: Wind Paralysis 	Concealed Jutsu: Wind Paralysis 						V31_POINTER_TABLE_COMMAND_T48_I45
M1526	1	character_command_chart	slot	SLPS	0x40C8C0	64	<r暗器術|あんきじゅつ>・<r快刀乱麻|かいとうらんま>	NUN5_TEXTENG@0xBCB0	Concealed Jutsu: Gordian Knot Cut	Concealed Jutsu: Gordian Knot Cut						V31_POINTER_TABLE_COMMAND_T48_I48
M1527	1	character_command_chart	slot	SLPS	0x412D30	32	<r表蓮華|おもてれんげ>	NUN5_TEXTENG@0xBDA8	Primary Lotus	Primary Lotus						V31_POINTER_TABLE_COMMAND_T49_I01
M1528	1	character_command_chart	slot	SLPS	0x412D50	32	ダイナミック・エントリー	NUN5_TEXTENG@0xBDB8	Dynamic Entry	Dynamic Entry						V31_POINTER_TABLE_COMMAND_T49_I03
M1529	1	character_command_chart	slot	SLPS	0x412D70	32	<r猛連蹴|もうれんしゅう>	NUN5_TEXTENG@0xBDD0	Fierce Kick Combo	Fierce Kick Combo						V31_POINTER_TABLE_COMMAND_T49_I24
M1530	1	character_command_chart	slot	SLPS	0x412D90	32	<r大爆踵|だいばくしょう>	NUN5_TEXTENG@0xBDE8	Explosive Heel	Explosive Heel						V31_POINTER_TABLE_COMMAND_T49_I25
M1531	1	character_command_chart	slot	SLPS	0x412DB0	32	<r双回打|そうかいだ>	NUN5_TEXTENG@0xBE00	Double Spin Strike	Double Spin Strike						V31_POINTER_TABLE_COMMAND_T49_I26
M1532	1	character_command_chart	slot	SLPS	0x412DD0	32	<r下撃蹴|かげきしゅう>	NUN5_TEXTENG@0xBE20	Down Attack Kick	Down Attack Kick						V31_POINTER_TABLE_COMMAND_T49_I27
M1533	1	character_command_chart	slot	SLPS	0x412DF0	32	<r連撃浮足|れんげきふそく>	NUN5_TEXTENG@0xBE40	Floating Leg Barrage	Floating Leg Barrage						V31_POINTER_TABLE_COMMAND_T49_I28
M1534	1	character_command_chart	slot	SLPS	0x412E10	32	<r連撃昇華|れんげきしょうか>	NUN5_TEXTENG@0xBE60	Rising Flower Barrage	Rising Flower Barrage						V31_POINTER_TABLE_COMMAND_T49_I30
M1535	1	character_command_chart	slot	SLPS	0x412E30	48	<r昇風瞬脚|しょうふうしゅんきゃく>	NUN5_TEXTENG@0xBE80	Rising Wind Kick	Rising Wind Kick						V31_POINTER_TABLE_COMMAND_T49_I32
M1536	1	character_command_chart	slot	SLPS	0x412E60	48	<r降風瞬脚|こうふうしゅんきゃく>	NUN5_TEXTENG@0xBEA0	Downward Wind Kick	Downward Wind Kick						V31_POINTER_TABLE_COMMAND_T49_I34
M1537	1	character_command_chart	slot	SLPS	0x412E90	32	<r四撃蹴|しげきしゅう>	NUN5_TEXTENG@0xBEC0	Quadruple Kick Attack	Quadruple Kick Attack						V31_POINTER_TABLE_COMMAND_T49_I38
M1538	1	character_command_chart	slot	SLPS	0x412EB0	32	<r剛猛突破|ごうもうとっぱ>	NUN5_TEXTENG@0xBEE0	Doughty Run Through	Doughty Run Through						V31_POINTER_TABLE_COMMAND_T49_I41
M1539	1	character_command_chart	slot	SLPS	0x412ED0	32	<r咆哮転漢|ほうこうてんかん>	NUN5_TEXTENG@0xBF00	Howling Conversion	Howling Conversion						V31_POINTER_TABLE_COMMAND_T49_I43
M1540	1	character_command_chart	slot	SLPS	0x412EF0	32	<r天井破|てんじょうやぶ>り	NUN5_TEXTENG@0xBF18	Ceiling Break	Ceiling Break						V31_POINTER_TABLE_COMMAND_T49_I46
M1541	1	character_command_chart	slot	SLPS	0x412F10	32	<r烈下弾|れっかだん>	NUN5_TEXTENG@0xBF30	Fierce Drop Bullet	Fierce Drop Bullet						V31_POINTER_TABLE_COMMAND_T49_I49
M1542	1	character_command_chart	slot	SLPS	0x412F30	32	<r三連打落|さんれんだらく>	NUN5_TEXTENG@0xBF50	Triple Flurry Drop	Triple Flurry Drop						V31_POINTER_TABLE_COMMAND_T49_I51
M1543	1	character_command_chart	slot	SLPS	0x412F50	32	<r蹴旋華|しゅうせんか>	NUN5_TEXTENG@0xBF70	Flower Spin Kick	Flower Spin Kick						V31_POINTER_TABLE_COMMAND_T49_I54
M1544	1	character_command_chart	slot	SLPS	0x418A00	48	<r爆式影潜|ばくしきえいせん>・<r改|かい>	NUN5_TEXTENG@0xC070	Explosive Style Shadow Conceal: Improvement	Explosive Style Shadow Conceal: Improvement						V31_POINTER_TABLE_COMMAND_T50_I03
M1545	1	character_command_chart	slot	SLPS	0x418A30	32	<r鹿脚|かきゃく>	NUN5_TEXTENG@0xC0A0	Deer Leg	Deer Leg						V31_POINTER_TABLE_COMMAND_T50_I23
M1546	1	character_command_chart	slot	SLPS	0x418A50	32	<r鹿肘|かちゅう>	NUN5_TEXTENG@0xC0B0	Deer Elbow	Deer Elbow						V31_POINTER_TABLE_COMMAND_T50_I24
M1547	1	character_command_chart	slot	SLPS	0x418A70	32	<r散影|さんえい>	NUN5_TEXTENG@0xC0C0	Scattered Shadow	Scattered Shadow						V31_POINTER_TABLE_COMMAND_T50_I26
M1548	1	character_command_chart	slot	SLPS	0x418A90	32	<r影枕|かげまくら>	NUN5_TEXTENG@0xC0D8	Shadow Pillow	Shadow Pillow						V31_POINTER_TABLE_COMMAND_T50_I30
M1549	1	character_command_chart	slot	SLPS	0x418AB0	48	<r影縫|かげぬ>い・<r袋帯|ふくろおび>	NUN5_TEXTENG@0xC0F0	Shadow Sewing: Belt	Shadow Sewing: Belt						V31_POINTER_TABLE_COMMAND_T50_I35
M1550	1	character_command_chart	slot	SLPS	0x418AE0	48	<r影縫|かげぬ>い・<r糸裏|いとづつみ>	NUN5_TEXTENG@0xC110	Shadow Sewing: String	Shadow Sewing: String						V31_POINTER_TABLE_COMMAND_T50_I36
M1551	1	character_command_chart	slot	SLPS	0x418B10	48	<r影縫|かげぬ>い・<r糸巾着|いとぎんちゃく>	NUN5_TEXTENG@0xC130	Shadow Sewing: Pouch	Shadow Sewing: Pouch						V31_POINTER_TABLE_COMMAND_T50_I38
M1552	1	character_command_chart	slot	SLPS	0x418B40	16	<r刺影|しえい>	NUN5_TEXTENG@0xC150	Piercing Shadow	Piercing Shadow						V31_POINTER_TABLE_COMMAND_T50_I46
M1553	1	character_command_chart	slot	SLPS	0x41F0C0	32	マキシマム・エントリー	NUN5_TEXTENG@0xC228	Maximum Entry	Maximum Entry						V31_POINTER_TABLE_COMMAND_T51_I01
M1554	1	character_command_chart	slot	SLPS	0x41F0E0	32	<r夜鳳凰|よるほうおう>	NUN5_TEXTENG@0xC238	Night Phoenix	Night Phoenix						V31_POINTER_TABLE_COMMAND_T51_I03
M1555	1	character_command_chart	slot	SLPS	0x41F100	32	<r特訓|とっくん>キック	NUN5_TEXTENG@0xC250	Special Training Kick	Special Training Kick						V31_POINTER_TABLE_COMMAND_T51_I24
M1556	1	character_command_chart	slot	SLPS	0x41F120	32	<r熱血|ねっけつ>ストレート	NUN5_TEXTENG@0xC270	Hot-Blooded Straight Right	Hot-Blooded Straight Right						V31_POINTER_TABLE_COMMAND_T51_I25
M1557	1	character_command_chart	slot	SLPS	0x41F140	32	<r愛情|あいじょう>カカト	NUN5_TEXTENG@0xC290	Affectionate Heel 	Affectionate Heel 						V31_POINTER_TABLE_COMMAND_T51_I26
M1558	1	character_command_chart	slot	SLPS	0x41F160	32	<r無敵|むてき>チョップ	NUN5_TEXTENG@0xC2B0	Invincible Chop	Invincible Chop						V31_POINTER_TABLE_COMMAND_T51_I27
M1559	1	character_command_chart	slot	SLPS	0x41F180	32	<r激怒|げきど>ヌンチャク	NUN5_TEXTENG@0xC2C0	Raging Nunchaku	Raging Nunchaku						V31_POINTER_TABLE_COMMAND_T51_I28
M1560	1	character_command_chart	slot	SLPS	0x41F1A0	32	<r魂|たましい>ラッシュ	NUN5_TEXTENG@0xC2D0	Soul Rush	Soul Rush						V31_POINTER_TABLE_COMMAND_T51_I29
M1561	1	character_command_chart	slot	SLPS	0x41F1C0	32	<r情熱|じょうねつ>キック	NUN5_TEXTENG@0xC2E0	Passionate Kick	Passionate Kick						V31_POINTER_TABLE_COMMAND_T51_I31
M1562	1	character_command_chart	slot	SLPS	0x41F1E0	32	<r青春|せいしゅん>アッパー	NUN5_TEXTENG@0xC2F0	Youthful Uppercut 	Youthful Uppercut 						V31_POINTER_TABLE_COMMAND_T51_I33
M1563	1	character_command_chart	slot	SLPS	0x41F200	32	<r斬鉄|ざんてつ>チョップ	NUN5_TEXTENG@0xC308	Iron Chop	Iron Chop						V31_POINTER_TABLE_COMMAND_T51_I35
M1564	1	character_command_chart	slot	SLPS	0x41F220	32	<r気合|きあい>アタック	NUN5_TEXTENG@0xC320	Fighting Spirit Attack	Fighting Spirit Attack						V31_POINTER_TABLE_COMMAND_T51_I37
M1565	1	character_command_chart	slot	SLPS	0x41F240	32	<r必殺|ひっさつ>キック	NUN5_TEXTENG@0xC338	Deadly Kick	Deadly Kick						V31_POINTER_TABLE_COMMAND_T51_I39
M1566	1	character_command_chart	slot	SLPS	0x41F260	32	<r友情|ゆうじょう>ラリアット	NUN5_TEXTENG@0xC350	Friendship Lasso	Friendship Lasso						V31_POINTER_TABLE_COMMAND_T51_I42
M1567	1	character_command_chart	slot	SLPS	0x41F280	32	<r熱愛|ねつあい>スロー	NUN5_TEXTENG@0xC370	Ardent Love Throw	Ardent Love Throw						V31_POINTER_TABLE_COMMAND_T51_I44
M1568	1	character_command_chart	slot	SLPS	0x41F2A0	32	<r根性|こんじょう>キック	NUN5_TEXTENG@0xC388	Guts Kick	Guts Kick						V31_POINTER_TABLE_COMMAND_T51_I47
M1569	1	character_command_chart	slot	SLPS	0x41F2C0	32	<r努力|どりょく>スマッシュ	NUN5_TEXTENG@0xC398	Endeavor Smash	Endeavor Smash						V31_POINTER_TABLE_COMMAND_T51_I50
M1570	1	character_command_chart	slot	SLPS	0x41F2E0	32	<r漢|おとこ>コンボ	NUN5_TEXTENG@0xC3B0	Masculine Combo	Masculine Combo						V31_POINTER_TABLE_COMMAND_T51_I55
M1571	1	character_command_chart	slot	SLPS	0x424B20	32	<r雷切墜|らいきりお>とし	NUN5_TEXTENG@0xC4A0	Lightning Blade Drop	Lightning Blade Drop						V31_POINTER_TABLE_COMMAND_T52_I01
M1572	1	character_command_chart	slot	SLPS	0x424B40	32	<r雷切|らいきり>	NUN5_TEXTENG@0xC4C0	Lightning Blade	Lightning Blade						V31_POINTER_TABLE_COMMAND_T52_I03
M1573	1	character_command_chart	slot	SLPS	0x424B60	48	<r万華鏡写輪眼|まんげきょうしゃりんがん>	NUN5_TEXTENG@0xC4D0	Mangekyo Sharingan	Mangekyo Sharingan						V31_POINTER_TABLE_COMMAND_T52_I21
M1574	1	character_command_chart	slot	SLPS	0x424B90	24	<r翔燕|しょうえん>	NUN5_TEXTENG@0x42F8	Flying Swallow	Flying Swallow						V31_POINTER_TABLE_COMMAND_T52_I25
M1575	1	character_command_chart	slot	SLPS	0x424BA8	24	<r転牙|てんが>	NUN5_TEXTENG@0xC4E8	Rolling Fang	Rolling Fang						V31_POINTER_TABLE_COMMAND_T52_I26
M1576	1	character_command_chart	slot	SLPS	0x424BC0	32	<r曲穿|きょくせん>	NUN5_TEXTENG@0xC4F8	Bending Drill 	Bending Drill 						V31_POINTER_TABLE_COMMAND_T52_I27
M1577	1	character_command_chart	slot	SLPS	0x424BE0	32	<r這脚|はいきゃく>	NUN5_TEXTENG@0xC508	Crawl Kick	Crawl Kick						V31_POINTER_TABLE_COMMAND_T52_I28
M1578	1	character_command_chart	slot	SLPS	0x424C00	24	<r槌尖|ついせん>	NUN5_TEXTENG@0xC518	Sharp Hammer 	Sharp Hammer 						V31_POINTER_TABLE_COMMAND_T52_I30
M1579	1	character_command_chart	slot	SLPS	0x424C18	24	<r閃払|せんぷ>	NUN5_TEXTENG@0xC528	Flash Sweep	Flash Sweep						V31_POINTER_TABLE_COMMAND_T52_I32
M1580	1	character_command_chart	slot	SLPS	0x424C30	32	<r旋咬|せんこう>	NUN5_TEXTENG@0xC538	Spiral Bite 	Spiral Bite 						V31_POINTER_TABLE_COMMAND_T52_I34
M1581	1	character_command_chart	slot	SLPS	0x424C50	32	<r瞬転|しゅんてん>	NUN5_TEXTENG@0xC550	Instant Conversion	Instant Conversion						V31_POINTER_TABLE_COMMAND_T52_I36
M1582	1	character_command_chart	slot	SLPS	0x424C70	32	<r尖蹴|せんしゅう>	NUN5_TEXTENG@0xC568	Sharp Kick	Sharp Kick						V31_POINTER_TABLE_COMMAND_T52_I39
M1583	1	character_command_chart	slot	SLPS	0x424C90	32	<r穿心|さいしん>	NUN5_TEXTENG@0xC578	Heart Drill	Heart Drill						V31_POINTER_TABLE_COMMAND_T52_I42
M1584	1	character_command_chart	slot	SLPS	0x424CB0	32	<r背脚|はいきゃく>	NUN5_TEXTENG@0xC588	Back Kick	Back Kick						V31_POINTER_TABLE_COMMAND_T52_I44
M1585	1	character_command_chart	slot	SLPS	0x424CD0	32	<r跳牙|ちょうが>	NUN5_TEXTENG@0xC598	Hopping Fang	Hopping Fang						V31_POINTER_TABLE_COMMAND_T52_I47
M1586	1	character_command_chart	slot	SLPS	0x42A0C0	48	<r幻術|げんじゅつ>　<r不知火|しらぬい>	NUN5_TEXTENG@0xC670	Genjutsu: Shiranui	Genjutsu: Shiranui						V31_POINTER_TABLE_COMMAND_T53_I01
M1587	1	character_command_chart	slot	SLPS	0x42A0F0	64	<r火遁|かとん>・<r豪火球|ごうかきゅう>の<r術|じゅつ>	NUN5_TEXTENG@0xC690	Fire Style: Fire Ball Jutsu	Fire Style: Fire Ball Jutsu						V31_POINTER_TABLE_COMMAND_T53_I03
M1588	1	character_command_chart	slot	SLPS	0x42A130	32	<r閃影|せんえい>	NUN5_TEXTENG@0xC6B0	Flash Shadow	Flash Shadow						V31_POINTER_TABLE_COMMAND_T53_I24
M1589	1	character_command_chart	slot	SLPS	0x42A150	24	<r瞬斬|しゅんざん>	NUN5_TEXTENG@0xC6C0	Instant Slash	Instant Slash						V31_POINTER_TABLE_COMMAND_T53_I25
M1590	1	character_command_chart	slot	SLPS	0x42A168	24	<r双舞|そうぶ>	NUN5_TEXTENG@0xC6D0	Double Dance	Double Dance						V31_POINTER_TABLE_COMMAND_T53_I26
M1591	1	character_command_chart	slot	SLPS	0x42A180	48	<r分身大爆破|ぶんしんだいばくは>	NUN5_TEXTENG@0xC6E0	Clone Jutsu: Super Explosion	Clone Jutsu: Super Explosion						V31_POINTER_TABLE_COMMAND_T53_I27
M1592	1	character_command_chart	slot	SLPS	0x42A1B0	32	<r翔斬|しょうざん>	NUN5_TEXTENG@0xC700	Soaring Slash 	Soaring Slash 						V31_POINTER_TABLE_COMMAND_T53_I29
M1593	1	character_command_chart	slot	SLPS	0x42A1D0	32	<r穿蹴|せんしゅう>	NUN5_TEXTENG@0xC710	Drill Kick	Drill Kick						V31_POINTER_TABLE_COMMAND_T53_I31
M1594	1	character_command_chart	slot	SLPS	0x42A1F0	32	<r禍炎|かえん>　<r火照|ほでり>	NUN5_TEXTENG@0xC720	Flame of Disaster: Fire Shine	Flame of Disaster: Fire Shine						V31_POINTER_TABLE_COMMAND_T53_I33
M1595	1	character_command_chart	slot	SLPS	0x42A210	16	<r天舞|てんぶ>	NUN5_TEXTENG@0xC740	Heavenly Dance	Heavenly Dance						V31_POINTER_TABLE_COMMAND_T53_I35
M1596	1	character_command_chart	slot	SLPS	0x42A220	32	<r昇旋|しょうせん>	NUN5_TEXTENG@0xC750	Rising Spin	Rising Spin						V31_POINTER_TABLE_COMMAND_T53_I38
M1597	1	character_command_chart	slot	SLPS	0x42A240	32	<r斬隼|ざんしゅん>	NUN5_TEXTENG@0xC760	Slashing Peregrine	Slashing Peregrine						V31_POINTER_TABLE_COMMAND_T53_I41
M1598	1	character_command_chart	slot	SLPS	0x42A260	32	<r飛隼|ひしゅん>	NUN5_TEXTENG@0xC780	Flying Peregrine	Flying Peregrine						V31_POINTER_TABLE_COMMAND_T53_I43
M1599	1	character_command_chart	slot	SLPS	0x42A280	32	<r墜蹴|ついしゅう>	NUN5_TEXTENG@0xC798	Falling Kick	Falling Kick						V31_POINTER_TABLE_COMMAND_T53_I46
M1600	1	character_command_chart	slot	SLPS	0x42F5A0	48	<r水遁|すいとん>・<r潜鮫削滅|せんこうさくめつ>	NUN5_TEXTENG@0xC870	Water Style: Shark Attack	Water Style: Shark Attack						V31_POINTER_TABLE_COMMAND_T54_I01
M1601	1	character_command_chart	slot	SLPS	0x42F5D0	64	<r水遁|すいとん>・<r水鮫散弾|すいこうさんだん>の<r術|じゅつ>	NUN5_TEXTENG@0xC890	Water Style: Water Shark Shotgun Jutsu	Water Style: Water Shark Shotgun Jutsu						V31_POINTER_TABLE_COMMAND_T54_I03
M1602	1	character_command_chart	slot	SLPS	0x42F610	48	<r水遁|すいとん>・<r渦纏|うずまと>い	NUN5_TEXTENG@0xC8C0	Water Style: Clinging Whirlpool	Water Style: Clinging Whirlpool						V31_POINTER_TABLE_COMMAND_T54_I23
M1603	1	character_command_chart	slot	SLPS	0x42F640	32	おろし<r回旋|かいせん>	NUN5_TEXTENG@0xC8E0	Grating Spin	Grating Spin						V31_POINTER_TABLE_COMMAND_T54_I24
M1604	1	character_command_chart	slot	SLPS	0x42F660	32	<r大壊崩|だいかいくず>し	NUN5_TEXTENG@0xC8F0	Grand Destruction	Grand Destruction						V31_POINTER_TABLE_COMMAND_T54_I25
M1605	1	character_command_chart	slot	SLPS	0x42F680	32	<r鮫肌蹂躙|サメハダじゅうりん>	NUN5_TEXTENG@0xC910	Shark Skin Infringe	Shark Skin Infringe						V31_POINTER_TABLE_COMMAND_T54_I26
M1606	1	character_command_chart	slot	SLPS	0x42F6A0	32	<r鮫肌回旋|サメハダかいせん>	NUN5_TEXTENG@0xC930	Shark Skin Spin	Shark Skin Spin						V31_POINTER_TABLE_COMMAND_T54_I28
M1607	1	character_command_chart	slot	SLPS	0x42F6C0	32	<r背討削|せうちけず>り	NUN5_TEXTENG@0xC940	Back Attack Shave	Back Attack Shave						V31_POINTER_TABLE_COMMAND_T54_I30
M1608	1	character_command_chart	slot	SLPS	0x42F6E0	32	<r波剃突破|はせいとっぱ>	NUN5_TEXTENG@0xC958	Wave Break	Wave Break						V31_POINTER_TABLE_COMMAND_T54_I32
M1609	1	character_command_chart	slot	SLPS	0x42F700	64	<r水遁|すいとん>・<r水牢|すいろう>の<r術|じゅつ>	NUN5_TEXTENG@0xC970	Water Style: Water Prison Jutsu	Water Style: Water Prison Jutsu						V31_POINTER_TABLE_COMMAND_T54_I34
M1610	1	character_command_chart	slot	SLPS	0x42F740	32	<r鮫肌壊上|サメハダかいじょう>	NUN5_TEXTENG@0xC990	Shark Skin Upper	Shark Skin Upper						V31_POINTER_TABLE_COMMAND_T54_I36
M1611	1	character_command_chart	slot	SLPS	0x42F760	32	<r鮫餓落下|こうじんらっか>	NUN5_TEXTENG@0xC9B0	Hungry Shark Drop	Hungry Shark Drop						V31_POINTER_TABLE_COMMAND_T54_I38
M1612	1	character_command_chart	slot	SLPS	0x42F780	32	<r捨打|すてう>ち	NUN5_TEXTENG@0xC9C8	Dump Hit	Dump Hit						V31_POINTER_TABLE_COMMAND_T54_I40
M1613	1	character_command_chart	slot	SLPS	0x42F7A0	32	<r大開斬|だいかいき>り	NUN5_TEXTENG@0xC9E0	Wide Open Slash	Wide Open Slash						V31_POINTER_TABLE_COMMAND_T54_I42
M1614	1	character_command_chart	slot	SLPS	0x434D60	32	<r緋染絣|ひぞめがすり>	NUN5_TEXTENG@0xCAA0	Crimson Splash	Crimson Splash						V31_POINTER_TABLE_COMMAND_T55_I01
M1615	1	character_command_chart	slot	SLPS	0x434D80	32	<r虚狗砲|こくほう>	NUN5_TEXTENG@0xCAB0	Fake Fox Blast	Fake Fox Blast						V31_POINTER_TABLE_COMMAND_T55_I03
M1616	1	character_command_chart	slot	SLPS	0x434DA0	32	<r猛爪手|もうそうしゅ>	NUN5_TEXTENG@0xCAC0	Raging Claw	Raging Claw						V31_POINTER_TABLE_COMMAND_T55_I23
M1617	1	character_command_chart	slot	SLPS	0x434DC0	32	<r緋色槍|ひしょくそう>	NUN5_TEXTENG@0xCAD0	Crimson Spear	Crimson Spear						V31_POINTER_TABLE_COMMAND_T55_I24
M1618	1	character_command_chart	slot	SLPS	0x434DE0	32	<r不知火打|しらぬいうち>	NUN5_TEXTENG@0xCAE0	Unknowing Flame	Unknowing Flame						V31_POINTER_TABLE_COMMAND_T55_I25
M1619	1	character_command_chart	slot	SLPS	0x434E00	32	<r朱露|あけのつゆ>	NUN5_SLES@0x5141A8	Ibis	Ibis						V31_POINTER_TABLE_COMMAND_T55_I26
M1620	1	character_command_chart	slot	SLPS	0x434E20	32	<r射鳴爪|いなりづめ>	NUN5_TEXTENG@0xCAF0	Crying Claw	Crying Claw						V31_POINTER_TABLE_COMMAND_T55_I28
M1621	1	character_command_chart	slot	SLPS	0x434E40	32	<r付喪薙|つくもなぎ>	NUN5_TEXTENG@0xCB00	Mow Down	Mow Down						V31_POINTER_TABLE_COMMAND_T55_I30
M1622	1	character_command_chart	slot	SLPS	0x434E60	32	<r白面砲撃|はくめんほうげき>	NUN5_TEXTENG@0xCB10	White Mask Cannon	White Mask Cannon						V31_POINTER_TABLE_COMMAND_T55_I32
M1623	1	character_command_chart	slot	SLPS	0x434E80	32	<r裂尾荒|れつびこう>	NUN5_TEXTENG@0xCB28	Tearing Tail	Tearing Tail						V31_POINTER_TABLE_COMMAND_T55_I34
M1624	1	character_command_chart	slot	SLPS	0x434EA0	32	<r玉藻前|たまものまえ>	NUN5_TEXTENG@0xCB38	Fox Witch	Fox Witch						V31_POINTER_TABLE_COMMAND_T55_I37
M1625	1	character_command_chart	slot	SLPS	0x434EC0	32	<r降纏突|こうてんつき>	NUN5_TEXTENG@0xCB50	Dropping Thrust	Dropping Thrust						V31_POINTER_TABLE_COMMAND_T55_I40
M1626	1	character_command_chart	slot	SLPS	0x434EE0	32	<r飯綱束|いづなづか>	NUN5_TEXTENG@0xCB60	Rope Bind	Rope Bind						V31_POINTER_TABLE_COMMAND_T55_I42
M1627	1	character_command_chart	slot	SLPS	0x434F00	32	<r空孤繰|くうこくり>	NUN5_TEXTENG@0xCB70	Fox Manipulation	Fox Manipulation						V31_POINTER_TABLE_COMMAND_T55_I45
M1628	1	character_command_chart	slot	SLPS	0x43A690	32	<r強襲裂刃|きょうしゅうれっぱ>	NUN5_TEXTENG@0xCC48	Powerful Blade	Powerful Blade						V31_POINTER_TABLE_COMMAND_T56_I01
M1629	1	character_command_chart	slot	SLPS	0x43A6B0	64	<r赤秘技|あかひぎ>・<r百機|ひゃっき>の<r操演|そうえん>	NUN5_TEXTENG@0x4720	Red Secret Technique: Performance of a Hundred Puppets	Red Secret Technique: Performance of a Hundred Puppets						V31_POINTER_TABLE_COMMAND_T56_I03
M1630	1	character_command_chart	slot	SLPS	0x43A6F0	32	<r操己昇脚|そうこしょうきゃく>	NUN5_TEXTENG@0xCC60	Self Manipulate: Raise Leg	Self Manipulate: Raise Leg						V31_POINTER_TABLE_COMMAND_T56_I24
M1631	1	character_command_chart	slot	SLPS	0x43A710	32	<r操己深進|そうこしんしん>	NUN5_TEXTENG@0xCC80	Self Manipulate: Deep Thrust	Self Manipulate: Deep Thrust						V31_POINTER_TABLE_COMMAND_T56_I25
M1632	1	character_command_chart	slot	SLPS	0x43A730	32	<r操己翻刃|そうこほんじん>	NUN5_TEXTENG@0xCCA0	Self Manipulate: Blade Wave	Self Manipulate: Blade Wave						V31_POINTER_TABLE_COMMAND_T56_I26
M1633	1	character_command_chart	slot	SLPS	0x43A750	32	<r操己炎憮|そうこえんぶ>	NUN5_TEXTENG@0xCCC0	Self Manipulate: Blaze	Self Manipulate: Blaze						V31_POINTER_TABLE_COMMAND_T56_I27
M1634	1	character_command_chart	slot	SLPS	0x43A770	48	<r炎龍昇刃|えんりゅうしょうじん>	NUN5_TEXTENG@0xCCE0	Rising Dragon Blade	Rising Dragon Blade						V31_POINTER_TABLE_COMMAND_T56_I29
M1635	1	character_command_chart	slot	SLPS	0x43A7A0	32	<r炎獄憮陣|えんごくぶじん>	NUN5_TEXTENG@0xCD00	Flaming Inferno Ring	Flaming Inferno Ring						V31_POINTER_TABLE_COMMAND_T56_I31
M1636	1	character_command_chart	slot	SLPS	0x43A7C0	32	<r強襲浮刃|きょうしゅうふじん>	NUN5_TEXTENG@0xCD20	Strong Floating Blade	Strong Floating Blade						V31_POINTER_TABLE_COMMAND_T56_I33
M1637	1	character_command_chart	slot	SLPS	0x43A7E0	32	<r寄人背蹴|きじんせしゅう>	NUN5_TEXTENG@0xCD40	Close Back Kick	Close Back Kick						V31_POINTER_TABLE_COMMAND_T56_I35
M1638	1	character_command_chart	slot	SLPS	0x43A800	48	<r強襲昇刃|きょうしゅうしょうじん>	NUN5_TEXTENG@0xCD50	Powerful Rising Blade	Powerful Rising Blade						V31_POINTER_TABLE_COMMAND_T56_I37
M1639	1	character_command_chart	slot	SLPS	0x43A830	48	<r強襲墜劇|きょうしゅうついげき>	NUN5_TEXTENG@0xCD68	Strong Drop	Strong Drop						V31_POINTER_TABLE_COMMAND_T56_I39
M1640	1	character_command_chart	slot	SLPS	0x43A860	32	<r行自背蹴|あんじせしゅう>	NUN5_TEXTENG@0xCD78	Self Back Kick	Self Back Kick						V31_POINTER_TABLE_COMMAND_T56_I41
M1641	1	character_command_chart	slot	SLPS	0x43A880	32	<r強襲刺刃|きょうしゅうしじん>	NUN5_TEXTENG@0xCD88	Strong Stab	Strong Stab						V31_POINTER_TABLE_COMMAND_T56_I43
M1642	1	character_command_chart	slot	SLPS	0x43F5C0	32	<r尾道魯|おどろ>	NUN5_TEXTENG@0xCE50	Tail Road Lu	Tail Road Lu						V31_POINTER_TABLE_COMMAND_T57_I01
M1643	1	character_command_chart	slot	SLPS	0x43F5E0	64	<r仕込|しこ>み<r傀儡|くぐつ>・<r針々八波|しんしんはっぱ>	NUN5_TEXTENG@0xCE60	Mechanical Puppet: Octo Needle Waves	Mechanical Puppet: Octo Needle Waves						V31_POINTER_TABLE_COMMAND_T57_I03
M1644	1	character_command_chart	slot	SLPS	0x43F620	24	<r天幻|てんげん>	NUN5_TEXTENG@0xCE90	Heavenly Illusion	Heavenly Illusion						V31_POINTER_TABLE_COMMAND_T57_I22
M1645	1	character_command_chart	slot	SLPS	0x43F638	16	<r羅刹|らせつ>	NUN5_TEXTENG@0xCEA8	Rakshasa	Rakshasa						V31_POINTER_TABLE_COMMAND_T57_I23
M1646	1	character_command_chart	slot	SLPS	0x43F648	16	<r百済|くだら>	NUN5_SLES@0x5141B0	Baekje	Baekje						V31_POINTER_TABLE_COMMAND_T57_I24
M1647	1	character_command_chart	slot	SLPS	0x43F658	16	<r虚無|きょむ>	NUN5_TEXTENG@0xCEB8	Nothingness	Nothingness						V31_POINTER_TABLE_COMMAND_T57_I26
M1648	1	character_command_chart	slot	SLPS	0x43F668	24	<r無頼|ぶらい>	NUN5_SLES@0x5141B8	Ruffian	Ruffian						V31_POINTER_TABLE_COMMAND_T57_I28
M1649	1	character_command_chart	slot	SLPS	0x43F680	32	<r有情|うじょう>	NUN5_TEXTENG@0xCED0	Existing Sentiment	Existing Sentiment						V31_POINTER_TABLE_COMMAND_T57_I29
M1650	1	character_command_chart	slot	SLPS	0x43F6A0	24	<r潜手|せんしゅ>	NUN5_TEXTENG@0xCEE8	Submerged Hand	Submerged Hand						V31_POINTER_TABLE_COMMAND_T57_I30
M1651	1	character_command_chart	slot	SLPS	0x43F6B8	24	<r新羅|しらぎ>	NUN5_SLES@0x5141C0	Silla	Silla						V31_POINTER_TABLE_COMMAND_T57_I31
M1652	1	character_command_chart	slot	SLPS	0x43F6D0	32	<r天涯|てんがい>	NUN5_TEXTENG@0xCEF8	Heaven's End	Heaven's End						V31_POINTER_TABLE_COMMAND_T57_I33
M1653	1	character_command_chart	slot	SLPS	0x43F6F0	32	<r高麗|こうらい>	NUN5_SLES@0x5141C8	Goryeo	Goryeo						V31_POINTER_TABLE_COMMAND_T57_I34
M1654	1	character_command_chart	slot	SLPS	0x43F710	32	<r如来|にょらい>	NUN5_TEXTENG@0xCF08	Tathagata	Tathagata						V31_POINTER_TABLE_COMMAND_T57_I35
M1655	1	character_command_chart	slot	SLPS	0x43F730	32	<r白衣|びゃくえ>	NUN5_TEXTENG@0xCF18	White Robe	White Robe						V31_POINTER_TABLE_COMMAND_T57_I37
M1656	1	character_command_chart	slot	SLPS	0x43F750	32	<r双云|そううん>	NUN5_TEXTENG@0xCF28	Double Saying	Double Saying						V31_POINTER_TABLE_COMMAND_T57_I39
M1657	1	character_command_chart	slot	SLPS	0x445EB0	32	<r熟練作法|じゅくれんさほう>	NUN5_TEXTENG@0xCFE0	Skillful Manner	Skillful Manner						V31_POINTER_TABLE_COMMAND_T58_I01
M1658	1	character_command_chart	slot	SLPS	0x445ED0	32	<r二兎天秤|にとてんびん>	NUN5_TEXTENG@0xCFF0	Two Hare Balance	Two Hare Balance						V31_POINTER_TABLE_COMMAND_T58_I23
M1659	1	character_command_chart	slot	SLPS	0x445EF0	32	<r起進踏破|きじんとうは>	NUN5_TEXTENG@0xD010	Advance Traverse	Advance Traverse						V31_POINTER_TABLE_COMMAND_T58_I24
M1660	1	character_command_chart	slot	SLPS	0x445F10	32	<r下肢盛焔|かしせいえん>	NUN5_TEXTENG@0xD030	Lower Limbs Blaze	Lower Limbs Blaze						V31_POINTER_TABLE_COMMAND_T58_I25
M1661	1	character_command_chart	slot	SLPS	0x445F30	32	<r跳乗体躯|ちょうじょうたいく>	NUN5_TEXTENG@0xD048	Hopping Mount	Hopping Mount						V31_POINTER_TABLE_COMMAND_T58_I26
M1662	1	character_command_chart	slot	SLPS	0x445F50	32	<r無我自遜|むがじそん>	NUN5_TEXTENG@0xD058	Selflessness	Selflessness						V31_POINTER_TABLE_COMMAND_T58_I27
M1663	1	character_command_chart	slot	SLPS	0x445F70	32	<r不意手|ふいしゅ>	NUN5_TEXTENG@0xD068	Sudden Hand	Sudden Hand						V31_POINTER_TABLE_COMMAND_T58_I29
M1664	1	character_command_chart	slot	SLPS	0x445F90	32	<r双昇脚|そうしょうきゃく>	NUN5_TEXTENG@0xD080	Double Rising Kick	Double Rising Kick						V31_POINTER_TABLE_COMMAND_T58_I31
M1665	1	character_command_chart	slot	SLPS	0x445FB0	32	<r輪転掌|りんてんしょう>	NUN5_TEXTENG@0xD098	Rotary Palm	Rotary Palm						V31_POINTER_TABLE_COMMAND_T58_I33
M1666	1	character_command_chart	slot	SLPS	0x445FD0	32	<r潜進脚|せんしんきゃく>	NUN5_TEXTENG@0xD0B0	Submerged Advance Kick	Submerged Advance Kick						V31_POINTER_TABLE_COMMAND_T58_I35
M1667	1	character_command_chart	slot	SLPS	0x445FF0	32	<r肩硬突|けんこうとつ>	NUN5_TEXTENG@0xD0D0	Shoulder Thrust	Shoulder Thrust						V31_POINTER_TABLE_COMMAND_T58_I37
M1668	1	character_command_chart	slot	SLPS	0x446010	32	<r北砕|ほくさい>	NUN5_TEXTENG@0xD0E0	North Clash	North Clash						V31_POINTER_TABLE_COMMAND_T58_I39
M1669	1	character_command_chart	slot	SLPS	0x446030	32	<r底閃|ていせん>	NUN5_TEXTENG@0xD0F0	Bottom Flash	Bottom Flash						V31_POINTER_TABLE_COMMAND_T58_I41
M1670	1	character_command_chart	slot	SLPS	0x446050	24	<r斜落|しゃらく>	NUN5_TEXTENG@0xD100	Slant Drop	Slant Drop						V31_POINTER_TABLE_COMMAND_T58_I43
M1671	1	character_command_chart	slot	SLPS	0x446068	24	<r風刺|ふうし>	NUN5_TEXTENG@0xD110	Wind Pierce	Wind Pierce						V31_POINTER_TABLE_COMMAND_T58_I45
M1672	1	character_command_chart	slot	SLPS	0x446080	32	<r仰|あお>ぐ<r大気|そら>	NUN5_TEXTENG@0xD120	Looking Up at the Air	Looking Up at the Air						V31_POINTER_TABLE_COMMAND_T58_I48
M1673	1	character_command_chart	slot	SLPS	0x4460A0	32	<r過|す>ぐ<r歳月|ながれ>	NUN5_TEXTENG@0xD138	Passed Years	Passed Years						V31_POINTER_TABLE_COMMAND_T58_I49
M1674	1	character_command_chart	slot	SLPS	0x4460C0	32	<r降|ふ>り<r作礼|さらい>	NUN5_TEXTENG@0xD148	Falling Bow	Falling Bow						V31_POINTER_TABLE_COMMAND_T58_I50
M1675	1	character_command_chart	slot	SLPS	0x4460E0	32	<r絶|た>ち<r終焉|わかれ>	NUN5_TEXTENG@0xD158	Cut Off End	Cut Off End						V31_POINTER_TABLE_COMMAND_T58_I51
M1676	1	character_command_chart	slot	SLPS	0x446100	48	<r天|てん>の<r構|かま>え・<r刹|せつ>	NUN5_TEXTENG@0xD170	Heaven Stance: Pillar	Heaven Stance: Pillar						V31_POINTER_TABLE_COMMAND_T58_I53
M1677	1	character_command_chart	slot	SLPS	0x446130	32	<r舞|ま>い<r飛鳥|あすか>	NUN5_TEXTENG@0xD190	Flying Bird Dance	Flying Bird Dance						V31_POINTER_TABLE_COMMAND_T58_I54
M1678	1	character_command_chart	slot	SLPS	0x446150	48	<r地|ち>の<r構|かま>え・<r掩|えん>	NUN5_TEXTENG@0xD1B0	Earth Stance: Conceal	Earth Stance: Conceal						V31_POINTER_TABLE_COMMAND_T58_I56
M1679	1	character_command_chart	slot	SLPS	0x446180	32	<r這|は>い<r土竜|もぐら>	NUN5_TEXTENG@0xD1C8	Crawling Mole	Crawling Mole						V31_POINTER_TABLE_COMMAND_T58_I57
M1680	1	character_command_chart	slot	SLPS	0x4461A0	48	<r人|じん>の<r構|かま>え・<r斥|せき>	NUN5_TEXTENG@0xD1E0	Human Stance: Avoid	Human Stance: Avoid						V31_POINTER_TABLE_COMMAND_T58_I59
M1681	1	character_command_chart	slot	SLPS	0x4461D0	32	<r刺|さ>し<r朱音|あかね>	NUN5_TEXTENG@0xD200	Scarlet Sonic Pierce	Scarlet Sonic Pierce						V31_POINTER_TABLE_COMMAND_T58_I61
M1682	1	character_command_chart	slot	SLPS	0x44BF90	32	<r暴双砕牙|ばくそうさいが>	NUN5_TEXTENG@0xD320	Dual Raging Fangs	Dual Raging Fangs						V31_POINTER_TABLE_COMMAND_T59_I01
M1683	1	character_command_chart	slot	SLPS	0x44BFB0	32	<r牙通牙|がつうが>	NUN5_TEXTENG@0x4C18	Fang Over Fang	Fang Over Fang						V31_POINTER_TABLE_COMMAND_T59_I03
M1684	1	character_command_chart	slot	SLPS	0x44BFD0	32	<r円月爪|えんげつそう>	NUN5_TEXTENG@0xD338	Circle Claws	Circle Claws						V31_POINTER_TABLE_COMMAND_T59_I24
M1685	1	character_command_chart	slot	SLPS	0x44BFF0	32	<r双狼閃|そうろうせん>	NUN5_TEXTENG@0xD350	Dual Shining Wolves	Dual Shining Wolves						V31_POINTER_TABLE_COMMAND_T59_I25
M1686	1	character_command_chart	slot	SLPS	0x44C010	32	<r虚狼貫|ころうかん>	NUN5_TEXTENG@0xD370	False Tiger Tear	False Tiger Tear						V31_POINTER_TABLE_COMMAND_T59_I26
M1687	1	character_command_chart	slot	SLPS	0x44C030	32	<r群狼鞭|ぐんろうべん> 	NUN5_TEXTENG@0xD388	Wolf Whip	Wolf Whip						V31_POINTER_TABLE_COMMAND_T59_I27
M1688	1	character_command_chart	slot	SLPS	0x44C050	32	<r抗牙刀|こうがとう>	NUN5_TEXTENG@0xD398	Resisting Fang	Resisting Fang						V31_POINTER_TABLE_COMMAND_T59_I29
M1689	1	character_command_chart	slot	SLPS	0x44C070	32	<r駆狼双戟|かろうそうげき>	NUN5_TEXTENG@0xD3B0	Dual Wolf Spear	Dual Wolf Spear						V31_POINTER_TABLE_COMMAND_T59_I31
M1690	1	character_command_chart	slot	SLPS	0x44C090	32	<r単騎閃走|たんきせんそう>	NUN5_TEXTENG@0xD3C0	Speed Dash	Speed Dash						V31_POINTER_TABLE_COMMAND_T59_I33
M1691	1	character_command_chart	slot	SLPS	0x44C0B0	32	<r拘狼顎|こうろうがく>	NUN5_TEXTENG@0xD3D0	Wolf Brow	Wolf Brow						V31_POINTER_TABLE_COMMAND_T59_I35
M1692	1	character_command_chart	slot	SLPS	0x44C0D0	32	<r天狼流|てんろうりゅう>	NUN5_TEXTENG@0xD3E0	Sky Wolf Style	Sky Wolf Style						V31_POINTER_TABLE_COMMAND_T59_I38
M1693	1	character_command_chart	slot	SLPS	0x44C0F0	32	<r皇狼落|こうろうらく>	NUN5_TEXTENG@0xD3F0	Lord Wolf Drop	Lord Wolf Drop						V31_POINTER_TABLE_COMMAND_T59_I41
M1694	1	character_command_chart	slot	SLPS	0x44C110	32	<r飛刃狼牙|ひじんろうが>	NUN5_TEXTENG@0xD400	Flying Wolf Fang	Flying Wolf Fang						V31_POINTER_TABLE_COMMAND_T59_I43
M1695	1	character_command_chart	slot	SLPS	0x44C130	32	<r迅狼天走|じんろうてんそう>	NUN5_TEXTENG@0xD420	Sky Speeding Wolf	Sky Speeding Wolf						V31_POINTER_TABLE_COMMAND_T59_I46
M1696	1	character_command_chart	slot	SLPS	0x44C150	32	<r一騎搭穿|いっきとうせん>	NUN5_TEXTENG@0xD440	Wolf Rider Pierce	Wolf Rider Pierce						V31_POINTER_TABLE_COMMAND_T59_I47
M1697	1	character_command_chart	slot	SLPS	0x44C170	32	<r投狼刃|とうろうじん>	NUN5_TEXTENG@0xD460	Wolf Fang Throw	Wolf Fang Throw						V31_POINTER_TABLE_COMMAND_T59_I50
M1698	1	character_command_chart	slot	SLPS	0x44C190	32	<r騎乗伐爪|きじょうばっそう>	NUN5_TEXTENG@0xD470	Riding Fang	Riding Fang						V31_POINTER_TABLE_COMMAND_T59_I53
M1699	1	character_command_chart	slot	SLPS	0x451B90	48	<r寄壊蟲|きかいちゅう>・<r芭句|ばく>	NUN5_TEXTENG@0xD560	Parasitic Insects: Bind	Parasitic Insects: Bind						V31_POINTER_TABLE_COMMAND_T60_I01
M1700	1	character_command_chart	slot	SLPS	0x451BC0	48	<r寄壊蟲|きかいちゅう>・<r円塊|えんかい>	NUN5_TEXTENG@0xD580	Parasitic Insects: Feast	Parasitic Insects: Feast						V31_POINTER_TABLE_COMMAND_T60_I03
M1701	1	character_command_chart	slot	SLPS	0x451BF0	32	<r沫泡蟲|まっぽうちゅう>	NUN5_TEXTENG@0xD5A0	Parasitic Bugs	Parasitic Bugs						V31_POINTER_TABLE_COMMAND_T60_I24
M1702	1	character_command_chart	slot	SLPS	0x451C10	48	<r擬態蟲|ぎたいちゅう>・<r這|しゃ>	NUN5_TEXTENG@0xD5B0	Mimic Bugs: Crawl	Mimic Bugs: Crawl						V31_POINTER_TABLE_COMMAND_T60_I25
M1703	1	character_command_chart	slot	SLPS	0x451C40	32	<r拡散蟲|かくさんちゅう>	NUN5_TEXTENG@0xD5C8	Falling Bugs	Falling Bugs						V31_POINTER_TABLE_COMMAND_T60_I26
M1704	1	character_command_chart	slot	SLPS	0x451C60	32	<r昇渦蟲|しょうかちゅう>	NUN5_TEXTENG@0xD5D8	Whirling Bugs	Whirling Bugs						V31_POINTER_TABLE_COMMAND_T60_I27
M1705	1	character_command_chart	slot	SLPS	0x451C80	32	<r分散蟲|ぶんさんちゅう>	NUN5_TEXTENG@0x3628	Spreading Bugs	Spreading Bugs						V31_POINTER_TABLE_COMMAND_T60_I29
M1706	1	character_command_chart	slot	SLPS	0x451CA0	32	<r捕縛蟲|ほばくちゅう>	NUN5_TEXTENG@0xD608	Catch Bugs	Catch Bugs						V31_POINTER_TABLE_COMMAND_T60_I32
M1707	1	character_command_chart	slot	SLPS	0x451CC0	48	<r擬態蟲|ぎたいちゅう>・<r飛|ひ>	NUN5_TEXTENG@0xD620	Mimic Bugs: Fly	Mimic Bugs: Fly						V31_POINTER_TABLE_COMMAND_T60_I35
M1708	1	character_command_chart	slot	SLPS	0x451CF0	32	<r包容蟲|ほうようちゅう>	NUN5_TEXTENG@0xD630	Encircling Bugs	Encircling Bugs						V31_POINTER_TABLE_COMMAND_T60_I36
M1709	1	character_command_chart	slot	SLPS	0x451D10	32	<r落叩蟲|らっこうちゅう>	NUN5_TEXTENG@0xD640	Pounding Bugs	Pounding Bugs						V31_POINTER_TABLE_COMMAND_T60_I38
M1710	1	character_command_chart	slot	SLPS	0x451D30	32	<r寄集蟲|きしゅうちゅう>	NUN5_TEXTENG@0xD650	Gathering Bugs	Gathering Bugs						V31_POINTER_TABLE_COMMAND_T60_I40
M1711	1	character_command_chart	slot	SLPS	0x457A80	48	<r八卦掌双手通背|はっけしょうそうしゅつうはい>	NUN5_TEXTENG@0xD710	8 Trigrams Twin Back Pierce	8 Trigrams Twin Back Pierce						V31_POINTER_TABLE_COMMAND_T61_I01
M1712	1	character_command_chart	slot	SLPS	0x457AB0	32	<r通背掌|つうはいしょう>	NUN5_TEXTENG@0xD730	Back Piercing Palm	Back Piercing Palm						V31_POINTER_TABLE_COMMAND_T61_I25
M1713	1	character_command_chart	slot	SLPS	0x457AD0	32	<r開崩掌|かいほうしょう>	NUN5_TEXTENG@0xD750	Open Crushing Palm	Open Crushing Palm						V31_POINTER_TABLE_COMMAND_T61_I26
M1714	1	character_command_chart	slot	SLPS	0x457AF0	32	<r天崩連破|てんほうれんは>	NUN5_TEXTENG@0xD770	Sky Crushing Rapid Attack	Sky Crushing Rapid Attack						V31_POINTER_TABLE_COMMAND_T61_I27
M1715	1	character_command_chart	slot	SLPS	0x457B10	32	<r投扇掌|とうせんしょう>	NUN5_TEXTENG@0xD790	Fan Throw Palm	Fan Throw Palm						V31_POINTER_TABLE_COMMAND_T61_I30
M1716	1	character_command_chart	slot	SLPS	0x457B30	32	<r旋天掌|せんてんしょう>	NUN5_TEXTENG@0xD7A0	Sky Spin Palm	Sky Spin Palm						V31_POINTER_TABLE_COMMAND_T61_I32
M1717	1	character_command_chart	slot	SLPS	0x457B50	24	<r三舞|みつまい>	NUN5_SLES@0x5141D0	Sambu	Sambu						V31_POINTER_TABLE_COMMAND_T61_I34
M1718	1	character_command_chart	slot	SLPS	0x457B68	24	<r瓦砲|がほう>	NUN5_TEXTENG@0xD7B0	Tile Cannon	Tile Cannon						V31_POINTER_TABLE_COMMAND_T61_I36
M1719	1	character_command_chart	slot	SLPS	0x457B80	32	<r天背掌|てんはいしょう>	NUN5_TEXTENG@0xD7C0	Sky Bearing Palm	Sky Bearing Palm						V31_POINTER_TABLE_COMMAND_T61_I42
M1720	1	character_command_chart	slot	SLPS	0x457BA0	32	<r大鵬|だいほう>	NUN5_SLES@0x5141D8	Taiho	Taiho						V31_POINTER_TABLE_COMMAND_T61_I46
M1721	1	character_command_chart	slot	SLPS	0x457BC0	32	<r旋風|せんぷう>	NUN5_TEXTENG@0xD7D8	Whirlwind	Whirlwind						V31_POINTER_TABLE_COMMAND_T61_I47
M1722	1	character_command_chart	slot	SLPS	0x457BE0	32	<r遥流掌|ようりゅうしょう>	NUN5_TEXTENG@0xD7F0	Distant Flowing Palm	Distant Flowing Palm						V31_POINTER_TABLE_COMMAND_T61_I49
M1723	1	character_command_chart	slot	SLPS	0x457C00	32	<r白宝輪|はくほうりん>	NUN5_TEXTENG@0xD810	White Treasure Ring	White Treasure Ring						V31_POINTER_TABLE_COMMAND_T61_I50
M1724	1	character_command_chart	slot	SLPS	0x457C20	32	<r発輝連突|はっきれんとつ>	NUN5_TEXTENG@0xD828	Shining Thrust	Shining Thrust						V31_POINTER_TABLE_COMMAND_T61_I51
M1725	1	character_command_chart	slot	SLPS	0x45DBF0	32	<r倍化怒涛|ばいかどとう>	NUN5_TEXTENG@0xD910	Rage Explosion	Rage Explosion						V31_POINTER_TABLE_COMMAND_T62_I01
M1726	1	character_command_chart	slot	SLPS	0x45DC10	32	<r超張|ちょうは>り<r手|て>	NUN5_TEXTENG@0xD920	Super Slap	Super Slap						V31_POINTER_TABLE_COMMAND_T62_I03
M1727	1	character_command_chart	slot	SLPS	0x45DC30	32	<r大跳脚|だいちょうきゃく>	NUN5_TEXTENG@0xD930	Huge Jump	Huge Jump						V31_POINTER_TABLE_COMMAND_T62_I23
M1728	1	character_command_chart	slot	SLPS	0x45DC50	32	<r大行拳|だいこうけん>	NUN5_TEXTENG@0xD940	Huge Strike	Huge Strike						V31_POINTER_TABLE_COMMAND_T62_I24
M1729	1	character_command_chart	slot	SLPS	0x45DC70	32	<r大厳乞|だいげんこつ>	NUN5_TEXTENG@0xD950	Huge Wish	Huge Wish						V31_POINTER_TABLE_COMMAND_T62_I25
M1730	1	character_command_chart	slot	SLPS	0x45DC90	32	<r大挟掌|だいきょうしょう>	NUN5_TEXTENG@0xD960	Huge Clap	Huge Clap						V31_POINTER_TABLE_COMMAND_T62_I27
M1731	1	character_command_chart	slot	SLPS	0x45DCB0	32	<r大昇脚|だいしょうきゃく>	NUN5_TEXTENG@0xD970	Huge Kick	Huge Kick						V31_POINTER_TABLE_COMMAND_T62_I29
M1732	1	character_command_chart	slot	SLPS	0x45DCD0	32	<r大叩槌|だいこうつい>	NUN5_TEXTENG@0xD980	Huge Hammer	Huge Hammer						V31_POINTER_TABLE_COMMAND_T62_I31
M1733	1	character_command_chart	slot	SLPS	0x45DCF0	32	<r怒来武|どらいぶ>	NUN5_TEXTENG@0xD990	Raging Attack	Raging Attack						V31_POINTER_TABLE_COMMAND_T62_I33
M1734	1	character_command_chart	slot	SLPS	0x45DD10	32	かつぎ<r発放|ほっぽう>	NUN5_TEXTENG@0xD9A0	Carrying Burst	Carrying Burst						V31_POINTER_TABLE_COMMAND_T62_I35
M1735	1	character_command_chart	slot	SLPS	0x45DD30	32	<r大回脚|だいかいきゃく>	NUN5_TEXTENG@0xD9B0	Huge Spin Kick	Huge Spin Kick						V31_POINTER_TABLE_COMMAND_T62_I37
M1736	1	character_command_chart	slot	SLPS	0x45DD50	32	<r急球弾|きゅうきゅうだん>	NUN5_TEXTENG@0xD9C0	Quick Shot	Quick Shot						V31_POINTER_TABLE_COMMAND_T62_I38
M1737	1	character_command_chart	slot	SLPS	0x45DD70	32	まわし<r発放|ほっぽう>	NUN5_TEXTENG@0xD9D0	Spinning Burst	Spinning Burst						V31_POINTER_TABLE_COMMAND_T62_I40
M1738	1	character_command_chart	slot	SLPS	0x45DD90	32	<r大双脚|だいそうきゃく>	NUN5_TEXTENG@0xD9E0	Huge Dual Kick	Huge Dual Kick						V31_POINTER_TABLE_COMMAND_T62_I42
M1739	1	character_command_chart	slot	SLPS	0x45DDB0	32	<r超|ちょう>ラッシュ	NUN5_TEXTENG@0xD9F0	Super Rush	Super Rush						V31_POINTER_TABLE_COMMAND_T62_I45
M1740	1	character_command_chart	slot	SLPS	0x45DDD0	32	<r超|ちょう>スパイク	NUN5_TEXTENG@0xDA00	Super Spike	Super Spike						V31_POINTER_TABLE_COMMAND_T62_I47
M1741	1	character_command_chart	slot	SLPS	0x45DDF0	32	<r超|ちょう>スタンプ	NUN5_TEXTENG@0xDA10	Super Stomp	Super Stomp						V31_POINTER_TABLE_COMMAND_T62_I49
M1742	1	character_command_chart	slot	SLPS	0x45DE10	32	<r超|ちょう>シュート	NUN5_TEXTENG@0xDA20	Super Shot	Super Shot						V31_POINTER_TABLE_COMMAND_T62_I50
M1743	1	character_command_chart	slot	SLPS	0x45DE30	32	<r超|ちょう>スロー	NUN5_TEXTENG@0xDA30	Super Throw	Super Throw						V31_POINTER_TABLE_COMMAND_T62_I52
M1744	1	character_command_chart	slot	SLPS	0x45DE50	32	<r超|ちょう>アッパー	NUN5_TEXTENG@0xDA40	Super Uppercut	Super Uppercut						V31_POINTER_TABLE_COMMAND_T62_I53
M1745	1	character_command_chart	slot	SLPS	0x45DE70	32	<r超|ちょう>ダイビング	NUN5_TEXTENG@0xDA50	Super Dive	Super Dive						V31_POINTER_TABLE_COMMAND_T62_I54
M1746	1	character_command_chart	slot	SLPS	0x45DE90	32	<r超|ちょう>ブレスト	NUN5_TEXTENG@0xDA60	Super Chest	Super Chest						V31_POINTER_TABLE_COMMAND_T62_I55
M1747	1	character_command_chart	slot	SLPS	0x463CD0	48	<r心乱身|しんらんしん>の<r術|じゅつ>	NUN5_TEXTENG@0x4BE0	Mind Distraction Jutsu	Mind Distraction Jutsu						V31_POINTER_TABLE_COMMAND_T63_I01
M1748	1	character_command_chart	slot	SLPS	0x463D00	32	<r華憐四季彩|かれんしきさい>	NUN5_TEXTENG@0xDB50	Beautiful Seasons	Beautiful Seasons						V31_POINTER_TABLE_COMMAND_T63_I03
M1749	1	character_command_chart	slot	SLPS	0x463D20	32	<r彩|いろどり>のラベンダー	NUN5_TEXTENG@0xDB70	Colorful Lavender	Colorful Lavender						V31_POINTER_TABLE_COMMAND_T63_I24
M1750	1	character_command_chart	slot	SLPS	0x463D40	32	<r胸|むね>を<r刺|さ>すアロエ	NUN5_TEXTENG@0xDB90	Aloe Chest Stab	Aloe Chest Stab						V31_POINTER_TABLE_COMMAND_T63_I25
M1751	1	character_command_chart	slot	SLPS	0x463D60	32	ベゴニアの<r重圧|じゅうあつ>	NUN5_TEXTENG@0xDBA0	Begonia Crush	Begonia Crush						V31_POINTER_TABLE_COMMAND_T63_I26
M1752	1	character_command_chart	slot	SLPS	0x463D80	32	<r嘆|なげ>きのライラック	NUN5_TEXTENG@0xDBB0	Weeping Lilac	Weeping Lilac						V31_POINTER_TABLE_COMMAND_T63_I28
M1753	1	character_command_chart	slot	SLPS	0x463DA0	32	<r喜|よろこ>びのクレマチス	NUN5_TEXTENG@0xDBC0	Joyful Clematis	Joyful Clematis						V31_POINTER_TABLE_COMMAND_T63_I30
M1754	1	character_command_chart	slot	SLPS	0x463DC0	32	<r心浮|こころう>くポピー	NUN5_TEXTENG@0xDBD0	Excited Poppy	Excited Poppy						V31_POINTER_TABLE_COMMAND_T63_I32
M1755	1	character_command_chart	slot	SLPS	0x463DE0	32	スターチスの<r一突|ひとつ>き	NUN5_TEXTENG@0xDBE0	Statice Strike	Statice Strike						V31_POINTER_TABLE_COMMAND_T63_I35
M1756	1	character_command_chart	slot	SLPS	0x463E00	32	<r空|そら>に<r舞|ま>うナデシコ	NUN5_TEXTENG@0xDBF0	Sky Dancing Dianthus	Sky Dancing Dianthus						V31_POINTER_TABLE_COMMAND_T63_I37
M1757	1	character_command_chart	slot	SLPS	0x469000	32	<r蝦蟇|ガマ>ドス<r斬|ざん>	NUN5_TEXTENG@0xDCD8	Toad Blade Cut	Toad Blade Cut						V31_POINTER_TABLE_COMMAND_T64_I01
M1758	1	character_command_chart	slot	SLPS	0x469020	32	<r幕之討|まくのう>ち	NUN5_TEXTENG@0xDCE8	Act Break	Act Break						V31_POINTER_TABLE_COMMAND_T64_I24
M1759	1	character_command_chart	slot	SLPS	0x469040	32	<r足拍子|あしびょうし>	NUN5_TEXTENG@0xDCF8	Beat Stomp	Beat Stomp						V31_POINTER_TABLE_COMMAND_T64_I25
M1760	1	character_command_chart	slot	SLPS	0x469060	32	<r壱番大誇|いちばんだいこ>	NUN5_TEXTENG@0xDD08	Act Call	Act Call						V31_POINTER_TABLE_COMMAND_T64_I26
M1761	1	character_command_chart	slot	SLPS	0x469080	32	<r針地蔵|はりじぞう>	NUN5_TEXTENG@0xDD18	Needle Jizo	Needle Jizo						V31_POINTER_TABLE_COMMAND_T64_I27
M1762	1	character_command_chart	slot	SLPS	0x4690A0	32	<r飛拿弾|ひなだん>	NUN5_TEXTENG@0xDD30	Flying Palm Strike	Flying Palm Strike						V31_POINTER_TABLE_COMMAND_T64_I29
M1763	1	character_command_chart	slot	SLPS	0x4690C0	48	<r口寄|くちよ>せ <r屋台落|やたいお>とし	NUN5_TEXTENG@0xDD50	Summoning: Body Slam	Summoning: Body Slam						V31_POINTER_TABLE_COMMAND_T64_I30
M1764	1	character_command_chart	slot	SLPS	0x4690F0	32	<r火遁|かとん>の<r術|じゅつ>	NUN5_TEXTENG@0xDD70	Fire Style Jutsu	Fire Style Jutsu						V31_POINTER_TABLE_COMMAND_T64_I31
M1765	1	character_command_chart	slot	SLPS	0x469110	32	<r彗叩|すいこう>	NUN5_TEXTENG@0xDD88	Comet Strike	Comet Strike						V31_POINTER_TABLE_COMMAND_T64_I33
M1766	1	character_command_chart	slot	SLPS	0x469130	32	<r筍掻突|しゅんそうとつ>	NUN5_TEXTENG@0xDDA0	Scratch Thrust of the Bamboo Shoot	Scratch Thrust of the Bamboo Shoot			SLPS	0x469D88		V31_POINTER_TABLE_COMMAND_T64_I36
M1767	1	character_command_chart	slot	SLPS	0x469150	32	<r落葉槌|らくようつい>	NUN5_TEXTENG@0xDDD0	Hammer of Falling Leaves	Hammer of Falling Leaves						V31_POINTER_TABLE_COMMAND_T64_I39
M1768	1	character_command_chart	slot	SLPS	0x469170	32	<r雷底|らいてい>	NUN5_TEXTENG@0xDDF0	The Depths of Lightning	The Depths of Lightning						V31_POINTER_TABLE_COMMAND_T64_I41
M1769	1	character_command_chart	slot	SLPS	0x469190	32	<r歳流掌|さいりゅうしょう>	NUN5_TEXTENG@0xDE10	Palm of the Passing Years	Palm of the Passing Years						V31_POINTER_TABLE_COMMAND_T64_I44
M1770	1	character_command_chart	slot	SLPS	0x46E6A0	48	<r痛天脚|つうてんきゃく>・<r天帝|てんてい>	NUN5_TEXTENG@0xDEF0	Heaven Kick of Pain: Lord of Hosts	Heaven Kick of Pain: Lord of Hosts						V31_POINTER_TABLE_COMMAND_T65_I01
M1771	1	character_command_chart	slot	SLPS	0x46E6D0	32	<r天守脚|てんしゅきゃく>	NUN5_TEXTENG@0xDF20	Heaven Defending Kick	Heaven Defending Kick						V31_POINTER_TABLE_COMMAND_T65_I03
M1772	1	character_command_chart	slot	SLPS	0x46E6F0	16	<r萩猪|はぎい>	NUN5_TEXTENG@0xDF40	Bush Clover Boar	Bush Clover Boar			SLPS	0x46F098		V31_POINTER_TABLE_COMMAND_T65_I24
M1773	1	character_command_chart	slot	SLPS	0x46E700	32	<r雁金|かりがね>	NUN5_TEXTENG@0xDF58	Golden Goose	Golden Goose						V31_POINTER_TABLE_COMMAND_T65_I25
M1774	1	character_command_chart	slot	SLPS	0x46E720	32	<r薄月|うすづき>	NUN5_TEXTENG@0xDF68	Pampas Moon	Pampas Moon						V31_POINTER_TABLE_COMMAND_T65_I26
M1775	1	character_command_chart	slot	SLPS	0x46E740	32	<r紅葉鹿|こうようか>	NUN5_TEXTENG@0xDF80	Deer of the Autumn Leaves	Deer of the Autumn Leaves						V31_POINTER_TABLE_COMMAND_T65_I27
M1776	1	character_command_chart	slot	SLPS	0x46E760	32	<r杜若|とじゃく>	NUN5_SLES@0x5141E0	Iris	Iris						V31_POINTER_TABLE_COMMAND_T65_I29
M1777	1	character_command_chart	slot	SLPS	0x46E780	32	<r鳳桐|ほうとう>	NUN5_TEXTENG@0xDFA0	Paulownia Phoenix	Paulownia Phoenix						V31_POINTER_TABLE_COMMAND_T65_I31
M1778	1	character_command_chart	slot	SLPS	0x46E7A0	32	<r竹雀|ちくしゃく>	NUN5_TEXTENG@0xDFB8	Bamboo Sparrow	Bamboo Sparrow						V31_POINTER_TABLE_COMMAND_T65_I33
M1779	1	character_command_chart	slot	SLPS	0x46E7C0	32	<r菊盃|きくさかずき>	NUN5_TEXTENG@0xDFD0	Chrysanthemum Goblet	Chrysanthemum Goblet						V31_POINTER_TABLE_COMMAND_T65_I35
M1780	1	character_command_chart	slot	SLPS	0x46E7E0	32	<r暴猪|あばれしし>	NUN5_TEXTENG@0xDFE8	Unruly Boar	Unruly Boar						V31_POINTER_TABLE_COMMAND_T65_I37
M1781	1	character_command_chart	slot	SLPS	0x46E800	24	<r花柳|はなやなぎ>	NUN5_TEXTENG@0xDFF8	Flower Willow	Flower Willow						V31_POINTER_TABLE_COMMAND_T65_I39
M1782	1	character_command_chart	slot	SLPS	0x46E818	24	<r月鹿|げっか>	NUN5_TEXTENG@0xE010	Deer of the Moon	Deer of the Moon						V31_POINTER_TABLE_COMMAND_T65_I41
M1783	1	character_command_chart	slot	SLPS	0x46E830	32	<r梅鶯|おうよう>	NUN5_TEXTENG@0xE028	Plum Warbler	Plum Warbler						V31_POINTER_TABLE_COMMAND_T65_I43
M1784	1	character_command_chart	slot	SLPS	0x46E850	32	<r痛天脚|つうてんきゃく>	NUN5_TEXTENG@0x3B90	Heaven Kick of Pain	Heaven Kick of Pain						V31_POINTER_TABLE_COMMAND_T65_I44
M1785	1	character_command_chart	slot	SLPS	0x46E870	32	<r藤杜鵑|とうとけん>	NUN5_TEXTENG@0xE040	Wisteria Cuckoo	Wisteria Cuckoo						V31_POINTER_TABLE_COMMAND_T65_I46
M1786	1	character_command_chart	slot	SLPS	0x46E890	32	<r桜幕|さくらまく>	NUN5_TEXTENG@0xE050	Curtain of Cherry Blossoms	Curtain of Cherry Blossoms						V31_POINTER_TABLE_COMMAND_T65_I48
M1787	1	character_command_chart	slot	SLPS	0x474110	48	<r仕込|しこ>み<r千本|せんぼん>・<r刺散|しさん>	NUN5_TEXTENG@0xE140	Hidden Senbon Spray	Hidden Senbon Spray						V31_POINTER_TABLE_COMMAND_T66_I01
M1788	1	character_command_chart	slot	SLPS	0x474140	48	<r忍法|にんぽう>・<r毒霧|どくきり>	NUN5_TEXTENG@0xE160	Ninja Art: Poison Fog	Ninja Art: Poison Fog						V31_POINTER_TABLE_COMMAND_T66_I03
M1789	1	character_command_chart	slot	SLPS	0x474170	24	<r掌波|しょうは>	NUN5_TEXTENG@0xE178	Palm Wave	Palm Wave						V31_POINTER_TABLE_COMMAND_T66_I24
M1790	1	character_command_chart	slot	SLPS	0x474188	24	<r連刃|れんば>	NUN5_TEXTENG@0xE188	Combo Blade	Combo Blade						V31_POINTER_TABLE_COMMAND_T66_I25
M1791	1	character_command_chart	slot	SLPS	0x4741A0	32	<r刺脚|しきゃく>	NUN5_TEXTENG@0xE198	Stabbing Kick	Stabbing Kick						V31_POINTER_TABLE_COMMAND_T66_I26
M1792	1	character_command_chart	slot	SLPS	0x4741C0	32	<r凛針|りんしん>	NUN5_TEXTENG@0xE1B0	Piercing Needles	Piercing Needles						V31_POINTER_TABLE_COMMAND_T66_I27
M1793	1	character_command_chart	slot	SLPS	0x4741E0	32	<r千本|せんぼん>	NUN5_SLES@0x5141E8	Senbon	Senbon						V31_POINTER_TABLE_COMMAND_T66_I29
M1794	1	character_command_chart	slot	SLPS	0x474200	32	<r受劈|じゅへき>	NUN5_TEXTENG@0xE1C8	Cleaving	Cleaving						V31_POINTER_TABLE_COMMAND_T66_I31
M1795	1	character_command_chart	slot	SLPS	0x474220	32	<r突針|とっしん>	NUN5_TEXTENG@0xE1E0	Thrusting Needles	Thrusting Needles						V31_POINTER_TABLE_COMMAND_T66_I32
M1796	1	character_command_chart	slot	SLPS	0x474240	32	<r流刃|りゅうば>	NUN5_TEXTENG@0xB258	Flowing Blade	Flowing Blade						V31_POINTER_TABLE_COMMAND_T66_I34
M1797	1	character_command_chart	slot	SLPS	0x474260	32	<r昇刃|しょうば>	NUN5_TEXTENG@0xE1F8	Rising Blade	Rising Blade						V31_POINTER_TABLE_COMMAND_T66_I36
M1798	1	character_command_chart	slot	SLPS	0x474280	32	<r旋刃|せんじん>	NUN5_TEXTENG@0xE208	Kunai Combo	Kunai Combo						V31_POINTER_TABLE_COMMAND_T66_I38
M1799	1	character_command_chart	slot	SLPS	0x4742A0	32	<r掌尖|しょうせん>	NUN5_TEXTENG@0xE218	Sharp Palm	Sharp Palm						V31_POINTER_TABLE_COMMAND_T66_I41
M1800	1	character_command_chart	slot	SLPS	0x4742C0	24	<r輪落|りんらく>	NUN5_TEXTENG@0xE228	Wheel Drop	Wheel Drop						V31_POINTER_TABLE_COMMAND_T66_I44
M1801	1	character_command_chart	slot	SLPS	0x4742D8	24	<r浮刃|ふじん>	NUN5_TEXTENG@0xE238	Floating Blade	Floating Blade						V31_POINTER_TABLE_COMMAND_T66_I46
M1802	1	character_command_chart	slot	SLPS	0x4742F0	32	<r転斬|てんざん>	NUN5_TEXTENG@0xE248	Rolling Slash	Rolling Slash						V31_POINTER_TABLE_COMMAND_T66_I49
M1803	1	character_command_chart	slot	SLPS	0x479A10	32	<r狼牙伐錐|ろうがばっすい>	NUN5_TEXTENG@0xE330	Wolf Fang Drill	Wolf Fang Drill						V31_POINTER_TABLE_COMMAND_T67_I01
M1804	1	character_command_chart	slot	SLPS	0x479A30	48	<r飛燕|ひえん>・<r空穿|くうせん>	NUN5_TEXTENG@0xE340	Flying Swallow Thrust	Flying Swallow Thrust						V31_POINTER_TABLE_COMMAND_T67_I03
M1805	1	character_command_chart	slot	SLPS	0x479A60	32	<r暴風粋|ぼうふういき>	NUN5_TEXTENG@0xE358	Wild Wind	Wild Wind						V31_POINTER_TABLE_COMMAND_T67_I23
M1806	1	character_command_chart	slot	SLPS	0x479A80	24	<r青嵐|あおあらし>	NUN5_TEXTENG@0xE368	Blue Storm	Blue Storm						V31_POINTER_TABLE_COMMAND_T67_I24
M1807	1	character_command_chart	slot	SLPS	0x479A98	16	<r東風|こち>	NUN5_TEXTENG@0xE378	Eastern Storm	Eastern Storm						V31_POINTER_TABLE_COMMAND_T67_I25
M1808	1	character_command_chart	slot	SLPS	0x479AA8	24	<r颪|おろし>	NUN5_TEXTENG@0xE388	Fall Wind	Fall Wind						V31_POINTER_TABLE_COMMAND_T67_I26
M1809	1	character_command_chart	slot	SLPS	0x479AC0	32	<r韋駄天台風|いだてんたいふう>	NUN5_TEXTENG@0xE398	Skanda Typhoon	Skanda Typhoon						V31_POINTER_TABLE_COMMAND_T67_I28
M1810	1	character_command_chart	slot	SLPS	0x479AE0	24	<r雁渡|かりわたし>	NUN5_TEXTENG@0xE3B0	Migrating Goose	Migrating Goose						V31_POINTER_TABLE_COMMAND_T67_I30
M1811	1	character_command_chart	slot	SLPS	0x479AF8	24	<r山背|やませ>	NUN5_TEXTENG@0xE3C0	Yamashiro	Yamashiro						V31_POINTER_TABLE_COMMAND_T67_I32
M1812	1	character_command_chart	slot	SLPS	0x479B10	32	<r木枯|こがら>し	NUN5_TEXTENG@0xE3D0	Autumn Wind	Autumn Wind						V31_POINTER_TABLE_COMMAND_T67_I34
M1813	1	character_command_chart	slot	SLPS	0x479B30	32	<r黒南風|くろはえ>	NUN5_TEXTENG@0xE3E0	Black Southern Wind	Black Southern Wind						V31_POINTER_TABLE_COMMAND_T67_I36
M1814	1	character_command_chart	slot	SLPS	0x479B50	24	<r小夜嵐|さよあらし>	NUN5_TEXTENG@0xE400	Little Night Storm	Little Night Storm						V31_POINTER_TABLE_COMMAND_T67_I38
M1815	1	character_command_chart	slot	SLPS	0x479B68	24	<r風巻|しまき>	NUN5_TEXTENG@0xE418	Rolling Wind	Rolling Wind						V31_POINTER_TABLE_COMMAND_T67_I40
M1816	1	character_command_chart	slot	SLPS	0x479B80	24	<r天狗風|てんぐかぜ>	NUN5_TEXTENG@0xE428	Tengu Wind	Tengu Wind						V31_POINTER_TABLE_COMMAND_T67_I42
M1817	1	character_command_chart	slot	SLPS	0x479B98	24	<r比良|ひら>	NUN5_SLES@0x5141F0	Hira	Hira						V31_POINTER_TABLE_COMMAND_T67_I44
M1818	1	character_command_chart	slot	SLPS	0x47ED10	48	<r幻術|げんじゅつ>　<r蜃気楼|しんきろう>	NUN5_TEXTENG@0xE500	Genjutsu: Mirage	Genjutsu: Mirage						V31_POINTER_TABLE_COMMAND_T68_I01
M1819	1	character_command_chart	slot	SLPS	0x47ED40	48	<r幻術|げんじゅつ>　<r霞|かすみ>	NUN5_TEXTENG@0xE518	Genjutsu: Haze	Genjutsu: Haze						V31_POINTER_TABLE_COMMAND_T68_I03
M1820	1	character_command_chart	slot	SLPS	0x47ED70	32	<r誘紅寿|そうこうじゅ>	NUN5_TEXTENG@0xE530	Scarlet Invitation	Scarlet Invitation						V31_POINTER_TABLE_COMMAND_T68_I24
M1821	1	character_command_chart	slot	SLPS	0x47ED90	32	<r杏咲垂|あんしょうすい>	NUN5_TEXTENG@0xE550	Drooping Apricot Bloom	Drooping Apricot Bloom						V31_POINTER_TABLE_COMMAND_T68_I25
M1822	1	character_command_chart	slot	SLPS	0x47EDB0	32	<r枝垂|しだ>れ<r華|ばな>	NUN5_TEXTENG@0xE570	Drooping Flower	Drooping Flower						V31_POINTER_TABLE_COMMAND_T68_I26
M1823	1	character_command_chart	slot	SLPS	0x47EDD0	32	<r紅葉夢|こうようむ>	NUN5_TEXTENG@0xE580	Red Leaf Dream	Red Leaf Dream						V31_POINTER_TABLE_COMMAND_T68_I27
M1824	1	character_command_chart	slot	SLPS	0x47EDF0	32	<r花卉舞踊|かきぶよう>	NUN5_TEXTENG@0xE590	Flower Dance	Flower Dance						V31_POINTER_TABLE_COMMAND_T68_I29
M1825	1	character_command_chart	slot	SLPS	0x47EE10	32	<r三彩|さんさい>	NUN5_TEXTENG@0xE5A0	Triple Brilliance 	Triple Brilliance 						V31_POINTER_TABLE_COMMAND_T68_I30
M1826	1	character_command_chart	slot	SLPS	0x47EE30	32	<r香咲彩|かしょうさい>	NUN5_TEXTENG@0xE5C0	Blooming Scent Brilliance	Blooming Scent Brilliance						V31_POINTER_TABLE_COMMAND_T68_I32
M1827	1	character_command_chart	slot	SLPS	0x47EE50	32	<r延髄切|えんずいぎ>り	NUN5_TEXTENG@0xE5E0	Medullary Cut	Medullary Cut						V31_POINTER_TABLE_COMMAND_T68_I34
M1828	1	character_command_chart	slot	SLPS	0x47EE70	32	<r符彩脚|ふさいきゃく>	NUN5_TEXTENG@0xE5F0	Plate Coloring Kick	Plate Coloring Kick						V31_POINTER_TABLE_COMMAND_T68_I37
M1829	1	character_command_chart	slot	SLPS	0x47EE90	32	<r枯秋葉|かれあきば>	NUN5_TEXTENG@0xE610	Withered Fall Leaves	Withered Fall Leaves						V31_POINTER_TABLE_COMMAND_T68_I40
M1830	1	character_command_chart	slot	SLPS	0x47EEB0	32	<r牡丹雪|ぼたんゆき>	NUN5_TEXTENG@0xE630	Peony Snowflakes	Peony Snowflakes						V31_POINTER_TABLE_COMMAND_T68_I42
M1831	1	character_command_chart	slot	SLPS	0x47EED0	32	<r華天頂|かてんちょう>	NUN5_TEXTENG@0xE648	Floral Peek	Floral Peek						V31_POINTER_TABLE_COMMAND_T68_I45
M1832	1	character_command_chart	slot	SLPS	0x484730	32	<r陀演呂迦|だえんろか>	NUN5_TEXTENG@0xE718	Daenroka	Daenroka						V31_POINTER_TABLE_COMMAND_T69_I01
M1833	1	character_command_chart	slot	SLPS	0x484750	32	<r邪蛇蜿蜒|じゃじゃえんえん>	NUN5_TEXTENG@0xE730	Slithering Snakes	Slithering Snakes						V31_POINTER_TABLE_COMMAND_T69_I03
M1834	1	character_command_chart	slot	SLPS	0x484770	24	<r襲蛇|しゅうだ>	NUN5_TEXTENG@0xE748	Snake Attack	Snake Attack						V31_POINTER_TABLE_COMMAND_T69_I24
M1835	1	character_command_chart	slot	SLPS	0x484788	24	<r筋緒|すじお>	NUN5_TEXTENG@0xE758	Beauty Snake	Beauty Snake						V31_POINTER_TABLE_COMMAND_T69_I25
M1836	1	character_command_chart	slot	SLPS	0x4847A0	32	<r蒼大傷|あおだいしょう>	NUN5_TEXTENG@0xE768	Rat Snake	Rat Snake						V31_POINTER_TABLE_COMMAND_T69_I26
M1837	1	character_command_chart	slot	SLPS	0x4847C0	32	<r平朽|ひらくち>	NUN5_TEXTENG@0xE778	Pit Viper	Pit Viper						V31_POINTER_TABLE_COMMAND_T69_I27
M1838	1	character_command_chart	slot	SLPS	0x4847E0	32	<r赤斑|あかまだら>	NUN5_TEXTENG@0xE790	Red Banded Snake	Red Banded Snake						V31_POINTER_TABLE_COMMAND_T69_I30
M1839	1	character_command_chart	slot	SLPS	0x484800	32	<r山渦牙肢|やまかがし>	NUN5_TEXTENG@0xE7A8	Tiger Keelback	Tiger Keelback						V31_POINTER_TABLE_COMMAND_T69_I33
M1840	1	character_command_chart	slot	SLPS	0x484820	32	<r地潜|じむぐり>	NUN5_SLES@0x5141F8	Burrow	Burrow						V31_POINTER_TABLE_COMMAND_T69_I35
M1841	1	character_command_chart	slot	SLPS	0x484840	32	<r鎌首|かまくび>	NUN5_TEXTENG@0xE7B8	Sickle Neck	Sickle Neck						V31_POINTER_TABLE_COMMAND_T69_I37
M1842	1	character_command_chart	slot	SLPS	0x484860	48	<r潜影多蛇手|せんえいたじゃしゅ>・<r仰|ぎょう>	NUN5_TEXTENG@0xE7D0	Multiple Hidden Shadow Snake Hands: Sky	Multiple Hidden Shadow Snake Hands: Sky						V31_POINTER_TABLE_COMMAND_T69_I39
M1843	1	character_command_chart	slot	SLPS	0x484890	16	<r覇畏|はい>	NUN5_SLES@0x514200	Cobra	Cobra						V31_POINTER_TABLE_COMMAND_T69_I42
M1844	1	character_command_chart	slot	SLPS	0x4848A0	16	<r刃舞|はぶ>	NUN5_TEXTENG@0xE7F8	Sword Dance	Sword Dance						V31_POINTER_TABLE_COMMAND_T69_I44
M1845	1	character_command_chart	slot	SLPS	0x4848B0	32	<r飛刃狩|ひばかり>	NUN5_TEXTENG@0xE808	Flying Hunter	Flying Hunter						V31_POINTER_TABLE_COMMAND_T69_I47
M1846	1	character_command_chart	slot	SLPS	0x489C60	48	チャクラ<r解剖刀|メス>・<r惨|ざん>	NUN5_TEXTENG@0xE8E0	Chakra Dissection: Three	Chakra Dissection: Three						V31_POINTER_TABLE_COMMAND_T70_I01
M1847	1	character_command_chart	slot	SLPS	0x489C90	32	<r死魂|しこん>の<r術|じゅつ>	NUN5_TEXTENG@0x48B0	Dead Soul Jutsu	Dead Soul Jutsu						V31_POINTER_TABLE_COMMAND_T70_I03
M1848	1	character_command_chart	slot	SLPS	0x489CB0	16	<r痲錘|ますい>	NUN5_TEXTENG@0xE900	Anesthesia Weight	Anesthesia Weight			SLPS	0x48A5B8		V31_POINTER_TABLE_COMMAND_T70_I24
M1849	1	character_command_chart	slot	SLPS	0x489CC0	16	<r穿刺|せんし>	NUN5_TEXTENG@0xE918	Puncture	Puncture						V31_POINTER_TABLE_COMMAND_T70_I25
M1850	1	character_command_chart	slot	SLPS	0x489CD0	32	<r臨蹴|りんじゅう>	NUN5_TEXTENG@0xE928	Critical Kick	Critical Kick						V31_POINTER_TABLE_COMMAND_T70_I26
M1851	1	character_command_chart	slot	SLPS	0x489CF0	24	<r心刹|しんさつ>	NUN5_TEXTENG@0xE938	Instant Soul	Instant Soul						V31_POINTER_TABLE_COMMAND_T70_I27
M1852	1	character_command_chart	slot	SLPS	0x489D08	16	<r冴侵|ごしん>	NUN5_TEXTENG@0xE950	Incursion of Clarity	Incursion of Clarity			SLPS	0x48A75C		V31_POINTER_TABLE_COMMAND_T70_I29
M1853	1	character_command_chart	slot	SLPS	0x489D18	24	<r陀撲|だぼく>	NUN5_TEXTENG@0xE968	Fierce Blow	Fierce Blow						V31_POINTER_TABLE_COMMAND_T70_I31
M1854	1	character_command_chart	slot	SLPS	0x489D30	24	<r骨刹|こっせつ>	NUN5_TEXTENG@0xE978	Instant Bone	Instant Bone						V31_POINTER_TABLE_COMMAND_T70_I33
M1855	1	character_command_chart	slot	SLPS	0x489D48	24	<r棄涜|きとく>	NUN5_TEXTENG@0xE990	Abandoned Dishonor	Abandoned Dishonor						V31_POINTER_TABLE_COMMAND_T70_I35
M1856	1	character_command_chart	slot	SLPS	0x489D60	24	<r回亡|かいぼう>	NUN5_TEXTENG@0xE9A8	Reformed Death	Reformed Death						V31_POINTER_TABLE_COMMAND_T70_I37
M1857	1	character_command_chart	slot	SLPS	0x489D78	24	<r葬戯|そうぎ>	NUN5_TEXTENG@0xE9B8	Burial Game	Burial Game						V31_POINTER_TABLE_COMMAND_T70_I39
M1858	1	character_command_chart	slot	SLPS	0x489D90	32	<r決刹|けっさつ>	NUN5_TEXTENG@0xE9D0	Decisive Instant	Decisive Instant						V31_POINTER_TABLE_COMMAND_T70_I41
M1859	1	character_command_chart	slot	SLPS	0x489DB0	32	<r切葬|けっそう>	NUN5_TEXTENG@0xE9E8	Cutting Burial	Cutting Burial						V31_POINTER_TABLE_COMMAND_T70_I43
M1860	1	character_command_chart	slot	SLPS	0x48F290	48	<r木遁|もくとん>・<r完拿|かんな>	NUN5_TEXTENG@0xEAB0	Wood Style: Total Capture 	Wood Style: Total Capture 						V31_POINTER_TABLE_COMMAND_T71_I01
M1861	1	character_command_chart	slot	SLPS	0x48F2C0	48	<r木遁|もくとん>・<r木鎚|こづち>	NUN5_TEXTENG@0xEAD0	Wood Style: Wooden Hammer	Wood Style: Wooden Hammer						V31_POINTER_TABLE_COMMAND_T71_I03
M1862	1	character_command_chart	slot	SLPS	0x48F2F0	48	<r三連巨木柱|さんれんきょぼくちゅう>	NUN5_TEXTENG@0xEAF0	Three Giant Pillars	Three Giant Pillars						V31_POINTER_TABLE_COMMAND_T71_I24
M1863	1	character_command_chart	slot	SLPS	0x48F320	32	<r木連撃柱|もくれんげきちゅう>	NUN5_TEXTENG@0xEB10	Repeating Wooden Pillars	Repeating Wooden Pillars						V31_POINTER_TABLE_COMMAND_T71_I25
M1864	1	character_command_chart	slot	SLPS	0x48F340	48	<r木遁|もくとん>・<r木錠壁|もくじょうへき>	NUN5_TEXTENG@0x3C20	Wood Style: Domed Wall	Wood Style: Domed Wall						V31_POINTER_TABLE_COMMAND_T71_I26
M1865	1	character_command_chart	slot	SLPS	0x48F370	32	<r閃裂斬|せんれつざん>	NUN5_TEXTENG@0xEB30	Bright Cutter	Bright Cutter						V31_POINTER_TABLE_COMMAND_T71_I27
M1866	1	character_command_chart	slot	SLPS	0x48F390	48	<r木柱昇壁|もくちゅうしょうへき>	NUN5_TEXTENG@0xEB40	Climbing Pillar	Climbing Pillar						V31_POINTER_TABLE_COMMAND_T71_I30
M1867	1	character_command_chart	slot	SLPS	0x48F3C0	32	<r針連木柱|しれんもくちゅう>	NUN5_TEXTENG@0xEB50	Wooden Needle Pillar	Wooden Needle Pillar						V31_POINTER_TABLE_COMMAND_T71_I32
M1868	1	character_command_chart	slot	SLPS	0x48F3E0	48	<r木分身|もくぶんしん>・<r蹴|しゅう>	NUN5_TEXTENG@0xEB70	Wood Clone: Kick	Wood Clone: Kick						V31_POINTER_TABLE_COMMAND_T71_I34
M1869	1	character_command_chart	slot	SLPS	0x48F410	48	<r四柱牢|しちゅうろう>の<r術|じゅつ>	NUN5_TEXTENG@0xEB90	Four-Pillars Prison Jutsu	Four-Pillars Prison Jutsu						V31_POINTER_TABLE_COMMAND_T71_I36
M1870	1	character_command_chart	slot	SLPS	0x48F440	48	<r木突昇掌|もくとつしょうしょう>	NUN5_TEXTENG@0xEBB0	Climbing Thrust Fist	Climbing Thrust Fist						V31_POINTER_TABLE_COMMAND_T71_I39
M1871	1	character_command_chart	slot	SLPS	0x48F470	32	<r落裂斬|らくれつざん>	NUN5_TEXTENG@0xEBC8	Falling Cutter	Falling Cutter						V31_POINTER_TABLE_COMMAND_T71_I41
M1872	1	character_command_chart	slot	SLPS	0x48F490	32	<r激裂斬|げきれつざん>	NUN5_TEXTENG@0xEBD8	Fierce Cutter	Fierce Cutter						V31_POINTER_TABLE_COMMAND_T71_I44
M1873	1	character_command_chart	slot	SLPS	0x48F4B0	32	<r木突横掌|もくとつおうしょう>	NUN5_TEXTENG@0xEBF0	Side Thrust Fist	Side Thrust Fist						V31_POINTER_TABLE_COMMAND_T71_I47
M1874	1	character_command_chart	slot	SLPS	0x494C20	48	<r忍法|にんぽう>・<r超獣偽画|ちょうじゅうぎが>	NUN5_TEXTENG@0x3100	Ninja Art: Beast Scroll Replicas	Ninja Art: Beast Scroll Replicas						V31_POINTER_TABLE_COMMAND_T72_I01
M1875	1	character_command_chart	slot	SLPS	0x494C50	80	<r忍法|にんぽう>・<r超獣偽画|ちょうじゅうぎが>　<r狛犬|こまいぬ>	NUN5_TEXTENG@0xECD0	Ninja Art: Beast Scroll Replicas @Wild Dog@ 	Ninja Art: Beast Scroll Replicas @Wild Dog@ 						V31_POINTER_TABLE_COMMAND_T72_I03
M1876	1	character_command_chart	slot	SLPS	0x494CA0	32	<r見返龍|みかえりりゅう>	NUN5_TEXTENG@0xED00	Returning Dragon	Returning Dragon						V31_POINTER_TABLE_COMMAND_T72_I24
M1877	1	character_command_chart	slot	SLPS	0x494CC0	32	<r燕雀|えんじゃく>	NUN5_SLES@0x514208	Swallow	Swallow						V31_POINTER_TABLE_COMMAND_T72_I25
M1878	1	character_command_chart	slot	SLPS	0x494CE0	32	<r巴獅子|ともえじし>	NUN5_TEXTENG@0xED20	Unyielding Lion	Unyielding Lion						V31_POINTER_TABLE_COMMAND_T72_I26
M1879	1	character_command_chart	slot	SLPS	0x494D00	32	<r開鳳凰|ひらきほうおう>	NUN5_TEXTENG@0xED30	Open Phoenix	Open Phoenix						V31_POINTER_TABLE_COMMAND_T72_I27
M1880	1	character_command_chart	slot	SLPS	0x494D20	32	<r登燕雀|とうえんじゃく>	NUN5_TEXTENG@0xED40	Climbing Sparrow	Climbing Sparrow						V31_POINTER_TABLE_COMMAND_T72_I29
M1881	1	character_command_chart	slot	SLPS	0x494D40	32	<r連獅子連鼠|れんじしれんそ>	NUN5_TEXTENG@0xED58	Lions and Rats	Lions and Rats						V31_POINTER_TABLE_COMMAND_T72_I31
M1882	1	character_command_chart	slot	SLPS	0x494D60	32	<r連燕雀|れんえんじゃく>	NUN5_TEXTENG@0xED70	Repeating Sparrows	Repeating Sparrows						V31_POINTER_TABLE_COMMAND_T72_I34
M1883	1	character_command_chart	slot	SLPS	0x494D80	16	<r破根|はね>	NUN5_TEXTENG@0xED88	Root Breaker	Root Breaker						V31_POINTER_TABLE_COMMAND_T72_I36
M1884	1	character_command_chart	slot	SLPS	0x494D90	24	<r飛鳳凰|ひほうおう>	NUN5_TEXTENG@0xED98	Flying Phoenix	Flying Phoenix						V31_POINTER_TABLE_COMMAND_T72_I37
M1885	1	character_command_chart	slot	SLPS	0x494DA8	16	<r百舌|もず>	NUN5_TEXTENG@0xEDB0	Hundred Tongues	Hundred Tongues						V31_POINTER_TABLE_COMMAND_T72_I38
M1886	1	character_command_chart	slot	SLPS	0x494DB8	16	<r祓衣|はらい>	NUN5_TEXTENG@0xEDC0	Mourning Garb	Mourning Garb						V31_POINTER_TABLE_COMMAND_T72_I40
M1887	1	character_command_chart	slot	SLPS	0x494DC8	24	<r雲雀|ひばり>	NUN5_SLES@0x514210	Skylark	Skylark						V31_POINTER_TABLE_COMMAND_T72_I43
M1888	1	character_command_chart	slot	SLPS	0x49AC60	16	<r刹那|せつな>	NUN5_TEXTENG@0xEE80	Instantaneous Blade	Instantaneous Blade			SLPS	0x49AECC		V31_POINTER_TABLE_COMMAND_T73_I01
M1889	1	character_command_chart	slot	SLPS	0x49AC70	32	<r彩雲|さいうん>	NUN5_TEXTENG@0xEEA0	Colorful Clouds	Colorful Clouds						V31_POINTER_TABLE_COMMAND_T73_I24
M1890	1	character_command_chart	slot	SLPS	0x49AC90	32	<r御来迎|ごらいごう>	NUN5_TEXTENG@0xEEB0	Solar Glory	Solar Glory						V31_POINTER_TABLE_COMMAND_T73_I25
M1891	1	character_command_chart	slot	SLPS	0x49ACB0	32	<r千鳥|ちどり>・<r落|らく>	NUN5_TEXTENG@0xEEC0	Chidori Drop	Chidori Drop						V31_POINTER_TABLE_COMMAND_T73_I26
M1892	1	character_command_chart	slot	SLPS	0x49ACD0	48	<r獅子連弾|ししれんだん>・<r鳴動|めいどう>	NUN5_TEXTENG@0xEED0	Lion's Barrage: Rumble	Lion's Barrage: Rumble						V31_POINTER_TABLE_COMMAND_T73_I27
M1893	1	character_command_chart	slot	SLPS	0x49AD00	32	<r天叢雲|あまのむらくも>	NUN5_TEXTENG@0xEEF0	Susanoo's Blade	Susanoo's Blade						V31_POINTER_TABLE_COMMAND_T73_I30
M1894	1	character_command_chart	slot	SLPS	0x49AD20	32	<r裏御光|うらごこう>	NUN5_TEXTENG@0xEF00	Reverse Halo	Reverse Halo						V31_POINTER_TABLE_COMMAND_T73_I33
M1895	1	character_command_chart	slot	SLPS	0x49AD40	80	<r火遁|かとん>・<r鳳仙火|ほうせんか>の<r術|じゅつ>・<r落花散|らっかさん>	NUN5_TEXTENG@0xEF10	Fire Style: Phoenix Flower Jutsu @Petal Shower@	Fire Style: Phoenix Flower Jutsu @Petal Shower@						V31_POINTER_TABLE_COMMAND_T73_I35
M1896	1	character_command_chart	slot	SLPS	0x49AD90	32	<r幻日|げんじつ>	NUN5_TEXTENG@0xEF40	False Sun	False Sun						V31_POINTER_TABLE_COMMAND_T73_I37
M1897	1	character_command_chart	slot	SLPS	0x49ADB0	32	<r東雲|しののめ>	NUN5_TEXTENG@0xEF50	Dawnbreak	Dawnbreak						V31_POINTER_TABLE_COMMAND_T73_I40
M1898	1	character_command_chart	slot	SLPS	0x49ADD0	80	<r火遁|かとん>・<r豪火球|ごうかきゅう>の<r術|じゅつ>・<r天来|てんらい>	NUN5_TEXTENG@0xEF60	Fire Style: Fireball Jutsu @Divinity@	Fire Style: Fireball Jutsu @Divinity@						V31_POINTER_TABLE_COMMAND_T73_I43
M1899	1	character_command_chart	slot	SLPS	0x49AE20	32	<r莢雲|さやぐも>	NUN5_TEXTENG@0xEF88	Heavenly Cloud	Heavenly Cloud						V31_POINTER_TABLE_COMMAND_T73_I45
M1900	1	character_command_chart	slot	SLPS	0x49AE40	48	<r千鳥|ちどり>・<r迅雷|じんらい>	NUN5_TEXTENG@0xEFA0	Chidori: Thunderclap	Chidori: Thunderclap						V31_POINTER_TABLE_COMMAND_T73_I48
M1901	1	character_ultimate_jutsu	slot	SLPS	0x4AD240	32	うずまきナルト<r連弾|れんだん>	NUN5_TEXTENG@0x4960	Naruto Uzumaki Barrage	Naruto Uzumaki Barrage						V31_MATCHED_ULTIMATE_RECORD_METADATA_SLPS
M1902	1	character_ultimate_jutsu	slot	SLPS	0x4AD260	48	うずまきナルト<r忍法帳|にんぽうちょう>	NUN5_TEXTENG@0x4980	Naruto's Ninja Handbook	Naruto's Ninja Handbook						V31_MATCHED_ULTIMATE_RECORD_METADATA_SLPS
M1903	1	character_ultimate_jutsu	slot	SLPS	0x4AD290	32	ハヤブサ<r落|お>とし	NUN5_TEXTENG@0x49C0	Falcon Drop	Falcon Drop						V31_MATCHED_ULTIMATE_RECORD_METADATA_SLPS
M1904	1	character_ultimate_jutsu	slot	SLPS	0x4AD2B0	32	<r忌|い>まわしき<r千鳥|ちどり>	NUN5_TEXTENG@0x49D0	Ominous Chidori	Ominous Chidori						V31_MATCHED_ULTIMATE_RECORD_METADATA_SLPS
M1905	1	character_ultimate_jutsu	slot	SLPS	0x4AD2D0	16	すい<r拳|けん>	NUN5_TEXTENG@0x4A78	Loopy Fist	Loopy Fist						V31_MATCHED_ULTIMATE_RECORD_METADATA_SLPS
M1906	1	character_ultimate_jutsu	slot	SLPS	0x4AD2E0	32	<r裏蓮華|うられんげ>	NUN5_TEXTENG@0x4A88	Hidden Lotus	Hidden Lotus						V31_MATCHED_ULTIMATE_RECORD_METADATA_SLPS
M1907	1	character_ultimate_jutsu	slot	SLPS	0x4AD300	32	<r砂瀑大葬|さばくたいそう>	NUN5_TEXTENG@0x4E80	Giant Sand Burial	Giant Sand Burial						V31_MATCHED_ULTIMATE_RECORD_METADATA_SLPS
M1908	1	character_ultimate_jutsu	slot	SLPS	0x4AD320	32	<r砂手裏剣|すなしゅりけん>	NUN5_TEXTENG@0x4E98	Sand Shuriken	Sand Shuriken						V31_MATCHED_ULTIMATE_RECORD_METADATA_SLPS
M1909	1	character_ultimate_jutsu	slot	SLPS	0x4AD340	48	<r影真似|かげまね>の<r術|じゅつ>	NUN5_TEXTENG@0x4B30	Shadow Possession Jutsu	Shadow Possession Jutsu						V31_MATCHED_ULTIMATE_RECORD_METADATA_SLPS
M1910	1	character_ultimate_jutsu	slot	SLPS	0x4AD370	48	<r影圧掌|かげあっしょう>の<r術|じゅつ>	NUN5_TEXTENG@0x4B50	Shadow Crushing Palm Jutsu	Shadow Crushing Palm Jutsu						V31_MATCHED_ULTIMATE_RECORD_METADATA_SLPS
M1911	1	character_ultimate_jutsu	slot	SLPS	0x4AD3A0	48	<r影首縛|かげくびしば>りの<r術|じゅつ>	NUN5_TEXTENG@0x4B70	Shadow Strangle Jutsu	Shadow Strangle Jutsu						V31_MATCHED_ULTIMATE_RECORD_METADATA_SLPS
M1912	1	character_ultimate_jutsu	slot	SLPS	0x4AD3D0	48	<r八卦六十四掌|はっけろくじゅうよんしょう>	NUN5_TEXTENG@0x40F0	8 Trigrams 64 Palms	8 Trigrams 64 Palms						V31_MATCHED_ULTIMATE_RECORD_METADATA_SLPS
M1913	1	character_ultimate_jutsu	slot	SLPS	0x4AD400	64	<r八卦三百六十一式|はっけさんびゃくろくじゅういっしき>	NUN5_TEXTENG@0x4A30	8 Trigrams 361 Style	8 Trigrams 361 Style						V31_MATCHED_ULTIMATE_RECORD_METADATA_SLPS
M1914	1	character_ultimate_jutsu	slot	SLPS	0x4AD440	48	<r絶招八門崩撃|ぜっしょうはちもんほうげき>	NUN5_TEXTENG@0x4A50	Last Resort: Eight Gates Assault	Last Resort: Eight Gates Assault						V31_MATCHED_ULTIMATE_RECORD_METADATA_SLPS
M1915	1	character_ultimate_jutsu	slot	SLPS	0x4AD470	32	<r負|ま>けるもんですか！	NUN5_TEXTENG@0x49F0	I Won't Lose!	I Won't Lose!						V31_MATCHED_ULTIMATE_RECORD_METADATA_SLPS
M1916	1	character_ultimate_jutsu	slot	SLPS	0x4AD490	64	<r忍法|にんぽう>・<r雪桜|ゆきざくら>の<r舞|まい>	NUN5_TEXTENG@0x4A00	Ninja Art: Snow Cherry Blossom Dance	Ninja Art: Snow Cherry Blossom Dance						V31_MATCHED_ULTIMATE_RECORD_METADATA_SLPS
M1917	1	character_ultimate_jutsu	slot	SLPS	0x4AD4D0	48	<r禁術|きんじゅつ>・<r穢土封滅|えどふうめつ>	NUN5_TEXTENG@0x4870	Forbidden Jutsu: Seal Destruction	Forbidden Jutsu: Seal Destruction						V31_MATCHED_ULTIMATE_RECORD_METADATA_SLPS
M1918	1	character_ultimate_jutsu	slot	SLPS	0x4AD500	48	<r潜影多蛇手|せんえいたじゃしゅ>	NUN5_TEXTENG@0x3C70	Multiple Hidden Shadow Snake Hands	Multiple Hidden Shadow Snake Hands						V31_MATCHED_ULTIMATE_RECORD_METADATA_SLPS
M1919	1	character_ultimate_jutsu	slot	SLPS	0x4AD530	32	<r千殺水翔|せんさつすいしょう>	NUN5_TEXTENG@0x5180	A Thousand Needles of Death	A Thousand Needles of Death						V31_MATCHED_ULTIMATE_RECORD_METADATA_SLPS
M1920	1	character_ultimate_jutsu	slot	SLPS	0x4AD550	32	チャクラ<r開放|かいほう>	NUN5_TEXTENG@0x11230	Chakra Release	Chakra Release						V31_MATCHED_ULTIMATE_RECORD_METADATA_SLPS
M1921	1	character_ultimate_jutsu	slot	SLPS	0x4AD570	48	<r魔鏡氷晶|まきょうひょうしょう>	NUN5_TEXTENG@0x51A0	Crystal Ice Mirrors	Crystal Ice Mirrors						V31_MATCHED_ULTIMATE_RECORD_METADATA_SLPS
M1922	1	character_ultimate_jutsu	slot	SLPS	0x4AD5A0	64	<r水遁|すいとん>・<r水龍弾|すいりゅうだん>の<r術|じゅつ>	NUN5_TEXTENG@0x5140	Water Style: Water Dragon Jutsu	Water Style: Water Dragon Jutsu						V31_MATCHED_ULTIMATE_RECORD_METADATA_SLPS
M1923	1	character_ultimate_jutsu	slot	SLPS	0x4AD5E0	64	<r水遁|すいとん>・<r大瀑布|だいばくふ>の<r術|じゅつ>	NUN5_TEXTENG@0x5160	Water Style: Giant Vortex Jutsu	Water Style: Giant Vortex Jutsu						V31_MATCHED_ULTIMATE_RECORD_METADATA_SLPS
M1924	1	character_ultimate_jutsu	slot	SLPS	0x4AD620	32	<r白眼|びゃくがん>	NUN5_TEXTENG@0x4CC0	Byakugan	Byakugan						V31_MATCHED_ULTIMATE_RECORD_METADATA_SLPS
M1925	1	character_ultimate_jutsu	slot	SLPS	0x4AD640	32	<r百烈掌|ひゃくれつしょう>	NUN5_TEXTENG@0x4CD0	Hundred Power Palms	Hundred Power Palms						V31_MATCHED_ULTIMATE_RECORD_METADATA_SLPS
M1926	1	character_ultimate_jutsu	slot	SLPS	0x4AD660	32	<r白朧天舞|はくろうてんぶ>	NUN5_TEXTENG@0x4CF0	Heaven's Dance of Hazy White	Heaven's Dance of Hazy White						V31_MATCHED_ULTIMATE_RECORD_METADATA_SLPS
M1927	1	character_ultimate_jutsu	slot	SLPS	0x4AD680	48	<r操具|そうぐ>・<r死球撃|しきゅうげき>	NUN5_TEXTENG@0x4AC0	Ninja Tool: Death Sphere Strike	Ninja Tool: Death Sphere Strike						V31_MATCHED_ULTIMATE_RECORD_METADATA_SLPS
M1928	1	character_ultimate_jutsu	slot	SLPS	0x4AD6B0	48	<r操具|そうぐ>・<r襲千刃|しゅうせんじん>	NUN5_TEXTENG@0x4AE0	Ninja Tool: Blade of 1000 Strikes	Ninja Tool: Blade of 1000 Strikes						V31_MATCHED_ULTIMATE_RECORD_METADATA_SLPS
M1929	1	character_ultimate_jutsu	slot	SLPS	0x4AD6E0	48	<r操具|そうぐ>・<r浮刃壁|ふじんへき>	NUN5_TEXTENG@0x4B10	Ninja Tool: Floating Blade Wall	Ninja Tool: Floating Blade Wall						V31_MATCHED_ULTIMATE_RECORD_METADATA_SLPS
M1930	1	character_ultimate_jutsu	slot	SLPS	0x4AD710	48	<r部分倍化|ぶぶんばいか>の<r術|じゅつ>	NUN5_TEXTENG@0x3490	Partial Expansion Jutsu	Partial Expansion Jutsu						V31_MATCHED_ULTIMATE_RECORD_METADATA_SLPS
M1931	1	character_ultimate_jutsu	slot	SLPS	0x4AD740	64	<r忍法|にんぽう>・<r百花繚乱|ひゃっかりょうらん>	NUN5_TEXTENG@0x4BC0	Ninja Art: Covered With Flowers	Ninja Art: Covered With Flowers						V31_MATCHED_ULTIMATE_RECORD_METADATA_SLPS
M1932	1	character_ultimate_jutsu	slot	SLPS	0x4AD780	48	<r心乱身|しんらんしん>の<r術|じゅつ>	NUN5_TEXTENG@0x4BE0	Mind Distraction Jutsu	Mind Distraction Jutsu						V31_MATCHED_ULTIMATE_RECORD_METADATA_SLPS
M1933	1	character_ultimate_jutsu	slot	SLPS	0x4AD7B0	32	<r供花送|くげおく>り	NUN5_TEXTENG@0x4C00	Memorial Flower Sending	Memorial Flower Sending						V31_MATCHED_ULTIMATE_RECORD_METADATA_SLPS
M1934	1	character_ultimate_jutsu	slot	SLPS	0x4AD7D0	32	<r牙通牙|がつうが>	NUN5_TEXTENG@0x4C18	Fang Over Fang	Fang Over Fang						V31_MATCHED_ULTIMATE_RECORD_METADATA_SLPS
M1935	1	character_ultimate_jutsu	slot	SLPS	0x4AD7F0	32	<r双頭狼|そうとうろう>	NUN5_TEXTENG@0x4C50	Two-Headed Wolf	Two-Headed Wolf						V31_MATCHED_ULTIMATE_RECORD_METADATA_SLPS
M1936	1	character_ultimate_jutsu	slot	SLPS	0x4AD810	32	<r牙狼牙|がろうが>	NUN5_TEXTENG@0x11240	Wolf Fang Over Fang 	Wolf Fang Over Fang 						V31_MATCHED_ULTIMATE_RECORD_METADATA_SLPS
M1937	1	character_ultimate_jutsu	slot	SLPS	0x4AD830	48	<r寄壊蟲|きかいちゅう>・<r颶|つむじ>	NUN5_TEXTENG@0x4C60	Parasitic Insects: Typhoon	Parasitic Insects: Typhoon						V31_MATCHED_ULTIMATE_RECORD_METADATA_SLPS
M1938	1	character_ultimate_jutsu	slot	SLPS	0x4AD860	48	<r寄壊蟲|きかいちゅう>・<r簇|やじり>	NUN5_TEXTENG@0x4C80	Parasitic Insects: Swarm	Parasitic Insects: Swarm						V31_MATCHED_ULTIMATE_RECORD_METADATA_SLPS
M1939	1	character_ultimate_jutsu	slot	SLPS	0x4AD890	48	<r寄壊蟲|きかいちゅう>・<r霰|あられ>	NUN5_TEXTENG@0x11260	Parasitic Insect: Hailstorm	Parasitic Insect: Hailstorm						V31_MATCHED_ULTIMATE_RECORD_METADATA_SLPS
M1940	1	character_ultimate_jutsu	slot	SLPS	0x4AD8C0	48	<r傀儡|くぐつ>・<r影役者|かげやくしゃ>	NUN5_TEXTENG@0x4EB0	Puppet: Shadow Actor	Puppet: Shadow Actor						V31_MATCHED_ULTIMATE_RECORD_METADATA_SLPS
M1941	1	character_ultimate_jutsu	slot	SLPS	0x4AD8F0	48	<r傀儡|くぐつ>・<r廻刃天穿|かいじんてんせん>	NUN5_TEXTENG@0x4ED0	Spinning Blade Drill of Underworld	Spinning Blade Drill of Underworld						V31_MATCHED_ULTIMATE_RECORD_METADATA_SLPS
M1942	1	character_ultimate_jutsu	slot	SLPS	0x4AD920	48	<r黒秘技機々一発|くろひぎききいっぱつ>	NUN5_TEXTENG@0x4F00	Secret Black Move: Iron Maiden	Secret Black Move: Iron Maiden						V31_MATCHED_ULTIMATE_RECORD_METADATA_SLPS
M1943	1	character_ultimate_jutsu	slot	SLPS	0x4AD950	32	<r乱|みだ>れ<r扇舞|せんぶ>	NUN5_TEXTENG@0x4F20	Mad Fan Dance	Mad Fan Dance						V31_MATCHED_ULTIMATE_RECORD_METADATA_SLPS
M1944	1	character_ultimate_jutsu	slot	SLPS	0x4AD970	48	<r大|だい>カマイタチの<r術|じゅつ>	NUN5_TEXTENG@0x4F30	Cyclone Scythe Jutsu	Cyclone Scythe Jutsu						V31_MATCHED_ULTIMATE_RECORD_METADATA_SLPS
M1945	1	character_ultimate_jutsu	slot	SLPS	0x4AD9A0	64	<r口寄|くちよ>せ・<r斬|き>り<r斬|き>り<r舞|まい>	NUN5_TEXTENG@0x4F50	Summoning: Blade Dance	Summoning: Blade Dance						V31_MATCHED_ULTIMATE_RECORD_METADATA_SLPS
M1946	1	character_ultimate_jutsu	slot	SLPS	0x4AD9E0	64	<r火遁|かとん>・<r豪炎螺旋丸|ごうえんらせんがん>	NUN5_TEXTENG@0x4760	Fire Style: Flame Rasengan	Fire Style: Flame Rasengan						V31_MATCHED_ULTIMATE_RECORD_METADATA_SLPS
M1947	1	character_ultimate_jutsu	slot	SLPS	0x4ADA20	48	<r双迅螺旋丸|そうじんらせんがん>	NUN5_TEXTENG@0x4780	Double Rapid Rasengan	Double Rapid Rasengan						V31_MATCHED_ULTIMATE_RECORD_METADATA_SLPS
M1948	1	character_ultimate_jutsu	slot	SLPS	0x4ADA50	32	<r金剛牢壁|こんごうろうへき>	NUN5_TEXTENG@0x4DF0	Adamantine Nyoi Prison	Adamantine Nyoi Prison						V31_MATCHED_ULTIMATE_RECORD_METADATA_SLPS
M1949	1	character_ultimate_jutsu	slot	SLPS	0x4ADA70	64	<r封印術|ふういんじゅつ>・<r屍鬼封尽|しきふうじん>	NUN5_TEXTENG@0x4E10	Sealing Jutsu: Reaper Death Seal	Sealing Jutsu: Reaper Death Seal						V31_MATCHED_ULTIMATE_RECORD_METADATA_SLPS
M1950	1	character_ultimate_jutsu	slot	SLPS	0x4ADAB0	64	<r封印術|ふういんじゅつ>・<r三方封印|さんぽうふういん>	NUN5_TEXTENG@0x4E40	Sealing Jutsu: Triangle Seal	Sealing Jutsu: Triangle Seal						V31_MATCHED_ULTIMATE_RECORD_METADATA_SLPS
M1951	1	character_ultimate_jutsu	slot	SLPS	0x4ADAF0	48	<r忍法|にんぽう>・<r創造再生|そうぞうさいせい>	NUN5_TEXTENG@0x47C0	Ninja Art: Mitotic Regeneration	Ninja Art: Mitotic Regeneration						V31_MATCHED_ULTIMATE_RECORD_METADATA_SLPS
M1952	1	character_ultimate_jutsu	slot	SLPS	0x4ADB20	32	<r火影|ほかげ>の<r力|ちから>	NUN5_TEXTENG@0x47E0	Hokage's Power	Hokage's Power						V31_MATCHED_ULTIMATE_RECORD_METADATA_SLPS
M1953	1	character_ultimate_jutsu	slot	SLPS	0x4ADB40	16	トントンコンビ	NUN5_TEXTENG@0x4818	Tonton Duo	Tonton Duo						V31_MATCHED_ULTIMATE_RECORD_METADATA_SLPS
M1954	1	character_ultimate_jutsu	slot	SLPS	0x4ADB50	32	<r大交衝|だいこうしょう>	NUN5_TEXTENG@0x112B0	Great Cross Slash	Great Cross Slash						V31_MATCHED_ULTIMATE_RECORD_METADATA_SLPS
M1955	1	character_ultimate_jutsu	slot	SLPS	0x4ADB70	32	<r死魂|しこん>の<r術|じゅつ>	NUN5_TEXTENG@0x48B0	Dead Soul Jutsu	Dead Soul Jutsu						V31_MATCHED_ULTIMATE_RECORD_METADATA_SLPS
M1956	1	character_ultimate_jutsu	slot	SLPS	0x4ADB90	48	チャクラ<r解剖刀|メス>・<r壊|カイ>	NUN5_TEXTENG@0x48C0	Chakra Dissection Blade: Destroy	Chakra Dissection Blade: Destroy						V31_MATCHED_ULTIMATE_RECORD_METADATA_SLPS
M1957	1	character_ultimate_jutsu	slot	SLPS	0x4ADBC0	48	<r土遁|どとん>・<r土陸返|どろくがえ>し	NUN5_TEXTENG@0x50F0	Earth Style: Terra Shield	Earth Style: Terra Shield						V31_MATCHED_ULTIMATE_RECORD_METADATA_SLPS
M1958	1	character_ultimate_jutsu	slot	SLPS	0x4ADBF0	32	<r雨蜘蛛|あまグモ>	NUN5_TEXTENG@0x50A0	Raining Spider	Raining Spider						V31_MATCHED_ULTIMATE_RECORD_METADATA_SLPS
M1959	1	character_ultimate_jutsu	slot	SLPS	0x4ADC10	32	<r毒舌|どくぜつ>コンボ	NUN5_TEXTENG@0x5040	Tongue-Lash Combo	Tongue-Lash Combo						V31_MATCHED_ULTIMATE_RECORD_METADATA_SLPS
M1960	1	character_ultimate_jutsu	slot	SLPS	0x4ADC30	64	<r口寄|くちよ>せ・<r羅生門|ラショウモン>　<r奈落|ならく>	NUN5_TEXTENG@0x4FD0	Summoning: Rashomon, Abyss	Summoning: Rashomon, Abyss						V31_MATCHED_ULTIMATE_RECORD_METADATA_SLPS
M1961	1	character_ultimate_jutsu	slot	SLPS	0x4ADC70	48	<r八重葎|やえむぐら>の<r舞|まい>	NUN5_TEXTENG@0x4F70	Galium Spurium Dance	Galium Spurium Dance						V31_MATCHED_ULTIMATE_RECORD_METADATA_SLPS
M1962	1	character_ultimate_jutsu	slot	SLPS	0x4ADCA0	48	<r飛雷神|ひらいしん>の<r術|じゅつ>	NUN5_TEXTENG@0x4E60	Flying Thunder God Jutsu	Flying Thunder God Jutsu						V31_MATCHED_ULTIMATE_RECORD_METADATA_SLPS
M1963	1	character_ultimate_jutsu	slot	SLPS	0x4ADCD0	64	<r突撃|とつげき>！　<r木|こ>ノ<r葉丸|はまる><r軍団|ぐんだん>！	NUN5_TEXTENG@0x4D30	Charge! Konohamaru Ninja Squad!	Charge! Konohamaru Ninja Squad!						V31_MATCHED_ULTIMATE_RECORD_METADATA_SLPS
M1964	1	character_ultimate_jutsu	slot	SLPS	0x4ADD10	32	<r柔拳指南|じゅうけんしなん>	NUN5_TEXTENG@0x4D10	Gentle Fist Instruction	Gentle Fist Instruction						V31_MATCHED_ULTIMATE_RECORD_METADATA_SLPS
M1965	1	character_ultimate_jutsu	slot	SLPS	0x4ADD30	48	<r金剛力|こんごうりき>・<r不動|ふどう>	NUN5_TEXTENG@0x11310	Adamantine Power, Acala	Adamantine Power, Acala						V31_MATCHED_ULTIMATE_RECORD_METADATA_SLPS
M1966	1	character_ultimate_jutsu	slot	SLPS	0x4ADD60	64	<r木遁秘術|もくとんひじゅつ>・<r樹界降誕|じゅかいこうたん>	NUN5_TEXTENG@0x4D90	Secret Wood Style Jutsu: Deep Forest Emergence	Secret Wood Style Jutsu: Deep Forest Emergence						V31_MATCHED_ULTIMATE_RECORD_METADATA_SLPS
M1967	1	character_ultimate_jutsu	slot	SLPS	0x4ADDA0	48	<r水遁|すいとん>・<r硬渦水刃|こうかすいじん>	NUN5_TEXTENG@0x4DC0	Water Style: Hardened Water Drill	Water Style: Hardened Water Drill						V31_MATCHED_ULTIMATE_RECORD_METADATA_SLPS
M1968	1	character_ultimate_jutsu	slot	SLPS	0x4ADDD0	16	<r飛燕|ひえん>	NUN5_TEXTENG@0x42F8	Flying Swallow	Flying Swallow						V31_MATCHED_ULTIMATE_RECORD_METADATA_SLPS
M1969	1	character_ultimate_jutsu	slot	SLPS	0x4ADDE0	48	<r魔幻|まげん>・<r樹縛殺|じゅばくさつ>	NUN5_TEXTENG@0x43A0	Evil Illusion: Tree Capture Death	Evil Illusion: Tree Capture Death						V31_MATCHED_ULTIMATE_RECORD_METADATA_SLPS
M1970	1	character_ultimate_jutsu	slot	SLPS	0x4ADE10	48	<r双蛇相殺|そうじゃそうさい>の<r術|じゅつ>	NUN5_TEXTENG@0x4D50	Twin Snake Sacrifice Jutsu	Twin Snake Sacrifice Jutsu						V31_MATCHED_ULTIMATE_RECORD_METADATA_SLPS
M1971	1	character_ultimate_jutsu	slot	SLPS	0x4ADE40	48	<r九尾螺旋丸|きゅうびらせんがん>	NUN5_TEXTENG@0x49A0	The Nine-Tailed Rasengan	The Nine-Tailed Rasengan						V31_MATCHED_ULTIMATE_RECORD_METADATA_SLPS
M1972	1	character_ultimate_jutsu	slot	SLPS	0x4ADE70	32	<r呪|のろ>われし<r力|ちから>	NUN5_TEXTENG@0x49E0	Cursed Power	Cursed Power						V31_MATCHED_ULTIMATE_RECORD_METADATA_SLPS
M1973	1	character_ultimate_jutsu	slot	SLPS	0x4ADE90	48	<r突|つ>き<r抜|ぬ>ける<r熱|あつ>き<r思|おも>い	NUN5_TEXTENG@0x4AA0	Smashing Passion	Smashing Passion						V31_MATCHED_ULTIMATE_RECORD_METADATA_SLPS
M1974	1	character_ultimate_jutsu	slot	SLPS	0x4ADEC0	32	<r蝶弾爆撃|ちょうだんばくげき>	NUN5_TEXTENG@0x4BB0	Butterfly Bomb	Butterfly Bomb						V31_MATCHED_ULTIMATE_RECORD_METADATA_SLPS
M1975	1	character_ultimate_jutsu	slot	SLPS	0x4ADEE0	32	<r羅漢拳|らかんけん>	NUN5_TEXTENG@0x5130	Arhat Fist	Arhat Fist						V31_MATCHED_ULTIMATE_RECORD_METADATA_SLPS
M1976	1	character_ultimate_jutsu	slot	SLPS	0x4ADF00	48	<r蜘蛛戦弓|クモせんきゅう>・<r凄裂|スザク>	NUN5_TEXTENG@0x50D0	Spider Bow: Fierce Rip	Spider Bow: Fierce Rip						V31_MATCHED_ULTIMATE_RECORD_METADATA_SLPS
M1977	1	character_ultimate_jutsu	slot	SLPS	0x4ADF30	64	<r魔笛|まてき>・<r三従葬曲|さんじゅうそうきょく>	NUN5_TEXTENG@0x5080	Demon Flute: Trio Requiem	Demon Flute: Trio Requiem						V31_MATCHED_ULTIMATE_RECORD_METADATA_SLPS
M1978	1	character_ultimate_jutsu	slot	SLPS	0x4ADF70	48	<r左塵掌|さじんしょう>・<r右裂脚|うれつきゃく>	NUN5_TEXTENG@0x11330	Left Dust Strike, Right Severing Kick	Left Dust Strike, Right Severing Kick						V31_MATCHED_ULTIMATE_RECORD_METADATA_SLPS
M1979	1	character_ultimate_jutsu	slot	SLPS	0x4ADFA0	48	<r鉄線花|てっせんか>の<r舞|まい>・<r花|はな>	NUN5_TEXTENG@0x4FB0	Clematis Dance: Flower	Clematis Dance: Flower						V31_MATCHED_ULTIMATE_RECORD_METADATA_SLPS
M1980	1	character_ultimate_jutsu	slot	SLPS	0x4ADFD0	48	<r大玉螺旋丸|おおだまらせんがん>	NUN5_TEXTENG@0x3F00	Great Ball Rasengan	Great Ball Rasengan						V31_MATCHED_ULTIMATE_RECORD_METADATA_SLPS
M1981	1	character_ultimate_jutsu	slot	SLPS	0x4AE000	48	<r漏|も>れ<r出|だ>す<r力|ちから>	NUN5_TEXTENG@0x3F20	Overflowing Power	Overflowing Power						V31_MATCHED_ULTIMATE_RECORD_METADATA_SLPS
M1982	1	character_ultimate_jutsu	slot	SLPS	0x4AE060	32	<r春|はる>の<r蹴来|しゅうらい>	NUN5_TEXTENG@0x11360	Coming of Spring Kick 	Coming of Spring Kick 						V31_MATCHED_ULTIMATE_RECORD_METADATA_SLPS
M1983	1	character_ultimate_jutsu	slot	SLPS	0x4AE080	32	キラキラ<r乙女心|おとめごころ>	NUN5_TEXTENG@0x3FA0	Twinkling Maiden's Heart	Twinkling Maiden's Heart						V31_MATCHED_ULTIMATE_RECORD_METADATA_SLPS
M1984	1	character_ultimate_jutsu	slot	SLPS	0x4AE0A0	32	<r大地割|だいちわ>り	NUN5_TEXTENG@0x3FC0	Earth Chop	Earth Chop						V31_MATCHED_ULTIMATE_RECORD_METADATA_SLPS
M1985	1	character_ultimate_jutsu	slot	SLPS	0x4AE0C0	48	<r傀儡|くぐつ>・<r桜舞|サクラマイ>	NUN5_TEXTENG@0x3FD0	Puppet: Cherry Blossom Dance	Puppet: Cherry Blossom Dance						V31_MATCHED_ULTIMATE_RECORD_METADATA_SLPS
M1986	1	character_ultimate_jutsu	slot	SLPS	0x4AE0F0	32	<r砂縛牢|さばくろう>	NUN5_TEXTENG@0x43C8	Sand Prison	Sand Prison						V31_MATCHED_ULTIMATE_RECORD_METADATA_SLPS
M1987	1	character_ultimate_jutsu	slot	SLPS	0x4AE110	80	<r最硬絶対攻撃|さいこうぜったいこうげき>・<r砂瀑槍葬|さばくそうそう>	NUN5_TEXTENG@0x11380	Hardest Ultimate Attack: Sand Spear Funeral	Hardest Ultimate Attack: Sand Spear Funeral						V31_MATCHED_ULTIMATE_RECORD_METADATA_SLPS
M1988	1	character_ultimate_jutsu	slot	SLPS	0x4AE160	32	<r滅砂瀑葬|めっさばくそう>	NUN5_TEXTENG@0x4400	Destructive Sand Burial	Destructive Sand Burial						V31_MATCHED_ULTIMATE_RECORD_METADATA_SLPS
M1989	1	character_ultimate_jutsu	slot	SLPS	0x4AE180	48	<r傀儡|くぐつ>・<r骸烏|ムクロガラス>	NUN5_TEXTENG@0x4420	Puppet: Crow Corpse	Puppet: Crow Corpse						V31_MATCHED_ULTIMATE_RECORD_METADATA_SLPS
M1990	1	character_ultimate_jutsu	slot	SLPS	0x4AE1B0	48	<r傀儡|くぐつ>・<r鬼城|きじょう>の<r面|めん>	NUN5_TEXTENG@0x4440	Puppet: Mask of Demon Castle	Puppet: Mask of Demon Castle						V31_MATCHED_ULTIMATE_RECORD_METADATA_SLPS
M1991	1	character_ultimate_jutsu	slot	SLPS	0x4AE1E0	48	<r黒秘技三大狂言|くろひぎさんだいきょうげん>	NUN5_TEXTENG@0x113B0	Secret Black Move: Three Major Plays	Secret Black Move: Three Major Plays						V31_MATCHED_ULTIMATE_RECORD_METADATA_SLPS
M1992	1	character_ultimate_jutsu	slot	SLPS	0x4AE210	32	<r豪風暴壁|ごうふうぼうへき>	NUN5_TEXTENG@0x4480	Gale Raging Wall	Gale Raging Wall						V31_MATCHED_ULTIMATE_RECORD_METADATA_SLPS
M1993	1	character_ultimate_jutsu	slot	SLPS	0x4AE230	32	<r練空踊扇|れんくうようせん>	NUN5_TEXTENG@0x44A0	Air Polish Dancing Fan	Air Polish Dancing Fan						V31_MATCHED_ULTIMATE_RECORD_METADATA_SLPS
M1994	1	character_ultimate_jutsu	slot	SLPS	0x4AE250	48	<r口寄|くちよ>せ・<r扇舞降|せんまいお>ろし	NUN5_TEXTENG@0x44C0	Summoning: Fan Dance Drop	Summoning: Fan Dance Drop						V31_MATCHED_ULTIMATE_RECORD_METADATA_SLPS
M1995	1	character_ultimate_jutsu	slot	SLPS	0x4AE280	48	<r傀儡|くぐつ>・<r父|ちち>と<r母|はは>	NUN5_TEXTENG@0x44F0	Puppet: Father and Mother	Puppet: Father and Mother						V31_MATCHED_ULTIMATE_RECORD_METADATA_SLPS
M1996	1	character_ultimate_jutsu	slot	SLPS	0x4AE2B0	80	<r十機近松|じっきちかまつ>の<r集|しゅう>・<r三宝吸潰|さんぼうきゅうかい>	NUN5_TEXTENG@0x113E0	Ten Puppet Collection: Three Treasures Vacuum	Ten Puppet Collection: Three Treasures Vacuum						V31_MATCHED_ULTIMATE_RECORD_METADATA_SLPS
M1997	1	character_ultimate_jutsu	slot	SLPS	0x4AE300	48	<r傀儡|くぐつ>・<r砂鉄獄塊|さてつごっかい>	NUN5_TEXTENG@0x46E0	Puppet: Iron Sand Cluster	Puppet: Iron Sand Cluster						V31_MATCHED_ULTIMATE_RECORD_METADATA_SLPS
M1998	1	character_ultimate_jutsu	slot	SLPS	0x4AE330	32	<r合殺芸術|がっさいげいじゅつ>	NUN5_TEXTENG@0x4640	Combined Killing Art	Combined Killing Art						V31_MATCHED_ULTIMATE_RECORD_METADATA_SLPS
M1999	1	character_ultimate_jutsu	slot	SLPS	0x4AE350	32	<r芸術|げいじゅつ>	NUN5_SLES@0x5140F0	Art	Art						V31_MATCHED_ULTIMATE_RECORD_METADATA_SLPS
M2000	1	character_ultimate_jutsu	slot	SLPS	0x4AE370	32	<r自爆分身|じばくぶんしん>	NUN5_TEXTENG@0x4620	Exploding Clone	Exploding Clone						V31_MATCHED_ULTIMATE_RECORD_METADATA_SLPS
M2001	1	character_ultimate_jutsu	slot	SLPS	0x4AE390	48	<r十八番|オハコ>・<rＣ３|シースリー>	NUN5_TEXTENG@0x4630	Sure-Fire: C3	Sure-Fire: C3						V31_MATCHED_ULTIMATE_RECORD_METADATA_SLPS
M2002	1	character_ultimate_jutsu	slot	SLPS	0x4AE3C0	48	<r八卦四天空掌|はっけしてんくうしょう>	NUN5_TEXTENG@0x11410	8 Trigrams 4 Sky Palms 	8 Trigrams 4 Sky Palms 						V31_MATCHED_ULTIMATE_RECORD_METADATA_SLPS
M2003	1	character_ultimate_jutsu	slot	SLPS	0x4AE3F0	32	<r八卦破山撃|はっけはざんげき>	NUN5_TEXTENG@0x11430	8 Trigrams Mountain Break Attack	8 Trigrams Mountain Break Attack			SLPS	0x4AF844		V31_MATCHED_ULTIMATE_RECORD_METADATA_SLPS
M2004	1	character_ultimate_jutsu	slot	SLPS	0x4AE410	48	<r操具|そうぐ>・<r廻燕劇|かいえんげき>	NUN5_TEXTENG@0x4190	Ninja Tool: Spinning Swallow Show	Ninja Tool: Spinning Swallow Show						V31_MATCHED_ULTIMATE_RECORD_METADATA_SLPS
M2005	1	character_ultimate_jutsu	slot	SLPS	0x4AE440	48	<r操具|そうぐ>・<r大鉄塊|だいてっかい>	NUN5_TEXTENG@0x41C0	Ninja Tool: Giant Iron Lump	Ninja Tool: Giant Iron Lump						V31_MATCHED_ULTIMATE_RECORD_METADATA_SLPS
M2006	1	character_ultimate_jutsu	slot	SLPS	0x4AE470	48	<r操具|そうぐ>・<r天鋼災|てんこうさい>	NUN5_TEXTENG@0x41E0	Ninja Tool: Heavenly Metal Disaster	Ninja Tool: Heavenly Metal Disaster						V31_MATCHED_ULTIMATE_RECORD_METADATA_SLPS
M2007	1	character_ultimate_jutsu	slot	SLPS	0x4AE4A0	32	<r木|こ>ノ<r葉旋光|はせんこう>	NUN5_TEXTENG@0x4130	Leaf Spiral Light	Leaf Spiral Light						V31_MATCHED_ULTIMATE_RECORD_METADATA_SLPS
M2008	1	character_ultimate_jutsu	slot	SLPS	0x4AE4C0	48	<r青春|せいしゅん>フルパワー！！	NUN5_TEXTENG@0x11460	Full Power of Youth!! 	Full Power of Youth!! 						V31_MATCHED_ULTIMATE_RECORD_METADATA_SLPS
M2009	1	character_ultimate_jutsu	slot	SLPS	0x4AE4F0	64	<r裏蓮華|うられんげ>・あの<r夕日|ゆうひ>に<r向|む>かって	NUN5_TEXTENG@0x11480	Hidden Lotus: Facing the Sunset	Hidden Lotus: Facing the Sunset						V31_MATCHED_ULTIMATE_RECORD_METADATA_SLPS
M2010	1	character_ultimate_jutsu	slot	SLPS	0x4AE540	64	<r忍法|にんぽう>・<r影煙幕|かげえんまく>の<r術|じゅつ>	NUN5_TEXTENG@0x114A0	Ninja Art: Shadow Smoke Screen Jutsu	Ninja Art: Shadow Smoke Screen Jutsu						V31_MATCHED_ULTIMATE_RECORD_METADATA_SLPS
M2011	1	character_ultimate_jutsu	slot	SLPS	0x4AE580	48	<r忍法|にんぽう>・<r影縫|かげぬ>い	NUN5_TEXTENG@0x3410	Ninja Art: Shadow Sew	Ninja Art: Shadow Sew						V31_MATCHED_ULTIMATE_RECORD_METADATA_SLPS
M2012	1	character_ultimate_jutsu	slot	SLPS	0x4AE5B0	48	<r自分|じぶん>ルール・じゃんけん<r編|へん>　	NUN5_TEXTENG@0x114D0	Self-Rule, Episode of Scissors-Paper-Rock	Self-Rule, Episode of Scissors-Paper-Rock						V31_MATCHED_ULTIMATE_RECORD_METADATA_SLPS
M2013	1	character_ultimate_jutsu	slot	SLPS	0x4AE5E0	48	<r自分|じぶん>ルール・<r青春編|せいしゅんへん>	NUN5_TEXTENG@0x11500	Self-Rule, Episode of Youth	Self-Rule, Episode of Youth						V31_MATCHED_ULTIMATE_RECORD_METADATA_SLPS
M2014	1	character_ultimate_jutsu	slot	SLPS	0x4AE610	32	<r朝孔雀|あさくじゃく>	NUN5_TEXTENG@0x33B0	Morning Peacock	Morning Peacock						V31_MATCHED_ULTIMATE_RECORD_METADATA_SLPS
M2015	1	character_ultimate_jutsu	slot	SLPS	0x4AE630	48	<r雷切|らいきり>・<r一尖|いっせん>	NUN5_TEXTENG@0x11520	Lightning Blade, Single Sharpness 	Lightning Blade, Single Sharpness 						V31_MATCHED_ULTIMATE_RECORD_METADATA_SLPS
M2016	1	character_ultimate_jutsu	slot	SLPS	0x4AE660	48	<r土遁|どとん>・<r裂穿牙|れっせんが>	NUN5_TEXTENG@0x4090	Earth Style: Ripping Drill Fang	Earth Style: Ripping Drill Fang						V31_MATCHED_ULTIMATE_RECORD_METADATA_SLPS
M2017	1	character_ultimate_jutsu	slot	SLPS	0x4AE690	32	コピー<r忍術|にんじゅつ>	NUN5_TEXTENG@0x40B0	Ninja Art: Copy Jutsu	Ninja Art: Copy Jutsu						V31_MATCHED_ULTIMATE_RECORD_METADATA_SLPS
M2018	1	character_ultimate_jutsu	slot	SLPS	0x4AE6B0	48	<r火遁|かとん>・<r豪焔球|ごうえんきゅう>	NUN5_TEXTENG@0x11550	Fire Style: Blaze Ball 	Fire Style: Blaze Ball 						V31_MATCHED_ULTIMATE_RECORD_METADATA_SLPS
M2019	1	character_ultimate_jutsu	slot	SLPS	0x4AE6E0	48	<r幻術|げんじゅつ>・<r泡沫|うたかた>	NUN5_TEXTENG@0x4550	Genjutsu: Bubbles	Genjutsu: Bubbles						V31_MATCHED_ULTIMATE_RECORD_METADATA_SLPS
M2020	1	character_ultimate_jutsu	slot	SLPS	0x4AE710	48	<r瞳術|どうじゅつ>・<r威凪|いさなぎ>	NUN5_TEXTENG@0x4570	Visual Jutsu: Powerful Calm	Visual Jutsu: Powerful Calm						V31_MATCHED_ULTIMATE_RECORD_METADATA_SLPS
M2021	1	character_ultimate_jutsu	slot	SLPS	0x4AE740	48	<r最凶|さいきょう>の<r刺客|しかく>	NUN5_TEXTENG@0x4590	The Baddest Assassins	The Baddest Assassins						V31_MATCHED_ULTIMATE_RECORD_METADATA_SLPS
M2022	1	character_ultimate_jutsu	slot	SLPS	0x4AE770	48	<r水遁|すいとん>・<r五食鮫|ごしょくざめ>	NUN5_TEXTENG@0x45B0	Water Style: Five Hungry Sharks	Water Style: Five Hungry Sharks						V31_MATCHED_ULTIMATE_RECORD_METADATA_SLPS
M2023	1	character_ultimate_jutsu	slot	SLPS	0x4AE7A0	48	<r水遁|すいとん>・<r無限鮫|むげんざめ>	NUN5_TEXTENG@0x45D0	Water Style: Infinite Shark	Water Style: Infinite Shark						V31_MATCHED_ULTIMATE_RECORD_METADATA_SLPS
M2024	1	character_ultimate_jutsu	slot	SLPS	0x4AE7D0	48	<r水遁|すいとん>・<r爆水衝波|ばくすいしょうは>	NUN5_TEXTENG@0x45F0	Water Style: Exploding Water Shock Wave	Water Style: Exploding Water Shock Wave						V31_MATCHED_ULTIMATE_RECORD_METADATA_SLPS
M2025	1	character_ultimate_jutsu	slot	SLPS	0x4AE800	32	<r妖狐|ようこ>の<r衣|ころも>	NUN5_TEXTENG@0x3F40	Nine-Tail's Cloak	Nine-Tail's Cloak						V31_MATCHED_ULTIMATE_RECORD_METADATA_SLPS
M2026	1	character_ultimate_jutsu	slot	SLPS	0x4AE820	64	<r赤秘技|あかひぎ>・<r百機|ひゃっき>の<r操演|そうえん>	NUN5_TEXTENG@0x4720	Red Secret Technique: Performance of a Hundred Puppets	Red Secret Technique: Performance of a Hundred Puppets						V31_MATCHED_ULTIMATE_RECORD_METADATA_SLPS
M2027	1	character_ultimate_jutsu	slot	SLPS	0x4AE860	64	<r傀儡|くぐつ>の<r術|じゅつ>・<r尾沙悶|びしゃもん>	NUN5_TEXTENG@0x4660	Puppet Jutsu: Tail Crash Blow	Puppet Jutsu: Tail Crash Blow						V31_MATCHED_ULTIMATE_RECORD_METADATA_SLPS
M2028	1	character_ultimate_jutsu	slot	SLPS	0x4AE8A0	64	<r傀儡|くぐつ>の<r術|じゅつ>・<r義手千本|ぎしゅせんぼん>	NUN5_TEXTENG@0x11570	Puppet Jutsu: 1000 Mechanical Arms 	Puppet Jutsu: 1000 Mechanical Arms 						V31_MATCHED_ULTIMATE_RECORD_METADATA_SLPS
M2029	1	character_ultimate_jutsu	slot	SLPS	0x4AE8E0	64	<r傀儡|くぐつ>の<r術|じゅつ>・<r重刃庫|じゅうばこ>	NUN5_TEXTENG@0x46B0	Puppet Jutsu: Multiple Blade Box	Puppet Jutsu: Multiple Blade Box						V31_MATCHED_ULTIMATE_RECORD_METADATA_SLPS
M2030	1	character_ultimate_jutsu	slot	SLPS	0x4AE920	48	<r息子|むすこ>の<r仇|かたき>！？	NUN5_TEXTENG@0x115A0	Son's Revenge!?	Son's Revenge!?						V31_MATCHED_ULTIMATE_RECORD_METADATA_SLPS
M2031	1	character_ultimate_jutsu	slot	SLPS	0x4AE950	32	<r爪迅狼牙|そうじんろうが>	NUN5_TEXTENG@0x4330	Swift Claw Wolf Fang	Swift Claw Wolf Fang						V31_MATCHED_ULTIMATE_RECORD_METADATA_SLPS
M2032	1	character_ultimate_jutsu	slot	SLPS	0x4AE970	32	<r天双牙|てんそうが>	NUN5_TEXTENG@0x4350	Dual Wolf Fangs	Dual Wolf Fangs						V31_MATCHED_ULTIMATE_RECORD_METADATA_SLPS
M2033	1	character_ultimate_jutsu	slot	SLPS	0x4AE990	48	<r寄壊蟲|きかいちゅう>・<r蝕|しょく>	NUN5_TEXTENG@0x4360	Parasitic Insects: Digest	Parasitic Insects: Digest						V31_MATCHED_ULTIMATE_RECORD_METADATA_SLPS
M2034	1	character_ultimate_jutsu	slot	SLPS	0x4AE9C0	48	<r寄壊蟲|きかいちゅう>・<r虚|うつろ>	NUN5_TEXTENG@0x4380	Parasitic Insects: Deception	Parasitic Insects: Deception						V31_MATCHED_ULTIMATE_RECORD_METADATA_SLPS
M2035	1	character_ultimate_jutsu	slot	SLPS	0x4AE9F0	48	<r八卦掌空天|はっけしょうくうてん>	NUN5_TEXTENG@0x3230	8 Trigrams Sky Palm	8 Trigrams Sky Palm						V31_MATCHED_ULTIMATE_RECORD_METADATA_SLPS
M2036	1	character_ultimate_jutsu	slot	SLPS	0x4AEA20	48	<r部分超倍化|ぶぶんちょうばいか>の<r術|じゅつ>	NUN5_TEXTENG@0x4260	Super Expansion Jutsu	Super Expansion Jutsu						V31_MATCHED_ULTIMATE_RECORD_METADATA_SLPS
M2037	1	character_ultimate_jutsu	slot	SLPS	0x4AEA50	48	<r超|ちょう>・<r肉弾戦車|にくだんせんしゃ>	NUN5_TEXTENG@0x4280	Super Human Boulder	Super Human Boulder						V31_MATCHED_ULTIMATE_RECORD_METADATA_SLPS
M2038	1	character_ultimate_jutsu	slot	SLPS	0x4AEA80	48	<r忍法|にんぽう>・<r月下美人|げっかびじん>	NUN5_TEXTENG@0x42C0	Ninja Art: Queen of the Night	Ninja Art: Queen of the Night						V31_MATCHED_ULTIMATE_RECORD_METADATA_SLPS
M2039	1	character_ultimate_jutsu	slot	SLPS	0x4AEAB0	32	<r蝶針火|ちょうしんか>	NUN5_TEXTENG@0x42E0	Butterfly Needle Flame	Butterfly Needle Flame						V31_MATCHED_ULTIMATE_RECORD_METADATA_SLPS
M2040	1	character_ultimate_jutsu	slot	SLPS	0x4AEAD0	64	<r火遁|かとん>・<r消|け>し<r幕|まく>が<r原|はら>	NUN5_TEXTENG@0x47A0	Fire Style: Vanishing Attack	Fire Style: Vanishing Attack						V31_MATCHED_ULTIMATE_RECORD_METADATA_SLPS
M2041	1	character_ultimate_jutsu	slot	SLPS	0x4AEB10	32	<r地流|じながれ>	NUN5_TEXTENG@0x47F0	Mudslide	Mudslide						V31_MATCHED_ULTIMATE_RECORD_METADATA_SLPS
M2042	1	character_ultimate_jutsu	slot	SLPS	0x4AEB30	48	<r渦旋風火|かせんふうか>の<r術|じゅつ>	NUN5_TEXTENG@0x4310	Fire Whirlwind Jutsu	Fire Whirlwind Jutsu						V31_MATCHED_ULTIMATE_RECORD_METADATA_SLPS
M2043	1	character_ultimate_jutsu	slot	SLPS	0x4AEB60	32	<r蟒蛇|うわばみ>	NUN5_SLES@0x5140F8	Uwabami	Uwabami						V31_MATCHED_ULTIMATE_RECORD_METADATA_SLPS
M2044	1	character_ultimate_jutsu	slot	SLPS	0x4AEB80	48	<r二凪|ふたなぎ>ノ<r草薙|くさなぎ>	NUN5_TEXTENG@0x48A0	Double Kusanagi	Double Kusanagi						V31_MATCHED_ULTIMATE_RECORD_METADATA_SLPS
M2045	1	character_ultimate_jutsu	slot	SLPS	0x4AEBB0	48	<r死術|しじゅつ>・<r帰魂遊戯|きこんゆうぎ>	NUN5_TEXTENG@0x48F0	Death Technique: Soul Return	Death Technique: Soul Return						V31_MATCHED_ULTIMATE_RECORD_METADATA_SLPS
M2046	1	character_ultimate_jutsu	slot	SLPS	0x4AEBE0	48	<r木遁|もくとん>・<r飛乃木|ひのき>	NUN5_TEXTENG@0x4830	Wood Style: Flying Tree	Wood Style: Flying Tree						V31_MATCHED_ULTIMATE_RECORD_METADATA_SLPS
M2047	1	character_ultimate_jutsu	slot	SLPS	0x4AEC10	48	<r木遁|もくとん>・<r梁木|やなぎ>	NUN5_TEXTENG@0x4850	Wood Style: Tree Columns	Wood Style: Tree Columns						V31_MATCHED_ULTIMATE_RECORD_METADATA_SLPS
M2048	1	character_ultimate_jutsu	slot	SLPS	0x4AEC40	80	<r忍法|にんぽう>・<r超獣偽画|ちょうじゅうぎが>　<r白描|はくびょう>	NUN5_TEXTENG@0x3FF0	Ninja Art: Beast Scroll Replicas @White Picture@	Ninja Art: Beast Scroll Replicas @White Picture@						V31_MATCHED_ULTIMATE_RECORD_METADATA_SLPS
M2049	1	character_ultimate_jutsu	slot	SLPS	0x4AEC90	64	<r忍法|にんぽう>・<r超獣偽画|ちょうじゅうぎが>　<r龍|りゅう>	NUN5_TEXTENG@0x4030	Ninja Art: Beast Scroll Replicas @Dragon@	Ninja Art: Beast Scroll Replicas @Dragon@						V31_MATCHED_ULTIMATE_RECORD_METADATA_SLPS
M2050	1	character_ultimate_jutsu	slot	SLPS	0x4AECD0	32	<r草薙|くさなぎ>の<r舞|まい>	NUN5_TEXTENG@0x4910	Dance of Kusanagi	Dance of Kusanagi						V31_MATCHED_ULTIMATE_RECORD_METADATA_SLPS
M2051	1	character_ultimate_jutsu	slot	SLPS	0x4AECF0	32	<r翔|か>け<r鳥崩|どりくず>し	NUN5_TEXTENG@0x4930	Darting Bird Crusher	Darting Bird Crusher						V31_MATCHED_ULTIMATE_RECORD_METADATA_SLPS
M2052	1	character_ultimate_jutsu	slot	SLPS	0x4AED10	48	<r千鳥|ちどり>・<r雷鳴|らいめい>	NUN5_TEXTENG@0x4950	Chidori Thunder	Chidori Thunder						V31_MATCHED_ULTIMATE_RECORD_METADATA_SLPS
M2053	1	character_ultimate_jutsu	slot	ETC	0x262C0	40	<r部分倍化|ぶぶんばいか>の<r術|じゅつ>	NUN5_TEXTENG@0x3490	Partial Expansion Jutsu	Partial Expansion Jutsu						V31_MATCHED_ULTIMATE_RECORD_METADATA_ETC
M2054	1	character_ultimate_jutsu	slot	ETC	0x28440	48	<r大玉螺旋丸|おおだまらせんがん>	NUN5_TEXTENG@0x3F00	Great Ball Rasengan	Great Ball Rasengan						V31_MATCHED_ULTIMATE_RECORD_METADATA_ETC
M2055	1	character_ultimate_jutsu	slot	ETC	0x28470	48	<r漏|も>れ<r出|だ>す<r力|ちから>	NUN5_TEXTENG@0x3F20	Overflowing Power	Overflowing Power						V31_MATCHED_ULTIMATE_RECORD_METADATA_ETC
M2056	1	character_ultimate_jutsu	slot	ETC	0x284A0	32	<r妖狐|ようこ>の<r衣|ころも>	NUN5_TEXTENG@0x3F40	Nine-Tail's Cloak	Nine-Tail's Cloak						V31_MATCHED_ULTIMATE_RECORD_METADATA_ETC
M2057	1	character_ultimate_jutsu	slot	ETC	0x284F0	32	<r春|はる>の<r蹴来|しゅうらい>	NUN5_TEXTENG@0x11360	Coming of Spring Kick 	Coming of Spring Kick 						V31_MATCHED_ULTIMATE_RECORD_METADATA_ETC
M2058	1	character_ultimate_jutsu	slot	ETC	0x28510	32	キラキラ<r乙女心|おとめごころ>	NUN5_TEXTENG@0x3FA0	Twinkling Maiden's Heart	Twinkling Maiden's Heart						V31_MATCHED_ULTIMATE_RECORD_METADATA_ETC
M2059	1	character_ultimate_jutsu	slot	ETC	0x28530	32	<r大地割|だいちわ>り	NUN5_TEXTENG@0x3FC0	Earth Chop	Earth Chop						V31_MATCHED_ULTIMATE_RECORD_METADATA_ETC
M2060	1	character_ultimate_jutsu	slot	ETC	0x28550	48	<r傀儡|くぐつ>・<r桜舞|サクラマイ>	NUN5_TEXTENG@0x3FD0	Puppet: Cherry Blossom Dance	Puppet: Cherry Blossom Dance						V31_MATCHED_ULTIMATE_RECORD_METADATA_ETC
M2061	1	character_ultimate_jutsu	slot	ETC	0x28580	80	<r忍法|にんぽう>・<r超獣偽画|ちょうじゅうぎが>　<r白描|はくびょう>	NUN5_TEXTENG@0x3FF0	Ninja Art: Beast Scroll Replicas @White Picture@	Ninja Art: Beast Scroll Replicas @White Picture@						V31_MATCHED_ULTIMATE_RECORD_METADATA_ETC
M2062	1	character_ultimate_jutsu	slot	ETC	0x285D0	64	<r忍法|にんぽう>・<r超獣偽画|ちょうじゅうぎが>　<r龍|りゅう>	NUN5_TEXTENG@0x4030	Ninja Art: Beast Scroll Replicas @Dragon@	Ninja Art: Beast Scroll Replicas @Dragon@						V31_MATCHED_ULTIMATE_RECORD_METADATA_ETC
M2063	1	character_ultimate_jutsu	slot	ETC	0x28640	48	<r土遁|どとん>・<r裂穿牙|れっせんが>	NUN5_TEXTENG@0x4090	Earth Style: Ripping Drill Fang	Earth Style: Ripping Drill Fang						V31_MATCHED_ULTIMATE_RECORD_METADATA_ETC
M2064	1	character_ultimate_jutsu	slot	ETC	0x28690	48	<r八卦四天空掌|はっけしてんくうしょう>	NUN5_TEXTENG@0x11410	8 Trigrams 4 Sky Palms 	8 Trigrams 4 Sky Palms 						V31_MATCHED_ULTIMATE_RECORD_METADATA_ETC
M2065	1	character_ultimate_jutsu	slot	ETC	0x286F0	32	<r八卦破山撃|はっけはざんげき>	NUN5_TEXTENG@0x11430	8 Trigrams Mountain Break Attack	8 Trigrams Mountain Break Attack			ETC	0x2A07C		V31_MATCHED_ULTIMATE_RECORD_METADATA_ETC
M2066	1	character_ultimate_jutsu	slot	ETC	0x28710	32	<r木|こ>ノ<r葉旋光|はせんこう>	NUN5_TEXTENG@0x4130	Leaf Spiral Light	Leaf Spiral Light						V31_MATCHED_ULTIMATE_RECORD_METADATA_ETC
M2067	1	character_ultimate_jutsu	slot	ETC	0x28730	48	<r青春|せいしゅん>フルパワー！！	NUN5_TEXTENG@0x11460	Full Power of Youth!! 	Full Power of Youth!! 						V31_MATCHED_ULTIMATE_RECORD_METADATA_ETC
M2068	1	character_ultimate_jutsu	slot	ETC	0x28790	48	<r操具|そうぐ>・<r廻燕劇|かいえんげき>	NUN5_TEXTENG@0x4190	Ninja Tool: Spinning Swallow Show	Ninja Tool: Spinning Swallow Show						V31_MATCHED_ULTIMATE_RECORD_METADATA_ETC
M2069	1	character_ultimate_jutsu	slot	ETC	0x287C0	48	<r操具|そうぐ>・<r大鉄塊|だいてっかい>	NUN5_TEXTENG@0x41C0	Ninja Tool: Giant Iron Lump	Ninja Tool: Giant Iron Lump						V31_MATCHED_ULTIMATE_RECORD_METADATA_ETC
M2070	1	character_ultimate_jutsu	slot	ETC	0x287F0	48	<r操具|そうぐ>・<r天鋼災|てんこうさい>	NUN5_TEXTENG@0x41E0	Ninja Tool: Heavenly Metal Disaster	Ninja Tool: Heavenly Metal Disaster						V31_MATCHED_ULTIMATE_RECORD_METADATA_ETC
M2071	1	character_ultimate_jutsu	slot	ETC	0x28880	64	<r忍法|にんぽう>・<r影煙幕|かげえんまく>の<r術|じゅつ>	NUN5_TEXTENG@0x114A0	Ninja Art: Shadow Smoke Screen Jutsu	Ninja Art: Shadow Smoke Screen Jutsu						V31_MATCHED_ULTIMATE_RECORD_METADATA_ETC
M2072	1	character_ultimate_jutsu	slot	ETC	0x288C0	48	<r部分超倍化|ぶぶんちょうばいか>の<r術|じゅつ>	NUN5_TEXTENG@0x4260	Super Expansion Jutsu	Super Expansion Jutsu						V31_MATCHED_ULTIMATE_RECORD_METADATA_ETC
M2073	1	character_ultimate_jutsu	slot	ETC	0x288F0	48	<r超|ちょう>・<r肉弾戦車|にくだんせんしゃ>	NUN5_TEXTENG@0x4280	Super Human Boulder	Super Human Boulder						V31_MATCHED_ULTIMATE_RECORD_METADATA_ETC
M2074	1	character_ultimate_jutsu	slot	ETC	0x28950	48	<r忍法|にんぽう>・<r月下美人|げっかびじん>	NUN5_TEXTENG@0x42C0	Ninja Art: Queen of the Night	Ninja Art: Queen of the Night						V31_MATCHED_ULTIMATE_RECORD_METADATA_ETC
M2075	1	character_ultimate_jutsu	slot	ETC	0x28980	24	<r蝶針火|ちょうしんか>	NUN5_TEXTENG@0x42E0	Butterfly Needle Flame	Butterfly Needle Flame						V31_MATCHED_ULTIMATE_RECORD_METADATA_ETC
M2076	1	character_ultimate_jutsu	slot	ETC	0x28998	24	<r飛燕|ひえん>	NUN5_TEXTENG@0x42F8	Flying Swallow	Flying Swallow						V31_MATCHED_ULTIMATE_RECORD_METADATA_ETC
M2077	1	character_ultimate_jutsu	slot	ETC	0x289B0	48	<r渦旋風火|かせんふうか>の<r術|じゅつ>	NUN5_TEXTENG@0x4310	Fire Whirlwind Jutsu	Fire Whirlwind Jutsu						V31_MATCHED_ULTIMATE_RECORD_METADATA_ETC
M2078	1	character_ultimate_jutsu	slot	ETC	0x289E0	32	<r爪迅狼牙|そうじんろうが>	NUN5_TEXTENG@0x4330	Swift Claw Wolf Fang	Swift Claw Wolf Fang						V31_MATCHED_ULTIMATE_RECORD_METADATA_ETC
M2079	1	character_ultimate_jutsu	slot	ETC	0x28A00	32	<r天双牙|てんそうが>	NUN5_TEXTENG@0x4350	Dual Wolf Fangs	Dual Wolf Fangs						V31_MATCHED_ULTIMATE_RECORD_METADATA_ETC
M2080	1	character_ultimate_jutsu	slot	ETC	0x28A20	48	<r寄壊蟲|きかいちゅう>・<r蝕|しょく>	NUN5_TEXTENG@0x4360	Parasitic Insects: Digest	Parasitic Insects: Digest						V31_MATCHED_ULTIMATE_RECORD_METADATA_ETC
M2081	1	character_ultimate_jutsu	slot	ETC	0x28A50	48	<r寄壊蟲|きかいちゅう>・<r虚|うつろ>	NUN5_TEXTENG@0x4380	Parasitic Insects: Deception	Parasitic Insects: Deception						V31_MATCHED_ULTIMATE_RECORD_METADATA_ETC
M2082	1	character_ultimate_jutsu	slot	ETC	0x28A80	48	<r八卦掌空天|はっけしょうくうてん>	NUN5_TEXTENG@0x3230	8 Trigrams Sky Palm	8 Trigrams Sky Palm						V31_MATCHED_ULTIMATE_RECORD_METADATA_ETC
M2083	1	character_ultimate_jutsu	slot	ETC	0x28AB0	48	<r魔幻|まげん>・<r樹縛殺|じゅばくさつ>	NUN5_TEXTENG@0x43A0	Evil Illusion: Tree Capture Death	Evil Illusion: Tree Capture Death						V31_MATCHED_ULTIMATE_RECORD_METADATA_ETC
M2084	1	character_ultimate_jutsu	slot	ETC	0x28B20	32	<r滅砂瀑葬|めっさばくそう>	NUN5_TEXTENG@0x4400	Destructive Sand Burial	Destructive Sand Burial						V31_MATCHED_ULTIMATE_RECORD_METADATA_ETC
M2085	1	character_ultimate_jutsu	slot	ETC	0x28B40	48	<r傀儡|くぐつ>・<r骸烏|ムクロガラス>	NUN5_TEXTENG@0x4420	Puppet: Crow Corpse	Puppet: Crow Corpse						V31_MATCHED_ULTIMATE_RECORD_METADATA_ETC
M2086	1	character_ultimate_jutsu	slot	ETC	0x28B70	48	<r傀儡|くぐつ>・<r鬼城|きじょう>の<r面|めん>	NUN5_TEXTENG@0x4440	Puppet: Mask of Demon Castle	Puppet: Mask of Demon Castle						V31_MATCHED_ULTIMATE_RECORD_METADATA_ETC
M2087	1	character_ultimate_jutsu	slot	ETC	0x28BA0	48	<r黒秘技三大狂言|くろひぎさんだいきょうげん>	NUN5_TEXTENG@0x113B0	Secret Black Move: Three Major Plays	Secret Black Move: Three Major Plays						V31_MATCHED_ULTIMATE_RECORD_METADATA_ETC
M2088	1	character_ultimate_jutsu	slot	ETC	0x28BD0	32	<r豪風暴壁|ごうふうぼうへき>	NUN5_TEXTENG@0x4480	Gale Raging Wall	Gale Raging Wall						V31_MATCHED_ULTIMATE_RECORD_METADATA_ETC
M2089	1	character_ultimate_jutsu	slot	ETC	0x28BF0	32	<r練空踊扇|れんくうようせん>	NUN5_TEXTENG@0x44A0	Air Polish Dancing Fan	Air Polish Dancing Fan						V31_MATCHED_ULTIMATE_RECORD_METADATA_ETC
M2090	1	character_ultimate_jutsu	slot	ETC	0x28C10	48	<r口寄|くちよ>せ・<r扇舞降|せんまいお>ろし	NUN5_TEXTENG@0x44C0	Summoning: Fan Dance Drop	Summoning: Fan Dance Drop						V31_MATCHED_ULTIMATE_RECORD_METADATA_ETC
M2091	1	character_ultimate_jutsu	slot	ETC	0x28C40	48	<r息子|むすこ>の<r仇|かたき>！？	NUN5_TEXTENG@0x115A0	Son's Revenge!?	Son's Revenge!?						V31_MATCHED_ULTIMATE_RECORD_METADATA_ETC
M2092	1	character_ultimate_jutsu	slot	ETC	0x28C70	48	<r傀儡|くぐつ>・<r父|ちち>と<r母|はは>	NUN5_TEXTENG@0x44F0	Puppet: Father and Mother	Puppet: Father and Mother						V31_MATCHED_ULTIMATE_RECORD_METADATA_ETC
M2093	1	character_ultimate_jutsu	slot	ETC	0x28CD0	48	<r火遁|かとん>・<r豪焔球|ごうえんきゅう>	NUN5_TEXTENG@0x11550	Fire Style: Blaze Ball 	Fire Style: Blaze Ball 						V31_MATCHED_ULTIMATE_RECORD_METADATA_ETC
M2094	1	character_ultimate_jutsu	slot	ETC	0x28D00	48	<r幻術|げんじゅつ>・<r泡沫|うたかた>	NUN5_TEXTENG@0x4550	Genjutsu: Bubbles	Genjutsu: Bubbles						V31_MATCHED_ULTIMATE_RECORD_METADATA_ETC
M2095	1	character_ultimate_jutsu	slot	ETC	0x28D30	48	<r瞳術|どうじゅつ>・<r威凪|いさなぎ>	NUN5_TEXTENG@0x4570	Visual Jutsu: Powerful Calm	Visual Jutsu: Powerful Calm						V31_MATCHED_ULTIMATE_RECORD_METADATA_ETC
M2096	1	character_ultimate_jutsu	slot	ETC	0x28D60	48	<r最凶|さいきょう>の<r刺客|しかく>	NUN5_TEXTENG@0x4590	The Baddest Assassins	The Baddest Assassins						V31_MATCHED_ULTIMATE_RECORD_METADATA_ETC
M2097	1	character_ultimate_jutsu	slot	ETC	0x28D90	48	<r水遁|すいとん>・<r五食鮫|ごしょくざめ>	NUN5_TEXTENG@0x45B0	Water Style: Five Hungry Sharks	Water Style: Five Hungry Sharks						V31_MATCHED_ULTIMATE_RECORD_METADATA_ETC
M2098	1	character_ultimate_jutsu	slot	ETC	0x28DC0	48	<r水遁|すいとん>・<r無限鮫|むげんざめ>	NUN5_TEXTENG@0x45D0	Water Style: Infinite Shark	Water Style: Infinite Shark						V31_MATCHED_ULTIMATE_RECORD_METADATA_ETC
M2099	1	character_ultimate_jutsu	slot	ETC	0x28DF0	48	<r水遁|すいとん>・<r爆水衝波|ばくすいしょうは>	NUN5_TEXTENG@0x45F0	Water Style: Exploding Water Shock Wave	Water Style: Exploding Water Shock Wave						V31_MATCHED_ULTIMATE_RECORD_METADATA_ETC
M2100	1	character_ultimate_jutsu	slot	ETC	0x28E20	32	<r芸術|げいじゅつ>	NUN5_SLES@0x5140F0	Art	Art						V31_MATCHED_ULTIMATE_RECORD_METADATA_ETC
M2101	1	character_ultimate_jutsu	slot	ETC	0x28E40	32	<r自爆分身|じばくぶんしん>	NUN5_TEXTENG@0x4620	Exploding Clone	Exploding Clone						V31_MATCHED_ULTIMATE_RECORD_METADATA_ETC
M2102	1	character_ultimate_jutsu	slot	ETC	0x28E60	48	<r十八番|オハコ>・<rＣ３|シースリー>	NUN5_TEXTENG@0x4630	Sure-Fire: C3	Sure-Fire: C3						V31_MATCHED_ULTIMATE_RECORD_METADATA_ETC
M2103	1	character_ultimate_jutsu	slot	ETC	0x28E90	32	<r合殺芸術|がっさいげいじゅつ>	NUN5_TEXTENG@0x4640	Combined Killing Art	Combined Killing Art						V31_MATCHED_ULTIMATE_RECORD_METADATA_ETC
M2104	1	character_ultimate_jutsu	slot	ETC	0x28EB0	64	<r傀儡|くぐつ>の<r術|じゅつ>・<r尾沙悶|びしゃもん>	NUN5_TEXTENG@0x4660	Puppet Jutsu: Tail Crash Blow	Puppet Jutsu: Tail Crash Blow						V31_MATCHED_ULTIMATE_RECORD_METADATA_ETC
M2105	1	character_ultimate_jutsu	slot	ETC	0x28EF0	64	<r傀儡|くぐつ>の<r術|じゅつ>・<r義手千本|ぎしゅせんぼん>	NUN5_TEXTENG@0x11570	Puppet Jutsu: 1000 Mechanical Arms 	Puppet Jutsu: 1000 Mechanical Arms 						V31_MATCHED_ULTIMATE_RECORD_METADATA_ETC
M2106	1	character_ultimate_jutsu	slot	ETC	0x28F30	64	<r傀儡|くぐつ>の<r術|じゅつ>・<r重刃庫|じゅうばこ>	NUN5_TEXTENG@0x46B0	Puppet Jutsu: Multiple Blade Box	Puppet Jutsu: Multiple Blade Box						V31_MATCHED_ULTIMATE_RECORD_METADATA_ETC
M2107	1	character_ultimate_jutsu	slot	ETC	0x28F70	48	<r傀儡|くぐつ>・<r砂鉄獄塊|さてつごっかい>	NUN5_TEXTENG@0x46E0	Puppet: Iron Sand Cluster	Puppet: Iron Sand Cluster						V31_MATCHED_ULTIMATE_RECORD_METADATA_ETC
M2108	1	character_ultimate_jutsu	slot	ETC	0x28FD0	64	<r赤秘技|あかひぎ>・<r百機|ひゃっき>の<r操演|そうえん>	NUN5_TEXTENG@0x4720	Red Secret Technique: Performance of a Hundred Puppets	Red Secret Technique: Performance of a Hundred Puppets						V31_MATCHED_ULTIMATE_RECORD_METADATA_ETC
M2109	1	character_ultimate_jutsu	slot	ETC	0x29010	64	<r火遁|かとん>・<r豪炎螺旋丸|ごうえんらせんがん>	NUN5_TEXTENG@0x4760	Fire Style: Flame Rasengan	Fire Style: Flame Rasengan						V31_MATCHED_ULTIMATE_RECORD_METADATA_ETC
M2110	1	character_ultimate_jutsu	slot	ETC	0x29050	48	<r双迅螺旋丸|そうじんらせんがん>	NUN5_TEXTENG@0x4780	Double Rapid Rasengan	Double Rapid Rasengan						V31_MATCHED_ULTIMATE_RECORD_METADATA_ETC
M2111	1	character_ultimate_jutsu	slot	ETC	0x29080	64	<r火遁|かとん>・<r消|け>し<r幕|まく>が<r原|はら>	NUN5_TEXTENG@0x47A0	Fire Style: Vanishing Attack	Fire Style: Vanishing Attack						V31_MATCHED_ULTIMATE_RECORD_METADATA_ETC
M2112	1	character_ultimate_jutsu	slot	ETC	0x290C0	48	<r忍法|にんぽう>・<r創造再生|そうぞうさいせい>	NUN5_TEXTENG@0x47C0	Ninja Art: Mitotic Regeneration	Ninja Art: Mitotic Regeneration						V31_MATCHED_ULTIMATE_RECORD_METADATA_ETC
M2113	1	character_ultimate_jutsu	slot	ETC	0x290F0	32	<r火影|ほかげ>の<r力|ちから>	NUN5_TEXTENG@0x47E0	Hokage's Power	Hokage's Power						V31_MATCHED_ULTIMATE_RECORD_METADATA_ETC
M2114	1	character_ultimate_jutsu	slot	ETC	0x29110	32	<r地流|じながれ>	NUN5_TEXTENG@0x47F0	Mudslide	Mudslide						V31_MATCHED_ULTIMATE_RECORD_METADATA_ETC
M2115	1	character_ultimate_jutsu	slot	ETC	0x29130	32	<r大交衝|だいこうしょう>	NUN5_TEXTENG@0x112B0	Great Cross Slash	Great Cross Slash						V31_MATCHED_ULTIMATE_RECORD_METADATA_ETC
M2116	1	character_ultimate_jutsu	slot	ETC	0x29150	16	トントンコンビ	NUN5_TEXTENG@0x4818	Tonton Duo	Tonton Duo						V31_MATCHED_ULTIMATE_RECORD_METADATA_ETC
M2117	1	character_ultimate_jutsu	slot	ETC	0x29160	48	<r木遁|もくとん>・<r飛乃木|ひのき>	NUN5_TEXTENG@0x4830	Wood Style: Flying Tree	Wood Style: Flying Tree						V31_MATCHED_ULTIMATE_RECORD_METADATA_ETC
M2118	1	character_ultimate_jutsu	slot	ETC	0x29190	48	<r木遁|もくとん>・<r梁木|やなぎ>	NUN5_TEXTENG@0x4850	Wood Style: Tree Columns	Wood Style: Tree Columns						V31_MATCHED_ULTIMATE_RECORD_METADATA_ETC
M2119	1	character_ultimate_jutsu	slot	ETC	0x291C0	48	<r禁術|きんじゅつ>・<r穢土封滅|えどふうめつ>	NUN5_TEXTENG@0x4870	Forbidden Jutsu: Seal Destruction	Forbidden Jutsu: Seal Destruction						V31_MATCHED_ULTIMATE_RECORD_METADATA_ETC
M2120	1	character_ultimate_jutsu	slot	ETC	0x291F0	32	<r蟒蛇|うわばみ>	NUN5_SLES@0x5140F8	Uwabami	Uwabami						V31_MATCHED_ULTIMATE_RECORD_METADATA_ETC
M2121	1	character_ultimate_jutsu	slot	ETC	0x29210	48	<r二凪|ふたなぎ>ノ<r草薙|くさなぎ>	NUN5_TEXTENG@0x48A0	Double Kusanagi	Double Kusanagi						V31_MATCHED_ULTIMATE_RECORD_METADATA_ETC
M2122	1	character_ultimate_jutsu	slot	ETC	0x29240	32	<r死魂|しこん>の<r術|じゅつ>	NUN5_TEXTENG@0x48B0	Dead Soul Jutsu	Dead Soul Jutsu						V31_MATCHED_ULTIMATE_RECORD_METADATA_ETC
M2123	1	character_ultimate_jutsu	slot	ETC	0x29290	48	<r死術|しじゅつ>・<r帰魂遊戯|きこんゆうぎ>	NUN5_TEXTENG@0x48F0	Death Technique: Soul Return	Death Technique: Soul Return						V31_MATCHED_ULTIMATE_RECORD_METADATA_ETC
M2124	1	character_ultimate_jutsu	slot	ETC	0x292C0	32	<r草薙|くさなぎ>の<r舞|まい>	NUN5_TEXTENG@0x4910	Dance of Kusanagi	Dance of Kusanagi						V31_MATCHED_ULTIMATE_RECORD_METADATA_ETC
M2125	1	character_ultimate_jutsu	slot	ETC	0x292E0	32	<r翔|か>け<r鳥崩|どりくず>し	NUN5_TEXTENG@0x4930	Darting Bird Crusher	Darting Bird Crusher						V31_MATCHED_ULTIMATE_RECORD_METADATA_ETC
M2126	1	character_ultimate_jutsu	slot	ETC	0x29300	48	<r千鳥|ちどり>・<r雷鳴|らいめい>	NUN5_TEXTENG@0x4950	Chidori Thunder	Chidori Thunder						V31_MATCHED_ULTIMATE_RECORD_METADATA_ETC
M2127	1	character_ultimate_jutsu	slot	ETC	0x29330	32	うずまきナルト<r連弾|れんだん>	NUN5_TEXTENG@0x4960	Naruto Uzumaki Barrage	Naruto Uzumaki Barrage						V31_MATCHED_ULTIMATE_RECORD_METADATA_ETC
M2128	1	character_ultimate_jutsu	slot	ETC	0x29350	48	うずまきナルト<r忍法帳|にんぽうちょう>	NUN5_TEXTENG@0x4980	Naruto's Ninja Handbook	Naruto's Ninja Handbook						V31_MATCHED_ULTIMATE_RECORD_METADATA_ETC
M2129	1	character_ultimate_jutsu	slot	ETC	0x29380	48	<r九尾螺旋丸|きゅうびらせんがん>	NUN5_TEXTENG@0x49A0	The Nine-Tailed Rasengan	The Nine-Tailed Rasengan						V31_MATCHED_ULTIMATE_RECORD_METADATA_ETC
M2130	1	character_ultimate_jutsu	slot	ETC	0x293B0	32	ハヤブサ<r落|お>とし	NUN5_TEXTENG@0x49C0	Falcon Drop	Falcon Drop						V31_MATCHED_ULTIMATE_RECORD_METADATA_ETC
M2131	1	character_ultimate_jutsu	slot	ETC	0x293D0	32	<r忌|い>まわしき<r千鳥|ちどり>	NUN5_TEXTENG@0x49D0	Ominous Chidori	Ominous Chidori						V31_MATCHED_ULTIMATE_RECORD_METADATA_ETC
M2132	1	character_ultimate_jutsu	slot	ETC	0x293F0	32	<r呪|のろ>われし<r力|ちから>	NUN5_TEXTENG@0x49E0	Cursed Power	Cursed Power						V31_MATCHED_ULTIMATE_RECORD_METADATA_ETC
M2133	1	character_ultimate_jutsu	slot	ETC	0x29410	32	<r負|ま>けるもんですか！	NUN5_TEXTENG@0x49F0	I Won't Lose!	I Won't Lose!						V31_MATCHED_ULTIMATE_RECORD_METADATA_ETC
M2134	1	character_ultimate_jutsu	slot	ETC	0x29430	64	<r忍法|にんぽう>・<r雪桜|ゆきざくら>の<r舞|まい>	NUN5_TEXTENG@0x4A00	Ninja Art: Snow Cherry Blossom Dance	Ninja Art: Snow Cherry Blossom Dance						V31_MATCHED_ULTIMATE_RECORD_METADATA_ETC
M2135	1	character_ultimate_jutsu	slot	ETC	0x29470	64	<r八卦三百六十一式|はっけさんびゃくろくじゅういっしき>	NUN5_TEXTENG@0x4A30	8 Trigrams 361 Style	8 Trigrams 361 Style						V31_MATCHED_ULTIMATE_RECORD_METADATA_ETC
M2136	1	character_ultimate_jutsu	slot	ETC	0x294B0	48	<r絶招八門崩撃|ぜっしょうはちもんほうげき>	NUN5_TEXTENG@0x4A50	Last Resort: Eight Gates Assault	Last Resort: Eight Gates Assault						V31_MATCHED_ULTIMATE_RECORD_METADATA_ETC
M2137	1	character_ultimate_jutsu	slot	ETC	0x294E0	16	すい<r拳|けん>	NUN5_TEXTENG@0x4A78	Loopy Fist	Loopy Fist						V31_MATCHED_ULTIMATE_RECORD_METADATA_ETC
M2138	1	character_ultimate_jutsu	slot	ETC	0x294F0	32	<r裏蓮華|うられんげ>	NUN5_TEXTENG@0x4A88	Hidden Lotus	Hidden Lotus						V31_MATCHED_ULTIMATE_RECORD_METADATA_ETC
M2139	1	character_ultimate_jutsu	slot	ETC	0x29510	48	<r突|つ>き<r抜|ぬ>ける<r熱|あつ>き<r思|おも>い	NUN5_TEXTENG@0x4AA0	Smashing Passion	Smashing Passion						V31_MATCHED_ULTIMATE_RECORD_METADATA_ETC
M2140	1	character_ultimate_jutsu	slot	ETC	0x29540	48	<r操具|そうぐ>・<r死球撃|しきゅうげき>	NUN5_TEXTENG@0x4AC0	Ninja Tool: Death Sphere Strike	Ninja Tool: Death Sphere Strike						V31_MATCHED_ULTIMATE_RECORD_METADATA_ETC
M2141	1	character_ultimate_jutsu	slot	ETC	0x29570	48	<r操具|そうぐ>・<r襲千刃|しゅうせんじん>	NUN5_TEXTENG@0x4AE0	Ninja Tool: Blade of 1000 Strikes	Ninja Tool: Blade of 1000 Strikes						V31_MATCHED_ULTIMATE_RECORD_METADATA_ETC
M2142	1	character_ultimate_jutsu	slot	ETC	0x295A0	48	<r操具|そうぐ>・<r浮刃壁|ふじんへき>	NUN5_TEXTENG@0x4B10	Ninja Tool: Floating Blade Wall	Ninja Tool: Floating Blade Wall						V31_MATCHED_ULTIMATE_RECORD_METADATA_ETC
M2143	1	character_ultimate_jutsu	slot	ETC	0x295D0	48	<r影真似|かげまね>の<r術|じゅつ>	NUN5_TEXTENG@0x4B30	Shadow Possession Jutsu	Shadow Possession Jutsu						V31_MATCHED_ULTIMATE_RECORD_METADATA_ETC
M2144	1	character_ultimate_jutsu	slot	ETC	0x29600	48	<r影圧掌|かげあっしょう>の<r術|じゅつ>	NUN5_TEXTENG@0x4B50	Shadow Crushing Palm Jutsu	Shadow Crushing Palm Jutsu						V31_MATCHED_ULTIMATE_RECORD_METADATA_ETC
M2145	1	character_ultimate_jutsu	slot	ETC	0x29630	48	<r影首縛|かげくびしば>りの<r術|じゅつ>	NUN5_TEXTENG@0x4B70	Shadow Strangle Jutsu	Shadow Strangle Jutsu						V31_MATCHED_ULTIMATE_RECORD_METADATA_ETC
M2146	1	character_ultimate_jutsu	slot	ETC	0x29690	32	<r蝶弾爆撃|ちょうだんばくげき>	NUN5_TEXTENG@0x4BB0	Butterfly Bomb	Butterfly Bomb						V31_MATCHED_ULTIMATE_RECORD_METADATA_ETC
M2147	1	character_ultimate_jutsu	slot	ETC	0x296B0	64	<r忍法|にんぽう>・<r百花繚乱|ひゃっかりょうらん>	NUN5_TEXTENG@0x4BC0	Ninja Art: Covered With Flowers	Ninja Art: Covered With Flowers						V31_MATCHED_ULTIMATE_RECORD_METADATA_ETC
M2148	1	character_ultimate_jutsu	slot	ETC	0x296F0	48	<r心乱身|しんらんしん>の<r術|じゅつ>	NUN5_TEXTENG@0x4BE0	Mind Distraction Jutsu	Mind Distraction Jutsu						V31_MATCHED_ULTIMATE_RECORD_METADATA_ETC
M2149	1	character_ultimate_jutsu	slot	ETC	0x29720	32	<r供花送|くげおく>り	NUN5_TEXTENG@0x4C00	Memorial Flower Sending	Memorial Flower Sending						V31_MATCHED_ULTIMATE_RECORD_METADATA_ETC
M2150	1	character_ultimate_jutsu	slot	ETC	0x29780	32	<r双頭狼|そうとうろう>	NUN5_TEXTENG@0x4C50	Two-Headed Wolf	Two-Headed Wolf						V31_MATCHED_ULTIMATE_RECORD_METADATA_ETC
M2151	1	character_ultimate_jutsu	slot	ETC	0x297A0	48	<r寄壊蟲|きかいちゅう>・<r颶|つむじ>	NUN5_TEXTENG@0x4C60	Parasitic Insects: Typhoon	Parasitic Insects: Typhoon						V31_MATCHED_ULTIMATE_RECORD_METADATA_ETC
M2152	1	character_ultimate_jutsu	slot	ETC	0x297D0	48	<r寄壊蟲|きかいちゅう>・<r簇|やじり>	NUN5_TEXTENG@0x4C80	Parasitic Insects: Swarm	Parasitic Insects: Swarm						V31_MATCHED_ULTIMATE_RECORD_METADATA_ETC
M2153	1	character_ultimate_jutsu	slot	ETC	0x29800	48	<r寄壊蟲|きかいちゅう>・<r霰|あられ>	NUN5_TEXTENG@0x11260	Parasitic Insect: Hailstorm	Parasitic Insect: Hailstorm						V31_MATCHED_ULTIMATE_RECORD_METADATA_ETC
M2154	1	character_ultimate_jutsu	slot	ETC	0x29850	32	<r百烈掌|ひゃくれつしょう>	NUN5_TEXTENG@0x4CD0	Hundred Power Palms	Hundred Power Palms						V31_MATCHED_ULTIMATE_RECORD_METADATA_ETC
M2155	1	character_ultimate_jutsu	slot	ETC	0x29870	32	<r白朧天舞|はくろうてんぶ>	NUN5_TEXTENG@0x4CF0	Heaven's Dance of Hazy White	Heaven's Dance of Hazy White						V31_MATCHED_ULTIMATE_RECORD_METADATA_ETC
M2156	1	character_ultimate_jutsu	slot	ETC	0x29890	32	<r柔拳指南|じゅうけんしなん>	NUN5_TEXTENG@0x4D10	Gentle Fist Instruction	Gentle Fist Instruction						V31_MATCHED_ULTIMATE_RECORD_METADATA_ETC
M2157	1	character_ultimate_jutsu	slot	ETC	0x298B0	64	<r突撃|とつげき>！　<r木|こ>ノ<r葉丸|はまる><r軍団|ぐんだん>！	NUN5_TEXTENG@0x4D30	Charge! Konohamaru Ninja Squad!	Charge! Konohamaru Ninja Squad!						V31_MATCHED_ULTIMATE_RECORD_METADATA_ETC
M2158	1	character_ultimate_jutsu	slot	ETC	0x298F0	48	<r双蛇相殺|そうじゃそうさい>の<r術|じゅつ>	NUN5_TEXTENG@0x4D50	Twin Snake Sacrifice Jutsu	Twin Snake Sacrifice Jutsu						V31_MATCHED_ULTIMATE_RECORD_METADATA_ETC
M2159	1	character_ultimate_jutsu	slot	ETC	0x29920	48	<r金剛力|こんごうりき>・<r不動|ふどう>	NUN5_TEXTENG@0x11310	Adamantine Power, Acala	Adamantine Power, Acala						V31_MATCHED_ULTIMATE_RECORD_METADATA_ETC
M2160	1	character_ultimate_jutsu	slot	ETC	0x29950	64	<r木遁秘術|もくとんひじゅつ>・<r樹界降誕|じゅかいこうたん>	NUN5_TEXTENG@0x4D90	Secret Wood Style Jutsu: Deep Forest Emergence	Secret Wood Style Jutsu: Deep Forest Emergence						V31_MATCHED_ULTIMATE_RECORD_METADATA_ETC
M2161	1	character_ultimate_jutsu	slot	ETC	0x29990	48	<r水遁|すいとん>・<r硬渦水刃|こうかすいじん>	NUN5_TEXTENG@0x4DC0	Water Style: Hardened Water Drill	Water Style: Hardened Water Drill						V31_MATCHED_ULTIMATE_RECORD_METADATA_ETC
M2162	1	character_ultimate_jutsu	slot	ETC	0x299C0	32	<r金剛牢壁|こんごうろうへき>	NUN5_TEXTENG@0x4DF0	Adamantine Nyoi Prison	Adamantine Nyoi Prison						V31_MATCHED_ULTIMATE_RECORD_METADATA_ETC
M2163	1	character_ultimate_jutsu	slot	ETC	0x299E0	64	<r封印術|ふういんじゅつ>・<r屍鬼封尽|しきふうじん>	NUN5_TEXTENG@0x4E10	Sealing Jutsu: Reaper Death Seal	Sealing Jutsu: Reaper Death Seal						V31_MATCHED_ULTIMATE_RECORD_METADATA_ETC
M2164	1	character_ultimate_jutsu	slot	ETC	0x29A20	64	<r封印術|ふういんじゅつ>・<r三方封印|さんぽうふういん>	NUN5_TEXTENG@0x4E40	Sealing Jutsu: Triangle Seal	Sealing Jutsu: Triangle Seal						V31_MATCHED_ULTIMATE_RECORD_METADATA_ETC
M2165	1	character_ultimate_jutsu	slot	ETC	0x29AB0	32	<r砂手裏剣|すなしゅりけん>	NUN5_TEXTENG@0x4E98	Sand Shuriken	Sand Shuriken						V31_MATCHED_ULTIMATE_RECORD_METADATA_ETC
M2166	1	character_ultimate_jutsu	slot	ETC	0x29AD0	48	<r傀儡|くぐつ>・<r影役者|かげやくしゃ>	NUN5_TEXTENG@0x4EB0	Puppet: Shadow Actor	Puppet: Shadow Actor						V31_MATCHED_ULTIMATE_RECORD_METADATA_ETC
M2167	1	character_ultimate_jutsu	slot	ETC	0x29B00	48	<r傀儡|くぐつ>・<r廻刃天穿|かいじんてんせん>	NUN5_TEXTENG@0x4ED0	Spinning Blade Drill of Underworld	Spinning Blade Drill of Underworld						V31_MATCHED_ULTIMATE_RECORD_METADATA_ETC
M2168	1	character_ultimate_jutsu	slot	ETC	0x29B30	48	<r黒秘技機々一発|くろひぎききいっぱつ>	NUN5_TEXTENG@0x4F00	Secret Black Move: Iron Maiden	Secret Black Move: Iron Maiden						V31_MATCHED_ULTIMATE_RECORD_METADATA_ETC
M2169	1	character_ultimate_jutsu	slot	ETC	0x29B60	32	<r乱|みだ>れ<r扇舞|せんぶ>	NUN5_TEXTENG@0x4F20	Mad Fan Dance	Mad Fan Dance						V31_MATCHED_ULTIMATE_RECORD_METADATA_ETC
M2170	1	character_ultimate_jutsu	slot	ETC	0x29B80	48	<r大|だい>カマイタチの<r術|じゅつ>	NUN5_TEXTENG@0x4F30	Cyclone Scythe Jutsu	Cyclone Scythe Jutsu						V31_MATCHED_ULTIMATE_RECORD_METADATA_ETC
M2171	1	character_ultimate_jutsu	slot	ETC	0x29BB0	64	<r口寄|くちよ>せ・<r斬|き>り<r斬|き>り<r舞|まい>	NUN5_TEXTENG@0x4F50	Summoning: Blade Dance	Summoning: Blade Dance						V31_MATCHED_ULTIMATE_RECORD_METADATA_ETC
M2172	1	character_ultimate_jutsu	slot	ETC	0x29BF0	48	<r八重葎|やえむぐら>の<r舞|まい>	NUN5_TEXTENG@0x4F70	Galium Spurium Dance	Galium Spurium Dance						V31_MATCHED_ULTIMATE_RECORD_METADATA_ETC
M2173	1	character_ultimate_jutsu	slot	ETC	0x29C50	48	<r鉄線花|てっせんか>の<r舞|まい>・<r花|はな>	NUN5_TEXTENG@0x4FB0	Clematis Dance: Flower	Clematis Dance: Flower						V31_MATCHED_ULTIMATE_RECORD_METADATA_ETC
M2174	1	character_ultimate_jutsu	slot	ETC	0x29C80	64	<r口寄|くちよ>せ・<r羅生門|ラショウモン>　<r奈落|ならく>	NUN5_TEXTENG@0x4FD0	Summoning: Rashomon, Abyss	Summoning: Rashomon, Abyss						V31_MATCHED_ULTIMATE_RECORD_METADATA_ETC
M2175	1	character_ultimate_jutsu	slot	ETC	0x29D00	48	<r左塵掌|さじんしょう>・<r右裂脚|うれつきゃく>	NUN5_TEXTENG@0x11330	Left Dust Strike, Right Severing Kick	Left Dust Strike, Right Severing Kick						V31_MATCHED_ULTIMATE_RECORD_METADATA_ETC
M2176	1	character_ultimate_jutsu	slot	ETC	0x29D30	32	<r毒舌|どくぜつ>コンボ	NUN5_TEXTENG@0x5040	Tongue-Lash Combo	Tongue-Lash Combo						V31_MATCHED_ULTIMATE_RECORD_METADATA_ETC
M2177	1	character_ultimate_jutsu	slot	ETC	0x29D70	64	<r魔笛|まてき>・<r三従葬曲|さんじゅうそうきょく>	NUN5_TEXTENG@0x5080	Demon Flute: Trio Requiem	Demon Flute: Trio Requiem						V31_MATCHED_ULTIMATE_RECORD_METADATA_ETC
M2178	1	character_ultimate_jutsu	slot	ETC	0x29DB0	32	<r雨蜘蛛|あまグモ>	NUN5_TEXTENG@0x50A0	Raining Spider	Raining Spider						V31_MATCHED_ULTIMATE_RECORD_METADATA_ETC
M2179	1	character_ultimate_jutsu	slot	ETC	0x29DF0	48	<r蜘蛛戦弓|クモせんきゅう>・<r凄裂|スザク>	NUN5_TEXTENG@0x50D0	Spider Bow: Fierce Rip	Spider Bow: Fierce Rip						V31_MATCHED_ULTIMATE_RECORD_METADATA_ETC
M2180	1	character_ultimate_jutsu	slot	ETC	0x29E20	48	<r土遁|どとん>・<r土陸返|どろくがえ>し	NUN5_TEXTENG@0x50F0	Earth Style: Terra Shield	Earth Style: Terra Shield						V31_MATCHED_ULTIMATE_RECORD_METADATA_ETC
M2181	1	character_ultimate_jutsu	slot	ETC	0x29E80	32	<r羅漢拳|らかんけん>	NUN5_TEXTENG@0x5130	Arhat Fist	Arhat Fist						V31_MATCHED_ULTIMATE_RECORD_METADATA_ETC
M2182	1	character_ultimate_jutsu	slot	ETC	0x29EA0	64	<r水遁|すいとん>・<r水龍弾|すいりゅうだん>の<r術|じゅつ>	NUN5_TEXTENG@0x5140	Water Style: Water Dragon Jutsu	Water Style: Water Dragon Jutsu						V31_MATCHED_ULTIMATE_RECORD_METADATA_ETC
M2183	1	character_ultimate_jutsu	slot	ETC	0x29EE0	64	<r水遁|すいとん>・<r大瀑布|だいばくふ>の<r術|じゅつ>	NUN5_TEXTENG@0x5160	Water Style: Giant Vortex Jutsu	Water Style: Giant Vortex Jutsu						V31_MATCHED_ULTIMATE_RECORD_METADATA_ETC
M2184	1	character_ultimate_jutsu	slot	ETC	0x29F20	32	<r千殺水翔|せんさつすいしょう>	NUN5_TEXTENG@0x5180	A Thousand Needles of Death	A Thousand Needles of Death						V31_MATCHED_ULTIMATE_RECORD_METADATA_ETC
M2185	1	character_ultimate_jutsu	slot	ETC	0x29F40	52	<r魔鏡氷晶|まきょうひょうしょう>	NUN5_TEXTENG@0x51A0	Crystal Ice Mirrors	Crystal Ice Mirrors						V31_MATCHED_ULTIMATE_RECORD_METADATA_ETC
M2186	1	menus_data	slot	ETC	0x25CD8	16	オッス！	NUN5_SLES@0x513F60	Right!	Right!						V32_MATCHED_COLLECTION_ANIMATION_IDENTIFIER
M2187	1	menus_data	slot	ETC	0x25EB0	48	<r最新作熟読中|さいしんさくじゅくどくちゅう>	NUN5_TEXTENG@0x3180	Reading the Latest Release	Reading the Latest Release						V32_MATCHED_COLLECTION_ANIMATION_IDENTIFIER
M2188	1	menus_data	slot	ETC	0x25FB0	32	<r点穴打突|てんけつだとつ>！！	NUN5_TEXTENG@0x3260	Pressure Point Strike!	Pressure Point Strike!						V32_MATCHED_COLLECTION_ANIMATION_IDENTIFIER
M2189	1	menus_data	slot	ETC	0x26100	40	<r仕込|しこ>み<r炸裂|さくれつ>！	NUN5_TEXTENG@0x3350	Device Unleashed!	Device Unleashed!						V32_MATCHED_COLLECTION_ANIMATION_IDENTIFIER
M2190	1	menus_data	slot	ETC	0x26250	24	<r変|か>わらぬチョウジ	NUN5_TEXTENG@0x3438	Same Old Choji	Same Old Choji						V32_MATCHED_COLLECTION_ANIMATION_IDENTIFIER
M2191	1	menus_data	slot	ETC	0x26280	40	<r張|は>り<r手|て>の<r構|かま>え	NUN5_TEXTENG@0x3460	Open-Hand Stance	Open-Hand Stance						V32_MATCHED_COLLECTION_ANIMATION_IDENTIFIER
M2192	1	menus_data	slot	ETC	0x26380	16	やれやれ	NUN5_TEXTENG@0x3538	Whatever...	Whatever...						V32_MATCHED_COLLECTION_ANIMATION_IDENTIFIER
M2193	1	menus_data	slot	ETC	0x26430	24	いつでもいっしょ	NUN5_TEXTENG@0x35A0	Always Together	Always Together						V32_MATCHED_COLLECTION_ANIMATION_IDENTIFIER
M2194	1	menus_data	slot	ETC	0x264E0	32	<r広|ひろ>がる<r蟲|むし>たち	NUN5_TEXTENG@0x3628	Spreading Bugs	Spreading Bugs						V32_MATCHED_COLLECTION_ANIMATION_IDENTIFIER
M2195	1	menus_data	slot	ETC	0x26510	32	<r闘|たたか>う<r決意|けつい>！	NUN5_TEXTENG@0x3650	Determined to Fight!	Determined to Fight!						V32_MATCHED_COLLECTION_ANIMATION_IDENTIFIER
M2196	1	menus_data	slot	ETC	0x26540	40	<r心|こころ>の<r準備|じゅんび>が…	NUN5_TEXTENG@0x3680	Readying My Heart	Readying My Heart						V32_MATCHED_COLLECTION_ANIMATION_IDENTIFIER
M2197	1	menus_data	slot	ETC	0x265B0	32	ベスト<r着用|ちゃくよう>	NUN5_TEXTENG@0x36B8	Put On My Best	Put On My Best						V32_MATCHED_COLLECTION_ANIMATION_IDENTIFIER
M2198	1	menus_data	slot	ETC	0x26700	32	<r傀儡勢揃|くぐつせいぞろ>い！	NUN5_TEXTENG@0x37D8	Puppets Unite!	Puppets Unite!						V32_MATCHED_COLLECTION_ANIMATION_IDENTIFIER
M2199	1	menus_data	slot	ETC	0x26760	40	<r団子|だんご>で<r一息|ひといき>	NUN5_TEXTENG@0x3820	Pause to Eat Dumplings	Pause to Eat Dumplings						V32_MATCHED_COLLECTION_ANIMATION_IDENTIFIER
M2200	1	menus_data	slot	ETC	0x267A0	32	カマタリと<r一緒|いっしょ>	NUN5_TEXTENG@0x3848	With Kamatari	With Kamatari						V32_MATCHED_COLLECTION_ANIMATION_IDENTIFIER
M2201	1	menus_data	slot	ETC	0x267D0	32	まだまだ<r現役|げんえき>	NUN5_TEXTENG@0x3870	I'm Still In Charge	I'm Still In Charge						V32_MATCHED_COLLECTION_ANIMATION_IDENTIFIER
M2202	1	menus_data	slot	ETC	0x26828	16	<r仕込|しこ>み	NUN5_SLES@0x514038	Device	Device						V32_MATCHED_COLLECTION_ANIMATION_IDENTIFIER
M2203	1	menus_data	slot	ETC	0x26850	32	<r指一|ゆびひと>つあれば…	NUN5_TEXTENG@0x38E0	With One Finger...	With One Finger...						V32_MATCHED_COLLECTION_ANIMATION_IDENTIFIER
M2204	1	menus_data	slot	ETC	0x268E0	40	<r大刀|だいとう>を<r携|たずさ>えて	NUN5_TEXTENG@0x3950	Carrying a Giant Sword	Carrying a Giant Sword						V32_MATCHED_COLLECTION_ANIMATION_IDENTIFIER
M2205	1	menus_data	slot	ETC	0x26960	48	<r襲|おそ>い<r来|く>る<r怪人|かいじん>！	NUN5_TEXTENG@0x39B0	A Monster Attacks!	A Monster Attacks!						V32_MATCHED_COLLECTION_ANIMATION_IDENTIFIER
M2206	1	menus_data	slot	ETC	0x269A0	24	<r楽|たの>しめそうだな	NUN5_TEXTENG@0x39E0	This Should Be Fun	This Should Be Fun						V32_MATCHED_COLLECTION_ANIMATION_IDENTIFIER
M2207	1	menus_data	slot	ETC	0x26AE0	32	あいや<r自来也|じらいや>！	NUN5_TEXTENG@0x3AC0	I'm Jiraiya!	I'm Jiraiya!						V32_MATCHED_COLLECTION_ANIMATION_IDENTIFIER
M2208	1	menus_data	slot	ETC	0x26B90	48	コレ<r一本|いっぽん>で<r十分|じゅうぶん>	NUN5_TEXTENG@0x3B30	This One is Enough	This One is Enough						V32_MATCHED_COLLECTION_ANIMATION_IDENTIFIER
M2209	1	menus_data	slot	ETC	0x26BD0	32	<r考|かんが>え<r事|ごと>	NUN5_TEXTENG@0x3B60	Something to Think Over	Something to Think Over						V32_MATCHED_COLLECTION_ANIMATION_IDENTIFIER
M2210	1	menus_data	slot	ETC	0x26C40	24	お<r世話係|せわかか>り	NUN5_TEXTENG@0x3BC8	Helper Role	Helper Role						V32_MATCHED_COLLECTION_ANIMATION_IDENTIFIER
M2211	1	menus_data	slot	ETC	0x26C98	16	うんうん	NUN5_SLES@0x5140A8	Uh-huh	Uh-huh						V32_MATCHED_COLLECTION_ANIMATION_IDENTIFIER
M2212	1	menus_data	slot	ETC	0x26CC0	24	<r跳躍|ちょうやく>！	NUN5_SLES@0x5140B0	Jump!	Jump!						V32_MATCHED_COLLECTION_ANIMATION_IDENTIFIER
M2213	1	menus_data	slot	ETC	0x26E20	16	あーあ…	NUN5_SLES@0x5140C8	Aww...	Aww...						V32_MATCHED_COLLECTION_ANIMATION_IDENTIFIER
M2214	1	menus_data	slot	ETC	0x26E60	32	<r冷|つめ>たい<r視線|しせん>	NUN5_TEXTENG@0x3D28	Cold Gaze	Cold Gaze						V32_MATCHED_COLLECTION_ANIMATION_IDENTIFIER
M2215	1	menus_data	slot	ETC	0x26E90	40	<r草薙|くさなぎ>の<r剣|つるぎ>！	NUN5_TEXTENG@0x3D50	Sword of Kusanagi!	Sword of Kusanagi!						V32_MATCHED_COLLECTION_ANIMATION_IDENTIFIER
M2216	1	menus_data	slot	SLPS	0x507058	8	ふー…	NUN5_SLES@0x513FB0	Hmph...	Hmph...						V32_MATCHED_COLLECTION_ANIMATION_IDENTIFIER
M2217	1	menus_data	slot	SLPS	0x507110	8	エヘヘ	NUN5_SLES@0x514090	Heh Heh	Heh Heh						V32_MATCHED_COLLECTION_ANIMATION_IDENTIFIER
M2218	1	menus_data	slot	ETC	0x262F8	16	おっひさー！	NUN5_TEXTENG@0x34C0	Long Time No See!	Long Time No See!			ETC	0x274A4		V32_MATCHED_COLLECTION_ANIMATION_IDENTIFIER
M2219	1	menus_data	slot	SLPS	0x5070A8	8	さて…	NUN5_TEXTENG@0x3798	Now then...	Now then...			ETC	0x27894		V32_MATCHED_COLLECTION_ANIMATION_IDENTIFIER
M2220	1	menus_data	slot	ETC	0x2C0A8	24	やはりシカマル	NUN5_TEXTENG@0x2278	It's Shikamaru	It's Shikamaru						V32_MATCHED_COLLECTION_AUDIO_TITLE_SEQUENCE
M2221	1	menus_data	slot	ETC	0x2C3A8	16	キバとシノ	NUN5_TEXTENG@0x2438	Kiba and Shino	Kiba and Shino						V32_MATCHED_COLLECTION_AUDIO_TITLE_SEQUENCE
M2222	1	menus_data	slot	ETC	0x2C3B8	24	シノとナルト	NUN5_TEXTENG@0x2450	Shino and Naruto	Shino and Naruto						V32_MATCHED_COLLECTION_AUDIO_TITLE_SEQUENCE
M2223	1	menus_data	slot	ETC	0x2C3D0	32	<r拗|す>ねるシノ・<r壱|いち>	NUN5_TEXTENG@0x2470	Cynical Shino: 1	Cynical Shino: 1						V32_MATCHED_COLLECTION_AUDIO_TITLE_SEQUENCE
M2224	1	menus_data	slot	ETC	0x2C3F0	32	<r拗|す>ねるシノ・<r弐|に>	NUN5_TEXTENG@0x2490	Cynical Shino: 2	Cynical Shino: 2						V32_MATCHED_COLLECTION_AUDIO_TITLE_SEQUENCE
M2225	1	menus_data	slot	ETC	0x2C990	24	ギャハギャハギャハ！	NUN5_TEXTENG@0x27F8	Wahahaha!	Wahahaha!						V32_MATCHED_COLLECTION_AUDIO_TITLE_SEQUENCE
M2226	1	menus_data	slot	ETC	0x2C9A8	24	できること	NUN5_TEXTENG@0x2810	What Can Be Done	What Can Be Done						V32_MATCHED_COLLECTION_AUDIO_TITLE_SEQUENCE
M2227	1	menus_data	slot	ETC	0x2CE70	16	ナルトとサスケ	NUN5_TEXTENG@0x2BD0	Naruto and Sasuke	Naruto and Sasuke			ETC	0x2D610		V32_MATCHED_COLLECTION_AUDIO_TITLE_SEQUENCE
M2228	1	menus_data	slot	SLPS	0x507160	8	ノルマ	NUN5_TEXTENG@0x2868	Assignment	Assignment			ETC	0x2D46C		V32_MATCHED_COLLECTION_AUDIO_TITLE_SEQUENCE
M2229	1	character_ultimate_jutsu	slot	ETC	0x28760	48	あの<r夕日|ゆうひ>に<r向|む>かって	NUN5_TEXTENG@0x4170	Facing the Sunset	Facing the Sunset						V32_VERIFIED_CHARACTER_JUTSU_SEQUENCE_OR_SHARED_TARGET
M2230	1	character_ultimate_jutsu	slot	ETC	0x28820	48	<r自分|じぶん>ルール・<r壱|いち>	NUN5_TEXTENG@0x4208	My Rule: One	My Rule: One						V32_VERIFIED_CHARACTER_JUTSU_SEQUENCE_OR_SHARED_TARGET
M2231	1	character_ultimate_jutsu	slot	ETC	0x28850	32	<r自分|じぶん>ルール・<r弐|に>	NUN5_TEXTENG@0x4218	My Rule: Two	My Rule: Two						V32_VERIFIED_CHARACTER_JUTSU_SEQUENCE_OR_SHARED_TARGET
M2232	1	character_ultimate_jutsu	slot	ETC	0x28870	16	ＩＱ２００	NUN5_SLES@0x5140E8	IQ 200	IQ 200						V32_VERIFIED_CHARACTER_JUTSU_SEQUENCE_OR_SHARED_TARGET
M2233	1	character_ultimate_jutsu	slot	SLPS	0x4AE530	16	ＩＱ２００	NUN5_SLES@0x5140E8	IQ 200	IQ 200						V32_VERIFIED_CHARACTER_JUTSU_SEQUENCE_OR_SHARED_TARGET
M2234	1	character_ultimate_jutsu	slot	ETC	0x28920	48	<r超|ちょう>・<r肉弾戦車|にくだんせんしゃ>２	NUN5_TEXTENG@0x42A0	Super Human Boulder 2	Super Human Boulder 2						V32_VERIFIED_CHARACTER_JUTSU_SEQUENCE_OR_SHARED_TARGET
M2235	1	character_ultimate_jutsu	slot	ETC	0x28B00	32	<r砂瀑槍葬|さばくそうそう>	NUN5_TEXTENG@0x43E0	Sand Spear Funeral	Sand Spear Funeral						V32_VERIFIED_CHARACTER_JUTSU_SEQUENCE_OR_SHARED_TARGET
M2236	1	character_ultimate_jutsu	slot	ETC	0x28CA0	48	<r十機近松|じっきちかまつ>の<r集|しゅう>	NUN5_TEXTENG@0x4510	Ten Puppets of Chikamatsu	Ten Puppets of Chikamatsu						V32_VERIFIED_CHARACTER_JUTSU_SEQUENCE_OR_SHARED_TARGET
M2237	1	character_ultimate_jutsu	slot	ETC	0x28FA0	48	<r傀儡|くぐつ>・<r砂鉄獄塊|さてつごっかい>２	NUN5_TEXTENG@0x4700	Puppet: Iron Sand Cluster 2	Puppet: Iron Sand Cluster 2						V32_VERIFIED_CHARACTER_JUTSU_SEQUENCE_OR_SHARED_TARGET
M2238	1	character_ultimate_jutsu	slot	ETC	0x29260	48	チャクラ<r解剖刀|メス>・<r壊|かい>	NUN5_TEXTENG@0x48C0	Chakra Dissection Blade: Destroy	Chakra Dissection Blade: Destroy						V32_VERIFIED_CHARACTER_JUTSU_SEQUENCE_OR_SHARED_TARGET
M2239	1	character_ultimate_jutsu	slot	ETC	0x29660	48	<r部分倍化|ぶぶんばいか>の<r術|じゅつ>２	NUN5_TEXTENG@0x4B90	Partial Expansion Jutsu 2	Partial Expansion Jutsu 2						V32_VERIFIED_CHARACTER_JUTSU_SEQUENCE_OR_SHARED_TARGET
M2240	1	character_ultimate_jutsu	slot	ETC	0x29C20	48	<r八重葎|やえむぐら>の<r舞|まい>２	NUN5_TEXTENG@0x4F90	Galium Spurium Dance 2	Galium Spurium Dance 2						V32_VERIFIED_CHARACTER_JUTSU_SEQUENCE_OR_SHARED_TARGET
M2241	1	character_ultimate_jutsu	slot	ETC	0x29CC0	64	<r口寄|くちよ>せ・<r羅生門|ラショウモン>　<r奈落|ならく>２	NUN5_TEXTENG@0x4FF0	Summoning: Rashomon, Abyss 2	Summoning: Rashomon, Abyss 2						V32_VERIFIED_CHARACTER_JUTSU_SEQUENCE_OR_SHARED_TARGET
M2242	1	character_ultimate_jutsu	slot	ETC	0x29D50	32	<r毒舌|どくぜつ>コンボ２	NUN5_TEXTENG@0x5060	Tongue-Lash Combo 2	Tongue-Lash Combo 2						V32_VERIFIED_CHARACTER_JUTSU_SEQUENCE_OR_SHARED_TARGET
M2243	1	character_ultimate_jutsu	slot	ETC	0x29DD0	32	<r雨蜘蛛|あまグモ>２	NUN5_TEXTENG@0x50B0	Raining Spider 2	Raining Spider 2						V32_VERIFIED_CHARACTER_JUTSU_SEQUENCE_OR_SHARED_TARGET
M2244	1	character_ultimate_jutsu	slot	ETC	0x29E50	48	<r土遁|どとん>・<r土陸返|どろくがえ>し２	NUN5_TEXTENG@0x5110	Earth Style: Terra Shield 2	Earth Style: Terra Shield 2						V32_VERIFIED_CHARACTER_JUTSU_SEQUENCE_OR_SHARED_TARGET
M2245	1	character_ultimate_jutsu	slot	SLPS	0x49D690	32	<r鹿蝶封結|かちょうふうげつ>	NUN5_TEXTENG@0x78F0	Kachofuketsu	Kachofuketsu						V32_VERIFIED_CHARACTER_JUTSU_SEQUENCE_OR_SHARED_TARGET
M2246	1	character_ultimate_jutsu	slot	SLPS	0x49DE80	48	<r涅槃精舎|ねはんしょうじゃ>の<r術|じゅつ>	NUN5_TEXTENG@0x7960	Temple of Nirvana Technique	Temple of Nirvana Technique						V32_VERIFIED_CHARACTER_JUTSU_SEQUENCE_OR_SHARED_TARGET
