id	display_context	source	donor	prefix	replacement	display_basis	source_ref	donor_ref	mode	capacity	transform	arguments	reference_refs	parent_mapping_id	legacy_ids
T1	Shared game modal > Yes or No choice	はい					NA2_SLPS@0x503110		slot	5					M0562
T2	Unconfirmed > System UI	はい					NA2_SLPS@0x5031A0		slot	5					M0564
T3	Unconfirmed > System UI	はい					NA2_SLPS@0x506760		slot	5					M0626
T4	Unconfirmed > System UI	はい					NA2_SLPS@0x506FA8		slot	5					M0628
T5	Battle HUD > maximum damage label	最大					NA2_SLPS@0x504970		slot	8					M2247
T6	Battle or Practice Settings > label or running help	対戦時間					NA2_BTL@0x20A210		slot	16					M0210
T7	Battle or Practice Settings > label or running help	アイテム出現					NA2_BTL@0x20A220		slot	16					M0211
T8	Battle or Practice Settings > label or running help	チャクラ					NA2_BTL@0x20A230		slot	16					M0212
T9	Battle or Practice Settings > label or running help	ハンディキャップ					NA2_BTL@0x20A240		slot	32					M0213
T10	Battle or Practice Settings > label or running help	<r方向|ほうこう>キー<r左右|さゆう>で<r対戦時間|たいせんじかん>の<r変更|へんこう>ができます。					NA2_BTL@0x20A280		slot	96					M0214
T11	Battle or Practice Settings > label or running help	<r方向|ほうこう>キー<r左右|さゆう>でＣＯＭの<r強|つよ>さを<r変更|へんこう>できます。					NA2_BTL@0x20A2E0		slot	96					M0215
T12	Battle or Practice Settings > label or running help	<r方向|ほうこう>キー<r左右|さゆう>でアイテムの<r出現率|しゅつげんりつ>が<r変更|へんこう>できます。　　　　　<r多|おお>めにすると、いつもよりゲーム<r中|ちゅう>に<r出現|しゅつげん>するアイテムの<r数|かず>が<r多|おお>くなります。					NA2_BTL@0x20A340		slot	240					M0216
T13	Battle or Practice Settings > label or running help	<r方向|ほうこう>キー<r左右|さゆう>で<r忍術|にんじゅつ>などを<r使用|しよう>した<r時|とき>に、チャクラが<r減|へ>るか<r減|へ>らないかを<r設定|せってい>できます。					NA2_BTL@0x20A430		slot	160					M0217
T14	Battle or Practice Settings > label or running help	<r方向|ほうこう>キー<r左右|さゆう>で<r奥義|おうぎ>の<r入力勝負|にゅうりょくしょうぶ>の<r切|き>り<r替|か>えなどが<r設定|せってい>できます。					NA2_BTL@0x20A4D0		slot	144					M0218
T15	Battle or Practice Settings > label or running help	<r方向|ほうこう>キー<r左右|さゆう>でハンディキャップの<r設定|せってい>ができます。　　　　　<r赤|あか>いマークが<r多|おお>いほど、１Ｐが<r有利|ゆうり>。<r逆|ぎゃく>に<r青|あお>いマークが<r多|おお>いと２Ｐが<r有利|ゆうり>な<r設定|せってい>です。					NA2_BTL@0x20A560		slot	256					M0219
T16	Battle or Practice Settings > label or running help	<r対戦設定|たいせんせってい>をデフォルトに<r戻|もど>しました。					NA2_BTL@0x20A680		slot	68					M0220
T17	Battle or Practice Settings > label or running help	連係攻撃					NA2_BTL@0x20A748		slot	16					M0221
T18	Battle or Practice Settings > label or running help	連係モード					NA2_BTL@0x20A758		slot	16					M0222
T19	Battle or Practice Settings > label or running help	コマンド表示					NA2_BTL@0x20A768		slot	16					M0223
T20	Battle or Practice Settings > label or running help	ダメージ量表示					NA2_BTL@0x20A778		slot	16					M0224
T21	Battle or Practice Settings > label or running help	<r対戦|たいせん><r相手|あいて>の<r状態|じょうたい>を<r指定|してい>できます。ＣＯＭでは、コンピュータと<r対戦|たいせん>する<r事|こと>ができます。					NA2_BTL@0x20B170		slot	160					M0225
T22	Battle or Practice Settings > label or running help	<r対戦|たいせん><r相手|あいて>の<r状態|じょうたい>を<r指定|してい>できます。<r立|た>ちでは、<r立|た>った<r状態|じょうたい>で<r下記|かき>で<r指定|してい>した<r行動|こうどう>をします。					NA2_BTL@0x20B210		slot	192					M0226
T23	Battle or Practice Settings > label or running help	<r対戦|たいせん><r相手|あいて>の<r状態|じょうたい>を<r指定|してい>できます。ジャンプでは、ジャンプしながら<r下記|かき>で<r指定|してい>した<r行動|こうどう>をします。					NA2_BTL@0x20B2D0		slot	176					M0227
T24	Battle or Practice Settings > label or running help	<r対戦|たいせん><r相手|あいて>の<r状態|じょうたい>を<r指定|してい>できます。<r二段|にだん>ジャンプでは、<r二段|にだん>ジャンプしながら<r下記|かき>で<r指定|してい>した<r行動|こうどう>をします。					NA2_BTL@0x20B380		slot	208					M0228
T25	Battle or Practice Settings > label or running help	対戦相手の設定					NA2_BTL@0x20B468		slot	24					M0229
T26	Battle or Practice Settings > label or running help	<r練習設定|れんしゅうせってい>をデフォルトに<r戻|もど>しました。					NA2_BTL@0x20B4D0		slot	72					M0230
T27	Battle or Practice Settings > selector value	楽々					NA2_SLPS@0x505B48		slot	8					M0574
T28	Battle or Practice Settings > selector value	ふつう					NA2_SLPS@0x505B50		slot	8					M0575
T29	Battle or Practice Settings > selector value	激むず					NA2_SLPS@0x505B58		slot	8					M0576
T30	Battle or Practice Settings > selector value	究極					NA2_SLPS@0x505B60		slot	8					M0577
T31	Battle or Practice Settings > selector value	なし					NA2_SLPS@0x505B68		slot	8					M0578
T32	Battle or Practice Settings > selector value	少なめ					NA2_SLPS@0x505B70		slot	8					M0579
T33	Battle or Practice Settings > selector value	多め					NA2_SLPS@0x505B78		slot	8					M0580
T34	Battle or Practice Settings > selector value	通常					NA2_SLPS@0x505B80		slot	8					M0581
T35	Battle or Practice Settings > selector value	回転					NA2_SLPS@0x505B98		slot	8					M0582
T36	Battle or Practice Settings > selector value	連打					NA2_SLPS@0x505BA0		slot	8					M0583
T37	Battle or Practice Settings > selector value	オフ					NA2_SLPS@0x505BB0		slot	8					M0584
T38	Battle or Practice Settings > selector value	オン					NA2_SLPS@0x505BB8		slot	8					M0585
T39	Battle or Practice Settings > selector value	半分					NA2_SLPS@0x505BC8		slot	8					M0586
T40	Battle or Practice Settings > selector value	オート					NA2_SLPS@0x505BE0		slot	8					M0587
T41	Battle or Practice Settings > selector value	手動					NA2_SLPS@0x505BF0		slot	8					M0588
T42	Battle or Practice Settings > selector value	ＣＯＭ					NA2_SLPS@0x505BF8		slot	8					M0589
T43	Battle or Practice Settings > selector value	立ち					NA2_SLPS@0x505C00		slot	8					M0590
T44	Battle or Practice Settings > selector value	しない					NA2_SLPS@0x505C08		slot	8					M0591
T45	Battle or Practice Settings > selector value	単発					NA2_SLPS@0x505C10		slot	8					M0592
T46	Battle or Practice Settings > selector value	コンボ					NA2_SLPS@0x505C18		slot	8					M0593
T47	Battle or Practice Settings > selector value	忍術					NA2_SLPS@0x505C28		slot	8					M0594
T48	Battle or Practice Settings > selector value	する					NA2_SLPS@0x505C30		slot	8					M0595
T49	Battle or Practice Settings > selector value	追う					NA2_SLPS@0x505C40		slot	8					M0596
T50	Battle or Practice Settings > selector value	難易度					NA2_SLPS@0x505C70		slot	8					M0597
T51	Battle or Practice Settings > selector value	体力					NA2_SLPS@0x505CA0		slot	8					M0598
T52	Battle or Practice Settings > selector value	状態					NA2_SLPS@0x505CA8		slot	8					M0599
T53	Battle or Practice Settings > selector value	攻撃					NA2_SLPS@0x505CB8		slot	8					M0600
T54	Battle or Practice Settings > selector value	ガード					NA2_SLPS@0x505CC0		slot	8					M0601
T55	Battle or Practice Settings > selector value	行動					NA2_SLPS@0x505CC8		slot	8					M0602
T56	Battle or Practice Settings > unlimited-time value	無限					NA2_SLPS@0x505B88		slot	8					M0655
T57	Battle pause menu > menu item	<r操作設定|そうさせってい>					NA2_BTL@0x208A30		slot	32					M0120
T58	Battle pause menu > menu item	<r基本操作|きほんそうさ>コマンド<r表|ひょう>					NA2_BTL@0x208A50		slot	48					M0121
T59	Battle pause menu > menu item	１Ｐコマンド<r表|ひょう>					NA2_BTL@0x208A80		slot	32					M0122
T60	Battle pause menu > menu item	２Ｐコマンド<r表|ひょう>					NA2_BTL@0x208AA0		slot	32					M0123
T61	Battle pause menu > menu item	<r練習設定|れんしゅうせってい>					NA2_BTL@0x208AF0		slot	32					M0124
T62	Battle pause menu > menu item	かんたん<r表示|ひょうじ><r設定|せってい>					NA2_BTL@0x208B10		slot	48					M0125
T63	Battle pause menu > quit or return confirmation	<r対戦|たいせん>					NA2_BTL@0x208CF0		slot	32					M0134,M0741
T64	Battle pause menu > quit or return confirmation	<r練習|れんしゅう>					NA2_BTL@0x208D10		slot	32					M0135,M0742
T65	Battle pause menu > quit or return confirmation	"を<r終了|しゅうりょう>しますが、よろしいですか？
<iconCANCEL>キャンセル"					NA2_BTL@0x208D30		slot	80					M0136,M0743
T66	Battle pause menu > quit or return confirmation	を<r終了|しゅうりょう>して					NA2_BTL@0x208D80		slot	32					M0744
T67	Battle pause menu > quit or return confirmation	"に<r戻|もど>りますが、
よろしいですか？　　　　<iconCANCEL>キャンセル"					NA2_BTL@0x208DF0		slot	80					M0140,M0745
T68	Battle pause menu > return destination	ゲームモード<r選択|せんたく>に<r戻|もど>る					NA2_BTL@0x208BB0		slot	48					M0129
T69	Battle pause menu > return destination	キャラクター<r選択|せんたく>に<r戻|もど>る					NA2_BTL@0x208BE0		slot	48					M0130
T70	Battle Results > Ninja Song objective or bonus	<r敵|てき>は<r忍術|にんじゅつ>にて<r攻|せ>めるべし					NA2_BTL@0x1E5550		slot	64					M0092
T71	Battle Results > Ninja Song objective or bonus	<r敵|てき>は<r奥義|おうぎ>にて<r攻|せ>めるべし					NA2_BTL@0x1E5590		slot	48					M0093
T72	Battle Results > Ninja Song objective or bonus	<r敵|てき>は<r連係攻撃|れんけいこうげき>にて<r攻|せ>めるべし					NA2_BTL@0x1E55C0		slot	64					M0094
T73	Battle Results > Ninja Song objective or bonus	<r変|か>わり<r身|み>にて<r敵|てき>を<r欺|あざむ>くべし					NA2_BTL@0x1E5600		slot	64					M0095
T74	Battle Results > Ninja Song objective or bonus	<r追|お>い<r討|う>ちにて<r敵|てき>を<r追撃|ついげき>すべし					NA2_BTL@0x1E5640		slot	64					M0096
T75	Battle Results > Ninja Song objective or bonus	<r連続|れんぞく><r攻撃|こうげき>にて<r敵|てき>を<r圧倒|あっとう>するべし					NA2_BTL@0x1E5680		slot	80					M0097
T76	Battle Results > Ninja Song objective or bonus	<r特殊忍具|とくしゅにんぐ>を<r用|もち>いて<r攻|せ>めるべし					NA2_BTL@0x1E56D0		slot	64					M0098
T77	Battle Results > Ninja Song objective or bonus	<r敵|てき>は<r素早|すばや>く<r排除|はいじょ>すべし					NA2_BTL@0x1E5710		slot	64					M0099
T78	Battle Results > Ninja Song objective or bonus	<r己|おのれ>の<r体力|たいりょく>は<r温存|おんぞん>すべし					NA2_BTL@0x1E5750		slot	64					M0100
T79	Battle Results > Ninja Song objective or bonus	<r強者|つわもの>を<r打|う>ち<r破|やぶ>るべし					NA2_BTL@0x1E5790		slot	48					M0101
T80	Battle Results > Ninja Song objective or bonus	<r秘|ひ>めたる<r力|ちから>を<r解|と>き<r放|はな>つべし					NA2_BTL@0x1E57C0		slot	64					M0102
T81	Battle Results > Ninja Song objective or bonus	<r挑発|ちょうはつ>を<r以|も>って<r敵|てき>を<r刺激|しげき>すべし					NA2_BTL@0x1E5800		slot	80					M0103
T82	Battle Results > Ninja Song objective or bonus	<r壊|こわ>れ<r物|もの>を<r破壊|はかい>すべし					NA2_BTL@0x1E5850		slot	48					M0104
T83	Battle Results > Ninja Song objective or bonus	<r特殊|とくしゅ><r条件|じょうけん>を<r完遂|かんすい>すべし					NA2_BTL@0x1E5880		slot	64					M0105
T84	Battle Results > Ninja Song objective or bonus	<r敵|てき>の<r奥義|おうぎ>を<r打|う>ち<r破|やぶ>るべし					NA2_BTL@0x1E58C0		slot	64					M0106
T85	Battle Results > Ninja Song objective or bonus	<r術|じゅつ>の<r競|せ>り<r合|あ>いにて<r勝利|しょうり>すべし					NA2_BTL@0x1E5900		slot	64					M0107
T86	Battle Results > Ninja Song objective or bonus	<r敵|てき>に<r残影|ざんえい>をもって<r挑|いど>むべし					NA2_BTL@0x1E5940		slot	64					M0108
T87	Battle Results > Ninja Song objective or bonus	コンボ<r数|すう>%sHitボーナス					NA2_BTL@0x1E5980		slot	32					M0109
T88	Battle Results > Ninja Song objective or bonus	<r所持|しょじ>アイテム%s<r個|こ>ボーナス					NA2_BTL@0x1E59A0		slot	48					M0110
T89	Battle Results > Ninja Song objective or bonus	<r背景破壊|はいけいはかい>ボーナス					NA2_BTL@0x1E59D0		slot	48					M0111
T90	Battle Results > Ninja Song objective or bonus	<r残影勝利|ざんえいしょうり>ボーナス					NA2_BTL@0x1E5A00		slot	48					M0112
T91	Battle Results > Ninja Song objective or bonus	<r奥義|おうぎ>ボーナス					NA2_BTL@0x1E5A30		slot	32					M0113
T92	Battle Results > Ninja Song objective or bonus	<r敵|てき>%sカウント<r以内撃破|いないげきは>ボーナス					NA2_BTL@0x1E5A50		slot	64					M0114
T93	Battle Results > Ninja Song objective or bonus	キャラクター<r組|く>み<r合|あ>わせボーナス					NA2_BTL@0x1E5AC0		slot	48					M0115
T94	Battle Results > Ninja Song objective or bonus	<r特殊連係攻撃|とくしゅれんけいこうげき>%sHitボーナス					NA2_BTL@0x1E5AF0		slot	64					M0116
T95	Battle Results > Ninja Song objective or bonus	<r連係忍術|れんけいにんじゅつ>%sHitボーナス					NA2_BTL@0x1E5B30		slot	48					M0117
T96	Battle Results > Ninja Song objective or bonus	<r連係奥義|れんけいおうぎ>%sHitボーナス					NA2_BTL@0x1E5B60		slot	48					M0118
T97	Battle Results > Ninja Song objective or bonus	カウント					NA2_BTL@0x1E5BC0		slot	16					M0119
T98	Character menus > Ultimate Jutsu name	<r朝孔雀|あさくじゃく>					NA2_ETC@0x26180		slot	24					M0316
T99	Character menus > Ultimate Jutsu name	<r忍法|にんぽう>・<r影縫|かげぬ>い					NA2_ETC@0x26210		slot	40					M0318
T100	Character menus > Ultimate Jutsu name	<r部分倍化|ぶぶんばいか>の<r術|じゅつ>					NA2_ETC@0x262C0		slot	40					M2053
T101	Character menus > Ultimate Jutsu name	<r潜影多蛇手|せんえいたじゃしゅ>					NA2_ETC@0x26D60		slot	40					M0350
T102	Character menus > Ultimate Jutsu name	<r大玉螺旋丸|おおだまらせんがん>					NA2_ETC@0x28440		slot	48					M2054
T103	Character menus > Ultimate Jutsu name	<r漏|も>れ<r出|だ>す<r力|ちから>					NA2_ETC@0x28470		slot	48					M2055
T104	Character menus > Ultimate Jutsu name	<r妖狐|ようこ>の<r衣|ころも>					NA2_ETC@0x284A0		slot	32					M2056
T105	Character menus > Ultimate Jutsu name	<r変|か>わらない<r関係|かんけい>					NA2_ETC@0x284C0		slot	48					M0858
T106	Character menus > Ultimate Jutsu name	<r春|はる>の<r蹴来|しゅうらい>					NA2_ETC@0x284F0		slot	32					M2057
T107	Character menus > Ultimate Jutsu name	キラキラ<r乙女心|おとめごころ>					NA2_ETC@0x28510		slot	32					M2058
T108	Character menus > Ultimate Jutsu name	<r大地割|だいちわ>り					NA2_ETC@0x28530		slot	32					M2059
T109	Character menus > Ultimate Jutsu name	<r傀儡|くぐつ>・<r桜舞|サクラマイ>					NA2_ETC@0x28550		slot	48					M2060
T110	Character menus > Ultimate Jutsu name	<r忍法|にんぽう>・<r超獣偽画|ちょうじゅうぎが>　<r白描|はくびょう>					NA2_ETC@0x28580		slot	80					M2061
T111	Character menus > Ultimate Jutsu name	<r忍法|にんぽう>・<r超獣偽画|ちょうじゅうぎが>　<r龍|りゅう>					NA2_ETC@0x285D0		slot	64					M2062
T112	Character menus > Ultimate Jutsu name	<r雷切|らいきり>・<r一尖|いっせん>					NA2_ETC@0x28610		slot	48					M0718
T113	Character menus > Ultimate Jutsu name	<r土遁|どとん>・<r裂穿牙|れっせんが>					NA2_ETC@0x28640		slot	48					M2063
T114	Character menus > Ultimate Jutsu name	コピー<r忍術|にんじゅつ>					NA2_ETC@0x28670		slot	32					M0719
T115	Character menus > Ultimate Jutsu name	<r八卦四天空掌|はっけしてんくうしょう>					NA2_ETC@0x28690		slot	48					M2064
T116	Character menus > Ultimate Jutsu name	<r八卦六十四掌|はっけろくじゅうよんしょう>					NA2_ETC@0x286C0		slot	48					M0355
T117	Character menus > Ultimate Jutsu name	<r八卦破山撃|はっけはざんげき>					NA2_ETC@0x286F0		slot	32					M2065
T118	Character menus > Ultimate Jutsu name	<r木|こ>ノ<r葉旋光|はせんこう>					NA2_ETC@0x28710		slot	32					M2066
T119	Character menus > Ultimate Jutsu name	<r青春|せいしゅん>フルパワー！！					NA2_ETC@0x28730		slot	48					M2067
T120	Character menus > Ultimate Jutsu name	あの<r夕日|ゆうひ>に<r向|む>かって					NA2_ETC@0x28760		slot	48					M2229
T121	Character menus > Ultimate Jutsu name	<r操具|そうぐ>・<r廻燕劇|かいえんげき>					NA2_ETC@0x28790		slot	48					M2068
T122	Character menus > Ultimate Jutsu name	<r操具|そうぐ>・<r大鉄塊|だいてっかい>					NA2_ETC@0x287C0		slot	48					M2069
T123	Character menus > Ultimate Jutsu name	<r操具|そうぐ>・<r天鋼災|てんこうさい>					NA2_ETC@0x287F0		slot	48					M2070
T124	Character menus > Ultimate Jutsu name	<r自分|じぶん>ルール・<r壱|いち>					NA2_ETC@0x28820		slot	48					M2230
T125	Character menus > Ultimate Jutsu name	<r自分|じぶん>ルール・<r弐|に>					NA2_ETC@0x28850		slot	32					M2231
T126	Character menus > Ultimate Jutsu name	ＩＱ２００					NA2_ETC@0x28870		slot	16					M2232
T127	Character menus > Ultimate Jutsu name	<r忍法|にんぽう>・<r影煙幕|かげえんまく>の<r術|じゅつ>					NA2_ETC@0x28880		slot	64					M2071
T128	Character menus > Ultimate Jutsu name	<r部分超倍化|ぶぶんちょうばいか>の<r術|じゅつ>					NA2_ETC@0x288C0		slot	48					M2072
T129	Character menus > Ultimate Jutsu name	<r超|ちょう>・<r肉弾戦車|にくだんせんしゃ>					NA2_ETC@0x288F0		slot	48					M2073
T130	Character menus > Ultimate Jutsu name	<r超|ちょう>・<r肉弾戦車|にくだんせんしゃ>２					NA2_ETC@0x28920		slot	48					M2234
T131	Character menus > Ultimate Jutsu name	<r忍法|にんぽう>・<r月下美人|げっかびじん>					NA2_ETC@0x28950		slot	48					M2074
T132	Character menus > Ultimate Jutsu name	<r蝶針火|ちょうしんか>					NA2_ETC@0x28980		slot	24					M2075
T133	Character menus > Ultimate Jutsu name	<r飛燕|ひえん>					NA2_ETC@0x28998		slot	24					M2076
T134	Character menus > Ultimate Jutsu name	<r渦旋風火|かせんふうか>の<r術|じゅつ>					NA2_ETC@0x289B0		slot	48					M2077
T135	Character menus > Ultimate Jutsu name	<r爪迅狼牙|そうじんろうが>					NA2_ETC@0x289E0		slot	32					M2078
T136	Character menus > Ultimate Jutsu name	<r天双牙|てんそうが>					NA2_ETC@0x28A00		slot	32					M2079
T137	Character menus > Ultimate Jutsu name	<r寄壊蟲|きかいちゅう>・<r蝕|しょく>					NA2_ETC@0x28A20		slot	48					M2080
T138	Character menus > Ultimate Jutsu name	<r寄壊蟲|きかいちゅう>・<r虚|うつろ>					NA2_ETC@0x28A50		slot	48					M2081
T139	Character menus > Ultimate Jutsu name	<r八卦掌空天|はっけしょうくうてん>					NA2_ETC@0x28A80		slot	48					M2082
T140	Character menus > Ultimate Jutsu name	<r魔幻|まげん>・<r樹縛殺|じゅばくさつ>					NA2_ETC@0x28AB0		slot	48					M2083
T141	Character menus > Ultimate Jutsu name	<r砂縛牢|さばくろう>					NA2_ETC@0x28AE0		slot	32					M0356
T142	Character menus > Ultimate Jutsu name	<r砂瀑槍葬|さばくそうそう>					NA2_ETC@0x28B00		slot	32					M2235
T143	Character menus > Ultimate Jutsu name	<r滅砂瀑葬|めっさばくそう>					NA2_ETC@0x28B20		slot	32					M2084
T144	Character menus > Ultimate Jutsu name	<r傀儡|くぐつ>・<r骸烏|ムクロガラス>					NA2_ETC@0x28B40		slot	48					M2085
T145	Character menus > Ultimate Jutsu name	<r傀儡|くぐつ>・<r鬼城|きじょう>の<r面|めん>					NA2_ETC@0x28B70		slot	48					M2086
T146	Character menus > Ultimate Jutsu name	<r黒秘技三大狂言|くろひぎさんだいきょうげん>					NA2_ETC@0x28BA0		slot	48					M2087
T147	Character menus > Ultimate Jutsu name	<r豪風暴壁|ごうふうぼうへき>					NA2_ETC@0x28BD0		slot	32					M2088
T148	Character menus > Ultimate Jutsu name	<r練空踊扇|れんくうようせん>					NA2_ETC@0x28BF0		slot	32					M2089
T149	Character menus > Ultimate Jutsu name	<r口寄|くちよ>せ・<r扇舞降|せんまいお>ろし					NA2_ETC@0x28C10		slot	48					M2090
T150	Character menus > Ultimate Jutsu name	<r息子|むすこ>の<r仇|かたき>！？					NA2_ETC@0x28C40		slot	48					M2091
T151	Character menus > Ultimate Jutsu name	<r傀儡|くぐつ>・<r父|ちち>と<r母|はは>					NA2_ETC@0x28C70		slot	48					M2092
T152	Character menus > Ultimate Jutsu name	<r十機近松|じっきちかまつ>の<r集|しゅう>					NA2_ETC@0x28CA0		slot	48					M2236
T153	Character menus > Ultimate Jutsu name	<r火遁|かとん>・<r豪焔球|ごうえんきゅう>					NA2_ETC@0x28CD0		slot	48					M2093
T154	Character menus > Ultimate Jutsu name	<r幻術|げんじゅつ>・<r泡沫|うたかた>					NA2_ETC@0x28D00		slot	48					M2094
T155	Character menus > Ultimate Jutsu name	<r瞳術|どうじゅつ>・<r威凪|いさなぎ>					NA2_ETC@0x28D30		slot	48					M2095
T156	Character menus > Ultimate Jutsu name	<r最凶|さいきょう>の<r刺客|しかく>					NA2_ETC@0x28D60		slot	48					M2096
T157	Character menus > Ultimate Jutsu name	<r水遁|すいとん>・<r五食鮫|ごしょくざめ>					NA2_ETC@0x28D90		slot	48					M2097
T158	Character menus > Ultimate Jutsu name	<r水遁|すいとん>・<r無限鮫|むげんざめ>					NA2_ETC@0x28DC0		slot	48					M2098
T159	Character menus > Ultimate Jutsu name	<r水遁|すいとん>・<r爆水衝波|ばくすいしょうは>					NA2_ETC@0x28DF0		slot	48					M2099
T160	Character menus > Ultimate Jutsu name	<r芸術|げいじゅつ>					NA2_ETC@0x28E20		slot	32					M2100
T161	Character menus > Ultimate Jutsu name	<r自爆分身|じばくぶんしん>					NA2_ETC@0x28E40		slot	32					M2101
T162	Character menus > Ultimate Jutsu name	<r十八番|オハコ>・<rＣ３|シースリー>					NA2_ETC@0x28E60		slot	48					M2102
T163	Character menus > Ultimate Jutsu name	<r合殺芸術|がっさいげいじゅつ>					NA2_ETC@0x28E90		slot	32					M2103
T164	Character menus > Ultimate Jutsu name	<r傀儡|くぐつ>の<r術|じゅつ>・<r尾沙悶|びしゃもん>					NA2_ETC@0x28EB0		slot	64					M2104
T165	Character menus > Ultimate Jutsu name	<r傀儡|くぐつ>の<r術|じゅつ>・<r義手千本|ぎしゅせんぼん>					NA2_ETC@0x28EF0		slot	64					M2105
T166	Character menus > Ultimate Jutsu name	<r傀儡|くぐつ>の<r術|じゅつ>・<r重刃庫|じゅうばこ>					NA2_ETC@0x28F30		slot	64					M2106
T167	Character menus > Ultimate Jutsu name	<r傀儡|くぐつ>・<r砂鉄獄塊|さてつごっかい>					NA2_ETC@0x28F70		slot	48					M2107
T168	Character menus > Ultimate Jutsu name	<r傀儡|くぐつ>・<r砂鉄獄塊|さてつごっかい>２					NA2_ETC@0x28FA0		slot	48					M2237
T169	Character menus > Ultimate Jutsu name	<r赤秘技|あかひぎ>・<r百機|ひゃっき>の<r操演|そうえん>					NA2_ETC@0x28FD0		slot	64					M2108
T170	Character menus > Ultimate Jutsu name	<r火遁|かとん>・<r豪炎螺旋丸|ごうえんらせんがん>					NA2_ETC@0x29010		slot	64					M2109
T171	Character menus > Ultimate Jutsu name	<r双迅螺旋丸|そうじんらせんがん>					NA2_ETC@0x29050		slot	48					M2110
T172	Character menus > Ultimate Jutsu name	<r火遁|かとん>・<r消|け>し<r幕|まく>が<r原|はら>					NA2_ETC@0x29080		slot	64					M2111
T173	Character menus > Ultimate Jutsu name	<r忍法|にんぽう>・<r創造再生|そうぞうさいせい>					NA2_ETC@0x290C0		slot	48					M2112
T174	Character menus > Ultimate Jutsu name	<r火影|ほかげ>の<r力|ちから>					NA2_ETC@0x290F0		slot	32					M2113
T175	Character menus > Ultimate Jutsu name	<r地流|じながれ>					NA2_ETC@0x29110		slot	32					M2114
T176	Character menus > Ultimate Jutsu name	<r大交衝|だいこうしょう>					NA2_ETC@0x29130		slot	32					M2115
T177	Character menus > Ultimate Jutsu name	トントンコンビ					NA2_ETC@0x29150		slot	16					M2116
T178	Character menus > Ultimate Jutsu name	<r木遁|もくとん>・<r飛乃木|ひのき>					NA2_ETC@0x29160		slot	48					M2117
T179	Character menus > Ultimate Jutsu name	<r木遁|もくとん>・<r梁木|やなぎ>					NA2_ETC@0x29190		slot	48					M2118
T180	Character menus > Ultimate Jutsu name	<r禁術|きんじゅつ>・<r穢土封滅|えどふうめつ>					NA2_ETC@0x291C0		slot	48					M2119
T181	Character menus > Ultimate Jutsu name	<r蟒蛇|うわばみ>					NA2_ETC@0x291F0		slot	32					M2120
T182	Character menus > Ultimate Jutsu name	<r二凪|ふたなぎ>ノ<r草薙|くさなぎ>					NA2_ETC@0x29210		slot	48					M2121
T183	Character menus > Ultimate Jutsu name	<r死魂|しこん>の<r術|じゅつ>					NA2_ETC@0x29240		slot	32					M2122
T184	Character menus > Ultimate Jutsu name	チャクラ<r解剖刀|メス>・<r壊|かい>					NA2_ETC@0x29260		slot	48					M2238
T185	Character menus > Ultimate Jutsu name	<r死術|しじゅつ>・<r帰魂遊戯|きこんゆうぎ>					NA2_ETC@0x29290		slot	48					M2123
T186	Character menus > Ultimate Jutsu name	<r草薙|くさなぎ>の<r舞|まい>					NA2_ETC@0x292C0		slot	32					M2124
T187	Character menus > Ultimate Jutsu name	<r翔|か>け<r鳥崩|どりくず>し					NA2_ETC@0x292E0		slot	32					M2125
T188	Character menus > Ultimate Jutsu name	<r千鳥|ちどり>・<r雷鳴|らいめい>					NA2_ETC@0x29300		slot	48					M2126
T189	Character menus > Ultimate Jutsu name	うずまきナルト<r連弾|れんだん>					NA2_ETC@0x29330		slot	32					M2127
T190	Character menus > Ultimate Jutsu name	うずまきナルト<r忍法帳|にんぽうちょう>					NA2_ETC@0x29350		slot	48					M2128
T191	Character menus > Ultimate Jutsu name	<r九尾螺旋丸|きゅうびらせんがん>					NA2_ETC@0x29380		slot	48					M2129
T192	Character menus > Ultimate Jutsu name	ハヤブサ<r落|お>とし					NA2_ETC@0x293B0		slot	32					M2130
T193	Character menus > Ultimate Jutsu name	<r忌|い>まわしき<r千鳥|ちどり>					NA2_ETC@0x293D0		slot	32					M2131
T194	Character menus > Ultimate Jutsu name	<r呪|のろ>われし<r力|ちから>					NA2_ETC@0x293F0		slot	32					M2132
T195	Character menus > Ultimate Jutsu name	<r負|ま>けるもんですか！					NA2_ETC@0x29410		slot	32					M2133
T196	Character menus > Ultimate Jutsu name	<r忍法|にんぽう>・<r雪桜|ゆきざくら>の<r舞|まい>					NA2_ETC@0x29430		slot	64					M2134
T197	Character menus > Ultimate Jutsu name	<r八卦三百六十一式|はっけさんびゃくろくじゅういっしき>					NA2_ETC@0x29470		slot	64					M2135
T198	Character menus > Ultimate Jutsu name	<r絶招八門崩撃|ぜっしょうはちもんほうげき>					NA2_ETC@0x294B0		slot	48					M2136
T199	Character menus > Ultimate Jutsu name	すい<r拳|けん>					NA2_ETC@0x294E0		slot	16					M2137
T200	Character menus > Ultimate Jutsu name	<r裏蓮華|うられんげ>					NA2_ETC@0x294F0		slot	32					M2138
T201	Character menus > Ultimate Jutsu name	<r突|つ>き<r抜|ぬ>ける<r熱|あつ>き<r思|おも>い					NA2_ETC@0x29510		slot	48					M2139
T202	Character menus > Ultimate Jutsu name	<r操具|そうぐ>・<r死球撃|しきゅうげき>					NA2_ETC@0x29540		slot	48					M2140
T203	Character menus > Ultimate Jutsu name	<r操具|そうぐ>・<r襲千刃|しゅうせんじん>					NA2_ETC@0x29570		slot	48					M2141
T204	Character menus > Ultimate Jutsu name	<r操具|そうぐ>・<r浮刃壁|ふじんへき>					NA2_ETC@0x295A0		slot	48					M2142
T205	Character menus > Ultimate Jutsu name	<r影真似|かげまね>の<r術|じゅつ>					NA2_ETC@0x295D0		slot	48					M2143
T206	Character menus > Ultimate Jutsu name	<r影圧掌|かげあっしょう>の<r術|じゅつ>					NA2_ETC@0x29600		slot	48					M2144
T207	Character menus > Ultimate Jutsu name	<r影首縛|かげくびしば>りの<r術|じゅつ>					NA2_ETC@0x29630		slot	48					M2145
T208	Character menus > Ultimate Jutsu name	<r部分倍化|ぶぶんばいか>の<r術|じゅつ>２					NA2_ETC@0x29660		slot	48					M2239
T209	Character menus > Ultimate Jutsu name	<r蝶弾爆撃|ちょうだんばくげき>					NA2_ETC@0x29690		slot	32					M2146
T210	Character menus > Ultimate Jutsu name	<r忍法|にんぽう>・<r百花繚乱|ひゃっかりょうらん>					NA2_ETC@0x296B0		slot	64					M2147
T211	Character menus > Ultimate Jutsu name	<r心乱身|しんらんしん>の<r術|じゅつ>					NA2_ETC@0x296F0		slot	48					M2148
T212	Character menus > Ultimate Jutsu name	<r供花送|くげおく>り					NA2_ETC@0x29720		slot	32					M2149
T213	Character menus > Ultimate Jutsu name	<r牙通牙|がつうが>					NA2_ETC@0x29740		slot	32					M0357
T214	Character menus > Ultimate Jutsu name	<r牙狼牙|がろうが>					NA2_ETC@0x29760		slot	32					M0358
T215	Character menus > Ultimate Jutsu name	<r双頭狼|そうとうろう>					NA2_ETC@0x29780		slot	32					M2150
T216	Character menus > Ultimate Jutsu name	<r寄壊蟲|きかいちゅう>・<r颶|つむじ>					NA2_ETC@0x297A0		slot	48					M2151
T217	Character menus > Ultimate Jutsu name	<r寄壊蟲|きかいちゅう>・<r簇|やじり>					NA2_ETC@0x297D0		slot	48					M2152
T218	Character menus > Ultimate Jutsu name	<r寄壊蟲|きかいちゅう>・<r霰|あられ>					NA2_ETC@0x29800		slot	48					M2153
T219	Character menus > Ultimate Jutsu name	<r白眼|びゃくがん>					NA2_ETC@0x29830		slot	32					M0359
T220	Character menus > Ultimate Jutsu name	<r百烈掌|ひゃくれつしょう>					NA2_ETC@0x29850		slot	32					M2154
T221	Character menus > Ultimate Jutsu name	<r白朧天舞|はくろうてんぶ>					NA2_ETC@0x29870		slot	32					M2155
T222	Character menus > Ultimate Jutsu name	<r柔拳指南|じゅうけんしなん>					NA2_ETC@0x29890		slot	32					M2156
T223	Character menus > Ultimate Jutsu name	<r突撃|とつげき>！　<r木|こ>ノ<r葉丸|はまる><r軍団|ぐんだん>！					NA2_ETC@0x298B0		slot	64					M2157
T224	Character menus > Ultimate Jutsu name	<r双蛇相殺|そうじゃそうさい>の<r術|じゅつ>					NA2_ETC@0x298F0		slot	48					M2158
T225	Character menus > Ultimate Jutsu name	<r金剛力|こんごうりき>・<r不動|ふどう>					NA2_ETC@0x29920		slot	48					M2159
T226	Character menus > Ultimate Jutsu name	<r木遁秘術|もくとんひじゅつ>・<r樹界降誕|じゅかいこうたん>					NA2_ETC@0x29950		slot	64					M2160
T227	Character menus > Ultimate Jutsu name	<r水遁|すいとん>・<r硬渦水刃|こうかすいじん>					NA2_ETC@0x29990		slot	48					M2161
T228	Character menus > Ultimate Jutsu name	<r金剛牢壁|こんごうろうへき>					NA2_ETC@0x299C0		slot	32					M2162
T229	Character menus > Ultimate Jutsu name	<r封印術|ふういんじゅつ>・<r屍鬼封尽|しきふうじん>					NA2_ETC@0x299E0		slot	64					M2163
T230	Character menus > Ultimate Jutsu name	<r封印術|ふういんじゅつ>・<r三方封印|さんぽうふういん>					NA2_ETC@0x29A20		slot	64					M2164
T231	Character menus > Ultimate Jutsu name	<r飛雷神|ひらいしん>の<r術|じゅつ>					NA2_ETC@0x29A60		slot	48					M0720
T232	Character menus > Ultimate Jutsu name	<r砂瀑大葬|さばくたいそう>					NA2_ETC@0x29A90		slot	32					M0360
T233	Character menus > Ultimate Jutsu name	<r砂手裏剣|すなしゅりけん>					NA2_ETC@0x29AB0		slot	32					M2165
T234	Character menus > Ultimate Jutsu name	<r傀儡|くぐつ>・<r影役者|かげやくしゃ>					NA2_ETC@0x29AD0		slot	48					M2166
T235	Character menus > Ultimate Jutsu name	<r傀儡|くぐつ>・<r廻刃天穿|かいじんてんせん>					NA2_ETC@0x29B00		slot	48					M2167
T236	Character menus > Ultimate Jutsu name	<r黒秘技機々一発|くろひぎききいっぱつ>					NA2_ETC@0x29B30		slot	48					M2168
T237	Character menus > Ultimate Jutsu name	<r乱|みだ>れ<r扇舞|せんぶ>					NA2_ETC@0x29B60		slot	32					M2169
T238	Character menus > Ultimate Jutsu name	<r大|だい>カマイタチの<r術|じゅつ>					NA2_ETC@0x29B80		slot	48					M2170
T239	Character menus > Ultimate Jutsu name	<r口寄|くちよ>せ・<r斬|き>り<r斬|き>り<r舞|まい>					NA2_ETC@0x29BB0		slot	64					M2171
T240	Character menus > Ultimate Jutsu name	<r八重葎|やえむぐら>の<r舞|まい>					NA2_ETC@0x29BF0		slot	48					M2172
T241	Character menus > Ultimate Jutsu name	<r八重葎|やえむぐら>の<r舞|まい>２					NA2_ETC@0x29C20		slot	48					M2240
T242	Character menus > Ultimate Jutsu name	<r鉄線花|てっせんか>の<r舞|まい>・<r花|はな>					NA2_ETC@0x29C50		slot	48					M2173
T243	Character menus > Ultimate Jutsu name	<r口寄|くちよ>せ・<r羅生門|ラショウモン>　<r奈落|ならく>					NA2_ETC@0x29C80		slot	64					M2174
T244	Character menus > Ultimate Jutsu name	<r口寄|くちよ>せ・<r羅生門|ラショウモン>　<r奈落|ならく>２					NA2_ETC@0x29CC0		slot	64					M2241
T245	Character menus > Ultimate Jutsu name	<r左塵掌|さじんしょう>・<r右裂脚|うれつきゃく>					NA2_ETC@0x29D00		slot	48					M2175
T246	Character menus > Ultimate Jutsu name	<r毒舌|どくぜつ>コンボ					NA2_ETC@0x29D30		slot	32					M2176
T247	Character menus > Ultimate Jutsu name	<r毒舌|どくぜつ>コンボ２					NA2_ETC@0x29D50		slot	32					M2242
T248	Character menus > Ultimate Jutsu name	<r魔笛|まてき>・<r三従葬曲|さんじゅうそうきょく>					NA2_ETC@0x29D70		slot	64					M2177
T249	Character menus > Ultimate Jutsu name	<r雨蜘蛛|あまグモ>					NA2_ETC@0x29DB0		slot	32					M2178
T250	Character menus > Ultimate Jutsu name	<r雨蜘蛛|あまグモ>２					NA2_ETC@0x29DD0		slot	32					M2243
T251	Character menus > Ultimate Jutsu name	<r蜘蛛戦弓|クモせんきゅう>・<r凄裂|スザク>					NA2_ETC@0x29DF0		slot	48					M2179
T252	Character menus > Ultimate Jutsu name	<r土遁|どとん>・<r土陸返|どろくがえ>し					NA2_ETC@0x29E20		slot	48					M2180
T253	Character menus > Ultimate Jutsu name	<r土遁|どとん>・<r土陸返|どろくがえ>し２					NA2_ETC@0x29E50		slot	48					M2244
T254	Character menus > Ultimate Jutsu name	<r羅漢拳|らかんけん>					NA2_ETC@0x29E80		slot	32					M2181
T255	Character menus > Ultimate Jutsu name	<r水遁|すいとん>・<r水龍弾|すいりゅうだん>の<r術|じゅつ>					NA2_ETC@0x29EA0		slot	64					M2182
T256	Character menus > Ultimate Jutsu name	<r水遁|すいとん>・<r大瀑布|だいばくふ>の<r術|じゅつ>					NA2_ETC@0x29EE0		slot	64					M2183
T257	Character menus > Ultimate Jutsu name	<r千殺水翔|せんさつすいしょう>					NA2_ETC@0x29F20		slot	32					M2184
T258	Character menus > Ultimate Jutsu name	<r魔鏡氷晶|まきょうひょうしょう>					NA2_ETC@0x29F40		slot	52					M2185
T259	Character menus > Ultimate Jutsu name	<r鹿蝶封結|かちょうふうげつ>					NA2_SLPS@0x49D690		slot	32					M2245
T260	Character menus > Ultimate Jutsu name	<r涅槃精舎|ねはんしょうじゃ>の<r術|じゅつ>					NA2_SLPS@0x49DE80		slot	48					M2246
T261	Character menus > Ultimate Jutsu name	うずまきナルト<r連弾|れんだん>					NA2_SLPS@0x4AD240		slot	32					M1901
T262	Character menus > Ultimate Jutsu name	うずまきナルト<r忍法帳|にんぽうちょう>					NA2_SLPS@0x4AD260		slot	48					M1902
T263	Character menus > Ultimate Jutsu name	ハヤブサ<r落|お>とし					NA2_SLPS@0x4AD290		slot	32					M1903
T264	Character menus > Ultimate Jutsu name	<r忌|い>まわしき<r千鳥|ちどり>					NA2_SLPS@0x4AD2B0		slot	32					M1904
T265	Character menus > Ultimate Jutsu name	すい<r拳|けん>					NA2_SLPS@0x4AD2D0		slot	16					M1905
T266	Character menus > Ultimate Jutsu name	<r裏蓮華|うられんげ>					NA2_SLPS@0x4AD2E0		slot	32					M1906
T267	Character menus > Ultimate Jutsu name	<r砂瀑大葬|さばくたいそう>					NA2_SLPS@0x4AD300		slot	32					M1907
T268	Character menus > Ultimate Jutsu name	<r砂手裏剣|すなしゅりけん>					NA2_SLPS@0x4AD320		slot	32					M1908
T269	Character menus > Ultimate Jutsu name	<r影真似|かげまね>の<r術|じゅつ>					NA2_SLPS@0x4AD340		slot	48					M1909
T270	Character menus > Ultimate Jutsu name	<r影圧掌|かげあっしょう>の<r術|じゅつ>					NA2_SLPS@0x4AD370		slot	48					M1910
T271	Character menus > Ultimate Jutsu name	<r影首縛|かげくびしば>りの<r術|じゅつ>					NA2_SLPS@0x4AD3A0		slot	48					M1911
T272	Character menus > Ultimate Jutsu name	<r八卦六十四掌|はっけろくじゅうよんしょう>					NA2_SLPS@0x4AD3D0		slot	48					M1912
T273	Character menus > Ultimate Jutsu name	<r八卦三百六十一式|はっけさんびゃくろくじゅういっしき>					NA2_SLPS@0x4AD400		slot	64					M1913
T274	Character menus > Ultimate Jutsu name	<r絶招八門崩撃|ぜっしょうはちもんほうげき>					NA2_SLPS@0x4AD440		slot	48					M1914
T275	Character menus > Ultimate Jutsu name	<r負|ま>けるもんですか！					NA2_SLPS@0x4AD470		slot	32					M1915
T276	Character menus > Ultimate Jutsu name	<r忍法|にんぽう>・<r雪桜|ゆきざくら>の<r舞|まい>					NA2_SLPS@0x4AD490		slot	64					M1916
T277	Character menus > Ultimate Jutsu name	<r禁術|きんじゅつ>・<r穢土封滅|えどふうめつ>					NA2_SLPS@0x4AD4D0		slot	48					M1917
T278	Character menus > Ultimate Jutsu name	<r潜影多蛇手|せんえいたじゃしゅ>					NA2_SLPS@0x4AD500		slot	48					M1918
T279	Character menus > Ultimate Jutsu name	<r千殺水翔|せんさつすいしょう>					NA2_SLPS@0x4AD530		slot	32					M1919
T280	Character menus > Ultimate Jutsu name	チャクラ<r開放|かいほう>					NA2_SLPS@0x4AD550		slot	32					M1920
T281	Character menus > Ultimate Jutsu name	<r魔鏡氷晶|まきょうひょうしょう>					NA2_SLPS@0x4AD570		slot	48					M1921
T282	Character menus > Ultimate Jutsu name	<r水遁|すいとん>・<r水龍弾|すいりゅうだん>の<r術|じゅつ>					NA2_SLPS@0x4AD5A0		slot	64					M1922
T283	Character menus > Ultimate Jutsu name	<r水遁|すいとん>・<r大瀑布|だいばくふ>の<r術|じゅつ>					NA2_SLPS@0x4AD5E0		slot	64					M1923
T284	Character menus > Ultimate Jutsu name	<r白眼|びゃくがん>					NA2_SLPS@0x4AD620		slot	32					M1924
T285	Character menus > Ultimate Jutsu name	<r百烈掌|ひゃくれつしょう>					NA2_SLPS@0x4AD640		slot	32					M1925
T286	Character menus > Ultimate Jutsu name	<r白朧天舞|はくろうてんぶ>					NA2_SLPS@0x4AD660		slot	32					M1926
T287	Character menus > Ultimate Jutsu name	<r操具|そうぐ>・<r死球撃|しきゅうげき>					NA2_SLPS@0x4AD680		slot	48					M1927
T288	Character menus > Ultimate Jutsu name	<r操具|そうぐ>・<r襲千刃|しゅうせんじん>					NA2_SLPS@0x4AD6B0		slot	48					M1928
T289	Character menus > Ultimate Jutsu name	<r操具|そうぐ>・<r浮刃壁|ふじんへき>					NA2_SLPS@0x4AD6E0		slot	48					M1929
T290	Character menus > Ultimate Jutsu name	<r部分倍化|ぶぶんばいか>の<r術|じゅつ>					NA2_SLPS@0x4AD710		slot	48					M1930
T291	Character menus > Ultimate Jutsu name	<r忍法|にんぽう>・<r百花繚乱|ひゃっかりょうらん>					NA2_SLPS@0x4AD740		slot	64					M1931
T292	Character menus > Ultimate Jutsu name	<r心乱身|しんらんしん>の<r術|じゅつ>					NA2_SLPS@0x4AD780		slot	48					M1932
T293	Character menus > Ultimate Jutsu name	<r供花送|くげおく>り					NA2_SLPS@0x4AD7B0		slot	32					M1933
T294	Character menus > Ultimate Jutsu name	<r牙通牙|がつうが>					NA2_SLPS@0x4AD7D0		slot	32					M1934
T295	Character menus > Ultimate Jutsu name	<r双頭狼|そうとうろう>					NA2_SLPS@0x4AD7F0		slot	32					M1935
T296	Character menus > Ultimate Jutsu name	<r牙狼牙|がろうが>					NA2_SLPS@0x4AD810		slot	32					M1936
T297	Character menus > Ultimate Jutsu name	<r寄壊蟲|きかいちゅう>・<r颶|つむじ>					NA2_SLPS@0x4AD830		slot	48					M1937
T298	Character menus > Ultimate Jutsu name	<r寄壊蟲|きかいちゅう>・<r簇|やじり>					NA2_SLPS@0x4AD860		slot	48					M1938
T299	Character menus > Ultimate Jutsu name	<r寄壊蟲|きかいちゅう>・<r霰|あられ>					NA2_SLPS@0x4AD890		slot	48					M1939
T300	Character menus > Ultimate Jutsu name	<r傀儡|くぐつ>・<r影役者|かげやくしゃ>					NA2_SLPS@0x4AD8C0		slot	48					M1940
T301	Character menus > Ultimate Jutsu name	<r傀儡|くぐつ>・<r廻刃天穿|かいじんてんせん>					NA2_SLPS@0x4AD8F0		slot	48					M1941
T302	Character menus > Ultimate Jutsu name	<r黒秘技機々一発|くろひぎききいっぱつ>					NA2_SLPS@0x4AD920		slot	48					M1942
T303	Character menus > Ultimate Jutsu name	<r乱|みだ>れ<r扇舞|せんぶ>					NA2_SLPS@0x4AD950		slot	32					M1943
T304	Character menus > Ultimate Jutsu name	<r大|だい>カマイタチの<r術|じゅつ>					NA2_SLPS@0x4AD970		slot	48					M1944
T305	Character menus > Ultimate Jutsu name	<r口寄|くちよ>せ・<r斬|き>り<r斬|き>り<r舞|まい>					NA2_SLPS@0x4AD9A0		slot	64					M1945
T306	Character menus > Ultimate Jutsu name	<r火遁|かとん>・<r豪炎螺旋丸|ごうえんらせんがん>					NA2_SLPS@0x4AD9E0		slot	64					M1946
T307	Character menus > Ultimate Jutsu name	<r双迅螺旋丸|そうじんらせんがん>					NA2_SLPS@0x4ADA20		slot	48					M1947
T308	Character menus > Ultimate Jutsu name	<r金剛牢壁|こんごうろうへき>					NA2_SLPS@0x4ADA50		slot	32					M1948
T309	Character menus > Ultimate Jutsu name	<r封印術|ふういんじゅつ>・<r屍鬼封尽|しきふうじん>					NA2_SLPS@0x4ADA70		slot	64					M1949
T310	Character menus > Ultimate Jutsu name	<r封印術|ふういんじゅつ>・<r三方封印|さんぽうふういん>					NA2_SLPS@0x4ADAB0		slot	64					M1950
T311	Character menus > Ultimate Jutsu name	<r忍法|にんぽう>・<r創造再生|そうぞうさいせい>					NA2_SLPS@0x4ADAF0		slot	48					M1951
T312	Character menus > Ultimate Jutsu name	<r火影|ほかげ>の<r力|ちから>					NA2_SLPS@0x4ADB20		slot	32					M1952
T313	Character menus > Ultimate Jutsu name	トントンコンビ					NA2_SLPS@0x4ADB40		slot	16					M1953
T314	Character menus > Ultimate Jutsu name	<r大交衝|だいこうしょう>					NA2_SLPS@0x4ADB50		slot	32					M1954
T315	Character menus > Ultimate Jutsu name	<r死魂|しこん>の<r術|じゅつ>					NA2_SLPS@0x4ADB70		slot	32					M1955
T316	Character menus > Ultimate Jutsu name	チャクラ<r解剖刀|メス>・<r壊|カイ>					NA2_SLPS@0x4ADB90		slot	48					M1956
T317	Character menus > Ultimate Jutsu name	<r土遁|どとん>・<r土陸返|どろくがえ>し					NA2_SLPS@0x4ADBC0		slot	48					M1957
T318	Character menus > Ultimate Jutsu name	<r雨蜘蛛|あまグモ>					NA2_SLPS@0x4ADBF0		slot	32					M1958
T319	Character menus > Ultimate Jutsu name	<r毒舌|どくぜつ>コンボ					NA2_SLPS@0x4ADC10		slot	32					M1959
T320	Character menus > Ultimate Jutsu name	<r口寄|くちよ>せ・<r羅生門|ラショウモン>　<r奈落|ならく>					NA2_SLPS@0x4ADC30		slot	64					M1960
T321	Character menus > Ultimate Jutsu name	<r八重葎|やえむぐら>の<r舞|まい>					NA2_SLPS@0x4ADC70		slot	48					M1961
T322	Character menus > Ultimate Jutsu name	<r飛雷神|ひらいしん>の<r術|じゅつ>					NA2_SLPS@0x4ADCA0		slot	48					M1962
T323	Character menus > Ultimate Jutsu name	<r突撃|とつげき>！　<r木|こ>ノ<r葉丸|はまる><r軍団|ぐんだん>！					NA2_SLPS@0x4ADCD0		slot	64					M1963
T324	Character menus > Ultimate Jutsu name	<r柔拳指南|じゅうけんしなん>					NA2_SLPS@0x4ADD10		slot	32					M1964
T325	Character menus > Ultimate Jutsu name	<r金剛力|こんごうりき>・<r不動|ふどう>					NA2_SLPS@0x4ADD30		slot	48					M1965
T326	Character menus > Ultimate Jutsu name	<r木遁秘術|もくとんひじゅつ>・<r樹界降誕|じゅかいこうたん>					NA2_SLPS@0x4ADD60		slot	64					M1966
T327	Character menus > Ultimate Jutsu name	<r水遁|すいとん>・<r硬渦水刃|こうかすいじん>					NA2_SLPS@0x4ADDA0		slot	48					M1967
T328	Character menus > Ultimate Jutsu name	<r飛燕|ひえん>					NA2_SLPS@0x4ADDD0		slot	16					M1968
T329	Character menus > Ultimate Jutsu name	<r魔幻|まげん>・<r樹縛殺|じゅばくさつ>					NA2_SLPS@0x4ADDE0		slot	48					M1969
T330	Character menus > Ultimate Jutsu name	<r双蛇相殺|そうじゃそうさい>の<r術|じゅつ>					NA2_SLPS@0x4ADE10		slot	48					M1970
T331	Character menus > Ultimate Jutsu name	<r九尾螺旋丸|きゅうびらせんがん>					NA2_SLPS@0x4ADE40		slot	48					M1971
T332	Character menus > Ultimate Jutsu name	<r呪|のろ>われし<r力|ちから>					NA2_SLPS@0x4ADE70		slot	32					M1972
T333	Character menus > Ultimate Jutsu name	<r突|つ>き<r抜|ぬ>ける<r熱|あつ>き<r思|おも>い					NA2_SLPS@0x4ADE90		slot	48					M1973
T334	Character menus > Ultimate Jutsu name	<r蝶弾爆撃|ちょうだんばくげき>					NA2_SLPS@0x4ADEC0		slot	32					M1974
T335	Character menus > Ultimate Jutsu name	<r羅漢拳|らかんけん>					NA2_SLPS@0x4ADEE0		slot	32					M1975
T336	Character menus > Ultimate Jutsu name	<r蜘蛛戦弓|クモせんきゅう>・<r凄裂|スザク>					NA2_SLPS@0x4ADF00		slot	48					M1976
T337	Character menus > Ultimate Jutsu name	<r魔笛|まてき>・<r三従葬曲|さんじゅうそうきょく>					NA2_SLPS@0x4ADF30		slot	64					M1977
T338	Character menus > Ultimate Jutsu name	<r左塵掌|さじんしょう>・<r右裂脚|うれつきゃく>					NA2_SLPS@0x4ADF70		slot	48					M1978
T339	Character menus > Ultimate Jutsu name	<r鉄線花|てっせんか>の<r舞|まい>・<r花|はな>					NA2_SLPS@0x4ADFA0		slot	48					M1979
T340	Character menus > Ultimate Jutsu name	<r大玉螺旋丸|おおだまらせんがん>					NA2_SLPS@0x4ADFD0		slot	48					M1980
T341	Character menus > Ultimate Jutsu name	<r漏|も>れ<r出|だ>す<r力|ちから>					NA2_SLPS@0x4AE000		slot	48					M1981
T342	Character menus > Ultimate Jutsu name	<r変|か>わらない<r関係|かんけい>					NA2_SLPS@0x4AE030		slot	48					M0859
T343	Character menus > Ultimate Jutsu name	<r春|はる>の<r蹴来|しゅうらい>					NA2_SLPS@0x4AE060		slot	32					M1982
T344	Character menus > Ultimate Jutsu name	キラキラ<r乙女心|おとめごころ>					NA2_SLPS@0x4AE080		slot	32					M1983
T345	Character menus > Ultimate Jutsu name	<r大地割|だいちわ>り					NA2_SLPS@0x4AE0A0		slot	32					M1984
T346	Character menus > Ultimate Jutsu name	<r傀儡|くぐつ>・<r桜舞|サクラマイ>					NA2_SLPS@0x4AE0C0		slot	48					M1985
T347	Character menus > Ultimate Jutsu name	<r砂縛牢|さばくろう>					NA2_SLPS@0x4AE0F0		slot	32					M1986
T348	Character menus > Ultimate Jutsu name	<r最硬絶対攻撃|さいこうぜったいこうげき>・<r砂瀑槍葬|さばくそうそう>					NA2_SLPS@0x4AE110		slot	80					M1987
T349	Character menus > Ultimate Jutsu name	<r滅砂瀑葬|めっさばくそう>					NA2_SLPS@0x4AE160		slot	32					M1988
T350	Character menus > Ultimate Jutsu name	<r傀儡|くぐつ>・<r骸烏|ムクロガラス>					NA2_SLPS@0x4AE180		slot	48					M1989
T351	Character menus > Ultimate Jutsu name	<r傀儡|くぐつ>・<r鬼城|きじょう>の<r面|めん>					NA2_SLPS@0x4AE1B0		slot	48					M1990
T352	Character menus > Ultimate Jutsu name	<r黒秘技三大狂言|くろひぎさんだいきょうげん>					NA2_SLPS@0x4AE1E0		slot	48					M1991
T353	Character menus > Ultimate Jutsu name	<r豪風暴壁|ごうふうぼうへき>					NA2_SLPS@0x4AE210		slot	32					M1992
T354	Character menus > Ultimate Jutsu name	<r練空踊扇|れんくうようせん>					NA2_SLPS@0x4AE230		slot	32					M1993
T355	Character menus > Ultimate Jutsu name	<r口寄|くちよ>せ・<r扇舞降|せんまいお>ろし					NA2_SLPS@0x4AE250		slot	48					M1994
T356	Character menus > Ultimate Jutsu name	<r傀儡|くぐつ>・<r父|ちち>と<r母|はは>					NA2_SLPS@0x4AE280		slot	48					M1995
T357	Character menus > Ultimate Jutsu name	<r十機近松|じっきちかまつ>の<r集|しゅう>・<r三宝吸潰|さんぼうきゅうかい>					NA2_SLPS@0x4AE2B0		slot	80					M1996
T358	Character menus > Ultimate Jutsu name	<r傀儡|くぐつ>・<r砂鉄獄塊|さてつごっかい>					NA2_SLPS@0x4AE300		slot	48					M1997
T359	Character menus > Ultimate Jutsu name	<r合殺芸術|がっさいげいじゅつ>					NA2_SLPS@0x4AE330		slot	32					M1998
T360	Character menus > Ultimate Jutsu name	<r芸術|げいじゅつ>					NA2_SLPS@0x4AE350		slot	32					M1999
T361	Character menus > Ultimate Jutsu name	<r自爆分身|じばくぶんしん>					NA2_SLPS@0x4AE370		slot	32					M2000
T362	Character menus > Ultimate Jutsu name	<r十八番|オハコ>・<rＣ３|シースリー>					NA2_SLPS@0x4AE390		slot	48					M2001
T363	Character menus > Ultimate Jutsu name	<r八卦四天空掌|はっけしてんくうしょう>					NA2_SLPS@0x4AE3C0		slot	48					M2002
T364	Character menus > Ultimate Jutsu name	<r八卦破山撃|はっけはざんげき>					NA2_SLPS@0x4AE3F0		slot	32					M2003
T365	Character menus > Ultimate Jutsu name	<r操具|そうぐ>・<r廻燕劇|かいえんげき>					NA2_SLPS@0x4AE410		slot	48					M2004
T366	Character menus > Ultimate Jutsu name	<r操具|そうぐ>・<r大鉄塊|だいてっかい>					NA2_SLPS@0x4AE440		slot	48					M2005
T367	Character menus > Ultimate Jutsu name	<r操具|そうぐ>・<r天鋼災|てんこうさい>					NA2_SLPS@0x4AE470		slot	48					M2006
T368	Character menus > Ultimate Jutsu name	<r木|こ>ノ<r葉旋光|はせんこう>					NA2_SLPS@0x4AE4A0		slot	32					M2007
T369	Character menus > Ultimate Jutsu name	<r青春|せいしゅん>フルパワー！！					NA2_SLPS@0x4AE4C0		slot	48					M2008
T370	Character menus > Ultimate Jutsu name	<r裏蓮華|うられんげ>・あの<r夕日|ゆうひ>に<r向|む>かって					NA2_SLPS@0x4AE4F0		slot	64					M2009
T371	Character menus > Ultimate Jutsu name	ＩＱ２００					NA2_SLPS@0x4AE530		slot	16					M2233
T372	Character menus > Ultimate Jutsu name	<r忍法|にんぽう>・<r影煙幕|かげえんまく>の<r術|じゅつ>					NA2_SLPS@0x4AE540		slot	64					M2010
T373	Character menus > Ultimate Jutsu name	<r忍法|にんぽう>・<r影縫|かげぬ>い					NA2_SLPS@0x4AE580		slot	48					M2011
T374	Character menus > Ultimate Jutsu name	<r自分|じぶん>ルール・じゃんけん<r編|へん>　					NA2_SLPS@0x4AE5B0		slot	48					M2012
T375	Character menus > Ultimate Jutsu name	<r自分|じぶん>ルール・<r青春編|せいしゅんへん>					NA2_SLPS@0x4AE5E0		slot	48					M2013
T376	Character menus > Ultimate Jutsu name	<r朝孔雀|あさくじゃく>					NA2_SLPS@0x4AE610		slot	32					M2014
T377	Character menus > Ultimate Jutsu name	<r雷切|らいきり>・<r一尖|いっせん>					NA2_SLPS@0x4AE630		slot	48					M2015
T378	Character menus > Ultimate Jutsu name	<r土遁|どとん>・<r裂穿牙|れっせんが>					NA2_SLPS@0x4AE660		slot	48					M2016
T379	Character menus > Ultimate Jutsu name	コピー<r忍術|にんじゅつ>					NA2_SLPS@0x4AE690		slot	32					M2017
T380	Character menus > Ultimate Jutsu name	<r火遁|かとん>・<r豪焔球|ごうえんきゅう>					NA2_SLPS@0x4AE6B0		slot	48					M2018
T381	Character menus > Ultimate Jutsu name	<r幻術|げんじゅつ>・<r泡沫|うたかた>					NA2_SLPS@0x4AE6E0		slot	48					M2019
T382	Character menus > Ultimate Jutsu name	<r瞳術|どうじゅつ>・<r威凪|いさなぎ>					NA2_SLPS@0x4AE710		slot	48					M2020
T383	Character menus > Ultimate Jutsu name	<r最凶|さいきょう>の<r刺客|しかく>					NA2_SLPS@0x4AE740		slot	48					M2021
T384	Character menus > Ultimate Jutsu name	<r水遁|すいとん>・<r五食鮫|ごしょくざめ>					NA2_SLPS@0x4AE770		slot	48					M2022
T385	Character menus > Ultimate Jutsu name	<r水遁|すいとん>・<r無限鮫|むげんざめ>					NA2_SLPS@0x4AE7A0		slot	48					M2023
T386	Character menus > Ultimate Jutsu name	<r水遁|すいとん>・<r爆水衝波|ばくすいしょうは>					NA2_SLPS@0x4AE7D0		slot	48					M2024
T387	Character menus > Ultimate Jutsu name	<r妖狐|ようこ>の<r衣|ころも>					NA2_SLPS@0x4AE800		slot	32					M2025
T388	Character menus > Ultimate Jutsu name	<r赤秘技|あかひぎ>・<r百機|ひゃっき>の<r操演|そうえん>					NA2_SLPS@0x4AE820		slot	64					M2026
T389	Character menus > Ultimate Jutsu name	<r傀儡|くぐつ>の<r術|じゅつ>・<r尾沙悶|びしゃもん>					NA2_SLPS@0x4AE860		slot	64					M2027
T390	Character menus > Ultimate Jutsu name	<r傀儡|くぐつ>の<r術|じゅつ>・<r義手千本|ぎしゅせんぼん>					NA2_SLPS@0x4AE8A0		slot	64					M2028
T391	Character menus > Ultimate Jutsu name	<r傀儡|くぐつ>の<r術|じゅつ>・<r重刃庫|じゅうばこ>					NA2_SLPS@0x4AE8E0		slot	64					M2029
T392	Character menus > Ultimate Jutsu name	<r息子|むすこ>の<r仇|かたき>！？					NA2_SLPS@0x4AE920		slot	48					M2030
T393	Character menus > Ultimate Jutsu name	<r爪迅狼牙|そうじんろうが>					NA2_SLPS@0x4AE950		slot	32					M2031
T394	Character menus > Ultimate Jutsu name	<r天双牙|てんそうが>					NA2_SLPS@0x4AE970		slot	32					M2032
T395	Character menus > Ultimate Jutsu name	<r寄壊蟲|きかいちゅう>・<r蝕|しょく>					NA2_SLPS@0x4AE990		slot	48					M2033
T396	Character menus > Ultimate Jutsu name	<r寄壊蟲|きかいちゅう>・<r虚|うつろ>					NA2_SLPS@0x4AE9C0		slot	48					M2034
T397	Character menus > Ultimate Jutsu name	<r八卦掌空天|はっけしょうくうてん>					NA2_SLPS@0x4AE9F0		slot	48					M2035
T398	Character menus > Ultimate Jutsu name	<r部分超倍化|ぶぶんちょうばいか>の<r術|じゅつ>					NA2_SLPS@0x4AEA20		slot	48					M2036
T399	Character menus > Ultimate Jutsu name	<r超|ちょう>・<r肉弾戦車|にくだんせんしゃ>					NA2_SLPS@0x4AEA50		slot	48					M2037
T400	Character menus > Ultimate Jutsu name	<r忍法|にんぽう>・<r月下美人|げっかびじん>					NA2_SLPS@0x4AEA80		slot	48					M2038
T401	Character menus > Ultimate Jutsu name	<r蝶針火|ちょうしんか>					NA2_SLPS@0x4AEAB0		slot	32					M2039
T402	Character menus > Ultimate Jutsu name	<r火遁|かとん>・<r消|け>し<r幕|まく>が<r原|はら>					NA2_SLPS@0x4AEAD0		slot	64					M2040
T403	Character menus > Ultimate Jutsu name	<r地流|じながれ>					NA2_SLPS@0x4AEB10		slot	32					M2041
T404	Character menus > Ultimate Jutsu name	<r渦旋風火|かせんふうか>の<r術|じゅつ>					NA2_SLPS@0x4AEB30		slot	48					M2042
T405	Character menus > Ultimate Jutsu name	<r蟒蛇|うわばみ>					NA2_SLPS@0x4AEB60		slot	32					M2043
T406	Character menus > Ultimate Jutsu name	<r二凪|ふたなぎ>ノ<r草薙|くさなぎ>					NA2_SLPS@0x4AEB80		slot	48					M2044
T407	Character menus > Ultimate Jutsu name	<r死術|しじゅつ>・<r帰魂遊戯|きこんゆうぎ>					NA2_SLPS@0x4AEBB0		slot	48					M2045
T408	Character menus > Ultimate Jutsu name	<r木遁|もくとん>・<r飛乃木|ひのき>					NA2_SLPS@0x4AEBE0		slot	48					M2046
T409	Character menus > Ultimate Jutsu name	<r木遁|もくとん>・<r梁木|やなぎ>					NA2_SLPS@0x4AEC10		slot	48					M2047
T410	Character menus > Ultimate Jutsu name	<r忍法|にんぽう>・<r超獣偽画|ちょうじゅうぎが>　<r白描|はくびょう>					NA2_SLPS@0x4AEC40		slot	80					M2048
T411	Character menus > Ultimate Jutsu name	<r忍法|にんぽう>・<r超獣偽画|ちょうじゅうぎが>　<r龍|りゅう>					NA2_SLPS@0x4AEC90		slot	64					M2049
T412	Character menus > Ultimate Jutsu name	<r草薙|くさなぎ>の<r舞|まい>					NA2_SLPS@0x4AECD0		slot	32					M2050
T413	Character menus > Ultimate Jutsu name	<r翔|か>け<r鳥崩|どりくず>し					NA2_SLPS@0x4AECF0		slot	32					M2051
T414	Character menus > Ultimate Jutsu name	<r千鳥|ちどり>・<r雷鳴|らいめい>					NA2_SLPS@0x4AED10		slot	48					M2052
T415	Character Select > Linked Mode selector value	<r連係|れんけい>モード					NA2_SLPS@0x4B4310		slot	24					M0560
T416	Character Select > Linked Mode selector value	マニュアル					NA2_SLPS@0x4B4328		slot	16					M0561
T417	Character Select > Linked Mode selector value	オート					NA2_SLPS@0x504908		slot	8					M0571
T418	Character Select > player-control mode or return item	 １Ｐ　ｖｓ　２Ｐ					NA2_SLPS@0x4B4150		slot	32					M0793
T419	Character Select > player-control mode or return item	 １Ｐ　ｖｓ ＣＯＭ					NA2_SLPS@0x4B4170		slot	32					M0794
T420	Character Select > player-control mode or return item	ＣＯＭ ｖｓ　２Ｐ					NA2_SLPS@0x4B4190		slot	32					M0795
T421	Character Select > player-control mode or return item	ＣＯＭ ｖｓ ＣＯＭ					NA2_SLPS@0x4B41B0		slot	32					M0796
T422	Character Select > player-control mode or return item	ゲームモード<r選択|せんたく>に<r戻|もど>る					NA2_SLPS@0x4B41D0		slot	48					M0797
T423	Character Select > return confirmation	ゲームモード<r選択|せんたく>に<r戻|もど>りますか？					NA2_SLPS@0x4B4220		slot	64					M0556
T424	Character Select > return confirmation	タイトルに<r戻|もど>りますか？					NA2_SLPS@0x4B4260		slot	32					M0557
T425	Character Select > return confirmation	<r任務|にんむ><r選択|せんたく>に<r戻|もど>りますか？					NA2_SLPS@0x4B4280		slot	64					M0558
T426	Character Select > return confirmation	<r種目選択|しゅもくせんたく>に<r戻|もど>りますか？					NA2_SLPS@0x4B42C0		slot	64					M0559
T427	Character selectors > character or variant name	うずまきナルト					NA2_ETC@0x24F98		slot	24					M0231
T428	Character selectors > character or variant name	<r春野|はるの>サクラ					NA2_ETC@0x24FB0		slot	24					M0232
T429	Character selectors > character or variant name	はたけカカシ					NA2_ETC@0x24FC8		slot	24					M0233
T430	Character selectors > character or variant name	<r日向|ひゅうが>ネジ					NA2_ETC@0x24FE0		slot	24					M0234
T431	Character selectors > character or variant name	ロック・リー					NA2_ETC@0x24FF8		slot	16					M0235
T432	Character selectors > character or variant name	テンテン					NA2_ETC@0x25008		slot	16					M0762
T433	Character selectors > character or variant name	マイト・ガイ					NA2_ETC@0x25018		slot	24					M0236
T434	Character selectors > character or variant name	<r奈良|なら>シカマル					NA2_ETC@0x25030		slot	32					M0237
T435	Character selectors > character or variant name	<r秋道|あきみち>チョウジ					NA2_ETC@0x25050		slot	32					M0238
T436	Character selectors > character or variant name	<r山中|やまなか>いの					NA2_ETC@0x25070		slot	32					M0239
T437	Character selectors > character or variant name	<r猿飛|さるとび>アスマ					NA2_ETC@0x25090		slot	32					M0240
T438	Character selectors > character or variant name	<r犬塚|いぬづか>キバ					NA2_ETC@0x250B0		slot	32					M0241
T439	Character selectors > character or variant name	<r油女|あぶらめ>シノ					NA2_ETC@0x250D0		slot	32					M0242
T440	Character selectors > character or variant name	<r日向|ひゅうが>ヒナタ					NA2_ETC@0x250F0		slot	32					M0243
T441	Character selectors > character or variant name	<r夕日|ゆうひ><r紅|くれない>					NA2_ETC@0x25110		slot	32					M0244
T442	Character selectors > character or variant name	<r風影|かぜかげ>・<r我愛羅|ガアラ>					NA2_ETC@0x25130		slot	40					M0245
T443	Character selectors > character or variant name	カンクロウ					NA2_ETC@0x25158		slot	24					M0246
T444	Character selectors > character or variant name	チヨバア（<r体術|たいじゅつ>）					NA2_ETC@0x25170		slot	32					M0247
T445	Character selectors > character or variant name	うちはイタチ					NA2_ETC@0x25190		slot	16					M0248
T446	Character selectors > character or variant name	<r干柿鬼鮫|ほしがきキサメ>					NA2_ETC@0x251A0		slot	32					M0249
T447	Character selectors > character or variant name	デイダラ					NA2_ETC@0x251C0		slot	16					M0250
T448	Character selectors > character or variant name	サソリ・ヒルコ					NA2_ETC@0x251D0		slot	16					M0251
T449	Character selectors > character or variant name	チヨバア					NA2_ETC@0x251E0		slot	16					M0252
T450	Character selectors > character or variant name	<r自来也|じらいや>					NA2_ETC@0x251f0		slot	24					M0763
T451	Character selectors > character or variant name	<r綱手|ツナデ>					NA2_ETC@0x25208		slot	24					M0253
T452	Character selectors > character or variant name	<r大蛇丸|オロチまる>					NA2_ETC@0x25220		slot	32					M0254
T453	Character selectors > character or variant name	<r薬師|やくし>カブト					NA2_ETC@0x25240		slot	24					M0255
T454	Character selectors > character or variant name	うちはサスケ					NA2_ETC@0x25258		slot	24					M0256
T455	Character selectors > character or variant name	<r九尾第四覚醒状態|きゅうびだいよんかくせいじょうたい>					NA2_ETC@0x25270		slot	64					M0257
T456	Character selectors > character or variant name	サソリ（<r自分傀儡|じぶんくぐつ>）					NA2_ETC@0x252B0		slot	48					M0258
T457	Character selectors > character or variant name	うずまきナルト（<r旧章|きゅうしょう>）					NA2_ETC@0x252E0		slot	48					M0259
T458	Character selectors > character or variant name	うちはサスケ（<r旧章|きゅうしょう>）					NA2_ETC@0x25310		slot	48					M0260
T459	Character selectors > character or variant name	<r春野|はるの>サクラ（<r旧章|きゅうしょう>）					NA2_ETC@0x25340		slot	48					M0261
T460	Character selectors > character or variant name	<r日向|ひゅうが>ネジ（<r旧章|きゅうしょう>）					NA2_ETC@0x25370		slot	48					M0262
T461	Character selectors > character or variant name	ロック・リー（<r旧章|きゅうしょう>）					NA2_ETC@0x253A0		slot	48					M0263
T462	Character selectors > character or variant name	テンテン（<r旧章|きゅうしょう>）					NA2_ETC@0x253D0		slot	48					M0264
T463	Character selectors > character or variant name	<r奈良|なら>シカマル（<r旧章|きゅうしょう>）					NA2_ETC@0x25400		slot	48					M0265
T464	Character selectors > character or variant name	<r秋道|あきみち>チョウジ（<r旧章|きゅうしょう>）					NA2_ETC@0x25430		slot	64					M0266
T465	Character selectors > character or variant name	<r山中|やまなか>いの（<r旧章|きゅうしょう>）					NA2_ETC@0x25470		slot	48					M0267
T466	Character selectors > character or variant name	<r犬塚|いぬづか>キバ（<r旧章|きゅうしょう>）					NA2_ETC@0x254A0		slot	48					M0268
T467	Character selectors > character or variant name	<r油女|あぶらめ>シノ（<r旧章|きゅうしょう>）					NA2_ETC@0x254D0		slot	48					M0269
T468	Character selectors > character or variant name	<r日向|ひゅうが>ヒナタ（<r旧章|きゅうしょう>）					NA2_ETC@0x25500		slot	48					M0270
T469	Character selectors > character or variant name	<r日向|ひゅうが>ハナビ					NA2_ETC@0x25530		slot	32					M0271
T470	Character selectors > character or variant name	<r木|こ>ノ<r葉丸|はまる><r軍団|ぐんだん>					NA2_ETC@0x25550		slot	48					M0272
T471	Character selectors > character or variant name	みたらしアンコ					NA2_ETC@0x25580		slot	16					M0273
T472	Character selectors > character or variant name	<r初代火影|しょだいほかげ>					NA2_ETC@0x25590		slot	32					M0274
T473	Character selectors > character or variant name	<r二代目火影|にだいめほかげ>					NA2_ETC@0x255B0		slot	32					M0275
T474	Character selectors > character or variant name	<r三代目火影|さんだいめほかげ>					NA2_ETC@0x255D0		slot	32					M0276
T475	Character selectors > character or variant name	<r黄色|きいろ>い<r閃光|せんこう>					NA2_ETC@0x255F0		slot	48					M0277
T476	Character selectors > character or variant name	<r砂瀑|さばく>の<r我愛羅|ガアラ>（<r旧章|きゅうしょう>）					NA2_ETC@0x25620		slot	64					M0278
T477	Character selectors > character or variant name	カンクロウ（<r旧章|きゅうしょう>）					NA2_ETC@0x25660		slot	48					M0279
T478	Character selectors > character or variant name	テマリ（<r旧章|きゅうしょう>）					NA2_ETC@0x25690		slot	32					M0280
T479	Character selectors > character or variant name	<r君麻呂|キミマロ>					NA2_ETC@0x256B0		slot	24					M0281
T480	Character selectors > character or variant name	<r左近|サコン>					NA2_ETC@0x256C8		slot	24					M0282
T481	Character selectors > character or variant name	<r多由也|タユヤ>					NA2_ETC@0x256E0		slot	32					M0283
T482	Character selectors > character or variant name	<r鬼童丸|キドウマル>					NA2_ETC@0x25700		slot	32					M0284
T483	Character selectors > character or variant name	<r次郎坊|ジロウボウ>					NA2_ETC@0x25720		slot	32					M0285
T484	Character selectors > character or variant name	<r桃地|ももち><r再不斬|ザブザ>					NA2_ETC@0x25740		slot	32					M0286
T485	Character selectors > character or variant name	<r白|ハク>					NA2_ETC@0x25760		slot	16					M0764
T486	Character selectors > character or variant name	うずまきナルト（<r九尾|きゅうび>）					NA2_ETC@0x25770		slot	48					M0287
T487	Character selectors > character or variant name	うちはサスケ<r状態|じょうたい>２					NA2_ETC@0x257A0		slot	48					M0288
T488	Character selectors > character or variant name	すい<r拳|けん>リー					NA2_ETC@0x257D0		slot	32					M0289
T489	Character selectors > character or variant name	<r憑依体我愛羅|ひょういたいガアラ>					NA2_ETC@0x257F0		slot	48					M0290
T490	Character selectors > character or variant name	<r超|ちょう>チョウジ					NA2_ETC@0x25820		slot	32					M0291
T491	Character selectors > character or variant name	<r次郎坊|ジロウボウ><r状態|じょうたい>２					NA2_ETC@0x25840		slot	48					M0292
T492	Character selectors > character or variant name	<r鬼童丸|キドウマル><r状態|じょうたい>２					NA2_ETC@0x25870		slot	48					M0293
T493	Character selectors > character or variant name	<r多由也|タユヤ><r状態|じょうたい>２					NA2_ETC@0x258A0		slot	48					M0294
T494	Character selectors > character or variant name	<r左近|サコン><r状態|じょうたい>２					NA2_ETC@0x258D0		slot	48					M0295
T495	Character selectors > character or variant name	<r君麻呂|キミマロ><r状態|じょうたい>２					NA2_ETC@0x25900		slot	40					M0296
T496	Character selectors > character or variant name	ナルト					NA2_SLPS@0x502DF0		slot	8					M0850
T497	Character selectors > character or variant name	ナルト					NA2_SLPS@0x5032F8		slot	8					M0851
T498	Character selectors > character or variant name	ナルト					NA2_SLPS@0x505F48		slot	8					M0852
T499	Character selectors > character or variant name	ナルト					NA2_SLPS@0x5063A8		slot	8					M0853
T500	Character selectors > character or variant name	ナルト					NA2_SLPS@0x506450		slot	8					M0603
T501	Character selectors > character or variant name	サクラ					NA2_SLPS@0x506458		slot	8					M0604
T502	Character selectors > character or variant name	カカシ					NA2_SLPS@0x506460		slot	8					M0605
T503	Character selectors > character or variant name	ネジ					NA2_SLPS@0x506468		slot	8					M0606
T504	Character selectors > character or variant name	サイ					NA2_SLPS@0x506470		slot	8					M0607
T505	Character selectors > character or variant name	サスケ					NA2_SLPS@0x506478		slot	8					M0608
T506	Character selectors > character or variant name	シズネ					NA2_SLPS@0x506480		slot	8					M0609
T507	Character selectors > character or variant name	アスマ					NA2_SLPS@0x506488		slot	8					M0610
T508	Character selectors > character or variant name	テマリ					NA2_SLPS@0x506490		slot	8					M0611
T509	Character selectors > character or variant name	ヤマト					NA2_SLPS@0x506498		slot	8					M0612
T510	Character selectors > character or variant name	リー					NA2_SLPS@0x5064A0		slot	8					M0613
T511	Character selectors > character or variant name	ガイ					NA2_SLPS@0x5064A8		slot	8					M0614
T512	Character selectors > character or variant name	いの					NA2_SLPS@0x5064B0		slot	8					M0615
T513	Character selectors > character or variant name	キバ					NA2_SLPS@0x5064B8		slot	8					M0616
T514	Character selectors > character or variant name	シノ					NA2_SLPS@0x5064C0		slot	8					M0617
T515	Character selectors > character or variant name	ヒナタ					NA2_SLPS@0x5064C8		slot	8					M0618
T516	Character selectors > character or variant name	サイ					NA2_SLPS@0x506650		slot	8					M0620
T517	Character selectors > character or variant name	テマリ					NA2_SLPS@0x506658		slot	8					M0621
T518	Character selectors > character or variant name	サソリ					NA2_SLPS@0x506660		slot	8					M0622
T519	Character selectors > character or variant name	シズネ					NA2_SLPS@0x506668		slot	8					M0623
T520	Character selectors > character or variant name	ヤマト					NA2_SLPS@0x506670		slot	8					M0624
T521	Character selectors > character or variant name	ナルト					NA2_SLPS@0x506B10		slot	8					M0854
T522	Character selectors > character or variant name	サイ					NA2_SLPS@0x506fe0		slot	8					M0765
T523	Character selectors > character or variant name	テマリ					NA2_SLPS@0x506fe8		slot	8					M0766
T524	Character selectors > character or variant name	サソリ					NA2_SLPS@0x506ff0		slot	8					M0767
T525	Character selectors > character or variant name	シズネ					NA2_SLPS@0x506ff8		slot	8					M0768
T526	Character selectors > character or variant name	ヤマト					NA2_SLPS@0x507000		slot	8					M0769
T527	Collection > category label	シミュレーション					NA2_ETC@0x2DDA0		slot	24					M0528
T528	Collection > Characters > selector label	<r対戦相手|たいせんあいて>					NA2_ETC@0x2EE50		slot	32					M0529,M0550
T529	Collection > Figures > character animation title	ジオラマ					NA2_ETC@0x25928		slot	28					M0297
T530	Collection > Figures > character animation title	オッス！					NA2_ETC@0x25CD8		slot	16					M2186
T531	Collection > Figures > character animation title	<r影分身|かげぶんしん>の<r術|じゅつ>					NA2_ETC@0x25D00		slot	40					M0298
T532	Collection > Figures > character animation title	<r暴走|ぼうそう>					NA2_ETC@0x25D40		slot	24					M0299
T533	Collection > Figures > character animation title	<r気|き>を<r引|ひ>き<r締|し>めて…					NA2_ETC@0x25D70		slot	40					M0300
T534	Collection > Figures > character animation title	<r女|おんな>らしく					NA2_ETC@0x25DB0		slot	24					M0301
T535	Collection > Figures > character animation title	<r拳|こぶし>に<r力|ちから>を！					NA2_ETC@0x25DE0		slot	32					M0302
T536	Collection > Figures > character animation title	<r忍法|にんぽう>・<r超獣偽画|ちょうじゅうぎが>					NA2_ETC@0x25E10		slot	48					M0303
T537	Collection > Figures > character animation title	<r索敵|さくてき>					NA2_ETC@0x25E50		slot	24					M0304
T538	Collection > Figures > character animation title	<r飛翔|ひしょう>					NA2_ETC@0x25E80		slot	24					M0305
T539	Collection > Figures > character animation title	<r最新作熟読中|さいしんさくじゅくどくちゅう>					NA2_ETC@0x25EB0		slot	48					M2187
T540	Collection > Figures > character animation title	<r牽制攻撃|けんせいこうげき>					NA2_ETC@0x25EF0		slot	32					M0306
T541	Collection > Figures > character animation title	<r忍犬口寄|にんけんくちよ>せ					NA2_ETC@0x25F20		slot	32					M0307
T542	Collection > Figures > character animation title	<r柔拳|じゅうけん>					NA2_ETC@0x25F50		slot	24					M0308
T543	Collection > Figures > character animation title	<r八卦空掌|はっけくうしょう>					NA2_ETC@0x25F80		slot	32					M0309
T544	Collection > Figures > character animation title	<r点穴打突|てんけつだとつ>！！					NA2_ETC@0x25FB0		slot	32					M2188
T545	Collection > Figures > character animation title	<r戦闘姿勢|せんとうしせい>					NA2_ETC@0x25FE0		slot	32					M0310
T546	Collection > Figures > character animation title	<r木|こ>ノ<r葉昇風|はしょうふう>					NA2_ETC@0x26010		slot	40					M0311
T547	Collection > Figures > character animation title	<r限界|げんかい>を<r超|こ>えろ！					NA2_ETC@0x26050		slot	40					M0312
T548	Collection > Figures > character animation title	<r忍具|にんぐ>の<r使|つか>い<r手|て>					NA2_ETC@0x26090		slot	40					M0313
T549	Collection > Figures > character animation title	<r棒体術|ぼうたいじゅつ>					NA2_ETC@0x260D0		slot	32					M0314
T550	Collection > Figures > character animation title	<r仕込|しこ>み<r炸裂|さくれつ>！					NA2_ETC@0x26100		slot	40					M2189
T551	Collection > Figures > character animation title	<r熱血青春|ねっけつせいしゅん>ポーズ！					NA2_ETC@0x26140		slot	40					M0315
T552	Collection > Figures > character animation title	<r開門|かいもん>ッ！					NA2_ETC@0x261B0		slot	24					M0317
T553	Collection > Figures > character animation title	ホラよっ！					NA2_ETC@0x261E8		slot	16					M0717
T554	Collection > Figures > character animation title	<r変|か>わらぬチョウジ					NA2_ETC@0x26250		slot	24					M2190
T555	Collection > Figures > character animation title	<r張|は>り<r手|て>の<r構|かま>え					NA2_ETC@0x26280		slot	40					M2191
T556	Collection > Figures > character animation title	おっひさー！					NA2_ETC@0x262F8		slot	16					M2218
T557	Collection > Figures > character animation title	かわいさアピール					NA2_ETC@0x26320		slot	24					M0319
T558	Collection > Figures > character animation title	<r綺麗|きれい>な<r花|はな>					NA2_ETC@0x26350		slot	32					M0320
T559	Collection > Figures > character animation title	やれやれ					NA2_ETC@0x26380		slot	16					M2192
T560	Collection > Figures > character animation title	<r装着|そうちゃく>！					NA2_ETC@0x263A0		slot	24					M0321
T561	Collection > Figures > character animation title	<r一閃|いっせん>！					NA2_ETC@0x263D0		slot	24					M0322
T562	Collection > Figures > character animation title	<r登場|とうじょう>					NA2_ETC@0x26400		slot	24					M0323
T563	Collection > Figures > character animation title	いつでもいっしょ					NA2_ETC@0x26430		slot	24					M2193
T564	Collection > Figures > character animation title	ダイナミック！					NA2_ETC@0x26458		slot	16					M0324
T565	Collection > Figures > character animation title	<r静|しず>かな<r男|おとこ>					NA2_ETC@0x26480		slot	32					M0325
T566	Collection > Figures > character animation title	<r寄壊蟲|きかいちゅう>					NA2_ETC@0x264B0		slot	24					M0326
T567	Collection > Figures > character animation title	<r広|ひろ>がる<r蟲|むし>たち					NA2_ETC@0x264E0		slot	32					M2194
T568	Collection > Figures > character animation title	<r闘|たたか>う<r決意|けつい>！					NA2_ETC@0x26510		slot	32					M2195
T569	Collection > Figures > character animation title	<r心|こころ>の<r準備|じゅんび>が…					NA2_ETC@0x26540		slot	40					M2196
T570	Collection > Figures > character animation title	<r掌打|しょうだ>！					NA2_ETC@0x26580		slot	24					M0327
T571	Collection > Figures > character animation title	ベスト<r着用|ちゃくよう>					NA2_ETC@0x265B0		slot	32					M2197
T572	Collection > Figures > character animation title	<r幻術発動|げんじゅつはつどう>					NA2_ETC@0x265E0		slot	32					M0328
T573	Collection > Figures > character animation title	こんなものね					NA2_ETC@0x26610		slot	16					M0329
T574	Collection > Figures > character animation title	<r威圧|いあつ>					NA2_ETC@0x26630		slot	16					M0330
T575	Collection > Figures > character animation title	<r砂|すな>の<r殻|から>					NA2_ETC@0x26650		slot	24					M0331
T576	Collection > Figures > character animation title	<r逃|に>がさん…					NA2_ETC@0x26680		slot	24					M0332
T577	Collection > Figures > character animation title	<r傀儡|くぐつ>の<r巻物|まきもの>					NA2_ETC@0x266C0		slot	40					M0333
T578	Collection > Figures > character animation title	<r傀儡勢揃|くぐつせいぞろ>い！					NA2_ETC@0x26700		slot	32					M2198
T579	Collection > Figures > character animation title	<r巨大扇子|きょだいせんす>					NA2_ETC@0x26730		slot	32					M0334
T580	Collection > Figures > character animation title	<r団子|だんご>で<r一息|ひといき>					NA2_ETC@0x26760		slot	40					M2199
T581	Collection > Figures > character animation title	カマタリと<r一緒|いっしょ>					NA2_ETC@0x267A0		slot	32					M2200
T582	Collection > Figures > character animation title	まだまだ<r現役|げんえき>					NA2_ETC@0x267D0		slot	32					M2201
T583	Collection > Figures > character animation title	<r父|ちち>と<r母|はは>					NA2_ETC@0x26800		slot	24					M0335
T584	Collection > Figures > character animation title	<r仕込|しこ>み					NA2_ETC@0x26828		slot	16					M2202
T585	Collection > Figures > character animation title	<r指一|ゆびひと>つあれば…					NA2_ETC@0x26850		slot	32					M2203
T586	Collection > Figures > character animation title	<r鋭|するど>い<r蹴|け>り					NA2_ETC@0x26880		slot	32					M0336
T587	Collection > Figures > character animation title	<r幻術|げんじゅつ>！？					NA2_ETC@0x268B0		slot	24					M0337
T588	Collection > Figures > character animation title	<r大刀|だいとう>を<r携|たずさ>えて					NA2_ETC@0x268E0		slot	40					M2204
T589	Collection > Figures > character animation title	<r大刀|だいとう>・<r鮫肌|サメハダ>					NA2_ETC@0x26920		slot	40					M0338
T590	Collection > Figures > character animation title	<r襲|おそ>い<r来|く>る<r怪人|かいじん>！					NA2_ETC@0x26960		slot	48					M2205
T591	Collection > Figures > character animation title	<r楽|たの>しめそうだな					NA2_ETC@0x269A0		slot	24					M2206
T592	Collection > Figures > character animation title	<r芸術作品|げいじゅつさくひん>					NA2_ETC@0x269D0		slot	32					M0339
T593	Collection > Figures > character animation title	<r空|そら>から<r攻|せ>める！					NA2_ETC@0x26A00		slot	32					M0340
T594	Collection > Figures > character animation title	<r完璧|かんぺき>なる<r攻守|こうしゅ>					NA2_ETC@0x26A30		slot	40					M0341
T595	Collection > Figures > character animation title	<r一番|いちばん>のお<r気|き>に<r入|い>り					NA2_ETC@0x26A70		slot	48					M0342
T596	Collection > Figures > character animation title	<r自分自身|じぶんじしん>					NA2_ETC@0x26AB0		slot	32					M0343
T597	Collection > Figures > character animation title	あいや<r自来也|じらいや>！					NA2_ETC@0x26AE0		slot	32					M2207
T598	Collection > Figures > character animation title	<r四代目|よんだいめ>が<r遺|のこ>した<r術|じゅつ>					NA2_ETC@0x26B10		slot	56					M0344
T599	Collection > Figures > character animation title	<r蝦蟇仙人|ガマせんにん>					NA2_ETC@0x26B60		slot	32					M0345
T600	Collection > Figures > character animation title	コレ<r一本|いっぽん>で<r十分|じゅうぶん>					NA2_ETC@0x26B90		slot	48					M2208
T601	Collection > Figures > character animation title	<r考|かんが>え<r事|ごと>					NA2_ETC@0x26BD0		slot	32					M2209
T602	Collection > Figures > character animation title	<r痛天脚|つうてんきゃく>					NA2_ETC@0x26C00		slot	32					M0346
T603	Collection > Figures > character animation title	お<r世話係|せわかか>り					NA2_ETC@0x26C40		slot	24					M2210
T604	Collection > Figures > character animation title	<r突撃|とつげき>！					NA2_ETC@0x26C70		slot	24					M0347
T605	Collection > Figures > character animation title	うんうん					NA2_ETC@0x26C98		slot	16					M2211
T606	Collection > Figures > character animation title	<r跳躍|ちょうやく>！					NA2_ETC@0x26CC0		slot	24					M2212
T607	Collection > Figures > character animation title	<r木遁|もくとん>・<r木錠壁|もくじょうへき>					NA2_ETC@0x26CF0		slot	48					M0348
T608	Collection > Figures > character animation title	<r不敵|ふてき>な<r笑|え>み					NA2_ETC@0x26D30		slot	32					M0349
T609	Collection > Figures > character animation title	<r脅威|きょうい>の<r存在|そんざい>					NA2_ETC@0x26DA0		slot	40					M0351
T610	Collection > Figures > character animation title	<r大蛇丸|オロチまる>への<r忠誠|ちゅうせい>					NA2_ETC@0x26DE0		slot	48					M0352
T611	Collection > Figures > character animation title	あーあ…					NA2_ETC@0x26E20		slot	16					M2213
T612	Collection > Figures > character animation title	ストック					NA2_ETC@0x26E40		slot	16					M0353
T613	Collection > Figures > character animation title	<r冷|つめ>たい<r視線|しせん>					NA2_ETC@0x26E60		slot	32					M2214
T614	Collection > Figures > character animation title	<r草薙|くさなぎ>の<r剣|つるぎ>！					NA2_ETC@0x26E90		slot	40					M2215
T615	Collection > Figures > character animation title	<r千鳥|ちどり>					NA2_ETC@0x26EC8		slot	28					M0354
T616	Collection > Figures > character animation title	ふー…					NA2_SLPS@0x507058		slot	8					M2216
T617	Collection > Figures > character animation title	さて…					NA2_SLPS@0x5070A8		slot	8					M2219
T618	Collection > Figures > character animation title	エヘヘ					NA2_SLPS@0x507110		slot	8					M2217
T619	Collection > Movie list > scene title	<r紅班勢揃|くれないはんせいぞろ>い					NA2_ETC@0x2d950		slot	40					M0777
T620	Collection > Movie list > scene title	いのシカチョウトリオ					NA2_ETC@0x2D9D0		slot	24					M0787
T621	Collection > Movie list > scene title	ナルトの<r帰郷|ききょう>					NA2_ETC@0x2da30		slot	32					M0778
T622	Collection > Movie list > scene title	<r風影|かぜかげ>の<r闘|たたか>い					NA2_ETC@0x2da70		slot	40					M0779
T623	Collection > Movie list > scene title	<r木|こ>ノ<r葉|は>の<r白|しろ>い<r牙|きば>！？					NA2_ETC@0x2dae0		slot	48					M0780
T624	Collection > Movie list > scene title	“<r暁|あかつき>”の<r目的|もくてき>					NA2_ETC@0x2db80		slot	40					M0781
T625	Collection > Movie list > scene title	<r傀儡師|くぐつし>の<r激闘|げきとう>					NA2_ETC@0x2dc30		slot	40					M0782
T626	Collection > Movie list > scene title	<r突然|とつぜん>の<r襲撃|しゅうげき>！					NA2_ETC@0x2dca0		slot	40					M0783
T627	Collection > Movie list > scene title	<r人外|じんがい>の<r闘|たたか>い					NA2_ETC@0x2de70		slot	40					M0784
T628	Collection > Movie list > scene title	<r運命|うんめい>の<r再会|さいかい>					NA2_ETC@0x2df50		slot	40					M0785
T629	Collection > Movie list > scene title	<r漆黒|しっこく>に<r浮|う>かぶ<r影|かげ>					NA2_ETC@0x2dff0		slot	48					M0786
T630	Collection > Movies > movie title	<ruby再会|さいかい>の<ruby時|とき>・<ruby壱|いち>					NA2_SLPS@0x2FFBA0		slot	64					M0770
T631	Collection > Movies > movie title	<ruby封印術|ふういんじゅつ>・<ruby幻龍九封尽|げんりゅうきゅうふうじん>					NA2_SLPS@0x2ffbe0		slot	80					M0771
T632	Collection > Movies > movie title	<ruby常闇|とこやみ>の<ruby者|もの>たち					NA2_SLPS@0x2ffc30		slot	48					M0772
T633	Collection > Movies > movie title	<ruby忍法|にんぽう>・<ruby超獣偽画|ちょうじゅうぎが>					NA2_SLPS@0x2ffc60		slot	64					M0773
T634	Collection > Movies > movie title	<ruby第四|だいよん>の<ruby覚醒|かくせい>					NA2_SLPS@0x2ffca0		slot	48					M0774
T635	Collection > Movies > movie title	<ruby再会|さいかい>の<ruby時|とき>・<ruby弐|に>					NA2_SLPS@0x2ffcd0		slot	48					M0775
T636	Collection > Movies > movie title	スタッフロール					NA2_SLPS@0x2ffd00		slot	28					M0776
T637	Collection > Music > track title	<r木|こ>ノ<r葉|は><r隠|がく>れの<r里|さと>					NA2_ETC@0x2B2E0		slot	48					M0361
T638	Collection > Music > track title	<r木|こ>ノ<r葉|は>の<r門|もん>					NA2_ETC@0x2B310		slot	32					M0362
T639	Collection > Music > track title	<r五封結界|ごふうけっかい>の<r崖|がけ>					NA2_ETC@0x2B330		slot	48					M0363
T640	Collection > Music > track title	<r暁|あかつき>のアジト					NA2_ETC@0x2B360		slot	32					M0364
T641	Collection > Music > track title	<r根|ね>の<r本部|ほんぶ>					NA2_ETC@0x2B380		slot	32					M0365
T642	Collection > Music > track title	<r天地橋|てんちきょう>					NA2_ETC@0x2B3A0		slot	32					M0366
T643	Collection > Music > track title	<r大蛇丸|オロチまる>のアジト					NA2_ETC@0x2B3C0		slot	32					M0367
T644	Collection > Music > track title	<r大蛇|だいじゃ>の<r祭壇|さいだん>					NA2_ETC@0x2B3E0		slot	48					M0368
T645	Collection > Music > track title	<r賑|にぎ>わいの<r里|さと>					NA2_ETC@0x2B410		slot	32					M0369
T646	Collection > Music > track title	<r火影|ほかげ>の<r屋敷|やしき>					NA2_ETC@0x2B430		slot	32					M0370
T647	Collection > Music > track title	<r世界|せかい>を<r駆|か>ける					NA2_ETC@0x2B450		slot	32					M0371
T648	Collection > Music > track title	<r砂隠|すながく>れの<r里|さと>					NA2_ETC@0x2B470		slot	32					M0372
T649	Collection > Music > track title	<r邪傑|じゃけつ>の<r巣穴|すあな>					NA2_ETC@0x2B490		slot	48					M0373
T650	Collection > Music > track title	<r赤雲|せきうん>					NA2_ETC@0x2B4C0		slot	32					M0374
T651	Collection > Music > track title	<r激戦|げきせん>を<r越|こ>えて					NA2_ETC@0x2B4E0		slot	32					M0375
T652	Collection > Music > track title	カカシ<r道場|どうじょう>					NA2_ETC@0x2B500		slot	32					M0376
T653	Collection > Music > track title	やすらぎと<r再会|さいかい>と					NA2_ETC@0x2B520		slot	32					M0377
T654	Collection > Music > track title	<r暗雲|あんうん><r来|きた>る					NA2_ETC@0x2B540		slot	32					M0378
T655	Collection > Music > track title	<r風影|かぜかげ><r襲撃|しゅうげき>					NA2_ETC@0x2B560		slot	48					M0379
T656	Collection > Music > track title	<r緊急指令|きんきゅうしれい>					NA2_ETC@0x2B590		slot	32					M0380
T657	Collection > Music > track title	<r走|はし>る<r緊迫|きんぱく>					NA2_ETC@0x2B5B0		slot	32					M0381
T658	Collection > Music > track title	<r恐|おそ>ろしき<r怪人|かいじん>					NA2_ETC@0x2B5D0		slot	48					M0382
T659	Collection > Music > track title	<r真紅|しんく>の<r激闘|げきとう>					NA2_ETC@0x2B600		slot	48					M0383
T660	Collection > Music > track title	<r闇|やみ>を<r抱|いだ>きし<r者|もの>たち					NA2_ETC@0x2B630		slot	48					M0384
T661	Collection > Music > track title	<r虚|うつ>ろ<r消|き>えゆく<r世界|せかい>					NA2_ETC@0x2B660		slot	48					M0385
T662	Collection > Music > track title	<r絆|きずな>					NA2_ETC@0x2B690		slot	16					M0386
T663	Collection > Music > track title	<r偽|いつわ>りの<r存在|そんざい>					NA2_ETC@0x2B6A0		slot	48					M0387
T664	Collection > Music > track title	<r最凶|さいきょう>の<r傀儡師|くぐつし>					NA2_ETC@0x2B6D0		slot	48					M0388
T665	Collection > Music > track title	<r決意|けつい><r固|かた>めて					NA2_ETC@0x2B700		slot	32					M0389
T666	Collection > Music > track title	サクラ<r舞|ま>う					NA2_ETC@0x2B720		slot	32					M0390
T667	Collection > Music > track title	<r猛|た>け<r吼|ほ>ゆる<r者|もの>					NA2_ETC@0x2B740		slot	48					M0391
T668	Collection > Music > track title	<r願|ねが>い…<r空|そら>に<r舞|ま>いて					NA2_ETC@0x2B770		slot	48					M0392
T669	Collection > Music > track title	<r新生|しんせい>の<r一斑|いっぱん>					NA2_ETC@0x2B7A0		slot	48					M0393
T670	Collection > Music > track title	<r碧|あお>き<r背中|せなか>					NA2_ETC@0x2B7D0		slot	32					M0394
T671	Collection > Music > track title	<r巨悪現|きょあくあらわ>る					NA2_ETC@0x2B7F0		slot	32					M0395
T672	Collection > Music > track title	<r荒|あ>れ<r狂|くる>う<r獣|けもの>					NA2_ETC@0x2B810		slot	48					M0396
T673	Collection > Music > track title	<r切迫|せっぱく>の<r二人|ふたり>					NA2_ETC@0x2B840		slot	48					M0397
T674	Collection > Music > track title	<r帰|かえ>るべき<r場所|ばしょ>へ					NA2_ETC@0x2B870		slot	40					M0398
T675	Collection > Music > track title	オルゴール					NA2_ETC@0x2B898		slot	28					M0399
T676	Collection > quit confirmation	<color080860>コレクション<color000000>を<r終了|しゅうりょう>しますか？					NA2_ETC@0x24F50		slot	72					M0788
T677	Collection > Voice > character voice title	<r悲|かな>しみと<r怒|いか>り					NA2_ETC@0x2BB60		slot	32					M0400
T678	Collection > Voice > character voice title	ナルトの<r決意|けつい>					NA2_ETC@0x2BB80		slot	32					M0401
T679	Collection > Voice > character voice title	<r激情|げきじょう>					NA2_ETC@0x2BBA0		slot	32					M0402
T680	Collection > Voice > character voice title	<r二人|ふたり>の<r繋|つな>がり					NA2_ETC@0x2BBC0		slot	32					M0403
T681	Collection > Voice > character voice title	<r再会|さいかい>…そして…					NA2_ETC@0x2BBE0		slot	32					M0404
T682	Collection > Voice > character voice title	サクラの<r約束|やくそく>					NA2_ETC@0x2BC00		slot	32					M0405
T683	Collection > Voice > character voice title	<r決意|けつい>					NA2_ETC@0x2BC20		slot	16					M0406
T684	Collection > Voice > character voice title	<r負|ま>けん<r気|き>					NA2_ETC@0x2BC30		slot	24					M0407
T685	Collection > Voice > character voice title	ナルトのために					NA2_ETC@0x2BC48		slot	24					M0408
T686	Collection > Voice > character voice title	いつも<r通|どお>り					NA2_ETC@0x2BC60		slot	32					M0409
T687	Collection > Voice > character voice title	<r初|はじ>めての<r一言|ひとこと>					NA2_ETC@0x2BC80		slot	48					M0410
T688	Collection > Voice > character voice title	<r狙|ねら>ったキャラ<r位置|いち>					NA2_ETC@0x2BCB0		slot	48					M0411
T689	Collection > Voice > character voice title	<r冷|つめ>たい<r言葉|ことば>					NA2_ETC@0x2BCE0		slot	32					M0412
T690	Collection > Voice > character voice title	<r感情|かんじょう>					NA2_ETC@0x2BD00		slot	32					M0721
T691	Collection > Voice > character voice title	<r確|たし>かめたいもの					NA2_ETC@0x2BD20		slot	32					M0722
T692	Collection > Voice > character voice title	カカシの<r本気|ほんき>					NA2_ETC@0x2BD40		slot	32					M0723
T693	Collection > Voice > character voice title	<r成長|せいちょう>への<r喜|よろこ>び					NA2_ETC@0x2BD60		slot	48					M0413
T694	Collection > Voice > character voice title	ナルトの<r気持|きも>ち・<r壱|いち>					NA2_ETC@0x2BD90		slot	48					M0414
T695	Collection > Voice > character voice title	ナルトの<r気持|きも>ち・<r弐|に>					NA2_ETC@0x2BDC0		slot	48					M0415
T696	Collection > Voice > character voice title	<r正|ただ>しき<r道|みち>へ					NA2_ETC@0x2BDF0		slot	32					M0416
T697	Collection > Voice > character voice title	“<r暁|あかつき>”を<r前|まえ>に					NA2_ETC@0x2BE10		slot	48					M0417
T698	Collection > Voice > character voice title	<r偽者|にせもの>との<r遭遇|そうぐう>					NA2_ETC@0x2BE40		slot	48					M0418
T699	Collection > Voice > character voice title	<r勝利|しょうり>の<r確信|かくしん>					NA2_ETC@0x2BE70		slot	48					M0419
T700	Collection > Voice > character voice title	<r近距離戦|きんきょりせん>					NA2_ETC@0x2BEA0		slot	32					M0420
T701	Collection > Voice > character voice title	<r揺|ゆ>るぎない<r自信|じしん>					NA2_ETC@0x2BEC0		slot	32					M0421
T702	Collection > Voice > character voice title	<r修業不足|しゅぎょうぶそく>？					NA2_ETC@0x2BEE0		slot	32					M0422
T703	Collection > Voice > character voice title	<r勝利|しょうり>！					NA2_ETC@0x2BF00		slot	32					M0423
T704	Collection > Voice > character voice title	<r真剣勝負|しんけんしょうぶ>！					NA2_ETC@0x2BF20		slot	32					M0424
T705	Collection > Voice > character voice title	<r青春|せいしゅん>とは！					NA2_ETC@0x2BF40		slot	32					M0425
T706	Collection > Voice > character voice title	<r感激|かんげき>！					NA2_ETC@0x2BF60		slot	32					M0426
T707	Collection > Voice > character voice title	つっこみ<r役|やく>					NA2_ETC@0x2BF80		slot	32					M0427
T708	Collection > Voice > character voice title	テンテンの<r自信|じしん>					NA2_ETC@0x2BFA0		slot	32					M0428
T709	Collection > Voice > character voice title	<r勝負開始|しょうぶかいし>					NA2_ETC@0x2BFC0		slot	32					M0429
T710	Collection > Voice > character voice title	ちょっと<r感心|かんしん>					NA2_ETC@0x2BFE0		slot	32					M0430
T711	Collection > Voice > character voice title	<r川|かわ>の<r国|くに>へ！！					NA2_ETC@0x2C000		slot	32					M0431
T712	Collection > Voice > character voice title	<r獣|けもの>レベル…？					NA2_ETC@0x2C020		slot	32					M0432
T713	Collection > Voice > character voice title	<r高揚|こうよう>する<r心|こころ>！！					NA2_ETC@0x2C040		slot	40					M0433
T714	Collection > Voice > character voice title	さすがオレ！！					NA2_ETC@0x2C068		slot	24					M0434
T715	Collection > Voice > character voice title	<r謎|なぞ>の<r忍現|しのびあらわ>る					NA2_ETC@0x2C080		slot	40					M0435
T716	Collection > Voice > character voice title	やはりシカマル					NA2_ETC@0x2C0A8		slot	24					M2220
T717	Collection > Voice > character voice title	<r面倒|めんどう>くささ<r満点|まんてん>					NA2_ETC@0x2C0C0		slot	48					M0436
T718	Collection > Voice > character voice title	<r男|おとこ>の<r意地|いじ>					NA2_ETC@0x2C0F0		slot	32					M0437
T719	Collection > Voice > character voice title	<r明晰|めいせき>な<r頭脳|ずのう>					NA2_ETC@0x2C110		slot	48					M0438
T720	Collection > Voice > character voice title	ポッチャリ<r系|けい>					NA2_ETC@0x2C140		slot	32					M0724
T721	Collection > Voice > character voice title	<r強力|ごうりき>チョウジ					NA2_ETC@0x2C160		slot	32					M0439
T722	Collection > Voice > character voice title	シカマルとの<r連係|れんけい>					NA2_ETC@0x2C180		slot	32					M0440
T723	Collection > Voice > character voice title	<r準備万端|じゅんびばんたん>					NA2_ETC@0x2C1A0		slot	32					M0441
T724	Collection > Voice > character voice title	<r旧知|きゅうち>の<r仲|なか>					NA2_ETC@0x2C1C0		slot	32					M0442
T725	Collection > Voice > character voice title	いの<r登場|とうじょう>					NA2_ETC@0x2C1E0		slot	32					M0443
T726	Collection > Voice > character voice title	<r久々|ひさびさ>の<r対面|たいめん>					NA2_ETC@0x2C200		slot	48					M0444
T727	Collection > Voice > character voice title	サクラと<r共闘|きょうとう>？					NA2_ETC@0x2C230		slot	32					M0445
T728	Collection > Voice > character voice title	チョウジと<r連係|れんけい>					NA2_ETC@0x2C250		slot	32					M0446
T729	Collection > Voice > character voice title	<r自信満々|じしんまんまん>					NA2_ETC@0x2C270		slot	32					M0447
T730	Collection > Voice > character voice title	<r戦闘|せんとう>へ					NA2_ETC@0x2C290		slot	32					M0448
T731	Collection > Voice > character voice title	<r優|やさ>しい<r言葉|ことば>					NA2_ETC@0x2C2B0		slot	32					M0449
T732	Collection > Voice > character voice title	<r感謝|かんしゃ>					NA2_ETC@0x2C2D0		slot	32					M0450
T733	Collection > Voice > character voice title	アスマの<r意地|いじ>					NA2_ETC@0x2C2F0		slot	32					M0451
T734	Collection > Voice > character voice title	<r新|あら>たな<r手|て>					NA2_ETC@0x2C310		slot	32					M0452
T735	Collection > Voice > character voice title	ナルトとの<r再会|さいかい>					NA2_ETC@0x2C330		slot	32					M0453
T736	Collection > Voice > character voice title	<r大|おお>きくなった？					NA2_ETC@0x2C350		slot	32					M0454
T737	Collection > Voice > character voice title	ヒナタが<r倒|たお>れて					NA2_ETC@0x2C370		slot	32					M0455
T738	Collection > Voice > character voice title	ヒナタを<r守|まも>って					NA2_ETC@0x2C390		slot	24					M0456
T739	Collection > Voice > character voice title	キバとシノ					NA2_ETC@0x2C3A8		slot	16					M2221
T740	Collection > Voice > character voice title	シノとナルト					NA2_ETC@0x2C3B8		slot	24					M2222
T741	Collection > Voice > character voice title	<r拗|す>ねるシノ・<r壱|いち>					NA2_ETC@0x2C3D0		slot	32					M2223
T742	Collection > Voice > character voice title	<r拗|す>ねるシノ・<r弐|に>					NA2_ETC@0x2C3F0		slot	32					M2224
T743	Collection > Voice > character voice title	<r静|しず>かなる<r自信|じしん>					NA2_ETC@0x2C410		slot	32					M0457
T744	Collection > Voice > character voice title	<r微|かす>かな<r安心|あんしん>					NA2_ETC@0x2C430		slot	32					M0458
T745	Collection > Voice > character voice title	ナルトを<r見|み>かけて					NA2_ETC@0x2C450		slot	32					M0459
T746	Collection > Voice > character voice title	<r戦闘前|せんとうまえ>					NA2_ETC@0x2C470		slot	32					M0460
T747	Collection > Voice > character voice title	つのる<r心配|しんぱい>					NA2_ETC@0x2C490		slot	32					M0461
T748	Collection > Voice > character voice title	ナルトの<r助太刀|すけだち>					NA2_ETC@0x2C4B0		slot	32					M0462
T749	Collection > Voice > character voice title	<r感謝|かんしゃ>の<r言葉|ことば>					NA2_ETC@0x2C4D0		slot	48					M0463
T750	Collection > Voice > character voice title	<r幻術使|げんじゅつつか>い					NA2_ETC@0x2C500		slot	32					M0464
T751	Collection > Voice > character voice title	アスマと<r共闘|きょうとう>					NA2_ETC@0x2C520		slot	32					M0465
T752	Collection > Voice > character voice title	<r共|とも>に…！					NA2_ETC@0x2C540		slot	32					M0466
T753	Collection > Voice > character voice title	<r肩透|かたす>かし					NA2_ETC@0x2C560		slot	32					M0467
T754	Collection > Voice > character voice title	<r不注意厳禁|ふちゅういげんきん>					NA2_ETC@0x2C580		slot	48					M0468
T755	Collection > Voice > character voice title	<r風影|かぜかげ>として					NA2_ETC@0x2C5B0		slot	32					M0469
T756	Collection > Voice > character voice title	<r空虚|くうきょ>な<r世界|せかい>で					NA2_ETC@0x2C5D0		slot	48					M0470
T757	Collection > Voice > character voice title	<r存在|そんざい>					NA2_ETC@0x2C600		slot	32					M0471
T758	Collection > Voice > character voice title	<r新|あたら>しい<r自分|じぶん>					NA2_ETC@0x2C620		slot	32					M0472
T759	Collection > Voice > character voice title	<r弟|おとうと>のために					NA2_ETC@0x2C640		slot	24					M0473
T760	Collection > Voice > character voice title	<r驚|おどろ>き					NA2_ETC@0x2C658		slot	24					M0474
T761	Collection > Voice > character voice title	<r滲|にじ>み<r出|で>る<r悔|くや>しさ					NA2_ETC@0x2C670		slot	48					M0475
T762	Collection > Voice > character voice title	<r自慢|じまん>の<r傀儡|くぐつ>					NA2_ETC@0x2C6A0		slot	32					M0476
T763	Collection > Voice > character voice title	<r姉|あね>と<r共|とも>に					NA2_ETC@0x2C6C0		slot	32					M0477
T764	Collection > Voice > character voice title	<r風|かぜ>の<r使|つか>い<r手|て>					NA2_ETC@0x2C6E0		slot	48					M0478
T765	Collection > Voice > character voice title	<r我愛羅|ガアラ>の<r前|まえ>で					NA2_ETC@0x2C710		slot	32					M0479
T766	Collection > Voice > character voice title	<r手加減|てかげん>					NA2_ETC@0x2C730		slot	32					M0480
T767	Collection > Voice > character voice title	<r姉|あね>の<r喜|よろこ>び					NA2_ETC@0x2C750		slot	32					M0725
T768	Collection > Voice > character voice title	<r邂逅|かいこう>					NA2_ETC@0x2C770		slot	32					M0481
T769	Collection > Voice > character voice title	<r忠告|ちゅうこく>					NA2_ETC@0x2C790		slot	24					M0726
T770	Collection > Voice > character voice title	<r余裕|よゆう>					NA2_ETC@0x2C7A8		slot	24					M0727
T771	Collection > Voice > character voice title	<r九尾|きゅうび>の<r人柱力|じんちゅうりき>					NA2_ETC@0x2C7C0		slot	48					M0482
T772	Collection > Voice > character voice title	<r強者|きょうしゃ>の<r男|おとこ>					NA2_ETC@0x2C7F0		slot	48					M0483
T773	Collection > Voice > character voice title	<r珍獣|ちんじゅう>との<r再会|さいかい>					NA2_ETC@0x2C820		slot	48					M0484
T774	Collection > Voice > character voice title	<r獣|けもの>レベル					NA2_ETC@0x2C850		slot	32					M0485
T775	Collection > Voice > character voice title	<r襲|おそ>い<r掛|か>かる<r鬼鮫|キサメ>					NA2_ETC@0x2C870		slot	48					M0486
T776	Collection > Voice > character voice title	<r高揚|こうよう>する<r心|こころ>					NA2_ETC@0x2C8A0		slot	48					M0487
T777	Collection > Voice > character voice title	<r苛立|いらだ>ち					NA2_ETC@0x2C8D0		slot	32					M0488
T778	Collection > Voice > character voice title	<r一尾|いちび>の<r人柱力|じんちゅうりき>					NA2_ETC@0x2C8F0		slot	48					M0489
T779	Collection > Voice > character voice title	<r刺激|しげき>を<r求|もと>めて					NA2_ETC@0x2C920		slot	32					M0490
T780	Collection > Voice > character voice title	<r変|か>わり<r者|もの>					NA2_ETC@0x2C940		slot	32					M0491
T781	Collection > Voice > character voice title	デイダラの<r挑発|ちょうはつ>					NA2_ETC@0x2C960		slot	32					M0492
T782	Collection > Voice > character voice title	<r予告|よこく>					NA2_ETC@0x2C980		slot	16					M0493
T783	Collection > Voice > character voice title	ギャハギャハギャハ！					NA2_ETC@0x2C990		slot	24					M2225
T784	Collection > Voice > character voice title	できること					NA2_ETC@0x2C9A8		slot	24					M2226
T785	Collection > Voice > character voice title	<r最後|さいご>の<r喜|よろこ>び					NA2_ETC@0x2C9C0		slot	32					M0494
T786	Collection > Voice > character voice title	<r砂|すな>と<r木|こ>ノ<r葉|は>					NA2_ETC@0x2C9E0		slot	32					M0495
T787	Collection > Voice > character voice title	<r最後|さいご>のお<r願|ねが>い					NA2_ETC@0x2CA00		slot	32					M0496
T788	Collection > Voice > character voice title	サソリの<r性格|せいかく>					NA2_ETC@0x2CA20		slot	32					M0497
T789	Collection > Voice > character voice title	<r三代目風影|さんだいめかぜかげ>					NA2_ETC@0x2CA40		slot	48					M0498
T790	Collection > Voice > character voice title	<r自分傀儡|じぶんくぐつ>					NA2_ETC@0x2CA70		slot	32					M0499
T791	Collection > Voice > character voice title	<r止|と>まる<r傀儡|くぐつ>					NA2_ETC@0x2CA90		slot	32					M0500
T792	Collection > Voice > character voice title	<r自来也|じらいや>の<r魅力|みりょく>？					NA2_ETC@0x2CAB0		slot	48					M0501
T793	Collection > Voice > character voice title	<r取材|しゅざい>					NA2_ETC@0x2CAE0		slot	32					M0502
T794	Collection > Voice > character voice title	<r因縁|いんねん>のケリ					NA2_ETC@0x2CB00		slot	32					M0503
T795	Collection > Voice > character voice title	<r高笑|たかわら>い					NA2_ETC@0x2CB20		slot	32					M0504
T796	Collection > Voice > character voice title	<r三忍|さんにん>の<r実力|じつりょく>					NA2_ETC@0x2CB40		slot	40					M0505
T797	Collection > Voice > character voice title	<r監視|かんし>					NA2_ETC@0x2CB68		slot	24					M0506
T798	Collection > Voice > character voice title	<r決着|けっちゃく>の<r時|とき>					NA2_ETC@0x2CB80		slot	32					M0507
T799	Collection > Voice > character voice title	<r綱手|ツナデ>の<r性格|せいかく>					NA2_ETC@0x2CBA0		slot	48					M0508
T800	Collection > Voice > character voice title	<r五代目火影|ごだいめほかげ>					NA2_ETC@0x2CBD0		slot	32					M0509
T801	Collection > Voice > character voice title	<r綱手|ツナデ>と<r組手|くみて>					NA2_ETC@0x2CBF0		slot	32					M0510
T802	Collection > Voice > character voice title	<r本領発揮|ほんりょうはっき>					NA2_ETC@0x2CC10		slot	32					M0511
T803	Collection > Voice > character voice title	<r付|つ>き<r人|びと>シズネ					NA2_ETC@0x2CC30		slot	32					M0512
T804	Collection > Voice > character voice title	<r医療忍者|いりょうにんじゃ>として					NA2_ETC@0x2CC50		slot	40					M0513
T805	Collection > Voice > character voice title	おめでとう！					NA2_ETC@0x2CC78		slot	24					M0514
T806	Collection > Voice > character voice title	<r代行|だいこう>の<r男|おとこ>					NA2_ETC@0x2CC90		slot	32					M0515
T807	Collection > Voice > character voice title	チームワーク					NA2_ETC@0x2CCB0		slot	16					M0516
T808	Collection > Voice > character voice title	<r共通|きょうつう>の<r目的|もくてき>					NA2_ETC@0x2CCC0		slot	48					M0517
T809	Collection > Voice > character voice title	<r軽|かる>い<r挑発|ちょうはつ>					NA2_ETC@0x2CCF0		slot	32					M0518
T810	Collection > Voice > character voice title	<r行動|こうどう>あるのみ					NA2_ETC@0x2CD10		slot	32					M0519
T811	Collection > Voice > character voice title	<r大蛇丸|オロチまる><r現|あらわ>る					NA2_ETC@0x2CD30		slot	48					M0520
T812	Collection > Voice > character voice title	<r挑発|ちょうはつ>					NA2_ETC@0x2CD60		slot	32					M0521
T813	Collection > Voice > character voice title	<r二人|ふたり>の<r対比|たいひ>					NA2_ETC@0x2CD80		slot	32					M0522
T814	Collection > Voice > character voice title	<r五年|ごねん>ぶりの<r再会|さいかい>					NA2_ETC@0x2CDC0		slot	48					M0524
T815	Collection > Voice > character voice title	<r共感|きょうかん>					NA2_ETC@0x2CDF0		slot	32					M0525
T816	Collection > Voice > character voice title	カブトの<r挑発|ちょうはつ>					NA2_ETC@0x2CE10		slot	32					M0728
T817	Collection > Voice > character voice title	<r感心|かんしん>					NA2_ETC@0x2CE30		slot	32					M0526
T818	Collection > Voice > character voice title	サスケの<r存在|そんざい>					NA2_ETC@0x2CE50		slot	32					M0729
T819	Collection > Voice > character voice title	ナルトとサスケ					NA2_ETC@0x2CE70		slot	16					M2227
T820	Collection > Voice > character voice title	<r気|き>まぐれ					NA2_ETC@0x2CE80		slot	16					M0730
T821	Collection > Voice > character voice title	<r愚|おろ>かなること					NA2_ETC@0x2CE90		slot	32					M0527
T822	Collection > Voice > character voice title	<r兄|あに>との<r繋|つな>がり					NA2_ETC@0x2CEB0		slot	32					M0731
T823	Collection > Voice > character voice title	<r目障|めざわ>りな<r存在|そんざい>					NA2_ETC@0x2CED0		slot	52					M0732
T824	Collection > Voice > character voice title	ノルマ					NA2_SLPS@0x507160		slot	8					M2228
T825	Command Chart > character move name	<r多重影分身|たじゅうかげぶんしん>の<r術|じゅつ>					NA2_SLPS@0x30CA80		slot	64					M0860
T826	Command Chart > character move name	<r螺旋丸|らせんがん>					NA2_SLPS@0x30CAC0		slot	32					M0861
T827	Command Chart > character move name	<r特攻蹴撃|とっこうしゅうげき>					NA2_SLPS@0x30CAE0		slot	32					M0855
T828	Command Chart > character move name	<r跳爆激|ちょうばくげき>					NA2_SLPS@0x30CB00		slot	32					M0862
T829	Command Chart > character move name	<r分身脳天割|ぶんしんのうてんわ>り					NA2_SLPS@0x30CB20		slot	48					M0863
T830	Command Chart > character move name	<r跳影撃|ちょうえいげき>					NA2_SLPS@0x30CB50		slot	32					M0864
T831	Command Chart > character move name	うずまき<r大回転|だいかいてん>					NA2_SLPS@0x30CB70		slot	32					M0865
T832	Command Chart > character move name	<r分身旋回蹴|ぶんしんせんかいげ>り					NA2_SLPS@0x30CB90		slot	48					M0866
T833	Command Chart > character move name	<r分身特攻弾|ぶんしんとっこうだん>					NA2_SLPS@0x30CBC0		slot	48					M0867
T834	Command Chart > character move name	<r分身|ぶんしん>うずまき<r昇竜|しょうりゅう>					NA2_SLPS@0x30CBF0		slot	48					M0868
T835	Command Chart > character move name	<r大車輪|だいしゃりん>					NA2_SLPS@0x30CC20		slot	32					M0869
T836	Command Chart > character move name	<r大風車|だいふうしゃ>					NA2_SLPS@0x30CC40		slot	32					M0870
T837	Command Chart > character move name	<r大蹴激|だいしゅうげき>					NA2_SLPS@0x30CC60		slot	32					M0871
T838	Command Chart > character move name	<r竹蜻蛉|たけとんぼ>					NA2_SLPS@0x30CC80		slot	32					M0872
T839	Command Chart > character move name	<r無双豪炎弾|むそうごうえんだん>					NA2_SLPS@0x312200		slot	40					M0873
T840	Command Chart > character move name	<r千鳥|ちどり>					NA2_SLPS@0x312228		slot	24					M0874
T841	Command Chart > character move name	<r潜鉄爪|せんてっそう>					NA2_SLPS@0x312240		slot	32					M0875
T842	Command Chart > character move name	<r火砕突|かさいとつ>					NA2_SLPS@0x312260		slot	32					M0876
T843	Command Chart > character move name	<r疾風脚|しっぷうきゃく>					NA2_SLPS@0x312280		slot	32					M0877
T844	Command Chart > character move name	<r炎上羽|えんじょうばね>					NA2_SLPS@0x3122A0		slot	32					M0878
T845	Command Chart > character move name	<r炎華脚|えんがきゃく>					NA2_SLPS@0x3122C0		slot	32					M0879
T846	Command Chart > character move name	<r直華脚|ちょっかきゃく>					NA2_SLPS@0x3122E0		slot	32					M0880
T847	Command Chart > character move name	<r旋炎撃|せんえんげき>					NA2_SLPS@0x312300		slot	32					M0881
T848	Command Chart > character move name	<r背負|せお>い<r投|な>げ					NA2_SLPS@0x312320		slot	32					M0882
T849	Command Chart > character move name	<r火塵乱舞|かじんらんぶ>					NA2_SLPS@0x312340		slot	32					M0883
T850	Command Chart > character move name	<r火円落脚|かえんらくきゃく>					NA2_SLPS@0x312360		slot	32					M0884
T851	Command Chart > character move name	<r隼落|はやぶさお>とし					NA2_SLPS@0x312380		slot	32					M0885
T852	Command Chart > character move name	<r迸火乱舞|へいからんぶ>					NA2_SLPS@0x3123A0		slot	32					M0886
T853	Command Chart > character move name	<r木|こ>ノ<r葉烈風|はれっぷう>					NA2_SLPS@0x317940		slot	32					M0887
T854	Command Chart > character move name	<r木|こ>ノ<r葉大旋風|はだいせんぷう>					NA2_SLPS@0x317960		slot	48					M0888
T855	Command Chart > character move name	<r碧|あお>い<r閃光|せんこう>					NA2_SLPS@0x317990		slot	32					M0889
T856	Command Chart > character move name	<r剛肩突破|ごうけんとっぱ>					NA2_SLPS@0x3179B0		slot	32					M0890
T857	Command Chart > character move name	<r三連剛脚|さんれんごうきゃく>					NA2_SLPS@0x3179D0		slot	32					M0891
T858	Command Chart > character move name	<r碧|あお>い<r衝撃|しょうげき>					NA2_SLPS@0x3179F0		slot	32					M0892
T859	Command Chart > character move name	<r落葉天舞|らくようてんぶ>					NA2_SLPS@0x317A10		slot	32					M0893
T860	Command Chart > character move name	<r旋風烈破|せんぷうれっぱ>					NA2_SLPS@0x317A30		slot	32					M0894
T861	Command Chart > character move name	<r練気拳|れんきけん>					NA2_SLPS@0x317A50		slot	32					M0895
T862	Command Chart > character move name	<r碧|あお>い<r咆哮|ほうこう>					NA2_SLPS@0x317A70		slot	32					M0896
T863	Command Chart > character move name	<r碧|あお>い<r突風|とっぷう>					NA2_SLPS@0x317A90		slot	32					M0897
T864	Command Chart > character move name	<r碧|あお>い<r烈風|れっぷう>					NA2_SLPS@0x317AB0		slot	32					M0898
T865	Command Chart > character move name	<r碧|あお>い<r旋風|せんぷう>					NA2_SLPS@0x317AD0		slot	32					M0899
T866	Command Chart > character move name	<r碧|あお>い<r疾風|しっぷう>					NA2_SLPS@0x317AF0		slot	32					M0900
T867	Command Chart > character move name	<r砂瀑送葬|さばくそうそう>					NA2_SLPS@0x31CAB0		slot	32					M0901
T868	Command Chart > character move name	<r砂時雨|すなしぐれ>					NA2_SLPS@0x31CAD0		slot	32					M0902
T869	Command Chart > character move name	<r翔陣砂|しょうじんさ>					NA2_SLPS@0x31CAF0		slot	32					M0903
T870	Command Chart > character move name	<r波追砂|はついさ>					NA2_SLPS@0x31CB10		slot	32					M0904
T871	Command Chart > character move name	<r流壁砂|りゅうへきさ>					NA2_SLPS@0x31CB30		slot	32					M0905
T872	Command Chart > character move name	<r縛落砂|ばくらくさ>					NA2_SLPS@0x31CB50		slot	32					M0906
T873	Command Chart > character move name	<r噴塵砂|ふんじんさ>					NA2_SLPS@0x31CB70		slot	24					M0907
T874	Command Chart > character move name	<r握砂|あくさ>					NA2_SLPS@0x31CB88		slot	24					M0908
T875	Command Chart > character move name	<r瀑流砂|ばくりゅうさ>					NA2_SLPS@0x31CBA0		slot	32					M0909
T876	Command Chart > character move name	<r瀑縛砂|ばくばくさ>					NA2_SLPS@0x31CBC0		slot	32					M0910
T877	Command Chart > character move name	<r昇瀑砂|しょうばくさ>					NA2_SLPS@0x31CBE0		slot	32					M0911
T878	Command Chart > character move name	<r落瀑砂|らくばくさ>					NA2_SLPS@0x31CC00		slot	32					M0912
T879	Command Chart > character move name	<r縛跳砂|ばくちょうさ>					NA2_SLPS@0x31CC20		slot	32					M0913
T880	Command Chart > character move name	<r空瀑砂|くうばくさ>					NA2_SLPS@0x31CC40		slot	32					M0914
T881	Command Chart > character move name	<r影真似|かげまね>の<r術|じゅつ>					NA2_SLPS@0x321FA0		slot	48					M0915
T882	Command Chart > character move name	<r爆式影潜|ばくしきえいせん>					NA2_SLPS@0x321FD0		slot	32					M0916
T883	Command Chart > character move name	<r子鹿返|こじかがえ>り					NA2_SLPS@0x321FF0		slot	24					M0917
T884	Command Chart > character move name	<r鹿旋|かせん>					NA2_SLPS@0x322008		slot	16					M0918
T885	Command Chart > character move name	<r鹿落|からく>					NA2_SLPS@0x322018		slot	24					M0919
T886	Command Chart > character move name	<r無影潜|むえいせん>					NA2_SLPS@0x322030		slot	32					M0920
T887	Command Chart > character move name	<r待影払|まちかげはら>い					NA2_SLPS@0x322050		slot	32					M0921
T888	Command Chart > character move name	<r影放刺|かげぼうし>					NA2_SLPS@0x322070		slot	32					M0922
T889	Command Chart > character move name	<r影渫|かげざら>い					NA2_SLPS@0x322090		slot	24					M0923
T890	Command Chart > character move name	<r鹿突|かとつ>					NA2_SLPS@0x3220A8		slot	24					M0924
T891	Command Chart > character move name	<r後影|ごかげ>すくい					NA2_SLPS@0x3220C0		slot	32					M0925
T892	Command Chart > character move name	<r昇影|しょうえい>					NA2_SLPS@0x3220E0		slot	32					M0926
T893	Command Chart > character move name	<r落影|らくえい>					NA2_SLPS@0x322100		slot	32					M0927
T894	Command Chart > character move name	<r後影落|ごかげお>とし					NA2_SLPS@0x322120		slot	24					M0928
T895	Command Chart > character move name	<r飛影|ひえい>					NA2_SLPS@0x322138		slot	24					M0929
T896	Command Chart > character move name	<r八卦掌嵐舞|はっけしょうらんぶ>					NA2_SLPS@0x327540		slot	48					M0930
T897	Command Chart > character move name	<r回天|かいてん>					NA2_SLPS@0x327570		slot	32					M0931
T898	Command Chart > character move name	<r蒼空昇華脚|そうくうしょうかきゃく>					NA2_SLPS@0x327590		slot	48					M0932
T899	Command Chart > character move name	<r破経三連撃|はけいさんれんげき>					NA2_SLPS@0x3275C0		slot	48					M0933
T900	Command Chart > character move name	<r蒼葬襲連撃|そうそうしゅうれんげき>					NA2_SLPS@0x3275F0		slot	48					M0934
T901	Command Chart > character move name	<r白気開放|びゃっきかいほう>					NA2_SLPS@0x327620		slot	32					M0935
T902	Command Chart > character move name	<r無限経突|むげんけいとつ>					NA2_SLPS@0x327640		slot	32					M0936
T903	Command Chart > character move name	<r襲天崩撃|しゅうてんほうげき>					NA2_SLPS@0x327660		slot	32					M0937
T904	Command Chart > character move name	<r旋落脚|せんらくきゃく>					NA2_SLPS@0x327680		slot	32					M0938
T905	Command Chart > character move name	<r瞬経連突|しゅんけいれんとつ>					NA2_SLPS@0x3276A0		slot	32					M0939
T906	Command Chart > character move name	<r経烈撃|けいれつげき>					NA2_SLPS@0x3276C0		slot	32					M0940
T907	Command Chart > character move name	<r天蹴乱舞|てんしゅうらんぶ>					NA2_SLPS@0x3276E0		slot	32					M0941
T908	Command Chart > character move name	<r天拳乱舞|てんけんらんぶ>					NA2_SLPS@0x327700		slot	32					M0942
T909	Command Chart > character move name	<r衝背双脚|しょうはいそうきゃく>					NA2_SLPS@0x327720		slot	48					M0943
T910	Command Chart > character move name	<r天掌乱舞|てんしょうらんぶ>					NA2_SLPS@0x327750		slot	32					M0944
T911	Command Chart > character move name	メルヘンゲット					NA2_SLPS@0x32C938		slot	24					M0945
T912	Command Chart > character move name	<r分身|ぶんしん>コンボ					NA2_SLPS@0x32C950		slot	32					M0946
T913	Command Chart > character move name	<r痴漢撃退|ちかんげきたい>コンボ					NA2_SLPS@0x32C970		slot	48					M0947
T914	Command Chart > character move name	<r折檻|せっかん>コンボ					NA2_SLPS@0x32C9A0		slot	32					M0948
T915	Command Chart > character move name	<r断裂|だんれつ>コンボ					NA2_SLPS@0x32C9C0		slot	32					M0949
T916	Command Chart > character move name	<r乙女|おとめ>の<r怒|いか>り					NA2_SLPS@0x32C9E0		slot	32					M0950
T917	Command Chart > character move name	<r乙女|おとめ>の<r底力|そこぢから>					NA2_SLPS@0x32CA00		slot	48					M0951
T918	Command Chart > character move name	<r足蹴|あしげ>コンボ					NA2_SLPS@0x32CA30		slot	32					M0952
T919	Command Chart > character move name	ウザイ<r奴撲殺術|やつぼくさつじゅつ>					NA2_SLPS@0x32CA50		slot	48					M0953
T920	Command Chart > character move name	<r悪漢撃退術|あっかんげきたいじゅつ>					NA2_SLPS@0x32CA80		slot	48					M0954
T921	Command Chart > character move name	<r空中殺法|くうちゅうさっぽう>　<r上|じょう>					NA2_SLPS@0x32CAB0		slot	48					M0955
T922	Command Chart > character move name	<r空中殺法|くうちゅうさっぽう>　<r下|げ>					NA2_SLPS@0x32CAE0		slot	48					M0956
T923	Command Chart > character move name	<r回転殺法|かいてんさっぽう>					NA2_SLPS@0x32CB10		slot	32					M0957
T924	Command Chart > character move name	<r空中殺法|くうちゅうさっぽう>　<r中|ちゅう>					NA2_SLPS@0x32CB30		slot	48					M0958
T925	Command Chart > character move name	<r千殺水翔|せんさつすいしょう>					NA2_SLPS@0x331AD0		slot	32					M0959
T926	Command Chart > character move name	<r魔鏡薄氷|まきょうはくひょう>					NA2_SLPS@0x331AF0		slot	32					M0960
T927	Command Chart > character move name	<r穿弓腿|せんきゅうたい>					NA2_SLPS@0x331B10		slot	32					M0961
T928	Command Chart > character move name	<r鏡割|かがみわ>り					NA2_SLPS@0x331B30		slot	32					M0962
T929	Command Chart > character move name	<r氷演舞|ひょうえんぶ>					NA2_SLPS@0x331B50		slot	32					M0963
T930	Command Chart > character move name	<r翔旋千本|しょうせんせんぼん>					NA2_SLPS@0x331B70		slot	32					M0964
T931	Command Chart > character move name	<r天駆脚|てんくきゃく>					NA2_SLPS@0x331B90		slot	32					M0965
T932	Command Chart > character move name	<r閃回脚|せんかいきゃく>					NA2_SLPS@0x331BB0		slot	32					M0966
T933	Command Chart > character move name	<r旋抉斬|せんかいざん>					NA2_SLPS@0x331BD0		slot	32					M0967
T934	Command Chart > character move name	<r廻天斬|かいてんざん>					NA2_SLPS@0x331BF0		slot	32					M0968
T935	Command Chart > character move name	<r昇閃舞|しょうせんぶ>					NA2_SLPS@0x331C10		slot	32					M0969
T936	Command Chart > character move name	<r落爪舞|らくそうぶ>					NA2_SLPS@0x331C30		slot	32					M0970
T937	Command Chart > character move name	<r翔飛脚|しょうひきゃく>					NA2_SLPS@0x331C50		slot	32					M0971
T938	Command Chart > character move name	<r空旋舞|くうせんぶ>					NA2_SLPS@0x331C70		slot	32					M0972
T939	Command Chart > character move name	<r水遁|すいとん>・<r水龍弾|すいりゅうだん>の<r術|じゅつ>					NA2_SLPS@0x337080		slot	64					M0973
T940	Command Chart > character move name	<r鬼來|きらい>					NA2_SLPS@0x3370C0		slot	16					M0974
T941	Command Chart > character move name	<r骨抉剣|こっけつけん>					NA2_SLPS@0x3370D0		slot	32					M0975
T942	Command Chart > character move name	<r転背斬|てんはいざん>					NA2_SLPS@0x3370F0		slot	32					M0976
T943	Command Chart > character move name	<r散裂斬|さんれつざん>					NA2_SLPS@0x337110		slot	32					M0977
T944	Command Chart > character move name	<r飛旋剣|ひせんけん>					NA2_SLPS@0x337130		slot	32					M0978
T945	Command Chart > character move name	<r波烈斬|はれつざん>					NA2_SLPS@0x337150		slot	32					M0979
T946	Command Chart > character move name	<r鞭腕撃|べんわんげき>					NA2_SLPS@0x337170		slot	32					M0980
T947	Command Chart > character move name	<r龍尾脚|りゅうびきゃく>					NA2_SLPS@0x337190		slot	32					M0981
T948	Command Chart > character move name	<r投捨|とうしゃ>					NA2_SLPS@0x3371B0		slot	32					M0982
T949	Command Chart > character move name	<r霞連撃|かすみれんげき>					NA2_SLPS@0x3371D0		slot	32					M0983
T950	Command Chart > character move name	<r頭蓋穿|ずがいせん>					NA2_SLPS@0x3371F0		slot	32					M0984
T951	Command Chart > character move name	<r斬捨|ざんしゃ>					NA2_SLPS@0x337210		slot	32					M0985
T952	Command Chart > character move name	<r霧隱連撃|きりがくれれんげき>					NA2_SLPS@0x337230		slot	32					M0986
T953	Command Chart > character move name	<r守護八卦六十四掌|しゅごはっけろくじゅうよんしょう>					NA2_SLPS@0x33C0A0		slot	64					M0987
T954	Command Chart > character move name	<r超回復薬|ちょうかいふくやく>					NA2_SLPS@0x33C0E0		slot	32					M0988
T955	Command Chart > character move name	<r旋掌撃|せんしょうげき>					NA2_SLPS@0x33C100		slot	32					M0989
T956	Command Chart > character move name	<r両突撃|りょうとつげき>					NA2_SLPS@0x33C120		slot	32					M0990
T957	Command Chart > character move name	<r掌双打|しょうそうだ>					NA2_SLPS@0x33C140		slot	32					M0991
T958	Command Chart > character move name	<r旋掌連舞|せんしょうれんぶ>					NA2_SLPS@0x33C160		slot	32					M0992
T959	Command Chart > character move name	<r天掌|てんしょう>					NA2_SLPS@0x33C180		slot	32					M0993
T960	Command Chart > character move name	<r旋落掌|せんらくしょう>					NA2_SLPS@0x33C1A0		slot	32					M0994
T961	Command Chart > character move name	<r旋通背掌|せんつうはいしょう>					NA2_SLPS@0x33C1C0		slot	32					M0995
T962	Command Chart > character move name	<r旋膝撃|せんしつげき>					NA2_SLPS@0x33C1E0		slot	32					M0996
T963	Command Chart > character move name	<r跳昇突|ちょうしょうとつ>					NA2_SLPS@0x33C200		slot	32					M0997
T964	Command Chart > character move name	<r踏空脚|しゅうくうきゃく>					NA2_SLPS@0x33C220		slot	32					M0998
T965	Command Chart > character move name	<r転背掌|てんはいしょう>					NA2_SLPS@0x33C240		slot	32					M0999
T966	Command Chart > character move name	<r双掌空撃|そうしょうくうげき>					NA2_SLPS@0x33C260		slot	32					M1000
T967	Command Chart > character move name	<r双燕刈|そうえんか>					NA2_SLPS@0x341380		slot	32					M1001
T968	Command Chart > character move name	<r神楽手裏剣|かぐらしゅりけん>					NA2_SLPS@0x3413A0		slot	32					M1002
T969	Command Chart > character move name	<r暗器術|あんきじゅつ>　<r翔斬|しょうざん>					NA2_SLPS@0x3413C0		slot	48					M1003
T970	Command Chart > character move name	<r暗器術|あんきじゅつ>　<r通弾|つうだん>					NA2_SLPS@0x3413F0		slot	48					M1004
T971	Command Chart > character move name	<r暗器術|あんきじゅつ>　<r衝鋼|しょうこう>					NA2_SLPS@0x341420		slot	48					M1005
T972	Command Chart > character move name	<r暗器術|あんきじゅつ>　<r荊|いばら>					NA2_SLPS@0x341450		slot	48					M1006
T973	Command Chart > character move name	<r暗器術|あんきじゅつ>　<r飛翔|ひしょう>					NA2_SLPS@0x341480		slot	48					M1007
T974	Command Chart > character move name	<r降砕脚|こうさいきゃく>					NA2_SLPS@0x3414B0		slot	32					M1008
T975	Command Chart > character move name	<r暗器術|あんきじゅつ>　<r斬突|ざんとつ>					NA2_SLPS@0x3414D0		slot	48					M1009
T976	Command Chart > character move name	<r延髄撃|えんずいげき>					NA2_SLPS@0x341500		slot	32					M1010
T977	Command Chart > character move name	<r暗器術|あんきじゅつ>　<r斬空|ざんくう>					NA2_SLPS@0x341520		slot	48					M1011
T978	Command Chart > character move name	<r暗器術|あんきじゅつ>　<r鋼振|こうしん>					NA2_SLPS@0x341550		slot	48					M1012
T979	Command Chart > character move name	<r暗器術|あんきじゅつ>　<r風縛|かぜしばり>					NA2_SLPS@0x341580		slot	48					M1013
T980	Command Chart > character move name	<r暗器術|あんきじゅつ>　<r直鋼|ちょっこう>					NA2_SLPS@0x3415B0		slot	48					M1014
T981	Command Chart > character move name	<r曇撫離投|どんぶりな>げ					NA2_SLPS@0x346690		slot	32					M1015
T982	Command Chart > character move name	<r肉弾針戦車|にくだんはりせんしゃ>					NA2_SLPS@0x3466B0		slot	40					M1016
T983	Command Chart > character move name	<r反姿|かえし>					NA2_SLPS@0x3466D8		slot	16					M1017
T984	Command Chart > character move name	<r刺身|さしみ>					NA2_SLPS@0x3466E8		slot	16					M1018
T985	Command Chart > character move name	<r叩軌|たたき>					NA2_SLPS@0x3466F8		slot	16					M1019
T986	Command Chart > character move name	<r開軌|ひらき>					NA2_SLPS@0x346708		slot	16					M1020
T987	Command Chart > character move name	<r弾子|だんご>					NA2_SLPS@0x346718		slot	16					M1021
T988	Command Chart > character move name	<r浮来|ふらい>					NA2_SLPS@0x346728		slot	24					M1022
T989	Command Chart > character move name	<r空揚|からあげ>					NA2_SLPS@0x346740		slot	32					M1023
T990	Command Chart > character move name	<r天怖羅|てんぷら>					NA2_SLPS@0x346760		slot	32					M1024
T991	Command Chart > character move name	<r海老天|えびてん>					NA2_SLPS@0x346780		slot	32					M1025
T992	Command Chart > character move name	<r大棍|だいこん>					NA2_SLPS@0x3467A0		slot	32					M1026
T993	Command Chart > character move name	<r落下星|らっかせい>					NA2_SLPS@0x3467C0		slot	32					M1027
T994	Command Chart > character move name	<r米胡麻|べいごま>					NA2_SLPS@0x3467E0		slot	32					M1028
T995	Command Chart > character move name	１６<r連|れん>コンボ					NA2_SLPS@0x34B9D0		slot	32					M1029
T996	Command Chart > character move name	<r忍花鳥兜|しのびばなとりかぶと>					NA2_SLPS@0x34B9F0		slot	48					M1030
T997	Command Chart > character move name	<r風|かぜ>に<r舞|ま>うカトレア					NA2_SLPS@0x34BA20		slot	32					M1031
T998	Command Chart > character move name	ユーカリの<r風|かぜ>					NA2_SLPS@0x34BA40		slot	32					M1032
T999	Command Chart > character move name	アマリリスの<r踊|おど>り					NA2_SLPS@0x34BA60		slot	32					M1033
T1000	Command Chart > character move name	アキレアのステップ					NA2_SLPS@0x34BA80		slot	32					M1034
T1001	Command Chart > character move name	ホウセンカの<r拒絶|きょぜつ>					NA2_SLPS@0x34BAA0		slot	32					M1035
T1002	Command Chart > character move name	リアトリスの<r想|おも>い					NA2_SLPS@0x34BAC0		slot	32					M1036
T1003	Command Chart > character move name	<r踊|おど>るヒメユリ					NA2_SLPS@0x34BAE0		slot	32					M1037
T1004	Command Chart > character move name	バラの<r一撃|いちげき>					NA2_SLPS@0x34BB00		slot	32					M1038
T1005	Command Chart > character move name	クローバーの<r約束|やくそく>					NA2_SLPS@0x34BB20		slot	32					M1039
T1006	Command Chart > character move name	カスミソウの<r飛翔|ひしょう>					NA2_SLPS@0x34BB40		slot	32					M1040
T1007	Command Chart > character move name	<r悲|かな>しみのキンセンカ					NA2_SLPS@0x34BB60		slot	32					M1041
T1008	Command Chart > character move name	シクラメンの<r香|かお>り					NA2_SLPS@0x34BB80		slot	32					M1042
T1009	Command Chart > character move name	<r風|かぜ>に<r乗|の>るネリネ					NA2_SLPS@0x34BBA0		slot	32					M1043
T1010	Command Chart > character move name	<r獣人分身|じゅうじんぶんしん>					NA2_SLPS@0x3510E0		slot	32					M1044
T1011	Command Chart > character move name	<r通牙|つうが>					NA2_SLPS@0x351100		slot	16					M1045
T1012	Command Chart > character move name	<r昇牙|しょうが>					NA2_SLPS@0x351110		slot	32					M1046
T1013	Command Chart > character move name	<r旋風牙|せんぷうが>					NA2_SLPS@0x351130		slot	32					M1047
T1014	Command Chart > character move name	<r台風爪|たいふうそう>					NA2_SLPS@0x351150		slot	32					M1048
T1015	Command Chart > character move name	<r赤丸連撃|あかまるれんげき>					NA2_SLPS@0x351170		slot	32					M1049
T1016	Command Chart > character move name	<r百獣爪襲|ひゃくじゅうそうしゅう>					NA2_SLPS@0x351190		slot	48					M1050
T1017	Command Chart > character move name	<r疾爪|しっそう>					NA2_SLPS@0x3511C0		slot	24					M1051
T1018	Command Chart > character move name	<r爪牙|そうが>					NA2_SLPS@0x3511D8		slot	24					M1052
T1019	Command Chart > character move name	<r獣電|じゅうでん>					NA2_SLPS@0x3511F0		slot	32					M1053
T1020	Command Chart > character move name	<r昇双脚|しょうそうきゃく>					NA2_SLPS@0x351210		slot	32					M1054
T1021	Command Chart > character move name	<r天裂爪|てんれつそう>					NA2_SLPS@0x351230		slot	32					M1055
T1022	Command Chart > character move name	<r戯獣脚|ぎじゅうきゃく>					NA2_SLPS@0x351250		slot	32					M1056
T1023	Command Chart > character move name	<r転双脚|てんそうきゃく>					NA2_SLPS@0x351270		slot	32					M1057
T1024	Command Chart > character move name	<r獣蹴激|じゅうしゅうげき>					NA2_SLPS@0x351290		slot	32					M1058
T1025	Command Chart > character move name	<r蟲縛|むししば>りの<r術|じゅつ>					NA2_SLPS@0x356600		slot	48					M1059
T1026	Command Chart > character move name	<r蟲柱|むしばしら>の<r術|じゅつ>					NA2_SLPS@0x356630		slot	48					M1060
T1027	Command Chart > character move name	<r旋円蟲|せんえんちゅう>					NA2_SLPS@0x356660		slot	32					M1061
T1028	Command Chart > character move name	<r衝突蟲|しょうとっちゅう>					NA2_SLPS@0x356680		slot	32					M1062
T1029	Command Chart > character move name	<r蟲旋脚|ちゅうせんきゃく>					NA2_SLPS@0x3566A0		slot	32					M1063
T1030	Command Chart > character move name	<r蟲波拳|ちゅうはけん>					NA2_SLPS@0x3566C0		slot	32					M1064
T1031	Command Chart > character move name	<r天蟲殺|てんちゅうさつ>					NA2_SLPS@0x3566E0		slot	32					M1065
T1032	Command Chart > character move name	<r這面蟲|はいめんちゅう>					NA2_SLPS@0x356700		slot	32					M1066
T1033	Command Chart > character move name	<r蟲拳打|ちゅうけんだ>					NA2_SLPS@0x356720		slot	32					M1067
T1034	Command Chart > character move name	<r瞬蟲撃|しゅんちゅうげき>					NA2_SLPS@0x356740		slot	32					M1068
T1035	Command Chart > character move name	<r天翔蟲|てんしょうちゅう>					NA2_SLPS@0x356760		slot	32					M1069
T1036	Command Chart > character move name	<r蟲降脚|ちゅうこうきゃく>					NA2_SLPS@0x356780		slot	32					M1070
T1037	Command Chart > character move name	<r襲降蟲|しゅうこうちゅう>					NA2_SLPS@0x3567A0		slot	32					M1071
T1038	Command Chart > character move name	<r震振蟲|しんしんちゅう>					NA2_SLPS@0x3567C0		slot	32					M1072
T1039	Command Chart > character move name	<r傀儡|くぐつ>　<r卍砲|まんじほう>					NA2_SLPS@0x35BFB0		slot	48					M1073
T1040	Command Chart > character move name	<r一対|いっつい>の<r処女|しょじょ>					NA2_SLPS@0x35BFE0		slot	48					M1074
T1041	Command Chart > character move name	<r傀儡|くぐつ>　<r風穴|かざあな>					NA2_SLPS@0x35C010		slot	48					M1075
T1042	Command Chart > character move name	<r傀儡|くぐつ>　<r噴弾|ふんだん>					NA2_SLPS@0x35C040		slot	48					M1076
T1043	Command Chart > character move name	<r傀儡|くぐつ>　<r朧独楽|おぼろごま>					NA2_SLPS@0x35C070		slot	48					M1077
T1044	Command Chart > character move name	<r傀儡|くぐつ>　<r懺悔|ざんげ>					NA2_SLPS@0x35C0A0		slot	32					M1078
T1045	Command Chart > character move name	<r傀儡|くぐつ>　<r霞独楽|かすみごま>					NA2_SLPS@0x35C0C0		slot	48					M1079
T1046	Command Chart > character move name	<r傀儡|くぐつ>　<r裁|さばき>					NA2_SLPS@0x35C0F0		slot	32					M1080
T1047	Command Chart > character move name	<r傀儡|くぐつ>　<r流刃|りゅうじん>					NA2_SLPS@0x35C110		slot	48					M1081
T1048	Command Chart > character move name	<r傀儡|くぐつ>　<r逆手車|さかてぐるま>					NA2_SLPS@0x35C140		slot	48					M1082
T1049	Command Chart > character move name	<r傀儡|くぐつ>　<r無斬|むざん>					NA2_SLPS@0x35C170		slot	32					M1083
T1050	Command Chart > character move name	<r傀儡|くぐつ>　<r堕羅繰|だらく>					NA2_SLPS@0x35C190		slot	48					M1084
T1051	Command Chart > character move name	<r傀儡|くぐつ>　<r逆手飛車|さかてひしゃ>					NA2_SLPS@0x35C1C0		slot	48					M1085
T1052	Command Chart > character move name	<r傀儡|くぐつ>　<r双哭|そうこく>					NA2_SLPS@0x35C1F0		slot	48					M1086
T1053	Command Chart > character move name	<r大扇風轟壁|だいせんぷうごうへき>					NA2_SLPS@0x361900		slot	48					M1087
T1054	Command Chart > character move name	カマイタチの<r術|じゅつ>					NA2_SLPS@0x361930		slot	32					M1088
T1055	Command Chart > character move name	<r風神|ふうじん>の<r舞|まい>					NA2_SLPS@0x361950		slot	32					M1089
T1056	Command Chart > character move name	<r扇旋風|せんせんぷう>					NA2_SLPS@0x361970		slot	32					M1090
T1057	Command Chart > character move name	<r地龍|ちりゅう>の<r息|いき>					NA2_SLPS@0x361990		slot	32					M1091
T1058	Command Chart > character move name	<r回扇刃|かいせんじん>					NA2_SLPS@0x3619B0		slot	32					M1092
T1059	Command Chart > character move name	<r暴風昇壁|ぼうふうしょうへき>					NA2_SLPS@0x3619D0		slot	32					M1093
T1060	Command Chart > character move name	<r斧扇降|ふせんこう>					NA2_SLPS@0x3619F0		slot	32					M1094
T1061	Command Chart > character move name	<r疾風刃|しっぷうじん>					NA2_SLPS@0x361A10		slot	32					M1095
T1062	Command Chart > character move name	<r夢扇舞|むせんまい>					NA2_SLPS@0x361A30		slot	32					M1096
T1063	Command Chart > character move name	<r転身扇刃|てんしんせんじん>					NA2_SLPS@0x361A50		slot	32					M1097
T1064	Command Chart > character move name	<r斧扇兜割|ふせんとうかつ>					NA2_SLPS@0x361A70		slot	32					M1098
T1065	Command Chart > character move name	<r幻扇舞|げんせんまい>					NA2_SLPS@0x361A90		slot	32					M1099
T1066	Command Chart > character move name	<r扇一閃|おおぎいっせん>　					NA2_SLPS@0x361AB0		slot	32					M1100
T1067	Command Chart > character move name	<r火遁|かとん>・<r火龍炎弾|かりゅうえんだん>					NA2_SLPS@0x366FC0		slot	48					M1101
T1068	Command Chart > character move name	<r土遁|どとん>・<r土流壁|どりゅうへき>					NA2_SLPS@0x366FF0		slot	48					M1102
T1069	Command Chart > character move name	<r金剛術|こんごうじゅつ>　<r乱|みだ>れ<r打|う>ち					NA2_SLPS@0x367020		slot	64					M1103
T1070	Command Chart > character move name	<r伸身如意|しんしんにょい>					NA2_SLPS@0x367060		slot	32					M1104
T1071	Command Chart > character move name	<r遊猿脚|ゆうえんきゃく>					NA2_SLPS@0x367080		slot	32					M1105
T1072	Command Chart > character move name	<r旋猿脚|せんえんきゃく>					NA2_SLPS@0x3670A0		slot	32					M1106
T1073	Command Chart > character move name	<r顎割|あぎとわ>り					NA2_SLPS@0x3670C0		slot	32					M1107
T1074	Command Chart > character move name	<r金剛術|こんごうじゅつ>　<r大地割|だいちわ>り					NA2_SLPS@0x3670E0		slot	48					M1108
T1075	Command Chart > character move name	<r猿王|えんおう>の<r牙|きば>					NA2_SLPS@0x367110		slot	32					M1109
T1076	Command Chart > character move name	<r金剛術|こんごうじゅつ>　<r一本釣|いっぽんづ>り					NA2_SLPS@0x367130		slot	64					M1110
T1077	Command Chart > character move name	<r金剛術|こんごうじゅつ>　<r大打上|おおうちあ>げ					NA2_SLPS@0x367170		slot	64					M1111
T1078	Command Chart > character move name	<r金剛術|こんごうじゅつ>　<r頭蓋砕|ずがいくだ>き					NA2_SLPS@0x3671B0		slot	64					M1112
T1079	Command Chart > character move name	<r金剛術|こんごうじゅつ>　<r大打降|おおうちおろ>し					NA2_SLPS@0x3671F0		slot	64					M1113
T1080	Command Chart > character move name	<r金剛術|こんごうじゅつ>　<r裏突|うらづ>き					NA2_SLPS@0x367230		slot	48					M1114
T1081	Command Chart > character move name	<r土遁結界|どとんけっかい>　<r土牢堂無|どろうどうむ>					NA2_SLPS@0x36C1E0		slot	64					M1115
T1082	Command Chart > character move name	<r土遁|どとん>・<r土陵団子|どりょうだんご>					NA2_SLPS@0x36C220		slot	48					M1116
T1083	Command Chart > character move name	<r山顔|ざんがん>					NA2_SLPS@0x36C250		slot	32					M1117
T1084	Command Chart > character move name	<r崩掌|ほうしょう>					NA2_SLPS@0x36C270		slot	32					M1118
T1085	Command Chart > character move name	<r岩投|がんとう>					NA2_SLPS@0x36C290		slot	24					M1119
T1086	Command Chart > character move name	<r放打|ほうだ>					NA2_SLPS@0x36C2A8		slot	24					M1120
T1087	Command Chart > character move name	<r雷豪|らいごう>					NA2_SLPS@0x36C2C0		slot	32					M1121
T1088	Command Chart > character move name	<r伐掌|ばっしょう>					NA2_SLPS@0x36C2E0		slot	32					M1122
T1089	Command Chart > character move name	<r剛突|ごうとつ>					NA2_SLPS@0x36C300		slot	32					M1123
T1090	Command Chart > character move name	<r暴砲|ぼうほう>					NA2_SLPS@0x36C320		slot	32					M1124
T1091	Command Chart > character move name	<r昇雷|しょうらい>					NA2_SLPS@0x36C340		slot	32					M1125
T1092	Command Chart > character move name	<r落体|らくてい>					NA2_SLPS@0x36C360		slot	32					M1126
T1093	Command Chart > character move name	<r落撃|らくげき>					NA2_SLPS@0x36C380		slot	32					M1127
T1094	Command Chart > character move name	<r突肩|とっけん>					NA2_SLPS@0x36C3A0		slot	32					M1128
T1095	Command Chart > character move name	<r蜘蛛巣開|クモソウカイ>					NA2_SLPS@0x3711E0		slot	32					M1129
T1096	Command Chart > character move name	<r大蜘蛛落|おおグモお>とし					NA2_SLPS@0x371200		slot	32					M1130
T1097	Command Chart > character move name	<r蜘蛛足返|クモあしがえ>し					NA2_SLPS@0x371220		slot	32					M1131
T1098	Command Chart > character move name	<r粘金棘刺|ねんきんきょくし>					NA2_SLPS@0x371240		slot	32					M1132
T1099	Command Chart > character move name	<r粘金咬顎|ねんきんこうがく>					NA2_SLPS@0x371260		slot	32					M1133
T1100	Command Chart > character move name	<r蜘蛛足爪裁|クモあしそうさい>					NA2_SLPS@0x371280		slot	32					M1134
T1101	Command Chart > character move name	<r蜘蛛粘吐|クモねんど>　<r舞鳥捕獲|まいどりほかく>					NA2_SLPS@0x3712A0		slot	64					M1135
T1102	Command Chart > character move name	<r蜘蛛旋斧|クモせんぷ>					NA2_SLPS@0x3712E0		slot	32					M1136
T1103	Command Chart > character move name	<r蜘蛛粘吐|クモねんど>　<r這虫捕獲|はいむしほかく>					NA2_SLPS@0x371300		slot	64					M1137
T1104	Command Chart > character move name	<r蜘蛛粘吐|クモねんど>　<r天下半周|てんげはんしゅう>					NA2_SLPS@0x371340		slot	64					M1138
T1105	Command Chart > character move name	<r蜘蛛昇槍|クモしょうそう>					NA2_SLPS@0x371380		slot	32					M1139
T1106	Command Chart > character move name	<r天井這落|てんじょうしゃらく>					NA2_SLPS@0x3713A0		slot	32					M1140
T1107	Command Chart > character move name	<r蜘蛛粘吐|クモねんど>　<r纏糸|てんし>					NA2_SLPS@0x3713C0		slot	48					M1141
T1108	Command Chart > character move name	<r八艘蜘蛛足|はっそうクモあし>					NA2_SLPS@0x3713F0		slot	32					M1142
T1109	Command Chart > character move name	<r幻武操曲|げんぶそうきょく>　<r絆狂|はんきょう>					NA2_SLPS@0x375DF0		slot	64					M1143
T1110	Command Chart > character move name	<r幻武操曲|げんぶそうきょく>　<r独葬|どくそう>					NA2_SLPS@0x375E30		slot	48					M1144
T1111	Command Chart > character move name	<r魔笛|まてき>　<r鎖音|さいん>					NA2_SLPS@0x375E60		slot	32					M1145
T1112	Command Chart > character move name	<r魔笛|まてき>　<r音羽|おとは>					NA2_SLPS@0x375E80		slot	32					M1146
T1113	Command Chart > character move name	<r魔笛|まてき>　<r滴音|てきいん>					NA2_SLPS@0x375EA0		slot	48					M1147
T1114	Command Chart > character move name	<r魔笛|まてき>　<r円音|えんいん>					NA2_SLPS@0x375ED0		slot	48					M1148
T1115	Command Chart > character move name	<r魔笛|まてき>　<r月音|げついん>					NA2_SLPS@0x375F00		slot	48					M1149
T1116	Command Chart > character move name	<r魔笛|まてき>　<r跫音|きょうおん>					NA2_SLPS@0x375F30		slot	48					M1150
T1117	Command Chart > character move name	<r魔笛|まてき>　<r波音|はいん>					NA2_SLPS@0x375F60		slot	32					M1151
T1118	Command Chart > character move name	<r無音|ぶいん>					NA2_SLPS@0x375F80		slot	16					M1152
T1119	Command Chart > character move name	<r魔笛|まてき>　<r環音|かんいん>					NA2_SLPS@0x375F90		slot	48					M1153
T1120	Command Chart > character move name	<r魔笛|まてき>　<r凛音|りんおん>					NA2_SLPS@0x375FC0		slot	40					M1154
T1121	Command Chart > character move name	<r無笛|むてき>					NA2_SLPS@0x375FE8		slot	24					M1155
T1122	Command Chart > character move name	<r魔笛|まてき>　<r虚音|きょいん>					NA2_SLPS@0x376000		slot	48					M1156
T1123	Command Chart > character move name	<r多連拳|たれんけん>					NA2_SLPS@0x37B3A0		slot	32					M1157
T1124	Command Chart > character move name	<r爆滅法陣|ばくめつほうじん>					NA2_SLPS@0x37B3C0		slot	32					M1158
T1125	Command Chart > character move name	<r多連伸角脚|たれんしんかくきゃく>					NA2_SLPS@0x37B3E0		slot	48					M1159
T1126	Command Chart > character move name	<r多連暗生拳|たれんあんしょうけん>					NA2_SLPS@0x37B410		slot	48					M1160
T1127	Command Chart > character move name	<r多連鬼爪脚|たれんきそうきゃく>					NA2_SLPS@0x37B440		slot	48					M1161
T1128	Command Chart > character move name	<r多連惨風脚|たれんざんぷうきゃく>					NA2_SLPS@0x37B470		slot	48					M1162
T1129	Command Chart > character move name	<r多連哭龍脚|たれんこくりゅうきゃく>					NA2_SLPS@0x37B4A0		slot	48					M1163
T1130	Command Chart > character move name	<r多連獄刺脚|たれんごくしきゃく>					NA2_SLPS@0x37B4D0		slot	48					M1164
T1131	Command Chart > character move name	<r多連亡手拳|たれんぼうしゅけん>					NA2_SLPS@0x37B500		slot	48					M1165
T1132	Command Chart > character move name	<r多連閻鳴拳|たれんえんめいけん>					NA2_SLPS@0x37B530		slot	48					M1166
T1133	Command Chart > character move name	<r多連追般脚|たれんついはんきゃく>					NA2_SLPS@0x37B560		slot	48					M1167
T1134	Command Chart > character move name	<r多連鬼招脚|たれんきしょうきゃく>					NA2_SLPS@0x37B590		slot	48					M1168
T1135	Command Chart > character move name	<r多連投獄脚|たれんとうごくきゃく>					NA2_SLPS@0x37B5C0		slot	48					M1169
T1136	Command Chart > character move name	<r多連魔走拳|たれんまそうけん>					NA2_SLPS@0x37B5F0		slot	32					M1170
T1137	Command Chart > character move name	<r茨|いばら>					NA2_SLPS@0x380BB8		slot	24					M1171
T1138	Command Chart > character move name	<r唐松|からまつ>の<r舞|まい>					NA2_SLPS@0x380BD0		slot	32					M1172
T1139	Command Chart > character move name	<r椿|つばき>					NA2_SLPS@0x380BF0		slot	16					M1173
T1140	Command Chart > character move name	<r槻|けやき>					NA2_SLPS@0x380C00		slot	16					M1174
T1141	Command Chart > character move name	<r風車|かざぐるま>					NA2_SLPS@0x380C10		slot	32					M1175
T1142	Command Chart > character move name	<r骨飛礫|ほねつぶて>					NA2_SLPS@0x380C30		slot	24					M1176
T1143	Command Chart > character move name	<r芒|すすき>					NA2_SLPS@0x380C48		slot	16					M1177
T1144	Command Chart > character move name	<r薊|あざみ>					NA2_SLPS@0x380C58		slot	24					M1178
T1145	Command Chart > character move name	<r令法|りょうぶ>					NA2_SLPS@0x380C70		slot	24					M1179
T1146	Command Chart > character move name	<r柊|ひいらぎ>					NA2_SLPS@0x380C88		slot	16					M1180
T1147	Command Chart > character move name	<r空木|うつぎ>					NA2_SLPS@0x380C98		slot	24					M1181
T1148	Command Chart > character move name	<r吸葛|すいかずら>					NA2_SLPS@0x380CB0		slot	24					M1182
T1149	Command Chart > character move name	<r柳|やなぎ>					NA2_SLPS@0x380CC8		slot	24					M1183
T1150	Command Chart > character move name	<r夜叉五倍子|やしゃぶし>					NA2_SLPS@0x380CE0		slot	32					M1184
T1151	Command Chart > character move name	<r椹|さわら>					NA2_SLPS@0x380D00		slot	16					M1185
T1152	Command Chart > character move name	<r瞬光|しゅんこう>					NA2_SLPS@0x386690		slot	32					M1186
T1153	Command Chart > character move name	<r瞬転昇蹴|しゅんてんしょうしゅう>					NA2_SLPS@0x3866B0		slot	48					M1187
T1154	Command Chart > character move name	<r射光閃|しゃこうせん>					NA2_SLPS@0x3866E0		slot	32					M1188
T1155	Command Chart > character move name	<r輝刃閃|きじんせん>					NA2_SLPS@0x386700		slot	32					M1189
T1156	Command Chart > character move name	<r三光閃|さんこうせん>					NA2_SLPS@0x386720		slot	32					M1190
T1157	Command Chart > character move name	<r昇雷閃|しょうらいせん>					NA2_SLPS@0x386740		slot	32					M1191
T1158	Command Chart > character move name	<r超光脚|ちょうこうきゃく>					NA2_SLPS@0x386760		slot	32					M1192
T1159	Command Chart > character move name	<r瞬雷刃|しゅんらいじん>					NA2_SLPS@0x386780		slot	32					M1193
T1160	Command Chart > character move name	<r粒光脚|りゅうこうきゃく>					NA2_SLPS@0x3867A0		slot	32					M1194
T1161	Command Chart > character move name	<r帰光閃|きこうせん>					NA2_SLPS@0x3867C0		slot	32					M1195
T1162	Command Chart > character move name	<r降雷刃|こうらいじん>					NA2_SLPS@0x3867E0		slot	32					M1196
T1163	Command Chart > character move name	<r疾光弾|しっこうだん>					NA2_SLPS@0x386800		slot	32					M1197
T1164	Command Chart > character move name	<r迅雷閃|じんらいせん>					NA2_SLPS@0x386820		slot	32					M1198
T1165	Command Chart > character move name	おいろけの<r術|じゅつ>					NA2_SLPS@0x38B6D0		slot	32					M1199
T1166	Command Chart > character move name	<r忍具|にんぐ>ぽいぽいっ！					NA2_SLPS@0x38B6F0		slot	32					M1200
T1167	Command Chart > character move name	<r木|こ>ノ<r葉丸軍団劇場|はまるぐんだんげきじょう>					NA2_SLPS@0x38B710		slot	64					M1201
T1168	Command Chart > character move name	ぐるぐるどか～ん！					NA2_SLPS@0x38B750		slot	24					M1202
T1169	Command Chart > character move name	かかったな！					NA2_SLPS@0x38B768		slot	24					M1203
T1170	Command Chart > character move name	<r見|み>えないだろ！					NA2_SLPS@0x38B780		slot	32					M1204
T1171	Command Chart > character move name	<r飛|と>んでけぇ！					NA2_SLPS@0x38B7A0		slot	32					M1205
T1172	Command Chart > character move name	<r飛|と>び<r越|こ>えろっ！					NA2_SLPS@0x38B7C0		slot	32					M1206
T1173	Command Chart > character move name	ごっつんこ！					NA2_SLPS@0x38B7E0		slot	16					M1207
T1174	Command Chart > character move name	びった～ん！					NA2_SLPS@0x38B7F0		slot	16					M1208
T1175	Command Chart > character move name	こっち<r来|く>るなコレ！					NA2_SLPS@0x38B800		slot	32					M1209
T1176	Command Chart > character move name	あっち<r行|い>けコレ！					NA2_SLPS@0x38B820		slot	32					M1210
T1177	Command Chart > character move name	<r烈華掌|れっかしょう>					NA2_SLPS@0x390730		slot	32					M1211
T1178	Command Chart > character move name	<r輪昇打|りんしょうだ>					NA2_SLPS@0x390750		slot	32					M1212
T1179	Command Chart > character move name	<r砲突撃|ほうとつげき>					NA2_SLPS@0x390770		slot	32					M1213
T1180	Command Chart > character move name	<r下天崩撃|げてんほうげき>					NA2_SLPS@0x390790		slot	32					M1214
T1181	Command Chart > character move name	<r旋回掌|せんかいしょう>					NA2_SLPS@0x3907B0		slot	32					M1215
T1182	Command Chart > character move name	<r天突連掌|てんとつれんしょう>					NA2_SLPS@0x3907D0		slot	32					M1216
T1183	Command Chart > character move name	<r湖面双脚|こめんそうきゃく>					NA2_SLPS@0x3907F0		slot	32					M1217
T1184	Command Chart > character move name	<r白爆経掌|びゃくばくけいしょう>					NA2_SLPS@0x390810		slot	48					M1218
T1185	Command Chart > character move name	<r跳背両脚|ちょうはいりょうきゃく>					NA2_SLPS@0x390840		slot	48					M1219
T1186	Command Chart > character move name	<r天掴砲掌|てんかくほうしょう>					NA2_SLPS@0x390870		slot	32					M1220
T1187	Command Chart > character move name	<r木遁|もくとん>・<r森羅万象|しんらばんしょう>					NA2_SLPS@0x3956E0		slot	48					M1221
T1188	Command Chart > character move name	<r木遁|もくとん>・<r金剛招木|こんごうしょうぼく>					NA2_SLPS@0x395710		slot	64					M1222
T1189	Command Chart > character move name	<r痛天樹|つうてんじゅ>					NA2_SLPS@0x395750		slot	32					M1223
T1190	Command Chart > character move name	<r木|こ>ノ<r葉風陣|はふうじん>					NA2_SLPS@0x395770		slot	32					M1224
T1191	Command Chart > character move name	<r無双脚|むそうきゃく>					NA2_SLPS@0x395790		slot	32					M1225
T1192	Command Chart > character move name	<r金剛拳|こんごうけん>					NA2_SLPS@0x3957B0		slot	32					M1226
T1193	Command Chart > character move name	<r縫連樹|ほうれんじゅ>					NA2_SLPS@0x3957D0		slot	32					M1227
T1194	Command Chart > character move name	<r黄金蓮咲|こがねれんそう>					NA2_SLPS@0x3957F0		slot	32					M1228
T1195	Command Chart > character move name	<r剛槍樹|ごうそうじゅ>					NA2_SLPS@0x395810		slot	32					M1229
T1196	Command Chart > character move name	<r真肘打|しんちゅうだ>					NA2_SLPS@0x395830		slot	32					M1230
T1197	Command Chart > character move name	<r天狗返|てんぐがえ>り					NA2_SLPS@0x395850		slot	32					M1231
T1198	Command Chart > character move name	<r剛力天誅|ごうりきてんちゅう>					NA2_SLPS@0x395870		slot	32					M1232
T1199	Command Chart > character move name	<r金剛投|こんごうな>げ					NA2_SLPS@0x395890		slot	32					M1233
T1200	Command Chart > character move name	<r旋風舞|つむじま>い					NA2_SLPS@0x3958B0		slot	32					M1234
T1201	Command Chart > character move name	<r黒暗行|こくあんぎょう>の<r術|じゅつ>					NA2_SLPS@0x39A950		slot	48					M1235
T1202	Command Chart > character move name	<r水遁|すいとん>・<r水陣壁|すいじんへき>					NA2_SLPS@0x39A980		slot	48					M1236
T1203	Command Chart > character move name	<r昇河穿脚|しょうかせんきゃく>					NA2_SLPS@0x39A9B0		slot	32					M1237
T1204	Command Chart > character move name	<r水掌刃|すいしょうじん>					NA2_SLPS@0x39A9D0		slot	32					M1238
T1205	Command Chart > character move name	<r抱水|ほうすい>					NA2_SLPS@0x39A9F0		slot	32					M1239
T1206	Command Chart > character move name	<r流水斬|りゅうすいざん>					NA2_SLPS@0x39AA10		slot	32					M1240
T1207	Command Chart > character move name	<r水柱突|すいちゅうとつ>					NA2_SLPS@0x39AA30		slot	32					M1241
T1208	Command Chart > character move name	<r転落踵|てんらくしょう>					NA2_SLPS@0x39AA50		slot	32					M1242
T1209	Command Chart > character move name	<r瞬水|しゅんすい>					NA2_SLPS@0x39AA70		slot	32					M1243
T1210	Command Chart > character move name	<r渦流脚激|かりゅうかくげき>					NA2_SLPS@0x39AA90		slot	32					M1244
T1211	Command Chart > character move name	<r氾水脚|はんすいきゃく>					NA2_SLPS@0x39AAB0		slot	32					M1245
T1212	Command Chart > character move name	<r獅水|しすい>					NA2_SLPS@0x39AAD0		slot	16					M1246
T1213	Command Chart > character move name	<r滝壺落|たきつぼお>とし					NA2_SLPS@0x39AAE0		slot	32					M1247
T1214	Command Chart > character move name	<r飛沫連脚|ひまつれんきゃく>					NA2_SLPS@0x39AB00		slot	32					M1248
T1215	Command Chart > character move name	<r猛蛇蹂躙|もうじゃじゅうりん>					NA2_SLPS@0x39FF60		slot	32					M1249
T1216	Command Chart > character move name	<r撃滅乱蛇|げきめつらんだ>					NA2_SLPS@0x39FF80		slot	32					M1250
T1217	Command Chart > character move name	<r輪蛇転脚|りんじゃてんきゃく>					NA2_SLPS@0x39FFA0		slot	32					M1251
T1218	Command Chart > character move name	<r潜影蛇手|せんえいじゃしゅ>　<r蛇突|じゃとつ>					NA2_SLPS@0x39FFC0		slot	48					M1252
T1219	Command Chart > character move name	<r潜影蛇手|せんえいじゃしゅ>　<r蛇降|じゃこう>					NA2_SLPS@0x39FFF0		slot	48					M1253
T1220	Command Chart > character move name	<r刃蛇潜影|はじゃせんえい>					NA2_SLPS@0x3A0020		slot	32					M1254
T1221	Command Chart > character move name	<r追蛇脚昇|ついじゃきゃくしょう>					NA2_SLPS@0x3A0040		slot	48					M1255
T1222	Command Chart > character move name	<r潜影蛇手|せんえいじゃしゅ>　<r蛇鞭|じゃべん>					NA2_SLPS@0x3A0070		slot	48					M1256
T1223	Command Chart > character move name	<r這蛇穿脚|はじゃせんきゃく>					NA2_SLPS@0x3A00A0		slot	32					M1257
T1224	Command Chart > character move name	<r潜影蛇手|せんえいじゃしゅ>　<r蛇縛|じゃばく>					NA2_SLPS@0x3A00C0		slot	48					M1258
T1225	Command Chart > character move name	<r潜影蛇手|せんえいじゃしゅ>　<r蛇仰|じゃぎょう>					NA2_SLPS@0x3A00F0		slot	64					M1259
T1226	Command Chart > character move name	<r潜影蛇手|せんせいじゃしゅ>　<r蛇追|じゃつい>					NA2_SLPS@0x3A0130		slot	48					M1260
T1227	Command Chart > character move name	<r蛇縛転脚|じゃばくてんきゃく>					NA2_SLPS@0x3A0160		slot	32					M1261
T1228	Command Chart > character move name	<r旋蛇蹴脚|せんじゃしゅうきゃく>					NA2_SLPS@0x3A0180		slot	48					M1262
T1229	Command Chart > character move name	<r九尾|きゅうび>の<r力|ちから>					NA2_SLPS@0x3A5820		slot	32					M1263
T1230	Command Chart > character move name	<r朱|あか>い<r螺旋丸|らせんがん>					NA2_SLPS@0x3A5840		slot	48					M1264
T1231	Command Chart > character move name	<r紅蓮旋風|ぐれんせんぷう>					NA2_SLPS@0x3A5870		slot	32					M1265
T1232	Command Chart > character move name	<r紅蓮爪駆|ぐれんそうか>					NA2_SLPS@0x3A5890		slot	32					M1266
T1233	Command Chart > character move name	<r紅蓮爪舞|ぐれんそうぶ>					NA2_SLPS@0x3A58B0		slot	32					M1267
T1234	Command Chart > character move name	<r紅蓮風塵|ぐれんふうじん>					NA2_SLPS@0x3A58D0		slot	32					M1268
T1235	Command Chart > character move name	<r紅蓮空舞|ぐれんくうぶ>					NA2_SLPS@0x3A58F0		slot	32					M1269
T1236	Command Chart > character move name	<r紅蓮震弾|ぐれんしんだん>					NA2_SLPS@0x3A5910		slot	32					M1270
T1237	Command Chart > character move name	<r紅蓮倒落|ぐれんとうらく>					NA2_SLPS@0x3A5930		slot	32					M1271
T1238	Command Chart > character move name	<r紅蓮飛流撃|ぐれんひりゅうげき>					NA2_SLPS@0x3A5950		slot	48					M1272
T1239	Command Chart > character move name	<r紅蓮震撃|ぐれんしんげき>					NA2_SLPS@0x3A5980		slot	32					M1273
T1240	Command Chart > character move name	<r紅蓮爪撃|ぐれんそうげき>					NA2_SLPS@0x3A59A0		slot	32					M1274
T1241	Command Chart > character move name	<r紅蓮旋風迅|ぐれんせんぷうじん>					NA2_SLPS@0x3A59C0		slot	48					M1275
T1242	Command Chart > character move name	<r紅蓮旋華|ぐれんせんか>					NA2_SLPS@0x3A59F0		slot	32					M1276
T1243	Command Chart > character move name	<r無双豪風陣|むそうごうふうじん>					NA2_SLPS@0x3AB2F0		slot	48					M1277
T1244	Command Chart > character move name	<r黒|くろ>い<r千鳥|ちどり>					NA2_SLPS@0x3AB320		slot	32					M1278
T1245	Command Chart > character move name	<r飛炎疾風|ひえんしっぷう>					NA2_SLPS@0x3AB340		slot	32					M1279
T1246	Command Chart > character move name	<r旋風轟迅|せんぷうごうじん>					NA2_SLPS@0x3AB360		slot	32					M1280
T1247	Command Chart > character move name	<r火遁|かとん>・<r飛炎弾|ひえんだん>					NA2_SLPS@0x3AB380		slot	48					M1281
T1248	Command Chart > character move name	<r後葬炎舞|こうそうえんぶ>					NA2_SLPS@0x3AB3B0		slot	32					M1282
T1249	Command Chart > character move name	<r疾風炎戯|しっぷうえんぎ>					NA2_SLPS@0x3AB3D0		slot	32					M1283
T1250	Command Chart > character move name	<r旋風炎迅|せんぷうえんじん>					NA2_SLPS@0x3AB3F0		slot	32					M1284
T1251	Command Chart > character move name	<r轟風炎飛落|ごうふうえんびらく>					NA2_SLPS@0x3AB410		slot	48					M1285
T1252	Command Chart > character move name	<r飛隼奈落|ひしゅんならく>					NA2_SLPS@0x3AB440		slot	32					M1286
T1253	Command Chart > character move name	<r疾風翔炎迅|しっぷうしょうえんじん>					NA2_SLPS@0x3AB460		slot	48					M1287
T1254	Command Chart > character move name	<r双飛天脚|そうひてんきゃく>					NA2_SLPS@0x3AB490		slot	32					M1288
T1255	Command Chart > character move name	<r疾走流葬迅|しっそうりゅうそうじん>					NA2_SLPS@0x3AB4B0		slot	48					M1289
T1256	Command Chart > character move name	<r飛炎流舞|ひえんりゅうぶ>					NA2_SLPS@0x3AB4E0		slot	32					M1290
T1257	Command Chart > character move name	すい<r蓮華|れんげ>					NA2_SLPS@0x3B0FB0		slot	32					M1291
T1258	Command Chart > character move name	すい<r八旋風|はっせんぷう>					NA2_SLPS@0x3B0FD0		slot	32					M1292
T1259	Command Chart > character move name	<r旋転仰飲蹴|せんてんぎょういんしゅう>					NA2_SLPS@0x3B0FF0		slot	48					M1293
T1260	Command Chart > character move name	<r三連双撃|さんれんそうげき>　<r鬼殺|おにごろ>し					NA2_SLPS@0x3B1020		slot	64					M1294
T1261	Command Chart > character move name	<r旋転地盃|せんてんちはい>					NA2_SLPS@0x3B1060		slot	32					M1295
T1262	Command Chart > character move name	<r逆樽回|さかだるまわ>し					NA2_SLPS@0x3B1080		slot	32					M1296
T1263	Command Chart > character move name	<r月牙跳撃|げつがちょうげき>					NA2_SLPS@0x3B10A0		slot	32					M1297
T1264	Command Chart > character move name	<r二本蹴|にほんしゅう>					NA2_SLPS@0x3B10C0		slot	32					M1298
T1265	Command Chart > character move name	<r常流蹴|じょうりゅうしゅう>					NA2_SLPS@0x3B10E0		slot	32					M1299
T1266	Command Chart > character move name	<r騰空飛天砲|とうくうひてんほう>					NA2_SLPS@0x3B1100		slot	48					M1300
T1267	Command Chart > character move name	<r舞投蹴|ぶとうしゅう>					NA2_SLPS@0x3B1130		slot	32					M1301
T1268	Command Chart > character move name	<r翔宙脚|しょうちゅうきゃく>					NA2_SLPS@0x3B1150		slot	32					M1302
T1269	Command Chart > character move name	<r杯落|さかずきお>とし					NA2_SLPS@0x3B1170		slot	32					M1303
T1270	Command Chart > character move name	<r陽鳴蹴|ようめいしゅう>					NA2_SLPS@0x3B1190		slot	32					M1304
T1271	Command Chart > character move name	<r突|つ>き<r出|だ>し					NA2_SLPS@0x3B11B0		slot	32					M1305
T1272	Command Chart > character move name	<r熱砂瀑葬|ねっさばくそう>					NA2_SLPS@0x3B62D0		slot	32					M1306
T1273	Command Chart > character move name	<r砂手裏剣|すなしゅりけん>					NA2_SLPS@0x3B62F0		slot	32					M1307
T1274	Command Chart > character move name	<r砂天|さてん>					NA2_SLPS@0x3B6310		slot	16					M1308
T1275	Command Chart > character move name	<r砂腕撃|さわんげき>					NA2_SLPS@0x3B6320		slot	32					M1309
T1276	Command Chart > character move name	<r砂重|さじゅう>の<r尾|お>					NA2_SLPS@0x3B6340		slot	32					M1310
T1277	Command Chart > character move name	<r烈砂|れっさ>					NA2_SLPS@0x3B6360		slot	16					M1311
T1278	Command Chart > character move name	<r砂狸躯砲|さりくほう>					NA2_SLPS@0x3B6370		slot	32					M1312
T1279	Command Chart > character move name	<r暴砂墳塵|ぼうさふんじん>					NA2_SLPS@0x3B6390		slot	32					M1313
T1280	Command Chart > character move name	<r轢砂噛弾|れきさごうだん>					NA2_SLPS@0x3B63B0		slot	32					M1314
T1281	Command Chart > character move name	<r流砂削激|りゅうささくげき>					NA2_SLPS@0x3B63D0		slot	32					M1315
T1282	Command Chart > character move name	<r放天|ほうてん>					NA2_SLPS@0x3B63F0		slot	24					M1316
T1283	Command Chart > character move name	<r怒砂|どしゃ>					NA2_SLPS@0x3B6408		slot	24					M1317
T1284	Command Chart > character move name	<r墳砂瀑弾|ふんさばくだん>					NA2_SLPS@0x3B6420		slot	32					M1318
T1285	Command Chart > character move name	<r瀑流禍礫|ばくりゅうかれき>					NA2_SLPS@0x3B6440		slot	32					M1319
T1286	Command Chart > character move name	<r蝶抜怒投|ちょうばつどとう>					NA2_SLPS@0x3BB580		slot	32					M1320
T1287	Command Chart > character move name	<r蝶弾爆裂|ちょうだんばくれつ>					NA2_SLPS@0x3BB5A0		slot	32					M1321
T1288	Command Chart > character move name	<r蒼天舞|そうてんぶ>					NA2_SLPS@0x3BB5C0		slot	32					M1322
T1289	Command Chart > character move name	<r空填砲|くうてんほう>					NA2_SLPS@0x3BB5E0		slot	32					M1323
T1290	Command Chart > character move name	<r捻転斧|ねんてんふ>					NA2_SLPS@0x3BB600		slot	32					M1324
T1291	Command Chart > character move name	<r瞬身叩|しゅんしんこう>					NA2_SLPS@0x3BB620		slot	32					M1325
T1292	Command Chart > character move name	<r空天翔|くうてんしょう>					NA2_SLPS@0x3BB640		slot	32					M1326
T1293	Command Chart > character move name	<r降竜槍|こうりゅうそう>					NA2_SLPS@0x3BB660		slot	32					M1327
T1294	Command Chart > character move name	<r彗星突|すいせいとつ>					NA2_SLPS@0x3BB680		slot	32					M1328
T1295	Command Chart > character move name	<r空圧閃|くうあつせん>					NA2_SLPS@0x3BB6A0		slot	32					M1329
T1296	Command Chart > character move name	<r裂空昇|れっくうしょう>					NA2_SLPS@0x3BB6C0		slot	32					M1330
T1297	Command Chart > character move name	<r閃天斧|せんてんふ>					NA2_SLPS@0x3BB6E0		slot	32					M1331
T1298	Command Chart > character move name	<r飛転脚|ひてんきゃく>					NA2_SLPS@0x3BB700		slot	32					M1332
T1299	Command Chart > character move name	<r天駆羽|てんくう>					NA2_SLPS@0x3BB720		slot	32					M1333
T1300	Command Chart > character move name	チャクラ<r吸引|きゅういん>					NA2_SLPS@0x3C0610		slot	32					M1334
T1301	Command Chart > character move name	<r土遁|どとん>・<r噴岩砲岱|ふんがんほうたい>					NA2_SLPS@0x3C0630		slot	48					M1335
T1302	Command Chart > character move name	<r昇撃掌|しょうげきしょう>					NA2_SLPS@0x3C0670		slot	32					M1337
T1303	Command Chart > character move name	<r豪肘撃|ごうちゅうげき>					NA2_SLPS@0x3C0690		slot	32					M1338
T1304	Command Chart > character move name	<r地断堕|じだんだ>					NA2_SLPS@0x3C06B0		slot	32					M1339
T1305	Command Chart > character move name	<r土天砲|どってんぽう>					NA2_SLPS@0x3C06D0		slot	32					M1340
T1306	Command Chart > character move name	<r昇膝|しょうしつ>					NA2_SLPS@0x3C06F0		slot	32					M1341
T1307	Command Chart > character move name	<r踏圧|とうあつ>					NA2_SLPS@0x3C0710		slot	32					M1342
T1308	Command Chart > character move name	<r岩撃|がんげき>					NA2_SLPS@0x3C0730		slot	32					M1343
T1309	Command Chart > character move name	<r天撃|てんげき>					NA2_SLPS@0x3C0750		slot	32					M1344
T1310	Command Chart > character move name	<r天蜘蛛縛|あまグモしば>り					NA2_SLPS@0x3C4F70		slot	32					M1345
T1311	Command Chart > character move name	<r滅殺強弓|めっさつごうきゅう>					NA2_SLPS@0x3C4F90		slot	32					M1346
T1312	Command Chart > character move name	<r蜘蛛戦弓|クモせんきゅう>　<r放射|ほうしゃ>					NA2_SLPS@0x3C4FB0		slot	48					M1347
T1313	Command Chart > character move name	<r蜘蛛戦弓|クモせんきゅう>　<r降射|こうしゃ>					NA2_SLPS@0x3C4FE0		slot	48					M1348
T1314	Command Chart > character move name	<r蜘蛛戦弓|クモせんきゅう>　<r鶺鴒|せきれい>					NA2_SLPS@0x3C5010		slot	48					M1349
T1315	Command Chart > character move name	<r蜘蛛戦弓|クモせんきゅう>　<r雲龍射猟|うんりゅうしゃりょう>					NA2_SLPS@0x3C5040		slot	64					M1350
T1316	Command Chart > character move name	<r蜘蛛戦弓|クモせんきゅう>　<r無双放射|むそうほうしゃ>					NA2_SLPS@0x3C5080		slot	64					M1351
T1317	Command Chart > character move name	<r蜘蛛戦弓|クモせんきゅう>　<r海面割射|かいめんかっしゃ>					NA2_SLPS@0x3C50C0		slot	64					M1352
T1318	Command Chart > character move name	<r蜘蛛戦弓|クモせんきゅう>　<r一点放射|いってんほうしゃ>					NA2_SLPS@0x3C5100		slot	64					M1353
T1319	Command Chart > character move name	<r蜘蛛戦弓|クモせんきゅう>　<r常経狙射|じょうけいそしゃ>					NA2_SLPS@0x3C5140		slot	64					M1354
T1320	Command Chart > character move name	<r魔笛|まてき>・<r夢幻音鎖|むげんおんさ>					NA2_SLPS@0x3C98F0		slot	48					M1355
T1321	Command Chart > character move name	<r魔笛|まてき>・<r幻霊波|げんれいは>					NA2_SLPS@0x3C9920		slot	48					M1356
T1322	Command Chart > character move name	<r幻武操曲|げんぶそうきょく>　<r爪旋斬|そうせんざん>					NA2_SLPS@0x3C9950		slot	64					M1357
T1323	Command Chart > character move name	<r幻武操曲|げんぶそうきょく>　<r爪穿突|そうがとつ>					NA2_SLPS@0x3C9990		slot	64					M1358
T1324	Command Chart > character move name	<r幻武操曲|げんぶそうきょく>　<r爪双突|そうそうとつ>					NA2_SLPS@0x3C99D0		slot	64					M1359
T1325	Command Chart > character move name	<r幻武操曲|げんぶそうきょく>　<r爪砕|そうさい>					NA2_SLPS@0x3C9A10		slot	48					M1360
T1326	Command Chart > character move name	<r幻武操曲|げんぶそうきょく>　<r棍剛打|こんごうだ>					NA2_SLPS@0x3C9A40		slot	64					M1361
T1327	Command Chart > character move name	<r幻武操曲|げんぶそうきょく>　<r爪昇斬|そうしょうざん>					NA2_SLPS@0x3C9A80		slot	64					M1362
T1328	Command Chart > character move name	<r幻武操曲|げんぶそうきょく>　<r爪斬撃|そうざんげき>					NA2_SLPS@0x3C9AC0		slot	64					M1363
T1329	Command Chart > character move name	<r幻武操曲|げんぶそうきょく>　<r爪重撃|そうじゅうげき>					NA2_SLPS@0x3C9B00		slot	64					M1364
T1330	Command Chart > character move name	<r幻武操曲|げんぶそうきょく>　<r棍瞬打|こんしゅんだ>					NA2_SLPS@0x3C9B40		slot	64					M1365
T1331	Command Chart > character move name	<r幻武操曲|げんぶそうきょく>　<r蹴昇旋|しゅうしょうせん>					NA2_SLPS@0x3C9B80		slot	64					M1366
T1332	Command Chart > character move name	<r幻武操曲|げんぶそうきょく>　<r蹴追撃|しゅうついげき>					NA2_SLPS@0x3C9BC0		slot	64					M1367
T1333	Command Chart > character move name	<r幻武操曲|げんぶそうきょく>　<r棍穿打|こんせんだ>					NA2_SLPS@0x3C9C00		slot	64					M1368
T1334	Command Chart > character move name	<r幻武操曲|げんぶそうきょく>　<r蹴輪旋|しゅうりんせん>					NA2_SLPS@0x3C9C40		slot	64					M1369
T1335	Command Chart > character move name	<r双極落天|そうごくらくてん>					NA2_SLPS@0x3CEBF0		slot	32					M1370
T1336	Command Chart > character move name	<r口寄|くちよ>せ　<r羅生門|ラショウモン>					NA2_SLPS@0x3CEC10		slot	48					M1371
T1337	Command Chart > character move name	<r阿吽追昇撃|あうんついしょうげき>					NA2_SLPS@0x3CEC40		slot	48					M1372
T1338	Command Chart > character move name	<r阿吽対衝打|あうんついしょうだ>					NA2_SLPS@0x3CEC70		slot	48					M1373
T1339	Command Chart > character move name	<r阿吽天地同砕|あうんてんちどうさい>					NA2_SLPS@0x3CECA0		slot	48					M1374
T1340	Command Chart > character move name	<r阿吽猛強襲|あうんもうきょうしゅう>					NA2_SLPS@0x3CECD0		slot	48					M1375
T1341	Command Chart > character move name	<r阿吽双打大砲|あうんそうだたいほう>					NA2_SLPS@0x3CED00		slot	48					M1376
T1342	Command Chart > character move name	<r多連昇拳|たれんしょうけん>					NA2_SLPS@0x3CED30		slot	32					M1377
T1343	Command Chart > character move name	<r阿吽対鏡打|あうんついきょうだ>					NA2_SLPS@0x3CED50		slot	48					M1378
T1344	Command Chart > character move name	<r阿吽連追打|あうんれんついだ>					NA2_SLPS@0x3CED80		slot	32					M1379
T1345	Command Chart > character move name	<r阿吽鬼手玉|あうんおにてだま>					NA2_SLPS@0x3CEDA0		slot	32					M1380
T1346	Command Chart > character move name	<r多連集束拳|たれんしゅうそくけん>					NA2_SLPS@0x3CEDC0		slot	48					M1381
T1347	Command Chart > character move name	<r多連獄送拳|たれんごくそうけん>					NA2_SLPS@0x3CEDF0		slot	48					M1382
T1348	Command Chart > character move name	<r阿吽空裂爪|あうんくうれつそう>					NA2_SLPS@0x3CEE20		slot	48					M1383
T1349	Command Chart > character move name	<r多連彗翔脚|たれんすいしょうきゃく>					NA2_SLPS@0x3CEE50		slot	48					M1384
T1350	Command Chart > character move name	<r蔓|つる>と<r花|はな>					NA2_SLPS@0x3D4360		slot	32					M1385
T1351	Command Chart > character move name	<r早蕨|さわらび>の<r舞|まい>					NA2_SLPS@0x3D4380		slot	32					M1386
T1352	Command Chart > character move name	<r鬼百合|おにゆり>					NA2_SLPS@0x3D43A0		slot	32					M1387
T1353	Command Chart > character move name	<r捻花|ねじりばな>					NA2_SLPS@0x3D43C0		slot	32					M1388
T1354	Command Chart > character move name	<r垂花|しだればな>					NA2_SLPS@0x3D43E0		slot	32					M1389
T1355	Command Chart > character move name	<r枸橘|からたち>					NA2_SLPS@0x3D4400		slot	32					M1390
T1356	Command Chart > character move name	<r深山半鐘|みやまはんしょう>					NA2_SLPS@0x3D4420		slot	32					M1391
T1357	Command Chart > character move name	<r鬼野芥子|おにのげし>					NA2_SLPS@0x3D4440		slot	32					M1392
T1358	Command Chart > character move name	<r鉤葛|かぎかずら>					NA2_SLPS@0x3D4460		slot	24					M1393
T1359	Command Chart > character move name	<r蔓|つる>					NA2_SLPS@0x3D4478		slot	16					M1394
T1360	Command Chart > character move name	<r天花|てんか>					NA2_SLPS@0x3D4488		slot	16					M1395
T1361	Command Chart > character move name	<r立花|りっか>					NA2_SLPS@0x3D4498		slot	24					M1396
T1362	Command Chart > character move name	<r剣山|けんざん>					NA2_SLPS@0x3D44B0		slot	32					M1397
T1363	Command Chart > character move name	<r彗花|ほうきばな>					NA2_SLPS@0x3D44D0		slot	32					M1398
T1364	Command Chart > character move name	うずまきナルト<r連撃|れんげき>					NA2_SLPS@0x3D9C40		slot	32					M0837
T1365	Command Chart > character move name	<r大玉螺旋丸|おおだまらせんがん>					NA2_SLPS@0x3D9C60		slot	48					M0838
T1366	Command Chart > character move name	<r飛影昇撃|ひえんしょうげき>					NA2_SLPS@0x3D9C90		slot	32					M0839
T1367	Command Chart > character move name	<r分身脳天|ぶんしんのうてん>カチ<r割|わ>り					NA2_SLPS@0x3D9CB0		slot	48					M0840
T1368	Command Chart > character move name	<r旋風蹴撃|せんぷうしゅうげき>					NA2_SLPS@0x3D9CE0		slot	32					M0841
T1369	Command Chart > character move name	<r風魔特攻変化|ふうまとっこうへんげ>					NA2_SLPS@0x3D9D00		slot	48					M0842
T1370	Command Chart > character move name	<r特攻螺旋丸|とっこうらせんがん>					NA2_SLPS@0x3D9D30		slot	48					M0843
T1371	Command Chart > character move name	<r忍道|にんどう>アタック					NA2_SLPS@0x3D9D60		slot	32					M0844
T1372	Command Chart > character move name	<r風魔追撃|ふうまついげき>					NA2_SLPS@0x3D9D80		slot	32					M0845
T1373	Command Chart > character move name	<r跳特急|ちょうとっきゅう>					NA2_SLPS@0x3D9DA0		slot	32					M0846
T1374	Command Chart > character move name	<r昇|のぼ>り<r風車|ふうしゃ>					NA2_SLPS@0x3D9DC0		slot	32					M0847
T1375	Command Chart > character move name	<r飛影撃|ひえんげき>					NA2_SLPS@0x3D9DE0		slot	32					M0848
T1376	Command Chart > character move name	<r瞬手弾|しゅんてだん>					NA2_SLPS@0x3D9E00		slot	32					M0849
T1377	Command Chart > character move name	<r分身跳爆打|ぶんしんちょうばくだ>					NA2_SLPS@0x3D9E20		slot	48					M0856
T1378	Command Chart > character move name	<r医療忍術|いりょうにんじゅつ>　<r剛閃|ごうせん>					NA2_SLPS@0x3DF180		slot	64					M1399
T1379	Command Chart > character move name	<r春誅打|しゅんちゅうだ>					NA2_SLPS@0x3DF1C0		slot	32					M1400
T1380	Command Chart > character move name	<r撲殺|ぼくさつ>コンボ					NA2_SLPS@0x3DF1E0		slot	32					M1401
T1381	Command Chart > character move name	<r怪力|かいりき>パンチ					NA2_SLPS@0x3DF200		slot	32					M1402
T1382	Command Chart > character move name	<r落華星|らっかせい>					NA2_SLPS@0x3DF220		slot	32					M1403
T1383	Command Chart > character move name	<r蠍針|さそりばり>					NA2_SLPS@0x3DF240		slot	32					M1404
T1384	Command Chart > character move name	<r滅殺|めっさつ>コンボ					NA2_SLPS@0x3DF260		slot	32					M1405
T1385	Command Chart > character move name	<r阿修羅落|あしゅらお>とし					NA2_SLPS@0x3DF280		slot	32					M1406
T1386	Command Chart > character move name	<r乙女|おとめ>の<r牙|きば>					NA2_SLPS@0x3DF2A0		slot	32					M1407
T1387	Command Chart > character move name	<r彗星弾|すいせいだん>					NA2_SLPS@0x3DF2C0		slot	32					M1408
T1388	Command Chart > character move name	<r昇天|しょうてん>コンボ					NA2_SLPS@0x3DF2E0		slot	32					M1409
T1389	Command Chart > character move name	<r乙女|おとめ>の<r剛拳|ごうけん>					NA2_SLPS@0x3DF300		slot	48					M1410
T1390	Command Chart > character move name	<r爆砕拳打|ばくさいけんだ>					NA2_SLPS@0x3DF330		slot	32					M1411
T1391	Command Chart > character move name	<r乙女|おとめ>の<r本心|ほんしん>					NA2_SLPS@0x3DF350		slot	48					M1412
T1392	Command Chart > character move name	<r砂爆砂塊|さばくさかい>					NA2_SLPS@0x3E4B10		slot	32					M1413
T1393	Command Chart > character move name	<r流砂瀑流|りゅうさばくりゅう>					NA2_SLPS@0x3E4B30		slot	32					M1414
T1394	Command Chart > character move name	<r砂爆噴突|さばくふんとつ>					NA2_SLPS@0x3E4B50		slot	32					M1415
T1395	Command Chart > character move name	<r小流砂瀑流|こりゅうさばくりゅう>					NA2_SLPS@0x3E4B70		slot	48					M1416
T1396	Command Chart > character move name	<r砂塵円|さじんえん>					NA2_SLPS@0x3E4BA0		slot	32					M1417
T1397	Command Chart > character move name	<r噴葬塵|ふんそうじん>					NA2_SLPS@0x3E4BC0		slot	32					M1418
T1398	Command Chart > character move name	<r砂瀑域葬|さばくえいそう>					NA2_SLPS@0x3E4BE0		slot	32					M1419
T1399	Command Chart > character move name	<r砂惨追葬|さざんついそう>					NA2_SLPS@0x3E4C00		slot	32					M1420
T1400	Command Chart > character move name	<r圧砂塵|あっさじん>					NA2_SLPS@0x3E4C20		slot	32					M1421
T1401	Command Chart > character move name	<r落渦葬|らっかそう>					NA2_SLPS@0x3E4C40		slot	32					M1422
T1402	Command Chart > character move name	<r砂漠球|さばくきゅう>・<r狭|へい>					NA2_SLPS@0x3E4C60		slot	48					M1423
T1403	Command Chart > character move name	<r羅惨塵|らさんじん>					NA2_SLPS@0x3E4C90		slot	32					M1424
T1404	Command Chart > character move name	<r漠撃|ばくげき>・<r圧葬|あっそう>					NA2_SLPS@0x3E4CB0		slot	48					M1425
T1405	Command Chart > character move name	<r漠撃|ばくげき>・<r滅葬|めっそう>					NA2_SLPS@0x3E4CE0		slot	48					M1426
T1406	Command Chart > character move name	<r漠撃|ばくげき>・<r天葬|てんそう>					NA2_SLPS@0x3E4D10		slot	48					M1427
T1407	Command Chart > character move name	<r豪砂甚雨|ごうさじんう>					NA2_SLPS@0x3E4D40		slot	32					M1428
T1408	Command Chart > character move name	<r黒秘技機々一発|くろひぎききいっぱつ>					NA2_SLPS@0x3EA3E0		slot	48					M1429
T1409	Command Chart > character move name	<r黒秘技炎填華|くろひぎえんてんか>					NA2_SLPS@0x3EA410		slot	48					M1430
T1410	Command Chart > character move name	<r傀儡|くぐつ>　<r怠慢|たいまん>					NA2_SLPS@0x3EA440		slot	48					M1431
T1411	Command Chart > character move name	<r傀儡|くぐつ>　<r散斬|さんざん>					NA2_SLPS@0x3EA470		slot	48					M1432
T1412	Command Chart > character move name	<r傀儡|くぐつ>　<r妖独楽|あやかしごま>					NA2_SLPS@0x3EA4A0		slot	48					M1433
T1413	Command Chart > character move name	<r傀儡|くぐつ>　<r剥刺錆|むささび>					NA2_SLPS@0x3EA4D0		slot	48					M1434
T1414	Command Chart > character move name	<r傀儡|くぐつ>　<r惨懺波|さざなみ>					NA2_SLPS@0x3EA500		slot	48					M1435
T1415	Command Chart > character move name	<r傀儡|くぐつ>　<r六本峠|ろっぽんとうげ>					NA2_SLPS@0x3EA530		slot	48					M1436
T1416	Command Chart > character move name	<r傀儡|くぐつ>　<r研斬|けんざん>					NA2_SLPS@0x3EA560		slot	48					M1437
T1417	Command Chart > character move name	<r傀儡|くぐつ>　<r鳶疾風|とびはやて>					NA2_SLPS@0x3EA590		slot	48					M1438
T1418	Command Chart > character move name	<r傀儡|くぐつ>　<r仇車|かたぐるま>					NA2_SLPS@0x3EA5C0		slot	48					M1439
T1419	Command Chart > character move name	<r斬|き>り<r斬|き>り<r舞|まい>					NA2_SLPS@0x3EFA00		slot	32					M1440
T1420	Command Chart > character move name	<r真|しん>・カマイタチの<r術|じゅつ>					NA2_SLPS@0x3EFA20		slot	48					M1441
T1421	Command Chart > character move name	<r蓮流扇|はすりゅうせん>					NA2_SLPS@0x3EFA50		slot	32					M1442
T1422	Command Chart > character move name	<r疾風扇舞|しっぷうせんぶ>					NA2_SLPS@0x3EFA70		slot	32					M1443
T1423	Command Chart > character move name	<r真空|しんくう>の<r風|かぜ>					NA2_SLPS@0x3EFA90		slot	32					M1444
T1424	Command Chart > character move name	<r扇嵐撃|せんらんげき>					NA2_SLPS@0x3EFAB0		slot	32					M1445
T1425	Command Chart > character move name	<r燕返|つばめがえ>し					NA2_SLPS@0x3EFAD0		slot	32					M1446
T1426	Command Chart > character move name	<r大扇壊|だいせんかい>					NA2_SLPS@0x3EFAF0		slot	32					M1447
T1427	Command Chart > character move name	<r空龍扇|くうろんせん>					NA2_SLPS@0x3EFB10		slot	24					M1448
T1428	Command Chart > character move name	<r華踊|かよう>					NA2_SLPS@0x3EFB28		slot	24					M1449
T1429	Command Chart > character move name	<r修羅|しゅら>の<r舞|まい>					NA2_SLPS@0x3EFB40		slot	32					M1450
T1430	Command Chart > character move name	<r扇襲洛|せんしゅうらく>					NA2_SLPS@0x3EFB60		slot	32					M1451
T1431	Command Chart > character move name	<r乱|みだ>れ<r舞踊|ぶよう>					NA2_SLPS@0x3EFB80		slot	32					M1452
T1432	Command Chart > character move name	<r烈風扇華|れっぷうせんか>					NA2_SLPS@0x3EFBA0		slot	32					M1453
T1433	Command Chart > character move name	<r二親按包|にしんあんぽう>					NA2_SLPS@0x3F5C10		slot	32					M1454
T1434	Command Chart > character move name	<r千与時雨|ちよしぐれ>					NA2_SLPS@0x3F5C30		slot	32					M1455
T1435	Command Chart > character move name	<r帰母昇刃父|きばしょうじんふ>					NA2_SLPS@0x3F5C50		slot	32					M1456
T1436	Command Chart > character move name	<r帰母進刃父|きばしんじんふ>					NA2_SLPS@0x3F5C70		slot	32					M1457
T1437	Command Chart > character move name	<r二連傘刃|にれんさんじん>					NA2_SLPS@0x3F5C90		slot	32					M1458
T1438	Command Chart > character move name	<r支父流刃母|しふりゅうじんば>					NA2_SLPS@0x3F5CB0		slot	32					M1459
T1439	Command Chart > character move name	<r演劇|えんげき>　<r八方対刃|はっぽうついじん>					NA2_SLPS@0x3F5CD0		slot	48					M1460
T1440	Command Chart > character move name	<r燕刃母獅刃父|えんじんばしじんふ>					NA2_SLPS@0x3F5D00		slot	48					M1461
T1441	Command Chart > character move name	<r二連墜刃|にれんついじん>					NA2_SLPS@0x3F5D30		slot	32					M1462
T1442	Command Chart > character move name	<r二連進刃|にれんしんじん>					NA2_SLPS@0x3F5D50		slot	32					M1463
T1443	Command Chart > character move name	<r支母流刃父|しばりゅうじんふ>					NA2_SLPS@0x3F5D70		slot	32					M1464
T1444	Command Chart > character move name	<r二連昇刃|にれんしょうじん>					NA2_SLPS@0x3F5D90		slot	32					M1465
T1445	Command Chart > character move name	<r氏族一点|しぞくいってん>					NA2_SLPS@0x3F5DB0		slot	32					M1466
T1446	Command Chart > character move name	<r流投母怠父|りゅうとうばたいふ>					NA2_SLPS@0x3F5DD0		slot	48					M1467
T1447	Command Chart > character move name	<r二連転刃|にれんてんじん>					NA2_SLPS@0x3F5E00		slot	32					M1468
T1448	Command Chart > character move name	<r砂鉄界法|さてつかいほう>					NA2_SLPS@0x3FB470		slot	32					M1469
T1449	Command Chart > character move name	<r砂鉄時雨|さてつしぐれ>					NA2_SLPS@0x3FB490		slot	32					M1470
T1450	Command Chart > character move name	<r奇刃隠臥|きじんいんが>					NA2_SLPS@0x3FB4B0		slot	32					M1471
T1451	Command Chart > character move name	<r浮刃隠臥|ふじんいんが>					NA2_SLPS@0x3FB4D0		slot	32					M1472
T1452	Command Chart > character move name	<r偽人千手|ぎじんせんじゅ>・<r地|ち>					NA2_SLPS@0x3FB4F0		slot	48					M1473
T1453	Command Chart > character move name	<r紫煙隠臥|しえんいんが>					NA2_SLPS@0x3FB520		slot	32					M1474
T1454	Command Chart > character move name	<r砂鉄鎖界|さてつさかい>					NA2_SLPS@0x3FB540		slot	32					M1475
T1455	Command Chart > character move name	<r砂鉄塊|さてつかい>					NA2_SLPS@0x3FB560		slot	32					M1476
T1456	Command Chart > character move name	<r砂鉄槍|さてつそう>					NA2_SLPS@0x3FB580		slot	32					M1477
T1457	Command Chart > character move name	<r砂鉄送葬|さてつそうそう>					NA2_SLPS@0x3FB5A0		slot	32					M1478
T1458	Command Chart > character move name	<r砂鉄刺散|さてつしさん>					NA2_SLPS@0x3FB5C0		slot	32					M1479
T1459	Command Chart > character move name	<r偽人千手|ぎじんせんじゅ>・<r天|てん>					NA2_SLPS@0x3FB5E0		slot	48					M1480
T1460	Command Chart > character move name	<r弄玩操戯|ろうがんそうぎ>					NA2_SLPS@0x3FB610		slot	32					M1481
T1461	Command Chart > character move name	<r舞振操戯|ぶしんそうぎ>					NA2_SLPS@0x3FB630		slot	32					M1482
T1462	Command Chart > character move name	<r造形|ぞうけい>の<r美|び>					NA2_SLPS@0x4008C0		slot	32					M1483
T1463	Command Chart > character move name	<r破壊|はかい>の<r美|び>					NA2_SLPS@0x4008E0		slot	32					M1484
T1464	Command Chart > character move name	<r爆破芸術|ばくはげいじゅつ>・<r昇|しょう>～<r連作|れんさく>～					NA2_SLPS@0x400900		slot	64					M1485
T1465	Command Chart > character move name	<r爆破芸術|ばくはげいじゅつ>・<r撃|げき>～<r連作|れんさく>～					NA2_SLPS@0x400940		slot	64					M1486
T1466	Command Chart > character move name	<r爆破芸術|ばくはげいじゅつ>・<r揚|よう>～<r連作|れんさく>～					NA2_SLPS@0x400980		slot	64					M1487
T1467	Command Chart > character move name	<r爆破芸術|ばくはげいじゅつ>・<r退|たい>～<r連作|れんさく>～					NA2_SLPS@0x4009C0		slot	64					M1488
T1468	Command Chart > character move name	<r起爆粘土|きばくねんど>・<r鳥|とり>					NA2_SLPS@0x400A00		slot	48					M1489
T1469	Command Chart > character move name	<r起爆粘土|きばくねんど>・<r蜘蛛|くも>					NA2_SLPS@0x400A30		slot	48					M1490
T1470	Command Chart > character move name	<r起爆粘土|きばくねんど>・<r鳥|とり>～<r翻|ほん>～					NA2_SLPS@0x400A60		slot	64					M1491
T1471	Command Chart > character move name	<r爆葬|ばくそう>					NA2_SLPS@0x400AA0		slot	32					M1492
T1472	Command Chart > character move name	<r空中爆破芸術|くうちゅうばくはげいじゅつ>・<r天|てん>					NA2_SLPS@0x400AC0		slot	64					M1493
T1473	Command Chart > character move name	<r空中爆破芸術|くうちゅうばくはげいじゅつ>・<r双|そう>					NA2_SLPS@0x400B00		slot	64					M1494
T1474	Command Chart > character move name	<r爆葬|ばくそう>～<r空|くう>～					NA2_SLPS@0x400B40		slot	32					M1495
T1475	Command Chart > character move name	<r空中爆破芸術三部作|くうちゅうばくはげいじゅつさんぶさく>					NA2_SLPS@0x400B60		slot	64					M1496
T1476	Command Chart > character move name	<r大型鳥粘土|おおがたとりねんど>・<r翔|しょう>					NA2_SLPS@0x400BA0		slot	48					M1497
T1477	Command Chart > character move name	<r大型鳥粘土|おおがたとりねんど>・<r襲|しゅう>					NA2_SLPS@0x400BD0		slot	48					M1498
T1478	Command Chart > character move name	<r大型鳥粘土|おおがたとりねんど>・<r突|とつ>					NA2_SLPS@0x400C00		slot	48					M1499
T1479	Command Chart > character move name	<r八卦掌回天|はっけしょうかいてん>					NA2_SLPS@0x406B40		slot	48					M1500
T1480	Command Chart > character move name	<r八卦空掌|はっけくうしょう>					NA2_SLPS@0x406B70		slot	32					M1501
T1481	Command Chart > character move name	<r柔閃突|じゅうせんとつ>					NA2_SLPS@0x406B90		slot	32					M1502
T1482	Command Chart > character move name	<r斜天掌|しゃてんしょう>					NA2_SLPS@0x406BB0		slot	32					M1503
T1483	Command Chart > character move name	<r飛連突|ひれんとつ>					NA2_SLPS@0x406BD0		slot	32					M1504
T1484	Command Chart > character move name	<r跳舞掌|ちょうぶしょう>					NA2_SLPS@0x406BF0		slot	32					M1505
T1485	Command Chart > character move name	<r崩撃閃|ほうげきせん>					NA2_SLPS@0x406C10		slot	32					M1506
T1486	Command Chart > character move name	<r空撃掌|くうげきしょう>					NA2_SLPS@0x406C30		slot	32					M1507
T1487	Command Chart > character move name	<r空砕掌|くうさいしょう>					NA2_SLPS@0x406C50		slot	32					M1508
T1488	Command Chart > character move name	<r背撃崩|はいげきほう>					NA2_SLPS@0x406C70		slot	32					M1509
T1489	Command Chart > character move name	<r天昇脚|てんしょうきゃく>					NA2_SLPS@0x406C90		slot	32					M1510
T1490	Command Chart > character move name	<r掌撃墜|しょうげきつい>					NA2_SLPS@0x406CB0		slot	32					M1511
T1491	Command Chart > character move name	<r穿冽掌|せんれっしょう>					NA2_SLPS@0x406CD0		slot	32					M1512
T1492	Command Chart > character move name	<r操具襲千刃|そうぐしゅうせんじん>					NA2_SLPS@0x40C620		slot	48					M1513
T1493	Command Chart > character move name	<r暗器|あんき>・<r爆閃|ばくせん>クナイ<r玉|だま>					NA2_SLPS@0x40C650		slot	64					M1514
T1494	Command Chart > character move name	<r暗器口寄|あんきくちよ>せ・<r全弾発射|ぜんだんはっしゃ>					NA2_SLPS@0x40C690		slot	64					M1515
T1495	Command Chart > character move name	トンファーコンボ					NA2_SLPS@0x40C6D0		slot	32					M1516
T1496	Command Chart > character move name	<r双金棒打|そうかなぼうう>ち<r落|お>とし					NA2_SLPS@0x40C6F0		slot	48					M1517
T1497	Command Chart > character move name	<r暗器術|あんきじゅつ>・<r操具死球撃|そうぐしきゅうげき>					NA2_SLPS@0x40C720		slot	64					M1518
T1498	Command Chart > character move name	<r暗器口寄|あんきくちよ>せ・<r刃突|はとつ>					NA2_SLPS@0x40C760		slot	48					M1519
T1499	Command Chart > character move name	<r棒術|ぼうじゅつ>・<r三節棍|さんせつこん>					NA2_SLPS@0x40C790		slot	48					M1520
T1500	Command Chart > character move name	<r暗器術|あんきじゅつ>・<r飛歩|とんぼ>					NA2_SLPS@0x40C7C0		slot	48					M1521
T1501	Command Chart > character move name	<r暗器術|あんきじゅつ>・<r鎮砕|ふんさい>					NA2_SLPS@0x40C7F0		slot	48					M1522
T1502	Command Chart > character move name	<r暗器術|あんきじゅつ>・<r鎖鎌|くさりがま>					NA2_SLPS@0x40C820		slot	48					M1523
T1503	Command Chart > character move name	<r暗器術|あんきじゅつ>・<r鉄球噴芯|てっきゅうふんしん>					NA2_SLPS@0x40C850		slot	64					M1524
T1504	Command Chart > character move name	<r暗器術|あんきじゅつ>・<r風縛|かぜしばり>					NA2_SLPS@0x40C890		slot	48					M1525
T1505	Command Chart > character move name	<r暗器術|あんきじゅつ>・<r快刀乱麻|かいとうらんま>					NA2_SLPS@0x40C8C0		slot	64					M1526
T1506	Command Chart > character move name	<r表蓮華|おもてれんげ>					NA2_SLPS@0x412D30		slot	32					M1527
T1507	Command Chart > character move name	ダイナミック・エントリー					NA2_SLPS@0x412D50		slot	32					M1528
T1508	Command Chart > character move name	<r猛連蹴|もうれんしゅう>					NA2_SLPS@0x412D70		slot	32					M1529
T1509	Command Chart > character move name	<r大爆踵|だいばくしょう>					NA2_SLPS@0x412D90		slot	32					M1530
T1510	Command Chart > character move name	<r双回打|そうかいだ>					NA2_SLPS@0x412DB0		slot	32					M1531
T1511	Command Chart > character move name	<r下撃蹴|かげきしゅう>					NA2_SLPS@0x412DD0		slot	32					M1532
T1512	Command Chart > character move name	<r連撃浮足|れんげきふそく>					NA2_SLPS@0x412DF0		slot	32					M1533
T1513	Command Chart > character move name	<r連撃昇華|れんげきしょうか>					NA2_SLPS@0x412E10		slot	32					M1534
T1514	Command Chart > character move name	<r昇風瞬脚|しょうふうしゅんきゃく>					NA2_SLPS@0x412E30		slot	48					M1535
T1515	Command Chart > character move name	<r降風瞬脚|こうふうしゅんきゃく>					NA2_SLPS@0x412E60		slot	48					M1536
T1516	Command Chart > character move name	<r四撃蹴|しげきしゅう>					NA2_SLPS@0x412E90		slot	32					M1537
T1517	Command Chart > character move name	<r剛猛突破|ごうもうとっぱ>					NA2_SLPS@0x412EB0		slot	32					M1538
T1518	Command Chart > character move name	<r咆哮転漢|ほうこうてんかん>					NA2_SLPS@0x412ED0		slot	32					M1539
T1519	Command Chart > character move name	<r天井破|てんじょうやぶ>り					NA2_SLPS@0x412EF0		slot	32					M1540
T1520	Command Chart > character move name	<r烈下弾|れっかだん>					NA2_SLPS@0x412F10		slot	32					M1541
T1521	Command Chart > character move name	<r三連打落|さんれんだらく>					NA2_SLPS@0x412F30		slot	32					M1542
T1522	Command Chart > character move name	<r蹴旋華|しゅうせんか>					NA2_SLPS@0x412F50		slot	32					M1543
T1523	Command Chart > character move name	<r爆式影潜|ばくしきえいせん>・<r改|かい>					NA2_SLPS@0x418A00		slot	48					M1544
T1524	Command Chart > character move name	<r鹿脚|かきゃく>					NA2_SLPS@0x418A30		slot	32					M1545
T1525	Command Chart > character move name	<r鹿肘|かちゅう>					NA2_SLPS@0x418A50		slot	32					M1546
T1526	Command Chart > character move name	<r散影|さんえい>					NA2_SLPS@0x418A70		slot	32					M1547
T1527	Command Chart > character move name	<r影枕|かげまくら>					NA2_SLPS@0x418A90		slot	32					M1548
T1528	Command Chart > character move name	<r影縫|かげぬ>い・<r袋帯|ふくろおび>					NA2_SLPS@0x418AB0		slot	48					M1549
T1529	Command Chart > character move name	<r影縫|かげぬ>い・<r糸裏|いとづつみ>					NA2_SLPS@0x418AE0		slot	48					M1550
T1530	Command Chart > character move name	<r影縫|かげぬ>い・<r糸巾着|いとぎんちゃく>					NA2_SLPS@0x418B10		slot	48					M1551
T1531	Command Chart > character move name	<r刺影|しえい>					NA2_SLPS@0x418B40		slot	16					M1552
T1532	Command Chart > character move name	マキシマム・エントリー					NA2_SLPS@0x41F0C0		slot	32					M1553
T1533	Command Chart > character move name	<r夜鳳凰|よるほうおう>					NA2_SLPS@0x41F0E0		slot	32					M1554
T1534	Command Chart > character move name	<r特訓|とっくん>キック					NA2_SLPS@0x41F100		slot	32					M1555
T1535	Command Chart > character move name	<r熱血|ねっけつ>ストレート					NA2_SLPS@0x41F120		slot	32					M1556
T1536	Command Chart > character move name	<r愛情|あいじょう>カカト					NA2_SLPS@0x41F140		slot	32					M1557
T1537	Command Chart > character move name	<r無敵|むてき>チョップ					NA2_SLPS@0x41F160		slot	32					M1558
T1538	Command Chart > character move name	<r激怒|げきど>ヌンチャク					NA2_SLPS@0x41F180		slot	32					M1559
T1539	Command Chart > character move name	<r魂|たましい>ラッシュ					NA2_SLPS@0x41F1A0		slot	32					M1560
T1540	Command Chart > character move name	<r情熱|じょうねつ>キック					NA2_SLPS@0x41F1C0		slot	32					M1561
T1541	Command Chart > character move name	<r青春|せいしゅん>アッパー					NA2_SLPS@0x41F1E0		slot	32					M1562
T1542	Command Chart > character move name	<r斬鉄|ざんてつ>チョップ					NA2_SLPS@0x41F200		slot	32					M1563
T1543	Command Chart > character move name	<r気合|きあい>アタック					NA2_SLPS@0x41F220		slot	32					M1564
T1544	Command Chart > character move name	<r必殺|ひっさつ>キック					NA2_SLPS@0x41F240		slot	32					M1565
T1545	Command Chart > character move name	<r友情|ゆうじょう>ラリアット					NA2_SLPS@0x41F260		slot	32					M1566
T1546	Command Chart > character move name	<r熱愛|ねつあい>スロー					NA2_SLPS@0x41F280		slot	32					M1567
T1547	Command Chart > character move name	<r根性|こんじょう>キック					NA2_SLPS@0x41F2A0		slot	32					M1568
T1548	Command Chart > character move name	<r努力|どりょく>スマッシュ					NA2_SLPS@0x41F2C0		slot	32					M1569
T1549	Command Chart > character move name	<r漢|おとこ>コンボ					NA2_SLPS@0x41F2E0		slot	32					M1570
T1550	Command Chart > character move name	<r雷切墜|らいきりお>とし					NA2_SLPS@0x424B20		slot	32					M1571
T1551	Command Chart > character move name	<r雷切|らいきり>					NA2_SLPS@0x424B40		slot	32					M1572
T1552	Command Chart > character move name	<r万華鏡写輪眼|まんげきょうしゃりんがん>					NA2_SLPS@0x424B60		slot	48					M1573
T1553	Command Chart > character move name	<r翔燕|しょうえん>					NA2_SLPS@0x424B90		slot	24					M1574
T1554	Command Chart > character move name	<r転牙|てんが>					NA2_SLPS@0x424BA8		slot	24					M1575
T1555	Command Chart > character move name	<r曲穿|きょくせん>					NA2_SLPS@0x424BC0		slot	32					M1576
T1556	Command Chart > character move name	<r這脚|はいきゃく>					NA2_SLPS@0x424BE0		slot	32					M1577
T1557	Command Chart > character move name	<r槌尖|ついせん>					NA2_SLPS@0x424C00		slot	24					M1578
T1558	Command Chart > character move name	<r閃払|せんぷ>					NA2_SLPS@0x424C18		slot	24					M1579
T1559	Command Chart > character move name	<r旋咬|せんこう>					NA2_SLPS@0x424C30		slot	32					M1580
T1560	Command Chart > character move name	<r瞬転|しゅんてん>					NA2_SLPS@0x424C50		slot	32					M1581
T1561	Command Chart > character move name	<r尖蹴|せんしゅう>					NA2_SLPS@0x424C70		slot	32					M1582
T1562	Command Chart > character move name	<r穿心|さいしん>					NA2_SLPS@0x424C90		slot	32					M1583
T1563	Command Chart > character move name	<r背脚|はいきゃく>					NA2_SLPS@0x424CB0		slot	32					M1584
T1564	Command Chart > character move name	<r跳牙|ちょうが>					NA2_SLPS@0x424CD0		slot	32					M1585
T1565	Command Chart > character move name	<r幻術|げんじゅつ>　<r不知火|しらぬい>					NA2_SLPS@0x42A0C0		slot	48					M1586
T1566	Command Chart > character move name	<r火遁|かとん>・<r豪火球|ごうかきゅう>の<r術|じゅつ>					NA2_SLPS@0x42A0F0		slot	64					M1587
T1567	Command Chart > character move name	<r閃影|せんえい>					NA2_SLPS@0x42A130		slot	32					M1588
T1568	Command Chart > character move name	<r瞬斬|しゅんざん>					NA2_SLPS@0x42A150		slot	24					M1589
T1569	Command Chart > character move name	<r双舞|そうぶ>					NA2_SLPS@0x42A168		slot	24					M1590
T1570	Command Chart > character move name	<r分身大爆破|ぶんしんだいばくは>					NA2_SLPS@0x42A180		slot	48					M1591
T1571	Command Chart > character move name	<r翔斬|しょうざん>					NA2_SLPS@0x42A1B0		slot	32					M1592
T1572	Command Chart > character move name	<r穿蹴|せんしゅう>					NA2_SLPS@0x42A1D0		slot	32					M1593
T1573	Command Chart > character move name	<r禍炎|かえん>　<r火照|ほでり>					NA2_SLPS@0x42A1F0		slot	32					M1594
T1574	Command Chart > character move name	<r天舞|てんぶ>					NA2_SLPS@0x42A210		slot	16					M1595
T1575	Command Chart > character move name	<r昇旋|しょうせん>					NA2_SLPS@0x42A220		slot	32					M1596
T1576	Command Chart > character move name	<r斬隼|ざんしゅん>					NA2_SLPS@0x42A240		slot	32					M1597
T1577	Command Chart > character move name	<r飛隼|ひしゅん>					NA2_SLPS@0x42A260		slot	32					M1598
T1578	Command Chart > character move name	<r墜蹴|ついしゅう>					NA2_SLPS@0x42A280		slot	32					M1599
T1579	Command Chart > character move name	<r水遁|すいとん>・<r潜鮫削滅|せんこうさくめつ>					NA2_SLPS@0x42F5A0		slot	48					M1600
T1580	Command Chart > character move name	<r水遁|すいとん>・<r水鮫散弾|すいこうさんだん>の<r術|じゅつ>					NA2_SLPS@0x42F5D0		slot	64					M1601
T1581	Command Chart > character move name	<r水遁|すいとん>・<r渦纏|うずまと>い					NA2_SLPS@0x42F610		slot	48					M1602
T1582	Command Chart > character move name	おろし<r回旋|かいせん>					NA2_SLPS@0x42F640		slot	32					M1603
T1583	Command Chart > character move name	<r大壊崩|だいかいくず>し					NA2_SLPS@0x42F660		slot	32					M1604
T1584	Command Chart > character move name	<r鮫肌蹂躙|サメハダじゅうりん>					NA2_SLPS@0x42F680		slot	32					M1605
T1585	Command Chart > character move name	<r鮫肌回旋|サメハダかいせん>					NA2_SLPS@0x42F6A0		slot	32					M1606
T1586	Command Chart > character move name	<r背討削|せうちけず>り					NA2_SLPS@0x42F6C0		slot	32					M1607
T1587	Command Chart > character move name	<r波剃突破|はせいとっぱ>					NA2_SLPS@0x42F6E0		slot	32					M1608
T1588	Command Chart > character move name	<r水遁|すいとん>・<r水牢|すいろう>の<r術|じゅつ>					NA2_SLPS@0x42F700		slot	64					M1609
T1589	Command Chart > character move name	<r鮫肌壊上|サメハダかいじょう>					NA2_SLPS@0x42F740		slot	32					M1610
T1590	Command Chart > character move name	<r鮫餓落下|こうじんらっか>					NA2_SLPS@0x42F760		slot	32					M1611
T1591	Command Chart > character move name	<r捨打|すてう>ち					NA2_SLPS@0x42F780		slot	32					M1612
T1592	Command Chart > character move name	<r大開斬|だいかいき>り					NA2_SLPS@0x42F7A0		slot	32					M1613
T1593	Command Chart > character move name	<r緋染絣|ひぞめがすり>					NA2_SLPS@0x434D60		slot	32					M1614
T1594	Command Chart > character move name	<r虚狗砲|こくほう>					NA2_SLPS@0x434D80		slot	32					M1615
T1595	Command Chart > character move name	<r猛爪手|もうそうしゅ>					NA2_SLPS@0x434DA0		slot	32					M1616
T1596	Command Chart > character move name	<r緋色槍|ひしょくそう>					NA2_SLPS@0x434DC0		slot	32					M1617
T1597	Command Chart > character move name	<r不知火打|しらぬいうち>					NA2_SLPS@0x434DE0		slot	32					M1618
T1598	Command Chart > character move name	<r朱露|あけのつゆ>					NA2_SLPS@0x434E00		slot	32					M1619
T1599	Command Chart > character move name	<r射鳴爪|いなりづめ>					NA2_SLPS@0x434E20		slot	32					M1620
T1600	Command Chart > character move name	<r付喪薙|つくもなぎ>					NA2_SLPS@0x434E40		slot	32					M1621
T1601	Command Chart > character move name	<r白面砲撃|はくめんほうげき>					NA2_SLPS@0x434E60		slot	32					M1622
T1602	Command Chart > character move name	<r裂尾荒|れつびこう>					NA2_SLPS@0x434E80		slot	32					M1623
T1603	Command Chart > character move name	<r玉藻前|たまものまえ>					NA2_SLPS@0x434EA0		slot	32					M1624
T1604	Command Chart > character move name	<r降纏突|こうてんつき>					NA2_SLPS@0x434EC0		slot	32					M1625
T1605	Command Chart > character move name	<r飯綱束|いづなづか>					NA2_SLPS@0x434EE0		slot	32					M1626
T1606	Command Chart > character move name	<r空孤繰|くうこくり>					NA2_SLPS@0x434F00		slot	32					M1627
T1607	Command Chart > character move name	<r強襲裂刃|きょうしゅうれっぱ>					NA2_SLPS@0x43A690		slot	32					M1628
T1608	Command Chart > character move name	<r赤秘技|あかひぎ>・<r百機|ひゃっき>の<r操演|そうえん>					NA2_SLPS@0x43A6B0		slot	64					M1629
T1609	Command Chart > character move name	<r操己昇脚|そうこしょうきゃく>					NA2_SLPS@0x43A6F0		slot	32					M1630
T1610	Command Chart > character move name	<r操己深進|そうこしんしん>					NA2_SLPS@0x43A710		slot	32					M1631
T1611	Command Chart > character move name	<r操己翻刃|そうこほんじん>					NA2_SLPS@0x43A730		slot	32					M1632
T1612	Command Chart > character move name	<r操己炎憮|そうこえんぶ>					NA2_SLPS@0x43A750		slot	32					M1633
T1613	Command Chart > character move name	<r炎龍昇刃|えんりゅうしょうじん>					NA2_SLPS@0x43A770		slot	48					M1634
T1614	Command Chart > character move name	<r炎獄憮陣|えんごくぶじん>					NA2_SLPS@0x43A7A0		slot	32					M1635
T1615	Command Chart > character move name	<r強襲浮刃|きょうしゅうふじん>					NA2_SLPS@0x43A7C0		slot	32					M1636
T1616	Command Chart > character move name	<r寄人背蹴|きじんせしゅう>					NA2_SLPS@0x43A7E0		slot	32					M1637
T1617	Command Chart > character move name	<r強襲昇刃|きょうしゅうしょうじん>					NA2_SLPS@0x43A800		slot	48					M1638
T1618	Command Chart > character move name	<r強襲墜劇|きょうしゅうついげき>					NA2_SLPS@0x43A830		slot	48					M1639
T1619	Command Chart > character move name	<r行自背蹴|あんじせしゅう>					NA2_SLPS@0x43A860		slot	32					M1640
T1620	Command Chart > character move name	<r強襲刺刃|きょうしゅうしじん>					NA2_SLPS@0x43A880		slot	32					M1641
T1621	Command Chart > character move name	<r尾道魯|おどろ>					NA2_SLPS@0x43F5C0		slot	32					M1642
T1622	Command Chart > character move name	<r仕込|しこ>み<r傀儡|くぐつ>・<r針々八波|しんしんはっぱ>					NA2_SLPS@0x43F5E0		slot	64					M1643
T1623	Command Chart > character move name	<r天幻|てんげん>					NA2_SLPS@0x43F620		slot	24					M1644
T1624	Command Chart > character move name	<r羅刹|らせつ>					NA2_SLPS@0x43F638		slot	16					M1645
T1625	Command Chart > character move name	<r百済|くだら>					NA2_SLPS@0x43F648		slot	16					M1646
T1626	Command Chart > character move name	<r虚無|きょむ>					NA2_SLPS@0x43F658		slot	16					M1647
T1627	Command Chart > character move name	<r無頼|ぶらい>					NA2_SLPS@0x43F668		slot	24					M1648
T1628	Command Chart > character move name	<r有情|うじょう>					NA2_SLPS@0x43F680		slot	32					M1649
T1629	Command Chart > character move name	<r潜手|せんしゅ>					NA2_SLPS@0x43F6A0		slot	24					M1650
T1630	Command Chart > character move name	<r新羅|しらぎ>					NA2_SLPS@0x43F6B8		slot	24					M1651
T1631	Command Chart > character move name	<r天涯|てんがい>					NA2_SLPS@0x43F6D0		slot	32					M1652
T1632	Command Chart > character move name	<r高麗|こうらい>					NA2_SLPS@0x43F6F0		slot	32					M1653
T1633	Command Chart > character move name	<r如来|にょらい>					NA2_SLPS@0x43F710		slot	32					M1654
T1634	Command Chart > character move name	<r白衣|びゃくえ>					NA2_SLPS@0x43F730		slot	32					M1655
T1635	Command Chart > character move name	<r双云|そううん>					NA2_SLPS@0x43F750		slot	32					M1656
T1636	Command Chart > character move name	<r熟練作法|じゅくれんさほう>					NA2_SLPS@0x445EB0		slot	32					M1657
T1637	Command Chart > character move name	<r二兎天秤|にとてんびん>					NA2_SLPS@0x445ED0		slot	32					M1658
T1638	Command Chart > character move name	<r起進踏破|きじんとうは>					NA2_SLPS@0x445EF0		slot	32					M1659
T1639	Command Chart > character move name	<r下肢盛焔|かしせいえん>					NA2_SLPS@0x445F10		slot	32					M1660
T1640	Command Chart > character move name	<r跳乗体躯|ちょうじょうたいく>					NA2_SLPS@0x445F30		slot	32					M1661
T1641	Command Chart > character move name	<r無我自遜|むがじそん>					NA2_SLPS@0x445F50		slot	32					M1662
T1642	Command Chart > character move name	<r不意手|ふいしゅ>					NA2_SLPS@0x445F70		slot	32					M1663
T1643	Command Chart > character move name	<r双昇脚|そうしょうきゃく>					NA2_SLPS@0x445F90		slot	32					M1664
T1644	Command Chart > character move name	<r輪転掌|りんてんしょう>					NA2_SLPS@0x445FB0		slot	32					M1665
T1645	Command Chart > character move name	<r潜進脚|せんしんきゃく>					NA2_SLPS@0x445FD0		slot	32					M1666
T1646	Command Chart > character move name	<r肩硬突|けんこうとつ>					NA2_SLPS@0x445FF0		slot	32					M1667
T1647	Command Chart > character move name	<r北砕|ほくさい>					NA2_SLPS@0x446010		slot	32					M1668
T1648	Command Chart > character move name	<r底閃|ていせん>					NA2_SLPS@0x446030		slot	32					M1669
T1649	Command Chart > character move name	<r斜落|しゃらく>					NA2_SLPS@0x446050		slot	24					M1670
T1650	Command Chart > character move name	<r風刺|ふうし>					NA2_SLPS@0x446068		slot	24					M1671
T1651	Command Chart > character move name	<r仰|あお>ぐ<r大気|そら>					NA2_SLPS@0x446080		slot	32					M1672
T1652	Command Chart > character move name	<r過|す>ぐ<r歳月|ながれ>					NA2_SLPS@0x4460A0		slot	32					M1673
T1653	Command Chart > character move name	<r降|ふ>り<r作礼|さらい>					NA2_SLPS@0x4460C0		slot	32					M1674
T1654	Command Chart > character move name	<r絶|た>ち<r終焉|わかれ>					NA2_SLPS@0x4460E0		slot	32					M1675
T1655	Command Chart > character move name	<r天|てん>の<r構|かま>え・<r刹|せつ>					NA2_SLPS@0x446100		slot	48					M1676
T1656	Command Chart > character move name	<r舞|ま>い<r飛鳥|あすか>					NA2_SLPS@0x446130		slot	32					M1677
T1657	Command Chart > character move name	<r地|ち>の<r構|かま>え・<r掩|えん>					NA2_SLPS@0x446150		slot	48					M1678
T1658	Command Chart > character move name	<r這|は>い<r土竜|もぐら>					NA2_SLPS@0x446180		slot	32					M1679
T1659	Command Chart > character move name	<r人|じん>の<r構|かま>え・<r斥|せき>					NA2_SLPS@0x4461A0		slot	48					M1680
T1660	Command Chart > character move name	<r刺|さ>し<r朱音|あかね>					NA2_SLPS@0x4461D0		slot	32					M1681
T1661	Command Chart > character move name	<r暴双砕牙|ばくそうさいが>					NA2_SLPS@0x44BF90		slot	32					M1682
T1662	Command Chart > character move name	<r牙通牙|がつうが>					NA2_SLPS@0x44BFB0		slot	32					M1683
T1663	Command Chart > character move name	<r円月爪|えんげつそう>					NA2_SLPS@0x44BFD0		slot	32					M1684
T1664	Command Chart > character move name	<r双狼閃|そうろうせん>					NA2_SLPS@0x44BFF0		slot	32					M1685
T1665	Command Chart > character move name	<r虚狼貫|ころうかん>					NA2_SLPS@0x44C010		slot	32					M1686
T1666	Command Chart > character move name	<r群狼鞭|ぐんろうべん> 					NA2_SLPS@0x44C030		slot	32					M1687
T1667	Command Chart > character move name	<r抗牙刀|こうがとう>					NA2_SLPS@0x44C050		slot	32					M1688
T1668	Command Chart > character move name	<r駆狼双戟|かろうそうげき>					NA2_SLPS@0x44C070		slot	32					M1689
T1669	Command Chart > character move name	<r単騎閃走|たんきせんそう>					NA2_SLPS@0x44C090		slot	32					M1690
T1670	Command Chart > character move name	<r拘狼顎|こうろうがく>					NA2_SLPS@0x44C0B0		slot	32					M1691
T1671	Command Chart > character move name	<r天狼流|てんろうりゅう>					NA2_SLPS@0x44C0D0		slot	32					M1692
T1672	Command Chart > character move name	<r皇狼落|こうろうらく>					NA2_SLPS@0x44C0F0		slot	32					M1693
T1673	Command Chart > character move name	<r飛刃狼牙|ひじんろうが>					NA2_SLPS@0x44C110		slot	32					M1694
T1674	Command Chart > character move name	<r迅狼天走|じんろうてんそう>					NA2_SLPS@0x44C130		slot	32					M1695
T1675	Command Chart > character move name	<r一騎搭穿|いっきとうせん>					NA2_SLPS@0x44C150		slot	32					M1696
T1676	Command Chart > character move name	<r投狼刃|とうろうじん>					NA2_SLPS@0x44C170		slot	32					M1697
T1677	Command Chart > character move name	<r騎乗伐爪|きじょうばっそう>					NA2_SLPS@0x44C190		slot	32					M1698
T1678	Command Chart > character move name	<r寄壊蟲|きかいちゅう>・<r芭句|ばく>					NA2_SLPS@0x451B90		slot	48					M1699
T1679	Command Chart > character move name	<r寄壊蟲|きかいちゅう>・<r円塊|えんかい>					NA2_SLPS@0x451BC0		slot	48					M1700
T1680	Command Chart > character move name	<r沫泡蟲|まっぽうちゅう>					NA2_SLPS@0x451BF0		slot	32					M1701
T1681	Command Chart > character move name	<r擬態蟲|ぎたいちゅう>・<r這|しゃ>					NA2_SLPS@0x451C10		slot	48					M1702
T1682	Command Chart > character move name	<r拡散蟲|かくさんちゅう>					NA2_SLPS@0x451C40		slot	32					M1703
T1683	Command Chart > character move name	<r昇渦蟲|しょうかちゅう>					NA2_SLPS@0x451C60		slot	32					M1704
T1684	Command Chart > character move name	<r分散蟲|ぶんさんちゅう>					NA2_SLPS@0x451C80		slot	32					M1705
T1685	Command Chart > character move name	<r捕縛蟲|ほばくちゅう>					NA2_SLPS@0x451CA0		slot	32					M1706
T1686	Command Chart > character move name	<r擬態蟲|ぎたいちゅう>・<r飛|ひ>					NA2_SLPS@0x451CC0		slot	48					M1707
T1687	Command Chart > character move name	<r包容蟲|ほうようちゅう>					NA2_SLPS@0x451CF0		slot	32					M1708
T1688	Command Chart > character move name	<r落叩蟲|らっこうちゅう>					NA2_SLPS@0x451D10		slot	32					M1709
T1689	Command Chart > character move name	<r寄集蟲|きしゅうちゅう>					NA2_SLPS@0x451D30		slot	32					M1710
T1690	Command Chart > character move name	<r八卦掌双手通背|はっけしょうそうしゅつうはい>					NA2_SLPS@0x457A80		slot	48					M1711
T1691	Command Chart > character move name	<r通背掌|つうはいしょう>					NA2_SLPS@0x457AB0		slot	32					M1712
T1692	Command Chart > character move name	<r開崩掌|かいほうしょう>					NA2_SLPS@0x457AD0		slot	32					M1713
T1693	Command Chart > character move name	<r天崩連破|てんほうれんは>					NA2_SLPS@0x457AF0		slot	32					M1714
T1694	Command Chart > character move name	<r投扇掌|とうせんしょう>					NA2_SLPS@0x457B10		slot	32					M1715
T1695	Command Chart > character move name	<r旋天掌|せんてんしょう>					NA2_SLPS@0x457B30		slot	32					M1716
T1696	Command Chart > character move name	<r三舞|みつまい>					NA2_SLPS@0x457B50		slot	24					M1717
T1697	Command Chart > character move name	<r瓦砲|がほう>					NA2_SLPS@0x457B68		slot	24					M1718
T1698	Command Chart > character move name	<r天背掌|てんはいしょう>					NA2_SLPS@0x457B80		slot	32					M1719
T1699	Command Chart > character move name	<r大鵬|だいほう>					NA2_SLPS@0x457BA0		slot	32					M1720
T1700	Command Chart > character move name	<r旋風|せんぷう>					NA2_SLPS@0x457BC0		slot	32					M1721
T1701	Command Chart > character move name	<r遥流掌|ようりゅうしょう>					NA2_SLPS@0x457BE0		slot	32					M1722
T1702	Command Chart > character move name	<r白宝輪|はくほうりん>					NA2_SLPS@0x457C00		slot	32					M1723
T1703	Command Chart > character move name	<r発輝連突|はっきれんとつ>					NA2_SLPS@0x457C20		slot	32					M1724
T1704	Command Chart > character move name	<r倍化怒涛|ばいかどとう>					NA2_SLPS@0x45DBF0		slot	32					M1725
T1705	Command Chart > character move name	<r超張|ちょうは>り<r手|て>					NA2_SLPS@0x45DC10		slot	32					M1726
T1706	Command Chart > character move name	<r大跳脚|だいちょうきゃく>					NA2_SLPS@0x45DC30		slot	32					M1727
T1707	Command Chart > character move name	<r大行拳|だいこうけん>					NA2_SLPS@0x45DC50		slot	32					M1728
T1708	Command Chart > character move name	<r大厳乞|だいげんこつ>					NA2_SLPS@0x45DC70		slot	32					M1729
T1709	Command Chart > character move name	<r大挟掌|だいきょうしょう>					NA2_SLPS@0x45DC90		slot	32					M1730
T1710	Command Chart > character move name	<r大昇脚|だいしょうきゃく>					NA2_SLPS@0x45DCB0		slot	32					M1731
T1711	Command Chart > character move name	<r大叩槌|だいこうつい>					NA2_SLPS@0x45DCD0		slot	32					M1732
T1712	Command Chart > character move name	<r怒来武|どらいぶ>					NA2_SLPS@0x45DCF0		slot	32					M1733
T1713	Command Chart > character move name	かつぎ<r発放|ほっぽう>					NA2_SLPS@0x45DD10		slot	32					M1734
T1714	Command Chart > character move name	<r大回脚|だいかいきゃく>					NA2_SLPS@0x45DD30		slot	32					M1735
T1715	Command Chart > character move name	<r急球弾|きゅうきゅうだん>					NA2_SLPS@0x45DD50		slot	32					M1736
T1716	Command Chart > character move name	まわし<r発放|ほっぽう>					NA2_SLPS@0x45DD70		slot	32					M1737
T1717	Command Chart > character move name	<r大双脚|だいそうきゃく>					NA2_SLPS@0x45DD90		slot	32					M1738
T1718	Command Chart > character move name	<r超|ちょう>ラッシュ					NA2_SLPS@0x45DDB0		slot	32					M1739
T1719	Command Chart > character move name	<r超|ちょう>スパイク					NA2_SLPS@0x45DDD0		slot	32					M1740
T1720	Command Chart > character move name	<r超|ちょう>スタンプ					NA2_SLPS@0x45DDF0		slot	32					M1741
T1721	Command Chart > character move name	<r超|ちょう>シュート					NA2_SLPS@0x45DE10		slot	32					M1742
T1722	Command Chart > character move name	<r超|ちょう>スロー					NA2_SLPS@0x45DE30		slot	32					M1743
T1723	Command Chart > character move name	<r超|ちょう>アッパー					NA2_SLPS@0x45DE50		slot	32					M1744
T1724	Command Chart > character move name	<r超|ちょう>ダイビング					NA2_SLPS@0x45DE70		slot	32					M1745
T1725	Command Chart > character move name	<r超|ちょう>ブレスト					NA2_SLPS@0x45DE90		slot	32					M1746
T1726	Command Chart > character move name	<r心乱身|しんらんしん>の<r術|じゅつ>					NA2_SLPS@0x463CD0		slot	48					M1747
T1727	Command Chart > character move name	<r華憐四季彩|かれんしきさい>					NA2_SLPS@0x463D00		slot	32					M1748
T1728	Command Chart > character move name	<r彩|いろどり>のラベンダー					NA2_SLPS@0x463D20		slot	32					M1749
T1729	Command Chart > character move name	<r胸|むね>を<r刺|さ>すアロエ					NA2_SLPS@0x463D40		slot	32					M1750
T1730	Command Chart > character move name	ベゴニアの<r重圧|じゅうあつ>					NA2_SLPS@0x463D60		slot	32					M1751
T1731	Command Chart > character move name	<r嘆|なげ>きのライラック					NA2_SLPS@0x463D80		slot	32					M1752
T1732	Command Chart > character move name	<r喜|よろこ>びのクレマチス					NA2_SLPS@0x463DA0		slot	32					M1753
T1733	Command Chart > character move name	<r心浮|こころう>くポピー					NA2_SLPS@0x463DC0		slot	32					M1754
T1734	Command Chart > character move name	スターチスの<r一突|ひとつ>き					NA2_SLPS@0x463DE0		slot	32					M1755
T1735	Command Chart > character move name	<r空|そら>に<r舞|ま>うナデシコ					NA2_SLPS@0x463E00		slot	32					M1756
T1736	Command Chart > character move name	<r蝦蟇|ガマ>ドス<r斬|ざん>					NA2_SLPS@0x469000		slot	32					M1757
T1737	Command Chart > character move name	<r幕之討|まくのう>ち					NA2_SLPS@0x469020		slot	32					M1758
T1738	Command Chart > character move name	<r足拍子|あしびょうし>					NA2_SLPS@0x469040		slot	32					M1759
T1739	Command Chart > character move name	<r壱番大誇|いちばんだいこ>					NA2_SLPS@0x469060		slot	32					M1760
T1740	Command Chart > character move name	<r針地蔵|はりじぞう>					NA2_SLPS@0x469080		slot	32					M1761
T1741	Command Chart > character move name	<r飛拿弾|ひなだん>					NA2_SLPS@0x4690A0		slot	32					M1762
T1742	Command Chart > character move name	<r口寄|くちよ>せ <r屋台落|やたいお>とし					NA2_SLPS@0x4690C0		slot	48					M1763
T1743	Command Chart > character move name	<r火遁|かとん>の<r術|じゅつ>					NA2_SLPS@0x4690F0		slot	32					M1764
T1744	Command Chart > character move name	<r彗叩|すいこう>					NA2_SLPS@0x469110		slot	32					M1765
T1745	Command Chart > character move name	<r筍掻突|しゅんそうとつ>					NA2_SLPS@0x469130		slot	32					M1766
T1746	Command Chart > character move name	<r落葉槌|らくようつい>					NA2_SLPS@0x469150		slot	32					M1767
T1747	Command Chart > character move name	<r雷底|らいてい>					NA2_SLPS@0x469170		slot	32					M1768
T1748	Command Chart > character move name	<r歳流掌|さいりゅうしょう>					NA2_SLPS@0x469190		slot	32					M1769
T1749	Command Chart > character move name	<r痛天脚|つうてんきゃく>・<r天帝|てんてい>					NA2_SLPS@0x46E6A0		slot	48					M1770
T1750	Command Chart > character move name	<r天守脚|てんしゅきゃく>					NA2_SLPS@0x46E6D0		slot	32					M1771
T1751	Command Chart > character move name	<r萩猪|はぎい>					NA2_SLPS@0x46E6F0		slot	16					M1772
T1752	Command Chart > character move name	<r雁金|かりがね>					NA2_SLPS@0x46E700		slot	32					M1773
T1753	Command Chart > character move name	<r薄月|うすづき>					NA2_SLPS@0x46E720		slot	32					M1774
T1754	Command Chart > character move name	<r紅葉鹿|こうようか>					NA2_SLPS@0x46E740		slot	32					M1775
T1755	Command Chart > character move name	<r杜若|とじゃく>					NA2_SLPS@0x46E760		slot	32					M1776
T1756	Command Chart > character move name	<r鳳桐|ほうとう>					NA2_SLPS@0x46E780		slot	32					M1777
T1757	Command Chart > character move name	<r竹雀|ちくしゃく>					NA2_SLPS@0x46E7A0		slot	32					M1778
T1758	Command Chart > character move name	<r菊盃|きくさかずき>					NA2_SLPS@0x46E7C0		slot	32					M1779
T1759	Command Chart > character move name	<r暴猪|あばれしし>					NA2_SLPS@0x46E7E0		slot	32					M1780
T1760	Command Chart > character move name	<r花柳|はなやなぎ>					NA2_SLPS@0x46E800		slot	24					M1781
T1761	Command Chart > character move name	<r月鹿|げっか>					NA2_SLPS@0x46E818		slot	24					M1782
T1762	Command Chart > character move name	<r梅鶯|おうよう>					NA2_SLPS@0x46E830		slot	32					M1783
T1763	Command Chart > character move name	<r痛天脚|つうてんきゃく>					NA2_SLPS@0x46E850		slot	32					M1784
T1764	Command Chart > character move name	<r藤杜鵑|とうとけん>					NA2_SLPS@0x46E870		slot	32					M1785
T1765	Command Chart > character move name	<r桜幕|さくらまく>					NA2_SLPS@0x46E890		slot	32					M1786
T1766	Command Chart > character move name	<r仕込|しこ>み<r千本|せんぼん>・<r刺散|しさん>					NA2_SLPS@0x474110		slot	48					M1787
T1767	Command Chart > character move name	<r忍法|にんぽう>・<r毒霧|どくきり>					NA2_SLPS@0x474140		slot	48					M1788
T1768	Command Chart > character move name	<r掌波|しょうは>					NA2_SLPS@0x474170		slot	24					M1789
T1769	Command Chart > character move name	<r連刃|れんば>					NA2_SLPS@0x474188		slot	24					M1790
T1770	Command Chart > character move name	<r刺脚|しきゃく>					NA2_SLPS@0x4741A0		slot	32					M1791
T1771	Command Chart > character move name	<r凛針|りんしん>					NA2_SLPS@0x4741C0		slot	32					M1792
T1772	Command Chart > character move name	<r千本|せんぼん>					NA2_SLPS@0x4741E0		slot	32					M1793
T1773	Command Chart > character move name	<r受劈|じゅへき>					NA2_SLPS@0x474200		slot	32					M1794
T1774	Command Chart > character move name	<r突針|とっしん>					NA2_SLPS@0x474220		slot	32					M1795
T1775	Command Chart > character move name	<r流刃|りゅうば>					NA2_SLPS@0x474240		slot	32					M1796
T1776	Command Chart > character move name	<r昇刃|しょうば>					NA2_SLPS@0x474260		slot	32					M1797
T1777	Command Chart > character move name	<r旋刃|せんじん>					NA2_SLPS@0x474280		slot	32					M1798
T1778	Command Chart > character move name	<r掌尖|しょうせん>					NA2_SLPS@0x4742A0		slot	32					M1799
T1779	Command Chart > character move name	<r輪落|りんらく>					NA2_SLPS@0x4742C0		slot	24					M1800
T1780	Command Chart > character move name	<r浮刃|ふじん>					NA2_SLPS@0x4742D8		slot	24					M1801
T1781	Command Chart > character move name	<r転斬|てんざん>					NA2_SLPS@0x4742F0		slot	32					M1802
T1782	Command Chart > character move name	<r狼牙伐錐|ろうがばっすい>					NA2_SLPS@0x479A10		slot	32					M1803
T1783	Command Chart > character move name	<r飛燕|ひえん>・<r空穿|くうせん>					NA2_SLPS@0x479A30		slot	48					M1804
T1784	Command Chart > character move name	<r暴風粋|ぼうふういき>					NA2_SLPS@0x479A60		slot	32					M1805
T1785	Command Chart > character move name	<r青嵐|あおあらし>					NA2_SLPS@0x479A80		slot	24					M1806
T1786	Command Chart > character move name	<r東風|こち>					NA2_SLPS@0x479A98		slot	16					M1807
T1787	Command Chart > character move name	<r颪|おろし>					NA2_SLPS@0x479AA8		slot	24					M1808
T1788	Command Chart > character move name	<r韋駄天台風|いだてんたいふう>					NA2_SLPS@0x479AC0		slot	32					M1809
T1789	Command Chart > character move name	<r雁渡|かりわたし>					NA2_SLPS@0x479AE0		slot	24					M1810
T1790	Command Chart > character move name	<r山背|やませ>					NA2_SLPS@0x479AF8		slot	24					M1811
T1791	Command Chart > character move name	<r木枯|こがら>し					NA2_SLPS@0x479B10		slot	32					M1812
T1792	Command Chart > character move name	<r黒南風|くろはえ>					NA2_SLPS@0x479B30		slot	32					M1813
T1793	Command Chart > character move name	<r小夜嵐|さよあらし>					NA2_SLPS@0x479B50		slot	24					M1814
T1794	Command Chart > character move name	<r風巻|しまき>					NA2_SLPS@0x479B68		slot	24					M1815
T1795	Command Chart > character move name	<r天狗風|てんぐかぜ>					NA2_SLPS@0x479B80		slot	24					M1816
T1796	Command Chart > character move name	<r比良|ひら>					NA2_SLPS@0x479B98		slot	24					M1817
T1797	Command Chart > character move name	<r幻術|げんじゅつ>　<r蜃気楼|しんきろう>					NA2_SLPS@0x47ED10		slot	48					M1818
T1798	Command Chart > character move name	<r幻術|げんじゅつ>　<r霞|かすみ>					NA2_SLPS@0x47ED40		slot	48					M1819
T1799	Command Chart > character move name	<r誘紅寿|そうこうじゅ>					NA2_SLPS@0x47ED70		slot	32					M1820
T1800	Command Chart > character move name	<r杏咲垂|あんしょうすい>					NA2_SLPS@0x47ED90		slot	32					M1821
T1801	Command Chart > character move name	<r枝垂|しだ>れ<r華|ばな>					NA2_SLPS@0x47EDB0		slot	32					M1822
T1802	Command Chart > character move name	<r紅葉夢|こうようむ>					NA2_SLPS@0x47EDD0		slot	32					M1823
T1803	Command Chart > character move name	<r花卉舞踊|かきぶよう>					NA2_SLPS@0x47EDF0		slot	32					M1824
T1804	Command Chart > character move name	<r三彩|さんさい>					NA2_SLPS@0x47EE10		slot	32					M1825
T1805	Command Chart > character move name	<r香咲彩|かしょうさい>					NA2_SLPS@0x47EE30		slot	32					M1826
T1806	Command Chart > character move name	<r延髄切|えんずいぎ>り					NA2_SLPS@0x47EE50		slot	32					M1827
T1807	Command Chart > character move name	<r符彩脚|ふさいきゃく>					NA2_SLPS@0x47EE70		slot	32					M1828
T1808	Command Chart > character move name	<r枯秋葉|かれあきば>					NA2_SLPS@0x47EE90		slot	32					M1829
T1809	Command Chart > character move name	<r牡丹雪|ぼたんゆき>					NA2_SLPS@0x47EEB0		slot	32					M1830
T1810	Command Chart > character move name	<r華天頂|かてんちょう>					NA2_SLPS@0x47EED0		slot	32					M1831
T1811	Command Chart > character move name	<r陀演呂迦|だえんろか>					NA2_SLPS@0x484730		slot	32					M1832
T1812	Command Chart > character move name	<r邪蛇蜿蜒|じゃじゃえんえん>					NA2_SLPS@0x484750		slot	32					M1833
T1813	Command Chart > character move name	<r襲蛇|しゅうだ>					NA2_SLPS@0x484770		slot	24					M1834
T1814	Command Chart > character move name	<r筋緒|すじお>					NA2_SLPS@0x484788		slot	24					M1835
T1815	Command Chart > character move name	<r蒼大傷|あおだいしょう>					NA2_SLPS@0x4847A0		slot	32					M1836
T1816	Command Chart > character move name	<r平朽|ひらくち>					NA2_SLPS@0x4847C0		slot	32					M1837
T1817	Command Chart > character move name	<r赤斑|あかまだら>					NA2_SLPS@0x4847E0		slot	32					M1838
T1818	Command Chart > character move name	<r山渦牙肢|やまかがし>					NA2_SLPS@0x484800		slot	32					M1839
T1819	Command Chart > character move name	<r地潜|じむぐり>					NA2_SLPS@0x484820		slot	32					M1840
T1820	Command Chart > character move name	<r鎌首|かまくび>					NA2_SLPS@0x484840		slot	32					M1841
T1821	Command Chart > character move name	<r潜影多蛇手|せんえいたじゃしゅ>・<r仰|ぎょう>					NA2_SLPS@0x484860		slot	48					M1842
T1822	Command Chart > character move name	<r覇畏|はい>					NA2_SLPS@0x484890		slot	16					M1843
T1823	Command Chart > character move name	<r刃舞|はぶ>					NA2_SLPS@0x4848A0		slot	16					M1844
T1824	Command Chart > character move name	<r飛刃狩|ひばかり>					NA2_SLPS@0x4848B0		slot	32					M1845
T1825	Command Chart > character move name	チャクラ<r解剖刀|メス>・<r惨|ざん>					NA2_SLPS@0x489C60		slot	48					M1846
T1826	Command Chart > character move name	<r死魂|しこん>の<r術|じゅつ>					NA2_SLPS@0x489C90		slot	32					M1847
T1827	Command Chart > character move name	<r痲錘|ますい>					NA2_SLPS@0x489CB0		slot	16					M1848
T1828	Command Chart > character move name	<r穿刺|せんし>					NA2_SLPS@0x489CC0		slot	16					M1849
T1829	Command Chart > character move name	<r臨蹴|りんじゅう>					NA2_SLPS@0x489CD0		slot	32					M1850
T1830	Command Chart > character move name	<r心刹|しんさつ>					NA2_SLPS@0x489CF0		slot	24					M1851
T1831	Command Chart > character move name	<r冴侵|ごしん>					NA2_SLPS@0x489D08		slot	16					M1852
T1832	Command Chart > character move name	<r陀撲|だぼく>					NA2_SLPS@0x489D18		slot	24					M1853
T1833	Command Chart > character move name	<r骨刹|こっせつ>					NA2_SLPS@0x489D30		slot	24					M1854
T1834	Command Chart > character move name	<r棄涜|きとく>					NA2_SLPS@0x489D48		slot	24					M1855
T1835	Command Chart > character move name	<r回亡|かいぼう>					NA2_SLPS@0x489D60		slot	24					M1856
T1836	Command Chart > character move name	<r葬戯|そうぎ>					NA2_SLPS@0x489D78		slot	24					M1857
T1837	Command Chart > character move name	<r決刹|けっさつ>					NA2_SLPS@0x489D90		slot	32					M1858
T1838	Command Chart > character move name	<r切葬|けっそう>					NA2_SLPS@0x489DB0		slot	32					M1859
T1839	Command Chart > character move name	<r木遁|もくとん>・<r完拿|かんな>					NA2_SLPS@0x48F290		slot	48					M1860
T1840	Command Chart > character move name	<r木遁|もくとん>・<r木鎚|こづち>					NA2_SLPS@0x48F2C0		slot	48					M1861
T1841	Command Chart > character move name	<r三連巨木柱|さんれんきょぼくちゅう>					NA2_SLPS@0x48F2F0		slot	48					M1862
T1842	Command Chart > character move name	<r木連撃柱|もくれんげきちゅう>					NA2_SLPS@0x48F320		slot	32					M1863
T1843	Command Chart > character move name	<r木遁|もくとん>・<r木錠壁|もくじょうへき>					NA2_SLPS@0x48F340		slot	48					M1864
T1844	Command Chart > character move name	<r閃裂斬|せんれつざん>					NA2_SLPS@0x48F370		slot	32					M1865
T1845	Command Chart > character move name	<r木柱昇壁|もくちゅうしょうへき>					NA2_SLPS@0x48F390		slot	48					M1866
T1846	Command Chart > character move name	<r針連木柱|しれんもくちゅう>					NA2_SLPS@0x48F3C0		slot	32					M1867
T1847	Command Chart > character move name	<r木分身|もくぶんしん>・<r蹴|しゅう>					NA2_SLPS@0x48F3E0		slot	48					M1868
T1848	Command Chart > character move name	<r四柱牢|しちゅうろう>の<r術|じゅつ>					NA2_SLPS@0x48F410		slot	48					M1869
T1849	Command Chart > character move name	<r木突昇掌|もくとつしょうしょう>					NA2_SLPS@0x48F440		slot	48					M1870
T1850	Command Chart > character move name	<r落裂斬|らくれつざん>					NA2_SLPS@0x48F470		slot	32					M1871
T1851	Command Chart > character move name	<r激裂斬|げきれつざん>					NA2_SLPS@0x48F490		slot	32					M1872
T1852	Command Chart > character move name	<r木突横掌|もくとつおうしょう>					NA2_SLPS@0x48F4B0		slot	32					M1873
T1853	Command Chart > character move name	<r忍法|にんぽう>・<r超獣偽画|ちょうじゅうぎが>					NA2_SLPS@0x494C20		slot	48					M1874
T1854	Command Chart > character move name	<r忍法|にんぽう>・<r超獣偽画|ちょうじゅうぎが>　<r狛犬|こまいぬ>					NA2_SLPS@0x494C50		slot	80					M1875
T1855	Command Chart > character move name	<r見返龍|みかえりりゅう>					NA2_SLPS@0x494CA0		slot	32					M1876
T1856	Command Chart > character move name	<r燕雀|えんじゃく>					NA2_SLPS@0x494CC0		slot	32					M1877
T1857	Command Chart > character move name	<r巴獅子|ともえじし>					NA2_SLPS@0x494CE0		slot	32					M1878
T1858	Command Chart > character move name	<r開鳳凰|ひらきほうおう>					NA2_SLPS@0x494D00		slot	32					M1879
T1859	Command Chart > character move name	<r登燕雀|とうえんじゃく>					NA2_SLPS@0x494D20		slot	32					M1880
T1860	Command Chart > character move name	<r連獅子連鼠|れんじしれんそ>					NA2_SLPS@0x494D40		slot	32					M1881
T1861	Command Chart > character move name	<r連燕雀|れんえんじゃく>					NA2_SLPS@0x494D60		slot	32					M1882
T1862	Command Chart > character move name	<r破根|はね>					NA2_SLPS@0x494D80		slot	16					M1883
T1863	Command Chart > character move name	<r飛鳳凰|ひほうおう>					NA2_SLPS@0x494D90		slot	24					M1884
T1864	Command Chart > character move name	<r百舌|もず>					NA2_SLPS@0x494DA8		slot	16					M1885
T1865	Command Chart > character move name	<r祓衣|はらい>					NA2_SLPS@0x494DB8		slot	16					M1886
T1866	Command Chart > character move name	<r雲雀|ひばり>					NA2_SLPS@0x494DC8		slot	24					M1887
T1867	Command Chart > character move name	<r刹那|せつな>					NA2_SLPS@0x49AC60		slot	16					M1888
T1868	Command Chart > character move name	<r彩雲|さいうん>					NA2_SLPS@0x49AC70		slot	32					M1889
T1869	Command Chart > character move name	<r御来迎|ごらいごう>					NA2_SLPS@0x49AC90		slot	32					M1890
T1870	Command Chart > character move name	<r千鳥|ちどり>・<r落|らく>					NA2_SLPS@0x49ACB0		slot	32					M1891
T1871	Command Chart > character move name	<r獅子連弾|ししれんだん>・<r鳴動|めいどう>					NA2_SLPS@0x49ACD0		slot	48					M1892
T1872	Command Chart > character move name	<r天叢雲|あまのむらくも>					NA2_SLPS@0x49AD00		slot	32					M1893
T1873	Command Chart > character move name	<r裏御光|うらごこう>					NA2_SLPS@0x49AD20		slot	32					M1894
T1874	Command Chart > character move name	<r火遁|かとん>・<r鳳仙火|ほうせんか>の<r術|じゅつ>・<r落花散|らっかさん>					NA2_SLPS@0x49AD40		slot	80					M1895
T1875	Command Chart > character move name	<r幻日|げんじつ>					NA2_SLPS@0x49AD90		slot	32					M1896
T1876	Command Chart > character move name	<r東雲|しののめ>					NA2_SLPS@0x49ADB0		slot	32					M1897
T1877	Command Chart > character move name	<r火遁|かとん>・<r豪火球|ごうかきゅう>の<r術|じゅつ>・<r天来|てんらい>					NA2_SLPS@0x49ADD0		slot	80					M1898
T1878	Command Chart > character move name	<r莢雲|さやぐも>					NA2_SLPS@0x49AE20		slot	32					M1899
T1879	Command Chart > character move name	<r千鳥|ちどり>・<r迅雷|じんらい>					NA2_SLPS@0x49AE40		slot	48					M1900
T1880	Command Chart > shared control name or help text	"ナルティメットアクセル<r独特|どくとく>の<r操作|そうさ>を
<r分|わ>かりやすく<r表示|ひょうじ>する<r為|ため>の<r機能|きのう>です。"					NA2_BTL@0x208E60		slot	128					M0141
T1881	Command Chart > shared control name or help text	チャクラゲージ<r壱以上|いちいじょう>					NA2_BTL@0x208F70		slot	48					M0142
T1882	Command Chart > shared control name or help text	チャクラゲージ<r弐以上|にいじょう>					NA2_BTL@0x208FA0		slot	48					M0143
T1883	Command Chart > shared control name or help text	チャクラゲージ<r参|さん>					NA2_BTL@0x208FD0		slot	32					M0144
T1884	Command Chart > shared control name or help text	<r地上|ちじょう><r投|な>げ					NA2_BTL@0x208FF0		slot	32					M0145
T1885	Command Chart > shared control name or help text	<r空中|くうちゅう><r投|な>げ					NA2_BTL@0x209010		slot	32					M0146
T1886	Command Chart > shared control name or help text	ジャンプ<r中|ちゅう>に					NA2_BTL@0x209030		slot	32					M0147
T1887	Command Chart > shared control name or help text	チャクラ<r消費|しょうひ>					NA2_BTL@0x209050		slot	32					M0148
T1888	Command Chart > shared control name or help text	<r当|あ>て<r身技|みわざ>					NA2_BTL@0x209070		slot	32					M0149
T1889	Command Chart > shared control name or help text	<r空中|くうちゅう><r連打技|れんだわざ>					NA2_BTL@0x2090D0		slot	48					M0150
T1890	Command Chart > shared control name or help text	<r空中|くうちゅう><r溜|た>め<r技|わざ>					NA2_BTL@0x209100		slot	48					M0151
T1891	Command Chart > shared control name or help text	チャクラ<r消費|しょうひ>／<r当|あ>て<r身技|みわざ>					NA2_BTL@0x209130		slot	64					M0152
T1892	Command Chart > shared control name or help text	チャクラ<r消費|しょうひ>／<r溜|た>め<r技|わざ>					NA2_BTL@0x209170		slot	48					M0153
T1893	Command Chart > shared control name or help text	チャクラ<r消費|しょうひ>／<r連打技|れんだわざ>					NA2_BTL@0x2091A0		slot	48					M0154
T1894	Command Chart > shared control name or help text	<r溜|た>め<r技|わざ>　<r弱|じゃく>					NA2_BTL@0x2091D0		slot	48					M0155
T1895	Command Chart > shared control name or help text	<r溜|た>め<r技|わざ>　<r強|きょう>					NA2_BTL@0x209200		slot	48					M0156
T1896	Command Chart > shared control name or help text	／<r空中可|くうちゅうか>					NA2_BTL@0x209230		slot	32					M0157
T1897	Command Chart > shared control name or help text	／<r通常奥義|つうじょうおうぎ>					NA2_BTL@0x209250		slot	32					M0158
T1898	Command Chart > shared control name or help text	／<r逆転奥義|ぎゃくてんおうぎ>					NA2_BTL@0x209270		slot	32					M0159
T1899	Command Chart > shared control name or help text	／<r覚醒奥義|かくせいおうぎ>					NA2_BTL@0x209290		slot	32					M0160
T1900	Command Chart > shared control name or help text	／<r連係奥義|れんけいおうぎ>					NA2_BTL@0x2092B0		slot	32					M0161
T1901	Command Chart > shared control name or help text	（ジャンプ<r中|ちゅう>）					NA2_BTL@0x209330		slot	32					M0162
T1902	Command Chart > shared control name or help text	（<r相手|あいて>の<r前|まえ>で）					NA2_BTL@0x209350		slot	48					M0163
T1903	Command Chart > shared control name or help text	（<r相手|あいて>の<r攻撃|こうげき>の<r当|あ>たる<r瞬間|しゅんかん>）					NA2_BTL@0x2093B0		slot	80					M0164
T1904	Command Chart > shared control name or help text	（<r投|な>げられた<r時|とき>、<r叩|たた>き<r付|つ>けられる<r瞬間|しゅんかん>）					NA2_BTL@0x209400		slot	80					M0165
T1905	Command Chart > shared control name or help text	（<r吹|ふ>っ<r飛|と>ばした<r方向|ほうこう>の<r方向|ほうこう>キー）					NA2_BTL@0x209450		slot	80					M0166
T1906	Command Chart > shared control name or help text	（<r相手|あいて>の<r追|お>い<r討|う>ち<r攻撃|こうげき>が<r当|あ>たる<r瞬間|しゅんかん>）					NA2_BTL@0x2094A0		slot	96					M0167
T1907	Command Chart > shared control name or help text	（<r地上|ちじょう>で）					NA2_BTL@0x209520		slot	32					M0168
T1908	Command Chart > shared control name or help text	（<r高速移動|こうそくいどう>の<r相殺中|そうさいちゅう>や<r攻撃|こうげき>の<r相殺中|そうさいちゅう>）					NA2_BTL@0x209540		slot	112					M0169
T1909	Command Chart > shared control name or help text	（マニュアル：<r出現後|しゅつげんご>もう<r一度|いちど><r押|お>すと<r攻撃|こうげき>）					NA2_BTL@0x2095B0		slot	96					M0170
T1910	Command Chart > shared control name or help text	<r連係攻撃|れんけいこうげき>					NA2_BTL@0x209650		slot	32					M0171
T1911	Command Chart > shared control name or help text	アイテム<r選択|せんたく>					NA2_BTL@0x209670		slot	32					M0172
T1912	Command Chart > shared control name or help text	アイテム<r使用|しよう>					NA2_BTL@0x209690		slot	24					M0173
T1913	Command Chart > shared control name or help text	ジャンプ					NA2_BTL@0x2096A8		slot	24					M0174
T1914	Command Chart > shared control name or help text	<r二段|にだん>ジャンプ					NA2_BTL@0x2096C0		slot	32					M0175
T1915	Command Chart > shared control name or help text	<r高速移動|こうそくいどう>					NA2_BTL@0x2096E0		slot	32					M0176
T1916	Command Chart > shared control name or help text	<r変|か>わり<r身|み>の<r術|じゅつ>（チャクラ<r消費|しょうひ>）					NA2_BTL@0x209720		slot	64					M0177
T1917	Command Chart > shared control name or help text	<r受|う>け<r身|み>					NA2_BTL@0x209760		slot	32					M0178
T1918	Command Chart > shared control name or help text	<r追|お>い<r討|う>ち					NA2_BTL@0x209780		slot	32					M0179
T1919	Command Chart > shared control name or help text	<r追|お>い<r討|う>ち<r返|がえ>し					NA2_BTL@0x2097A0		slot	48					M0180
T1920	Command Chart > shared control name or help text	チャクラをためる					NA2_BTL@0x2097D0		slot	32					M0181,M0798
T1921	Command Chart > shared control name or help text	<r奥|おく>へ<r軸移動|じくいどう>					NA2_BTL@0x209810		slot	48					M0182
T1922	Command Chart > shared control name or help text	<r手前|てまえ>へ<r軸移動|じくいどう>					NA2_BTL@0x209840		slot	48					M0183
T1923	Command Chart > shared control name or help text	ガード<r崩|くず>し					NA2_BTL@0x209870		slot	32					M0184
T1924	Command Chart > shared control name or help text	<r残影追|ざんえいお>い<r討|う>ち					NA2_BTL@0x209890		slot	48					M0185
T1925	Command Chart > shared move qualifier or help text	<r連打技|れんだわざ>					NA2_BTL@0x209090		slot	32					M0700
T1926	Command Chart > shared move qualifier or help text	<r溜|た>め<r技|わざ>					NA2_BTL@0x2090B0		slot	32					M0701
T1927	Command Chart > shared move qualifier or help text	<r後側方向|うしろがわほうこう>キー					NA2_BTL@0x209380		slot	48					M0740
T1928	Command Chart > shared move qualifier or help text	（しばらく<r押|お>す）					NA2_BTL@0x209500		slot	32					M0737
T1929	Command Chart > shared move qualifier or help text	<r飛|と>び<r退|の>き					NA2_BTL@0x209700		slot	32					M0738
T1930	Command Chart > shared move qualifier or help text	<r挑発|ちょうはつ>					NA2_BTL@0x2097F0		slot	32					M0739
T1931	Command Chart > shared move qualifier or help text	または					NA2_SLPS@0x505B08		slot	8					M0735
T1932	Command Chart > shared move qualifier or help text	ガード					NA2_SLPS@0x505B18		slot	8					M0736
T1933	Game Mode Select > return confirmation	タイトル<r画面|がめん>に<r戻|もど>りますか？					NA2_SLPS@0x4B1E00		slot	48					M0549
T1934	Game Mode Select > running help	<color00FFFF>マスターモード<colorFFFFFF>では<r広大|こうだい>な<r世界|せかい>を<r舞台|ぶたい>に、<r成長|せいちょう>したうずまきナルトの<r新|あたら>しい<r物語|ものがたり>を<r体験|たいけん>することができます。					NA2_SLPS@0x4B19D0		slot	208					M0542
T1935	Game Mode Select > running help	<color00FFFF>フリーバトル<colorFFFFFF>では<r好|す>きなキャラクターを<r使|つか>って<r自由|じゆう>に<r闘|たたか>うことができます。					NA2_SLPS@0x4B1AA0		slot	144					M0543
T1936	Game Mode Select > running help	<color00FFFF>プラクティス<colorFFFFFF>では<r基本操作|きほんそうさ>など、<r戦闘|せんとう>に<r関|かん>する<r様々|さまざま>な<r練習|れんしゅう>を<r行|おこな>うことができます。					NA2_SLPS@0x4B1B30		slot	176					M0544
T1937	Game Mode Select > running help	<color00FFFF>ショップ<colorFFFFFF>ではお<r金|かね>を<r払|はら>ってコレクション<r用|よう>のアイテムを<r購入|こうにゅう>することができます。					NA2_SLPS@0x4B1C40		slot	144					M0546
T1938	Game Mode Select > running help	<color00FFFF>コレクション<colorFFFFFF>ではショップで<r購入|こうにゅう>したコレクション<r用|よう>アイテムを<r閲覧|えつらん>することができます。					NA2_SLPS@0x4B1CD0		slot	144					M0547
T1939	Game Mode Select > running help	<color00FFFF>オプション<colorFFFFFF>では<r各種|かくしゅ><r設定|せってい>の<r変更|へんこう>を<r行|おこな>うことができます。					NA2_SLPS@0x4B1D60		slot	128					M0548
T1940	Options > Audio or Difficulty Settings > help or reset result	ＢＧＭ、ＳＥ、<r音声|おんせい>を<r含|ふく>む<r音量全体|おんりょうぜんたい>を<r変更|へんこう>します。					NA2_SLPS@0x4B2860		slot	112					M0789
T1941	Options > Audio or Difficulty Settings > help or reset result	<r方向|ほうこう>キー<r左右|さゆう>で<r出力|しゅつりょく>モードをステレオ・モノラルのいずれかに<r設定|せってい>します。					NA2_SLPS@0x4B28D0		slot	128					M0790
T1942	Options > Audio or Difficulty Settings > help or reset result	<r音響設定|おんきょうせってい>をデフォルトに<r戻|もど>しました。					NA2_SLPS@0x4B2950		slot	72					M0791
T1943	Options > Audio or Difficulty Settings > help or reset result	<r難易度|なんいど>をデフォルトに<r戻|もど>しました。					NA2_SLPS@0x4B2BB0		slot	64					M0792
T1944	Options > category help or reset result	<color00FFFF>フリーバトル<colorFFFFFF>と<color00FFFF>プラクティス<colorFFFFFF>でのＣＯＭの<r強|つよ>さを<r設定|せってい>できます。					NA2_SLPS@0x4b2a10		slot	144					M0751
T1945	Options > category help or reset result	ボタン<r操作|そうさ>の<r割|わ>り<r振|ふ>りができます。					NA2_SLPS@0x4b2aa0		slot	64					M0752
T1946	Options > category help or reset result	<r音量|おんりょう>や<r音|おと>の<r出力設定|しゅつりょくせってい>ができます。					NA2_SLPS@0x4b2ae0		slot	80					M0753
T1947	Options > category help or reset result	<r画面|がめん>の<r位置|いち>の<r調整|ちょうせい>ができます。					NA2_SLPS@0x4b2b30		slot	64					M0754
T1948	Options > category help or reset result	<r難易度|なんいど>をデフォルトに<r戻|もど>します。					NA2_SLPS@0x4b2b70		slot	64					M0755
T1949	Options > Control Settings > action label	奥義準備					NA2_SLPS@0x4B2640		slot	16					M0653
T1950	Options > Control Settings > action label	ジャンプ					NA2_SLPS@0x4B2650		slot	16					M0656
T1951	Options > Control Settings > action label	アイテム使用					NA2_SLPS@0x4B2660		slot	16					M0652
T1952	Options > Control Settings > action label	アイテム選択					NA2_SLPS@0x4B2670		slot	16					M0651
T1953	Options > Control Settings > action label	連係攻撃					NA2_SLPS@0x4B2680		slot	16					M0650
T1954	Options > Control Settings > assigned action or toggle	攻撃					NA2_SLPS@0x504738		slot	8					M0567
T1955	Options > Control Settings > assigned action or toggle	ガード					NA2_SLPS@0x504740		slot	8					M0568
T1956	Options > Control Settings > assigned action or toggle	オフ					NA2_SLPS@0x504748		slot	8					M0569
T1957	Options > Control Settings > assigned action or toggle	オン					NA2_SLPS@0x504750		slot	8					M0570
T1958	Options > Control Settings > instructions or reset result	<r変更|へんこう>したいボタン・<r項目|こうもく>を<iconOK>ボタンで<r選択|せんたく>し、<r方向|ほうこう>キー<r左右|さゆう>で<r操作|そうさ>を<r変更|へんこう>してください。					NA2_SLPS@0x4B2230		slot	176					M0551
T1959	Options > Control Settings > instructions or reset result	１Ｐの<r操作設定|そうさせってい>をデフォルトに<r戻|もど>しました。					NA2_SLPS@0x4B22E0		slot	80					M0552
T1960	Options > Control Settings > instructions or reset result	２Ｐの<r操作設定|そうさせってい>をデフォルトに<r戻|もど>しました。					NA2_SLPS@0x4B2330		slot	80					M0553
T1961	Practice Settings > label or running help	案内忍音声					NA2_BTL@0x20A788		slot	16					M0632
T1962	Practice Settings > label or running help	変わり身の術					NA2_BTL@0x20A798		slot	16					M0634
T1963	Practice Settings > label or running help	追い討ち返し					NA2_BTL@0x20A7A8		slot	24					M0630
T1964	Practice Settings > label or running help	<r方向|ほうこう>キー<r左右|さゆう>でプレイヤーの<r体力|たいりょく>の<r状態|じょうたい>を<r設定|せってい>することができます。					NA2_BTL@0x20A810		slot	128					M0635
T1965	Practice Settings > label or running help	<r方向|ほうこう>キー<r左右|さゆう>でチャクラが<r減|へ>るか<r減|へ>らないかを<r設定|せってい>できます。					NA2_BTL@0x20A890		slot	112					M0636
T1966	Practice Settings > label or running help	<r方向|ほうこう>キー<r左右|さゆう>でプレイヤーの<r連係|れんけい>ゲージの<r溜|た>まり<r方|かた>を<r設定|せってい>することができます。					NA2_BTL@0x20A900		slot	144					M0637
T1967	Practice Settings > label or running help	<r方向|ほうこう>キー<r左右|さゆう>で<r連係|れんけい>の<r発動|はつどう>の<r仕方|しかた>を<r設定|せってい>することができます。					NA2_BTL@0x20A990		slot	128					M0638
T1968	Practice Settings > label or running help	<r方向|ほうこう>キー<r左右|さゆう>でアイテムの<r出現頻度|しゅつげんひんど>を<r設定|せってい>できます。					NA2_BTL@0x20AA10		slot	112					M0639
T1969	Practice Settings > label or running help	<r方向|ほうこう>キー<r左右|さゆう>でコマンドの<r表示|ひょうじ>をするか、しないかの<r設定|せってい>ができます。					NA2_BTL@0x20AA80		slot	112					M0640
T1970	Practice Settings > label or running help	<r方向|ほうこう>キー<r左右|さゆう>で<r相手|あいて>に<r対|たい>するダメージ<r量|りょう>の<r表示|ひょうじ>をするか、しないかの<r設定|せってい>ができます。					NA2_BTL@0x20AAF0		slot	160					M0641
T1971	Practice Settings > label or running help	<r方向|ほうこう>キー<r左右|さゆう>でプラクティス<r中|ちゅう>の<r案内忍音声|あんないにんおんせい>の<r設定|せってい>をすることができます。					NA2_BTL@0x20AB90		slot	144					M0642
T1972	Practice Settings > label or running help	<r状態|じょうたい>が「ＣＯＭ」に<r設定|せってい>されている<r時|とき>の<r強|つよ>さを<r指定|してい>できます。					NA2_BTL@0x20AC20		slot	112					M0643
T1973	Practice Settings > label or running help	<r状態|じょうたい>が「<r立|た>ち・ジャンプ・<r二段|にだん>ジャンプ」に<r設定|せってい>されている<r時|とき>の<r攻撃|こうげき>パターンを<r指定|してい>できます。					NA2_BTL@0x20AC90		slot	160					M0644
T1974	Practice Settings > label or running help	<r状態|じょうたい>が「<r立|た>ち・ジャンプ・<r二段|にだん>ジャンプ」に<r設定|せってい>されている<r時|とき>のガードパターンを<r指定|してい>できます。					NA2_BTL@0x20AD30		slot	160					M0645
T1975	Practice Settings > label or running help	<r状態|じょうたい>が「<r立|た>ち・ジャンプ・<r二段|にだん>ジャンプ」に<r設定|せってい>されている<r時|とき>の<r行動|こうどう>パターンを<r指定|してい>できます。					NA2_BTL@0x20ADD0		slot	160					M0646
T1976	Practice Settings > label or running help	<r状態|じょうたい>が「ＣＯＭ」に<r設定|せってい>されている<r時|とき>の<r変|か>わり<r身|み>の<r術|じゅつ>の<r使用頻度|しようひんど>を<r指定|してい>できます。					NA2_BTL@0x20AE70		slot	160					M0647
T1977	Practice Settings > label or running help	<r状態|じょうたい>が「<r手動|しゅどう>」<r以外|いがい>に<r設定|せってい>されている<r時|とき>の<r連係攻撃|れんけいこうげき>の<r使用頻度|しようひんど>を<r指定|してい>できます。					NA2_BTL@0x20AF10		slot	176					M0648
T1978	Practice Settings > label or running help	<r状態|じょうたい>が「<r手動|しゅどう>」<r以外|いがい>に<r設定|せってい>されている<r時|とき>の<r追|お>い<r討|う>ち<r返|がえ>しの<r頻度|ひんど>を<r指定|してい>できます。					NA2_BTL@0x20AFC0		slot	176					M0649
T1979	Practice Settings > label or running help	奥義					NA2_SLPS@0x505C20		slot	8					M0631
T1980	Practice Settings > label or running help	強さ					NA2_SLPS@0x505CB0		slot	8					M0633
T1981	Practice Settings > opponent setting help or value	<r対戦|たいせん><r相手|あいて>の<r状態|じょうたい>を<r指定|してい>できます。<r手動|しゅどう>では、<r別|べつ>のコントローラで<r操作|そうさ>する<r事|こと>ができます。					NA2_BTL@0x20B0C0		slot	176					M0733
T1982	Practice Settings > opponent setting help or value	乱発					NA2_SLPS@0x505C60		slot	8					M0734
T1983	Practice Settings > selector value or running help	やさしい					NA2_BTL@0x209C80		slot	16					M0186
T1984	Practice Settings > selector value or running help	むずかしい					NA2_BTL@0x209C90		slot	16					M0187
T1985	Practice Settings > selector value or running help	使用不可					NA2_BTL@0x209CD0		slot	16					M0188
T1986	Practice Settings > selector value or running help	ランダム					NA2_BTL@0x209CE0		slot	16					M0189
T1987	Practice Settings > selector value or running help	コマンド					NA2_BTL@0x209CF0		slot	16					M0190
T1988	Practice Settings > selector value or running help	タイミング					NA2_BTL@0x209D00		slot	16					M0191
T1989	Practice Settings > selector value or running help	ギリギリ					NA2_BTL@0x209D28		slot	16					M0192
T1990	Practice Settings > selector value or running help	マニュアル					NA2_BTL@0x209D48		slot	16					M0193
T1991	Practice Settings > selector value or running help	ジャンプ					NA2_BTL@0x209D58		slot	16					M0194
T1992	Practice Settings > selector value or running help	二段ジャンプ					NA2_BTL@0x209D68		slot	24					M0195
T1993	Practice Settings > selector value or running help	飛び道具					NA2_BTL@0x209D98		slot	16					M0196
T1994	Practice Settings > selector value or running help	高速移動					NA2_BTL@0x209DA8		slot	16					M0197
T1995	Practice Settings > selector value or running help	動かない					NA2_BTL@0x209DE0		slot	16					M0198
T1996	Practice Settings > selector value or running help	必ず返す					NA2_BTL@0x209DF0		slot	16					M0199
T1997	Practice Settings > selector value or running help	使用しない					NA2_BTL@0x209E00		slot	17					M0200
T1998	Practice Settings > selector value or running help	「<r使用不可|しようふか>」は、<r奥義|おうぎ>が<r使|つか>えなくなるので<r注意|ちゅうい>してください。					NA2_BTL@0x209E20		slot	112					M0201
T1999	Practice Settings > selector value or running help	「ランダム」にすると<r入力勝負|にゅうりょくしょうぶ>の<r方法|ほうほう>が<r毎回変化|まいかいへんか>します。					NA2_BTL@0x209E90		slot	112					M0202
T2000	Practice Settings > selector value or running help	「コマンド」にするとボタンの<r入力勝負|にゅうりょくしょうぶ>になります。					NA2_BTL@0x209F00		slot	80					M0203
T2001	Practice Settings > selector value or running help	「タイミング」にするとボタンをタイミング<r良|よ>く<r押|お>す<r勝負|しょうぶ>になります。					NA2_BTL@0x209F50		slot	96					M0204
T2002	Practice Settings > selector value or running help	「<r回転|かいてん>」にすると<r左|ひだり>スティック、もしくは<r右|みぎ>スティックの<r回転数勝負|かいてんすうしょうぶ>になります。					NA2_BTL@0x209FB0		slot	144					M0205
T2003	Practice Settings > selector value or running help	「<r連打|れんだ>」にするとボタンの<r連打勝負|れんだしょうぶ>になります。					NA2_BTL@0x20A040		slot	80					M0206
T2004	Practice Settings > selector value or running help	「<r通常|つうじょう>」にすると<r一定時間|いっていじかん>で<r体力|たいりょく>が<r全回復|ぜんかいふく>します。					NA2_BTL@0x20A0B0		slot	112					M0207
T2005	Practice Settings > selector value or running help	「<r半分|はんぶん>」にすると<r一定時間|いっていじかん>で<r体力|たいりょく>が<r半分|はんぶん>まで<r回復|かいふく>します。					NA2_BTL@0x20A120		slot	128					M0208
T2006	Practice Settings > selector value or running help	「ギリギリ」にすると<r常|つね>に<r体力|たいりょく>がギリギリの<r状態|じょうたい>になります。					NA2_BTL@0x20A1A0		slot	96					M0209
T2007	Save or Load menu > data prompt or status	ロードするデータを<ruby選|えら>んでください。					NA2_SLPS@0x303da0		slot	64					M0756
T2008	Save or Load menu > data prompt or status	このデータをロードしますか？					NA2_SLPS@0x303de0		slot	48					M0757
T2009	Save or Load menu > data prompt or status	データのロードが<ruby終了|しゅうりょう>しました。					NA2_SLPS@0x303e90		slot	64					M0758
T2010	Save or Load menu > data prompt or status	セーブする<ruby場所|ばしょ>を<ruby選|えら>んでください。					NA2_SLPS@0x303f10		slot	64					M0759
T2011	Save or Load menu > data prompt or status	セーブしています。					NA2_SLPS@0x303F50		slot	19					M0810
T2012	Save or Load menu > data prompt or status	データのセーブが<ruby終了|しゅうりょう>しました。					NA2_SLPS@0x303FD0		slot	64					M0800
T2013	Save or Load menu > data prompt or status	<ruby新|あたら>しいデータを<ruby作成|さくせい>しますか？					NA2_SLPS@0x304050		slot	64					M0801
T2014	Save or Load menu > data prompt or status	<ruby上書|うわが>きすると<ruby以前|いぜん>のデータは<ruby失|うしな>われてしまいます。					NA2_SLPS@0x304090		slot	86					M0802
T2015	Save or Load menu > data prompt or status	<ruby上書|うわが>きしますか？					NA2_SLPS@0x3040E6		slot	42					M0803
T2016	Save or Load menu > data prompt or status	データをセーブしますか？					NA2_SLPS@0x304970		slot	32					M0760
T2017	Save or Load menu > data prompt or status	タイトル<ruby画面|がめん>に<ruby戻|もど>りますか？					NA2_SLPS@0x304990		slot	64					M0804
T2018	Save or Load menu > data prompt or status	ロードできるデータがありません。					NA2_SLPS@0x3049D0		slot	48					M0805
T2019	Save or Load menu > data prompt or status	<ruby壱|いち>・					NA2_SLPS@0x304A00		slot	16					M0806
T2020	Save or Load menu > data prompt or status	<ruby弐|に>・					NA2_SLPS@0x304A10		slot	16					M0807
T2021	Save or Load menu > data prompt or status	<ruby参|さん>・					NA2_SLPS@0x304A20		slot	16					M0808
T2022	Save or Load menu > data prompt or status	プレイ<ruby時間|じかん> 					NA2_SLPS@0x304a40		slot	32					M0761
T2023	Save or Load menu > data prompt or status	<ruby未使用|みしよう>					NA2_SLPS@0x304A60		slot	24					M0809
T2024	Shared game modal > Yes or No choice	いいえ					NA2_SLPS@0x503118		slot	7					M0563
T2025	Shared game modal > Yes or No choice	いいえ					NA2_SLPS@0x504668		slot	7					M0566
T2026	Shared game modal > Yes or No choice	は　い					NA2_SLPS@0x504670		slot	8					M0799
T2027	Shop > category or item-selection help	<r購入|こうにゅう>する<r商品|しょうひん>を<r選|えら>び、<iconCIRCLE>ボタンを<r押|お>してください。					NA2_ETC@0x2F230		slot	112					M0530
T2028	Shop > category or item-selection help	<r人形|にんぎょう>を<r購入|こうにゅう>します。					NA2_ETC@0x2F2A0		slot	48					M0531
T2029	Shop > category or item-selection help	<r奥義|おうぎ>を<r購入|こうにゅう>します。					NA2_ETC@0x2F2D0		slot	48					M0532
T2030	Shop > category or item-selection help	<r音楽|おんがく>を<r購入|こうにゅう>します。					NA2_ETC@0x2F300		slot	48					M0533
T2031	Shop > category or item-selection help	<r音声|おんせい>を<r購入|こうにゅう>します。					NA2_ETC@0x2F330		slot	48					M0534
T2032	Shop > category or item-selection help	<r購入|こうにゅう>するキャラクターを<r選択|せんたく>してください。					NA2_ETC@0x2F3A0		slot	80					M0536
T2033	Shop > category or item-selection help	<r購入|こうにゅう>する<r商品|しょうひん>にカーソルを<r合|あ>わせ、<iconCIRCLE>ボタンを<r押|お>してください。					NA2_ETC@0x2F3F0		slot	112					M0537
T2034	Shop > quit confirmation	<color080860>ショップ<color000000>を<r終了|しゅうりょう>しますか？					NA2_ETC@0x2F500		slot	80					M0539
T2035	Startup and save flow > memory-card prompt or status	ＭＥＭＯＲＹ ＣＡＲＤ<ruby差込口|さしこみぐち>１に<NUL>”ＰｌａｙＳｔａｔｉｏｎ ２”<ruby専用|せんよう>メモリーカード（８ＭＢ）が<NUL><ruby差|さ>されていません。					NA2_SLPS@0x3039E0		sequence	160					M0857
T2036	Startup and save flow > memory-card prompt or status	ＭＥＭＯＲＹ ＣＡＲＤ<ruby差込口|さしこみぐち>１の<NUL>”ＰｌａｙＳｔａｔｉｏｎ ２”<ruby専用|せんよう>メモリーカード（８ＭＢ）が<NUL>フォーマットされていません。					NA2_SLPS@0x303C40		sequence	160					M0813
T2037	Startup and save flow > memory-card prompt or status	”ＰｌａｙＳｔａｔｉｏｎ ２”<ruby専用|せんよう>メモリーカード（８ＭＢ）<NUL>をフォーマットしますか？					NA2_SLPS@0x303CE0		sequence	112					M0816
T2038	Startup and save flow > memory-card prompt or status	ロードしています。					NA2_SLPS@0x303E10		slot	19					M0834
T2039	Startup and save flow > memory-card prompt or status	”ＰｌａｙＳｔａｔｉｏｎ ２”<ruby専用|せんよう>メモリーカード（８ＭＢ）					NA2_SLPS@0x303E23		slot	73					M0835
T2040	Startup and save flow > memory-card prompt or status	を<ruby抜|ぬ>かないでください。					NA2_SLPS@0x303E6C		slot	36					M0836
T2041	Startup and save flow > memory-card prompt or status	”ＰｌａｙＳｔａｔｉｏｎ ２”<ruby専用|せんよう>メモリーカード（８ＭＢ）					NA2_SLPS@0x303F63		slot	73					M0811
T2042	Startup and save flow > memory-card prompt or status	を<ruby抜|ぬ>かないでください。					NA2_SLPS@0x303FAC		slot	36					M0812
T2043	Startup and save flow > memory-card prompt or status	フォーマットしています。					NA2_SLPS@0x304110		slot	25					M0818
T2044	Startup and save flow > memory-card prompt or status	”ＰｌａｙＳｔａｔｉｏｎ ２”<ruby専用|せんよう>メモリーカード（８ＭＢ）					NA2_SLPS@0x304129		slot	73					M0819
T2045	Startup and save flow > memory-card prompt or status	を<ruby抜|ぬ>かないでください。					NA2_SLPS@0x304172		slot	46					M0820
T2046	Startup and save flow > memory-card prompt or status	”ＰｌａｙＳｔａｔｉｏｎ ２”<ruby専用|せんよう>メモリーカード（８ＭＢ）					NA2_SLPS@0x3041A0		slot	73					M0821
T2047	Startup and save flow > memory-card prompt or status	のフォーマットが<ruby終了|しゅうりょう>しました。					NA2_SLPS@0x3041E9		slot	55					M0822
T2048	Startup and save flow > memory-card prompt or status	セーブ<ruby領域|りょういき>を<ruby作成|さくせい>しています。					NA2_SLPS@0x304250		slot	61					M0823
T2049	Startup and save flow > memory-card prompt or status	”ＰｌａｙＳｔａｔｉｏｎ ２”<ruby専用|せんよう>メモリーカード（８ＭＢ）					NA2_SLPS@0x30428D		slot	73					M0824
T2050	Startup and save flow > memory-card prompt or status	を<ruby抜|ぬ>かないでください。					NA2_SLPS@0x3042D6		slot	42					M0825
T2051	Startup and save flow > memory-card prompt or status	セーブ<ruby領域|りょういき>の<ruby作成|さくせい>が<ruby終了|しゅうりょう>しました。					NA2_SLPS@0x304300		slot	96					M0826
T2052	Startup and save flow > memory-card prompt or status	このゲームのセーブ<ruby領域|りょういき>が<ruby作|つく>られていません。					NA2_SLPS@0x3043C0		slot	71					M0827
T2053	Startup and save flow > memory-card prompt or status	セーブ<ruby領域|りょういき>を<ruby作|つく>りますか？					NA2_SLPS@0x304407		slot	57					M0828
T2054	Startup and save flow > memory-card prompt or status	このゲームのデータがありません。					NA2_SLPS@0x304440		slot	48					M0832
T2055	Startup and save flow > memory-card prompt or status	ＭＥＭＯＲＹ ＣＡＲＤ<ruby差込口|さしこみぐち>１に<NUL>”ＰｌａｙＳｔａｔｉｏｎ ２”<ruby専用|せんよう>メモリーカード（８ＭＢ）が<NUL><ruby差|さ>されていません。<NUL>このゲームのデータをセーブするには<NUL>１０３ＫＢ<ruby以上|いじょう>の<ruby空|あ>き<ruby容量|ようりょう>が<ruby必要|ひつよう>です。<NUL>このままで<ruby開始|かいし>しますか？					NA2_SLPS@0x3046A0		sequence	336					M0829
T2056	Unconfirmed > Battle	<r下忍|げにん>ランクＡ					NA2_BTL@0x1E2130		slot	32					M0001
T2057	Unconfirmed > Battle	<r下忍|げにん>ランクＢ					NA2_BTL@0x1E2150		slot	32					M0002
T2058	Unconfirmed > Battle	<r下忍|げにん>ランクＣ					NA2_BTL@0x1E2170		slot	32					M0003
T2059	Unconfirmed > Battle	<r下忍|げにん>ランクＤ					NA2_BTL@0x1E2190		slot	32					M0004
T2060	Unconfirmed > Battle	<r砂|すな>の<r三姉弟|さんきょうだい>					NA2_BTL@0x1E21B0		slot	48					M0005
T2061	Unconfirmed > Battle	<r霧|きり>の<r刺客|しかく>					NA2_BTL@0x1E21E0		slot	32					M0006
T2062	Unconfirmed > Battle	<r新紅班|しんくれないはん>					NA2_BTL@0x1E2200		slot	32					M0007
T2063	Unconfirmed > Battle	<r新|しん>アスマ<r班|はん>					NA2_BTL@0x1E2220		slot	32					M0008
T2064	Unconfirmed > Battle	<r新|しん>ガイ<r班|はん>					NA2_BTL@0x1E2240		slot	32					M0009
T2065	Unconfirmed > Battle	<r新|しん>カカシ<r班|はん>					NA2_BTL@0x1E2260		slot	32					M0010
T2066	Unconfirmed > Battle	<r上忍|じょうにん>ランクＡ					NA2_BTL@0x1E2280		slot	32					M0011
T2067	Unconfirmed > Battle	<r上忍|じょうにん>ランクＢ					NA2_BTL@0x1E22A0		slot	32					M0012
T2068	Unconfirmed > Battle	<r砂|すな>の<r強者|つわもの>					NA2_BTL@0x1E22C0		slot	32					M0013
T2069	Unconfirmed > Battle	<r音|おと>の<r五人衆|ごにんしゅう>					NA2_BTL@0x1E22E0		slot	48					M0014
T2070	Unconfirmed > Battle	<r邪|よこしま>なる<r者|もの>					NA2_BTL@0x1E2310		slot	32					M0015
T2071	Unconfirmed > Battle	<r伝説|でんせつ>の<r三忍|さんにん>					NA2_BTL@0x1E2330		slot	48					M0016
T2072	Unconfirmed > Battle	“<r暁|あかつき>”					NA2_BTL@0x1E2360		slot	32					M0017
T2073	Unconfirmed > Battle	<r火影|ほかげ>たち					NA2_BTL@0x1E2380		slot	32					M0018
T2074	Unconfirmed > Battle	<r特別対戦|とくべつたいせん>					NA2_BTL@0x1E23A0		slot	32					M0019
T2075	Unconfirmed > Battle	<r金髪五人衆|きんぱつごにんしゅう>					NA2_BTL@0x1E23C0		slot	48					M0020
T2076	Unconfirmed > Battle	<r傀儡軍団|くぐつぐんだん>					NA2_BTL@0x1E23F0		slot	32					M0021
T2077	Unconfirmed > Battle	<r木|こ>ノ<r葉先生|はせんせい>					NA2_BTL@0x1E2410		slot	32					M0022
T2078	Unconfirmed > Battle	<r血継限界|けっけいげんかい>					NA2_BTL@0x1E2430		slot	32					M0023
T2079	Unconfirmed > Battle	<r高|たか>みの<r者|もの>たち					NA2_BTL@0x1E2450		slot	36					M0024
T2080	Unconfirmed > Battle	<r撒|ま>き<r菱|びし>					NA2_BTL@0x1E2670		slot	32					M0025
T2081	Unconfirmed > Battle	<r兵糧丸|ひょうろうがん>					NA2_BTL@0x1E2690		slot	32					M0026
T2082	Unconfirmed > Battle	<r上忍|じょうにん>の<r靴|くつ>					NA2_BTL@0x1E26B0		slot	32					M0027
T2083	Unconfirmed > Battle	カカシ<r人形|にんぎょう>					NA2_BTL@0x1E26D0		slot	32					M0028
T2084	Unconfirmed > Battle	<r根性|こんじょう>のおもり					NA2_BTL@0x1E26F0		slot	32					M0029
T2085	Unconfirmed > Battle	<r風魔手裏剣|ふうましゅりけん>					NA2_BTL@0x1E2710		slot	32					M0030
T2086	Unconfirmed > Battle	<r呪札|じゅさつ>　<r鎧崩|よろいくず>し					NA2_BTL@0x1E2730		slot	48					M0031
T2087	Unconfirmed > Battle	<r亀甲丸|きっこうがん>					NA2_BTL@0x1E2760		slot	32					M0032
T2088	Unconfirmed > Battle	<r炸裂|さくれつ>クナイ					NA2_BTL@0x1E2780		slot	32					M0033
T2089	Unconfirmed > Battle	<r起爆|きばく>クナイ					NA2_BTL@0x1E27A0		slot	32					M0034
T2090	Unconfirmed > Battle	<r医療|いりょう>パック					NA2_BTL@0x1E27C0		slot	32					M0035
T2091	Unconfirmed > Battle	<r雲隠|くもがく>れの<r巻物|まきもの>					NA2_BTL@0x1E27E0		slot	48					M0036
T2092	Unconfirmed > Battle	<r毒煙玉|どくけむりだま>					NA2_BTL@0x1E2810		slot	32					M0037
T2093	Unconfirmed > Battle	<r起爆札|きばくふだ>					NA2_BTL@0x1E2830		slot	32					M0038
T2094	Unconfirmed > Battle	<r元気丸|げんきがん>					NA2_BTL@0x1E2850		slot	32					M0039
T2095	Unconfirmed > Battle	<r蝦蟇油|ガマあぶら>					NA2_BTL@0x1E2870		slot	32					M0040
T2096	Unconfirmed > Battle	<r起爆|きばく>シール					NA2_BTL@0x1E2890		slot	32					M0041
T2097	Unconfirmed > Battle	<r千影手裏剣|せんえいしゅりけん>					NA2_BTL@0x1E28B0		slot	48					M0042
T2098	Unconfirmed > Battle	<r痺|しび>れ<r玉|たま>					NA2_BTL@0x1E28E0		slot	32					M0043
T2099	Unconfirmed > Battle	<r博打玉|ばくちだま>					NA2_BTL@0x1E2900		slot	24					M0044
T2100	Unconfirmed > Battle	アイテムポーチ					NA2_BTL@0x1E2918		slot	24					M0045
T2101	Unconfirmed > Battle	<r忍具乱舞|にんぐらんぶ>の<r巻物|まきもの>					NA2_BTL@0x1E2930		slot	48					M0046
T2102	Unconfirmed > Battle	<r金|きん>の<r装飾品|そうしょくひん>					NA2_BTL@0x1E2960		slot	48					M0047
T2103	Unconfirmed > Battle	<r琥珀|こはく>の<r塊|かたまり>					NA2_BTL@0x1E2990		slot	32					M0048
T2104	Unconfirmed > Battle	<r古銭|こせん>					NA2_BTL@0x1E29B0		slot	16					M0049
T2105	Unconfirmed > Battle	<r特別交渉手形|とくべつこうしょうてがた>					NA2_BTL@0x1E29C0		slot	48					M0050
T2106	Unconfirmed > Battle	<r紅玉|こうぎょく>の<r指輪|ゆびわ>					NA2_BTL@0x1E29F0		slot	48					M0051
T2107	Unconfirmed > Battle	<r治癒|ちゆ>の<r巻物|まきもの>					NA2_BTL@0x1E2A20		slot	32					M0052
T2108	Unconfirmed > Battle	<r白銀|はくぎん>の<r延棒|のべぼう>					NA2_BTL@0x1E2A40		slot	48					M0053
T2109	Unconfirmed > Battle	<r連係|れんけい>の<r笛|ふえ>					NA2_BTL@0x1E2A70		slot	32					M0054
T2110	Unconfirmed > Battle	<r稀代|きだい>の<r秘宝|ひほう>					NA2_BTL@0x1E2A90		slot	32					M0055
T2111	Unconfirmed > Battle	<r全開|ぜんかい>の<r額当|ひたいあ>て					NA2_BTL@0x1E2AB0		slot	48					M0056
T2112	Unconfirmed > Battle	<r気配遮断装束|けはいしゃだんしょうぞく>					NA2_BTL@0x1E2AE0		slot	48					M0057
T2113	Unconfirmed > Battle	<color00FFFF><r究極連激戦|ナルティメットれんげきせん><colorFFFFFF>では、<r定|さだ>められた<r相手|あいて>と<r連続|れんぞく>で<r闘|たたか>い、<r最後|さいご>まで<r勝|か>ち<r残|のこ>ることで<r報酬|ほうしゅう>を<r得|え>ることができます。					NA2_BTL@0x1E2B10		slot	240					M0058
T2114	Unconfirmed > Battle	<color00FFFF><r壮絶|そうぜつ>サバイバル<colorFFFFFF>ではランダムで<r出現|しゅつげん>する<r相手|あいて>と<r無限|むげん>に<r闘|たたか>い、どこまで<r勝|か>ち<r残|のこ>れるかを<r競|きそ>うことができます。					NA2_BTL@0x1E2C00		slot	208					M0059
T2115	Unconfirmed > Battle	<color00FFFF><r自分|じぶん>ルール<r戦闘|せんとう><colorFFFFFF>では、<r戦闘条件|せんとうじょうけん>を<r任意|にんい>に<r設定|せってい>して<r闘|たたか>うことができます。					NA2_BTL@0x1E2CD0		slot	176					M0060
T2116	Unconfirmed > Battle	<color00FFFF><r熱血対戦|ねっけつたいせん><colorFFFFFF>を<r終了|しゅうりょう>しますか？					NA2_BTL@0x1E2D80		slot	96					M0061
T2117	Unconfirmed > Battle	<color00FFFF><r壮絶|そうぜつ>サバイバル<colorFFFFFF>を開始しますか？					NA2_BTL@0x1E2DE0		slot	80					M0062
T2118	Unconfirmed > Battle	<r中忍|ちゅうにん>レベル					NA2_BTL@0x1E2F60		slot	32					M0063
T2119	Unconfirmed > Battle	<r上忍|じょうにん>レベル					NA2_BTL@0x1E2F80		slot	32					M0064
T2120	Unconfirmed > Battle	<r火影|ほかげ>レベル					NA2_BTL@0x1E2FA0		slot	32					M0065
T2121	Unconfirmed > Battle	<r特殊戦闘|とくしゅせんとう>					NA2_BTL@0x1E2FC0		slot	32					M0066
T2122	Unconfirmed > Battle	レベルを<r選択|せんたく>してください。					NA2_BTL@0x1E3000		slot	48					M0067
T2123	Unconfirmed > Battle	ランクを<r選択|せんたく>してください。					NA2_BTL@0x1E3030		slot	48					M0068
T2124	Unconfirmed > Battle	これでよろしいでしょうか？					NA2_BTL@0x1E3060		slot	33					M0069
T2125	Unconfirmed > Battle	<ruby好|す>きな<ruby条件|じょうけん>を<ruby設定|せってい>してください。					NA2_BTL@0x1E3110		slot	80					M0070
T2126	Unconfirmed > Battle	ＣＯＭの<ruby強|つよ>さを<ruby変更|へんこう>できます。					NA2_BTL@0x1E3160		slot	64					M0071
T2127	Unconfirmed > Battle	<ruby奥義|おうぎ>の<ruby入力勝負|にゅうりょくしょうぶ>を<ruby変更|へんこう>できます。					NA2_BTL@0x1E31A0		slot	96					M0072
T2128	Unconfirmed > Battle	『はい』を<ruby選択|せんたく>で<ruby戦闘|せんとう>を<ruby開始|かいし>します。					NA2_BTL@0x1E3200		slot	80					M0073
T2129	Unconfirmed > Battle	<ruby条件|じょうけん>が１つも<ruby設定|せってい>されていないです。					NA2_BTL@0x1E3250		slot	80					M0074
T2130	Unconfirmed > Battle	すでに<ruby設定済|せっていず>みです。					NA2_BTL@0x1E32A0		slot	48					M0075
T2131	Unconfirmed > Battle	基本条件					NA2_BTL@0x1E3370		slot	16					M0076
T2132	Unconfirmed > Battle	<ruby方向|ほうこう>キー<ruby左右|さゆう>でＣＯＭの<ruby強|つよ>さを<ruby変更|へんこう>できます。					NA2_BTL@0x1E3380		slot	112					M0077
T2133	Unconfirmed > Battle	<ruby方向|ほうこう>キー<ruby左右|さゆう>で<ruby奥義|おうぎ>の<ruby入力勝負|にゅうりょくしょうぶ>を<ruby変更|へんこう>できます。					NA2_BTL@0x1E33F0		slot	128					M0078
T2134	Unconfirmed > Battle	やさしい					NA2_BTL@0x1E3470		slot	16					M0079
T2135	Unconfirmed > Battle	ランダム					NA2_BTL@0x1E34B8		slot	16					M0080
T2136	Unconfirmed > Battle	コマンド					NA2_BTL@0x1E34C8		slot	16					M0081
T2137	Unconfirmed > Battle	タイミング					NA2_BTL@0x1E34D8		slot	24					M0082
T2138	Unconfirmed > Battle	お<r手軽条件|てがるじょうけん>１					NA2_BTL@0x1E3510		slot	48					M0083
T2139	Unconfirmed > Battle	お<r手軽条件|てがるじょうけん>２					NA2_BTL@0x1E3540		slot	48					M0084
T2140	Unconfirmed > Battle	お<r手軽条件|てがるじょうけん>３					NA2_BTL@0x1E3570		slot	48					M0085
T2141	Unconfirmed > Battle	<r無重力戦闘|むじゅうりょくせんとう>					NA2_BTL@0x1E35A0		slot	48					M0086
T2142	Unconfirmed > Battle	<r速度差|そくどさ>が<r激|はげ>しい<r状態|じょうたい>で<r戦闘|せんとう>					NA2_BTL@0x1E35D0		slot	80					M0087
T2143	Unconfirmed > Battle	<r大|だい>ダメージにめげずに<r戦闘|せんとう>					NA2_BTL@0x1E3620		slot	48					M0088
T2144	Unconfirmed > Battle	<r極限戦闘|きょくげんせんとう>					NA2_BTL@0x1E3650		slot	34					M0089
T2145	Unconfirmed > Battle	<r壮絶|そうぜつ>サバイバル					NA2_BTL@0x1E3960		slot	34					M0090
T2146	Unconfirmed > Battle	クリア<r報酬|ほうしゅう>					NA2_BTL@0x1E3AA0		slot	32					M0091
T2147	Unconfirmed > Battle	アイテムストック					NA2_BTL@0x208B40		slot	32					M0126
T2148	Unconfirmed > Battle	<r任務|にんむ>の<r条件|じょうけん>					NA2_BTL@0x208B60		slot	48					M0127
T2149	Unconfirmed > Battle	クリア<r条件|じょうけん>					NA2_BTL@0x208B90		slot	32					M0128
T2150	Unconfirmed > Battle	ヒーローモードに<r戻|もど>る					NA2_BTL@0x208C10		slot	32					M0131
T2151	Unconfirmed > Battle	<r対戦|たいせん>を<r終了|しゅうりょう>する					NA2_BTL@0x208C30		slot	48					M0132
T2152	Unconfirmed > Battle	キャンセル					NA2_BTL@0x208CA8		slot	16					M0133
T2153	Unconfirmed > Battle	キャラクター<r選択|せんたく>					NA2_BTL@0x208DA0		slot	32					M0137
T2154	Unconfirmed > Battle	ゲームモード<r選択|せんたく>					NA2_BTL@0x208DC0		slot	32					M0138
T2155	Unconfirmed > Battle	ヒーローモード					NA2_BTL@0x208DE0		slot	16					M0139
T2156	Unconfirmed > Battle dialogs	は　い					NA2_SLPS@0x505AD0		slot	8					M0572
T2157	Unconfirmed > Battle dialogs	は　い					NA2_SLPS@0x5066B8		slot	8					M0750
T2158	Unconfirmed > Menus and data	<r通告|つうこく>					NA2_ETC@0x2CDA0		slot	32					M0523
T2159	Unconfirmed > Menus and data	<r案内忍|あんないにん>を<r購入|こうにゅう>します。					NA2_ETC@0x2F360		slot	64					M0535
T2160	Unconfirmed > Menus and data	ハズレくじを<r引|ひ>いてしまいました…。					NA2_ETC@0x2F6F0		slot	48					M0540
T2161	Unconfirmed > Menus and data	<r残念|ざんねん>、はずれてしまいました。					NA2_ETC@0x2F8B0		slot	48					M0541
T2162	Unconfirmed > Shop	<iconSQUARE>ボタンを<r押|お>すとポイントを<r使|つか>ってボーナスゲームを<r行|おこな>うことができます。					NA2_ETC@0x2F460		slot	112					M0538
T2163	Unconfirmed > System UI	<color00FFFF>ミニゲーム<colorFFFFFF>ではミニゲームで<r遊|あそ>ぶことができます。					NA2_SLPS@0x4B1BE0		slot	96					M0545
T2164	Unconfirmed > System UI	"<color080860>マスターモード<BLACK>を、どこから<r開始|かいし>するのかを
<r選択|せんたく>してください。"					NA2_SLPS@0x4B1EB0		slot	112					M0550
T2165	Unconfirmed > System UI	<iconL1><iconR1>には<color00FFFF>「ガード・アイテム<r使用|しよう>・アイテム<r選択|せんたく>」<colorFFFFFF><r以外|いがい>は、<r割|わ>り<r振|ふ>ることができません。					NA2_SLPS@0x4B2380		slot	176					M0554
T2166	Unconfirmed > System UI	<iconL2><iconR2>には<color00FFFF>「ガード・アイテム<r使用|しよう>・アイテム<r選択|せんたく>」<colorFFFFFF><r以外|いがい>は、<r割|わ>り<r振|ふ>ることができません。					NA2_SLPS@0x4B2430		slot	176					M0555
T2167	Unconfirmed > System UI	いいえ					NA2_SLPS@0x5031A8		slot	7					M0565
T2168	Unconfirmed > System UI	奥義					NA2_SLPS@0x504AB8		slot	8					M0654
T2169	Unconfirmed > System UI	いいえ					NA2_SLPS@0x505AD8		slot	7					M0573
T2170	Unconfirmed > System UI	クナイ					NA2_SLPS@0x506648		slot	8					M0619
T2171	Unconfirmed > System UI	いいえ					NA2_SLPS@0x5066A8		slot	7					M0625
T2172	Unconfirmed > System UI	いいえ					NA2_SLPS@0x506768		slot	7					M0627
T2173	Unconfirmed > System UI	いいえ					NA2_SLPS@0x506FB0		slot	7					M0629
