id	enabled	display_context	source	donor	prefix	replacement	display_basis	source_ref	donor_ref	mode	capacity	transform	arguments	reference_refs	parent_mapping_id
T5	1	Battle HUD > maximum damage label	最大	MAX			seen:savestate-084	NA2_SLPS@0x504970	NUN5_SLES@0x513E70	slot	8				
T6	1	Battle or Practice Settings > label or running help	対戦時間	Time			e2e:menus	NA2_BTL@0x20A210	NUN5_SLES@0x5142C8	slot	16				
T7	1	Battle or Practice Settings > label or running help	アイテム出現	Items			e2e:menus	NA2_BTL@0x20A220	NUN5_SLES@0x5142D0	slot	16				
T8	1	Battle or Practice Settings > label or running help	チャクラ	Chakra			e2e:menus	NA2_BTL@0x20A230	NUN5_TEXTENG@0xB88	slot	16				
T9	1	Battle or Practice Settings > label or running help	ハンディキャップ	Handicap			e2e:menus	NA2_BTL@0x20A240	NUN5_TEXTENG@0xF890	slot	32				
T10	1	Battle or Practice Settings > label or running help	<r方向|ほうこう>キー<r左右|さゆう>で<r対戦時間|たいせんじかん>の<r変更|へんこう>ができます。	Press the left directional button or right directional button to change battle time.			inferred:replacement-pass-2-2026-07-26 selector or running-help family	NA2_BTL@0x20A280	NUN5_TEXTENG@0xF540	slot	96				
T11	1	Battle or Practice Settings > label or running help	<r方向|ほうこう>キー<r左右|さゆう>でＣＯＭの<r強|つよ>さを<r変更|へんこう>できます。	Press the left directional button or right directional button to change COM strength.			inferred:replacement-pass-2-2026-07-26 selector or running-help family	NA2_BTL@0x20A2E0	NUN5_TEXTENG@0xF5A0	slot	96				
T12	1	Battle or Practice Settings > label or running help	<r方向|ほうこう>キー<r左右|さゆう>でアイテムの<r出現率|しゅつげんりつ>が<r変更|へんこう>できます。　　　　　<r多|おお>めにすると、いつもよりゲーム<r中|ちゅう>に<r出現|しゅつげん>するアイテムの<r数|かず>が<r多|おお>くなります。	Press the left directional button or right directional button to change frequency of item appearance. Set to More to make items appear more frequently than usual.			inferred:replacement-pass-2-2026-07-26 selector or running-help family	NA2_BTL@0x20A340	NUN5_TEXTENG@0xF600	slot	240				
T13	1	Battle or Practice Settings > label or running help	<r方向|ほうこう>キー<r左右|さゆう>で<r忍術|にんじゅつ>などを<r使用|しよう>した<r時|とき>に、チャクラが<r減|へ>るか<r減|へ>らないかを<r設定|せってい>できます。	Press the left directional button or right directional button to chose whether Chakra decreases or not when using Jutsu.			inferred:replacement-pass-2-2026-07-26 selector or running-help family	NA2_BTL@0x20A430	NUN5_TEXTENG@0xF6B0	slot	160				
T14	1	Battle or Practice Settings > label or running help	<r方向|ほうこう>キー<r左右|さゆう>で<r奥義|おうぎ>の<r入力勝負|にゅうりょくしょうぶ>の<r切|き>り<r替|か>えなどが<r設定|せってい>できます。	Press the left directional button or right directional button to change Ultimate Jutsu controls.			inferred:replacement-pass-2-2026-07-26 selector or running-help family	NA2_BTL@0x20A4D0	NUN5_TEXTENG@0xF730	slot	144				
T15	1	Battle or Practice Settings > label or running help	<r方向|ほうこう>キー<r左右|さゆう>でハンディキャップの<r設定|せってい>ができます。　　　　　<r赤|あか>いマークが<r多|おお>いほど、１Ｐが<r有利|ゆうり>。<r逆|ぎゃく>に<r青|あお>いマークが<r多|おお>いと２Ｐが<r有利|ゆうり>な<r設定|せってい>です。	Press the left directional button or right directional button to change handicap. More red marks means a better advantage for 1P. Blue marks are for 2P.			inferred:replacement-pass-2-2026-07-26 selector or running-help family	NA2_BTL@0x20A560	NUN5_TEXTENG@0xF7A0	slot	256				
T16	1	Battle or Practice Settings > label or running help	<r対戦設定|たいせんせってい>をデフォルトに<r戻|もど>しました。	Battle Settings returned to defaults.			e2e:menus	NA2_BTL@0x20A680	NUN5_TEXTENG@0xF260	slot	68				
T17	1	Battle or Practice Settings > label or running help	連係攻撃	Linked Attack			e2e:practice	NA2_BTL@0x20A748	NUN5_TEXTENG@0xF08	slot	16				
T18	1	Battle or Practice Settings > label or running help	連係モード	Linked Mode			inferred:replacement-pass-2-2026-07-26 selector or running-help family	NA2_BTL@0x20A758	NUN5_TEXTENG@0x1E60	slot	16				
T19	1	Battle or Practice Settings > label or running help	コマンド表示	Commands			inferred:replacement-pass-2-2026-07-26 selector or running-help family	NA2_BTL@0x20A768	NUN5_TEXTENG@0x893	slot	16				
T20	1	Battle or Practice Settings > label or running help	ダメージ量表示	Damage			inferred:replacement-pass-2-2026-07-26 selector or running-help family	NA2_BTL@0x20A778	NUN5_SLES@0x5142E8	slot	16				
T21	1	Battle or Practice Settings > label or running help	<r対戦|たいせん><r相手|あいて>の<r状態|じょうたい>を<r指定|してい>できます。ＣＯＭでは、コンピュータと<r対戦|たいせん>する<r事|こと>ができます。	You can battle against the computer when in COM mode.			inferred:replacement-pass-2-2026-07-26 selector or running-help family	NA2_BTL@0x20B170	NUN5_TEXTENG@0xFFE0	slot	160				
T22	1	Battle or Practice Settings > label or running help	<r対戦|たいせん><r相手|あいて>の<r状態|じょうたい>を<r指定|してい>できます。<r立|た>ちでは、<r立|た>った<r状態|じょうたい>で<r下記|かき>で<r指定|してい>した<r行動|こうどう>をします。	COM will make the following standing movements when in Stand mode.			inferred:replacement-pass-2-2026-07-26 selector or running-help family	NA2_BTL@0x20B210	NUN5_TEXTENG@0x10020	slot	192				
T23	1	Battle or Practice Settings > label or running help	<r対戦|たいせん><r相手|あいて>の<r状態|じょうたい>を<r指定|してい>できます。ジャンプでは、ジャンプしながら<r下記|かき>で<r指定|してい>した<r行動|こうどう>をします。	COM will make the following standing movements when in Jump mode.			inferred:replacement-pass-2-2026-07-26 selector or running-help family	NA2_BTL@0x20B2D0	NUN5_TEXTENG@0x10070	slot	176				
T24	1	Battle or Practice Settings > label or running help	<r対戦|たいせん><r相手|あいて>の<r状態|じょうたい>を<r指定|してい>できます。<r二段|にだん>ジャンプでは、<r二段|にだん>ジャンプしながら<r下記|かき>で<r指定|してい>した<r行動|こうどう>をします。	COM will make the following standing movements when in Jump mode.			inferred:replacement-pass-2-2026-07-26 selector or running-help family	NA2_BTL@0x20B380	NUN5_TEXTENG@0x10070	slot	208				
T25	1	Battle or Practice Settings > label or running help	対戦相手の設定	Opponent Settings			inferred:replacement-pass-2-2026-07-26 selector or running-help family	NA2_BTL@0x20B468	NUN5_TEXTENG@0xF920	slot	24				
T26	1	Battle or Practice Settings > label or running help	<r練習設定|れんしゅうせってい>をデフォルトに<r戻|もど>しました。	Practice settings returned to defaults.			inferred:replacement-pass-2-2026-07-26 selector or running-help family	NA2_BTL@0x20B4D0	NUN5_TEXTENG@0xF940	slot	72				
T27	1	Battle or Practice Settings > selector value	楽々	Simple			inferred:replacement-pass-2-2026-07-26 selector or running-help family	NA2_SLPS@0x505B48	NUN5_SLES@0x514218	slot	8				
T28	1	Battle or Practice Settings > selector value	ふつう	Normal			e2e:menus|e2e:practice	NA2_SLPS@0x505B50	NUN5_SLES@0x514228	slot	8				
T29	1	Battle or Practice Settings > selector value	激むず	Insane			inferred:replacement-pass-2-2026-07-26 selector or running-help family	NA2_SLPS@0x505B58	NUN5_SLES@0x514238	slot	8				
T30	1	Battle or Practice Settings > selector value	究極	Ultimate			inferred:replacement-pass-2-2026-07-26 selector or running-help family	NA2_SLPS@0x505B60	NUN5_TEXTENG@0xF208	slot	8			NA2_BTL@0x209CB4	
T31	1	Battle or Practice Settings > selector value	なし	None			inferred:replacement-pass-2-2026-07-26 selector or running-help family	NA2_SLPS@0x505B68	NUN5_SLES@0x514240	slot	8				
T32	1	Battle or Practice Settings > selector value	少なめ	Less			inferred:replacement-pass-2-2026-07-26 selector or running-help family	NA2_SLPS@0x505B70	NUN5_SLES@0x514248	slot	8				
T33	1	Battle or Practice Settings > selector value	多め	More			inferred:replacement-pass-2-2026-07-26 selector or running-help family	NA2_SLPS@0x505B78	NUN5_SLES@0x514250	slot	8				
T34	1	Battle or Practice Settings > selector value	通常	Normal			e2e:menus|e2e:practice	NA2_SLPS@0x505B80	NUN5_SLES@0x4B9519	slot	8				
T35	1	Battle or Practice Settings > selector value	回転	Turn			inferred:replacement-pass-2-2026-07-26 selector or running-help family	NA2_SLPS@0x505B98	NUN5_SLES@0x514278	slot	8				
T36	1	Battle or Practice Settings > selector value	連打	Combo			inferred:replacement-pass-2-2026-07-26 selector or running-help family	NA2_SLPS@0x505BA0	NUN5_SLES@0x4AFE80	slot	8				
T37	1	Battle or Practice Settings > selector value	オフ	OFF			inferred:replacement-pass-2-2026-07-26 selector or running-help family	NA2_SLPS@0x505BB0	NUN5_SLES@0x513E6C	slot	8				
T38	1	Battle or Practice Settings > selector value	オン	ON			inferred:replacement-pass-2-2026-07-26 selector or running-help family	NA2_SLPS@0x505BB8	NUN5_SLES@0x513E68	slot	8				
T39	1	Battle or Practice Settings > selector value	半分	Half			inferred:replacement-pass-2-2026-07-26 selector or running-help family	NA2_SLPS@0x505BC8	NUN5_SLES@0x514280	slot	8				
T40	1	Battle or Practice Settings > selector value	オート	Auto			inferred:replacement-pass-2-2026-07-26 selector or running-help family	NA2_SLPS@0x505BE0	NUN5_SLES@0x513F18	slot	8				
T41	1	Battle or Practice Settings > selector value	手動	Manual			inferred:replacement-pass-2-2026-07-26 selector or running-help family	NA2_SLPS@0x505BF0	NUN5_SLES@0x513F10	slot	8				
T42	1	Battle or Practice Settings > selector value	ＣＯＭ	COM			inferred:replacement-pass-2-2026-07-26 selector or running-help family	NA2_SLPS@0x505BF8	NUN5_SLES@0x514290	slot	8				
T43	1	Battle or Practice Settings > selector value	立ち	Stand			inferred:replacement-pass-2-2026-07-26 selector or running-help family	NA2_SLPS@0x505C00	NUN5_SLES@0x514298	slot	8				
T44	1	Battle or Practice Settings > selector value	しない	No			e2e:practice	NA2_SLPS@0x505C08	NUN5_SLES@0x513E4C	slot	8				
T45	1	Battle or Practice Settings > selector value	単発	Single			inferred:replacement-pass-2-2026-07-26 selector or running-help family	NA2_SLPS@0x505C10	NUN5_SLES@0x5142A0	slot	8				
T46	1	Battle or Practice Settings > selector value	コンボ	Combo			inferred:replacement-pass-2-2026-07-26 selector or running-help family	NA2_SLPS@0x505C18	NUN5_SLES@0x4AFE80	slot	8				
T47	1	Battle or Practice Settings > selector value	忍術	Jutsu			inferred:replacement-pass-2-2026-07-26 selector or running-help family	NA2_SLPS@0x505C28	NUN5_SLES@0x5142A8	slot	8				
T48	1	Battle or Practice Settings > selector value	する	Use			inferred:replacement-pass-2-2026-07-26 selector or running-help family	NA2_SLPS@0x505C30	NUN5_SLES@0x51425B	slot	8				
T49	1	Battle or Practice Settings > selector value	追う	Follow			inferred:replacement-pass-2-2026-07-26 selector or running-help family	NA2_SLPS@0x505C40	NUN5_SLES@0x5142B8	slot	8				
T50	1	Battle or Practice Settings > selector value	難易度	Difficulty			e2e:menus	NA2_SLPS@0x505C70	NUN5_TEXTENG@0xF880	slot	8			NA2_BTL@0x20A264	
T51	1	Battle or Practice Settings > selector value	体力	Health			inferred:replacement-pass-2-2026-07-26 selector or running-help family	NA2_SLPS@0x505CA0	NUN5_SLES@0x5142E0	slot	8				
T52	1	Battle or Practice Settings > selector value	状態	Status			inferred:replacement-pass-2-2026-07-26 selector or running-help family	NA2_SLPS@0x505CA8	NUN5_SLES@0x4AFF1D	slot	8				
T53	1	Battle or Practice Settings > selector value	攻撃	Attack			e2e:practice	NA2_SLPS@0x505CB8	NUN5_SLES@0x513EF0	slot	8				
T54	1	Battle or Practice Settings > selector value	ガード	Guard			e2e:practice	NA2_SLPS@0x505CC0	NUN5_SLES@0x4AFD6D	slot	8				
T55	1	Battle or Practice Settings > selector value	行動	Move			e2e:practice	NA2_SLPS@0x505CC8	NUN5_SLES@0x5142F8	slot	8				
T56	1	Battle or Practice Settings > unlimited-time value	無限	Unlimited			e2e:menus	NA2_SLPS@0x505B88	NUN5_TEXTENG@0xF218	slot	8			NA2_SLPS@0x505B94,NA2_SLPS@0x505BAC,NA2_SLPS@0x505C68	
T57	1	Battle pause menu > menu item	<r操作設定|そうさせってい>	Controls			e2e:menus|e2e:practice	NA2_BTL@0x208A30	NUN5_TEXTENG@0x870	slot	32				
T58	1	Battle pause menu > menu item	<r基本操作|きほんそうさ>コマンド<r表|ひょう>	Command Chart			e2e:menus|e2e:practice	NA2_BTL@0x208A50	NUN5_TEXTENG@0x880	slot	48				
T59	1	Battle pause menu > menu item	１Ｐコマンド<r表|ひょう>	1P Commands			e2e:menus|e2e:practice	NA2_BTL@0x208A80	NUN5_TEXTENG@0x890	slot	32				
T60	1	Battle pause menu > menu item	２Ｐコマンド<r表|ひょう>	2P Commands			inferred:replacement-pass-2-2026-07-26 selector or running-help family	NA2_BTL@0x208AA0	NUN5_TEXTENG@0x8A0	slot	32				
T61	1	Battle pause menu > menu item	<r練習設定|れんしゅうせってい>	Practice			e2e:practice	NA2_BTL@0x208AF0	NUN5_TEXTENG@0x718	slot	32				
T62	1	Battle pause menu > menu item	かんたん<r表示|ひょうじ><r設定|せってい>	Simple Display			e2e:menus|e2e:practice	NA2_BTL@0x208B10	NUN5_TEXTENG@0x8B0	slot	48				
T63	1	Battle pause menu > quit or return confirmation	<r対戦|たいせん>	Are you sure you want to quit %1 and return to %2?			e2e:menus	NA2_BTL@0x208CF0	NUN5_TEXTENG@0xA20	slot	32	format_literal_through_arg1	arg1=Battle	NA2_BTL@0x208E40	
T64	1	Battle pause menu > quit or return confirmation	<r練習|れんしゅう>	Are you sure you want to quit %1 and return to %2?			e2e:practice	NA2_BTL@0x208D10	NUN5_TEXTENG@0xA20	slot	32	format_literal_through_arg1	arg1=Practice	NA2_BTL@0x208E44	
T65	1	Battle pause menu > quit or return confirmation	"を<r終了|しゅうりょう>しますが、よろしいですか？
<iconCANCEL>キャンセル"	Do you want to quit %1?			inferred:replacement-pass-2-2026-07-26 selector or running-help family	NA2_BTL@0x208D30	NUN5_TEXTENG@0xA00	slot	80	format_literal_arg1	arg1=Free Battle	NA2_BTL@0x208E48	
T66	1	Battle pause menu > quit or return confirmation	を<r終了|しゅうりょう>して	Are you sure you want to quit %1 and return to %2?			e2e:menus|e2e:practice	NA2_BTL@0x208D80	NUN5_TEXTENG@0xA20	slot	32	between_placeholders			
T67	1	Battle pause menu > quit or return confirmation	"に<r戻|もど>りますが、
よろしいですか？　　　　<iconCANCEL>キャンセル"	Are you sure you want to quit %1 and return to %2?			e2e:menus|e2e:practice	NA2_BTL@0x208DF0	NUN5_TEXTENG@0xA20	slot	80	after_placeholder2			
T2201	1	Battle pause menu > quit or return confirmation	キャラクター<r選択|せんたく>	Character Select			e2e:menus|e2e:practice	NA2_BTL@0x208DA0	NUN5_TEXTENG@0xA60	slot	32				
T2202	1	Battle pause menu > quit or return confirmation	ゲームモード<r選択|せんたく>	Game Mode Select			e2e:menus|e2e:practice	NA2_BTL@0x208DC0	NUN5_TEXTENG@0xA80	slot	32				
T2203	1	Battle pause menu > Special Controls selector	Ｏ　Ｎ	ON			e2e:practice	NA2_SLPS@0x505AF0	NUN5_SLES@0x513E68	slot	8	""	""	""	""
T2204	1	Battle pause menu > Special Controls selector	ＯＦＦ	OFF			e2e:practice	NA2_SLPS@0x505AF8	NUN5_SLES@0x513E6C	slot	8	""	""	""	""
T68	1	Battle pause menu > return destination	ゲームモード<r選択|せんたく>に<r戻|もど>る	Back to Game Mode Screen			e2e:menus|e2e:practice	NA2_BTL@0x208BB0	NUN5_TEXTENG@0x900	slot	48				
T69	1	Battle pause menu > return destination	キャラクター<r選択|せんたく>に<r戻|もど>る	Back to Character Select			e2e:menus|e2e:practice	NA2_BTL@0x208BE0	NUN5_TEXTENG@0x920	slot	48				
T70	1	Battle Results > Ninja Song objective or bonus	<r敵|てき>は<r忍術|にんじゅつ>にて<r攻|せ>めるべし	Attack the enemy with Ninjutsu			e2e:ninja_song	NA2_BTL@0x1E5550	NUN5_TEXTENG@0x10120	slot	64				
T71	1	Battle Results > Ninja Song objective or bonus	<r敵|てき>は<r奥義|おうぎ>にて<r攻|せ>めるべし	Attack the enemy with Ultimate Jutsu			e2e:ninja_song	NA2_BTL@0x1E5590	NUN5_TEXTENG@0x10140	slot	48				
T72	1	Battle Results > Ninja Song objective or bonus	<r敵|てき>は<r連係攻撃|れんけいこうげき>にて<r攻|せ>めるべし	Attack the enemy with Linked attacks			e2e:ninja_song	NA2_BTL@0x1E55C0	NUN5_TEXTENG@0x10170	slot	64				
T73	1	Battle Results > Ninja Song objective or bonus	<r変|か>わり<r身|み>にて<r敵|てき>を<r欺|あざむ>くべし	Deceive the enemy using Substitution Jutsu			e2e:ninja_song	NA2_BTL@0x1E5600	NUN5_TEXTENG@0x101A0	slot	64				
T74	1	Battle Results > Ninja Song objective or bonus	<r追|お>い<r討|う>ちにて<r敵|てき>を<r追撃|ついげき>すべし	Pursue the enemy with Extra Hit attacks 			e2e:ninja_song	NA2_BTL@0x1E5640	NUN5_TEXTENG@0x101D0	slot	64				
T75	1	Battle Results > Ninja Song objective or bonus	<r連続|れんぞく><r攻撃|こうげき>にて<r敵|てき>を<r圧倒|あっとう>するべし	Overwhelm the enemy with consecutive attacks			e2e:ninja_song	NA2_BTL@0x1E5680	NUN5_TEXTENG@0x10200	slot	80				
T76	1	Battle Results > Ninja Song objective or bonus	<r特殊忍具|とくしゅにんぐ>を<r用|もち>いて<r攻|せ>めるべし	Attack with Special Ninja Tool			e2e:ninja_song	NA2_BTL@0x1E56D0	NUN5_TEXTENG@0x10230	slot	64				
T77	1	Battle Results > Ninja Song objective or bonus	<r敵|てき>は<r素早|すばや>く<r排除|はいじょ>すべし	Defeat the enemy quickly			e2e:ninja_song	NA2_BTL@0x1E5710	NUN5_TEXTENG@0x10250	slot	64				
T78	1	Battle Results > Ninja Song objective or bonus	<r己|おのれ>の<r体力|たいりょく>は<r温存|おんぞん>すべし	Conserve your health			e2e:ninja_song	NA2_BTL@0x1E5750	NUN5_TEXTENG@0x10270	slot	64				
T79	1	Battle Results > Ninja Song objective or bonus	<r強者|つわもの>を<r打|う>ち<r破|やぶ>るべし	Defeat a powerful enemy			e2e:ninja_song	NA2_BTL@0x1E5790	NUN5_TEXTENG@0x10290	slot	48				
T80	1	Battle Results > Ninja Song objective or bonus	<r秘|ひ>めたる<r力|ちから>を<r解|と>き<r放|はな>つべし	Release your hidden power			e2e:ninja_song	NA2_BTL@0x1E57C0	NUN5_TEXTENG@0x102B0	slot	64				
T81	1	Battle Results > Ninja Song objective or bonus	<r挑発|ちょうはつ>を<r以|も>って<r敵|てき>を<r刺激|しげき>すべし	Taunt the enemy into action			e2e:ninja_song	NA2_BTL@0x1E5800	NUN5_TEXTENG@0x102D0	slot	80				
T82	1	Battle Results > Ninja Song objective or bonus	<r壊|こわ>れ<r物|もの>を<r破壊|はかい>すべし	Destroy breakable objects			e2e:ninja_song	NA2_BTL@0x1E5850	NUN5_TEXTENG@0x102F0	slot	48				
T83	1	Battle Results > Ninja Song objective or bonus	<r特殊|とくしゅ><r条件|じょうけん>を<r完遂|かんすい>すべし	Fulfill special objectives			seen:savestates-091-099	NA2_BTL@0x1E5880	NUN5_TEXTENG@0x10310	slot	64				
T84	1	Battle Results > Ninja Song objective or bonus	<r敵|てき>の<r奥義|おうぎ>を<r打|う>ち<r破|やぶ>るべし	Defeat the enemy's Ultimate Jutsu			e2e:ninja_song	NA2_BTL@0x1E58C0	NUN5_TEXTENG@0x10330	slot	64				
T85	1	Battle Results > Ninja Song objective or bonus	<r術|じゅつ>の<r競|せ>り<r合|あ>いにて<r勝利|しょうり>すべし	Win in a battle of Ninjutsu			e2e:ninja_song	NA2_BTL@0x1E5900	NUN5_TEXTENG@0x10360	slot	64				
T86	1	Battle Results > Ninja Song objective or bonus	<r敵|てき>に<r残影|ざんえい>をもって<r挑|いど>むべし	Use Shadowblur against the enemy			e2e:ninja_song	NA2_BTL@0x1E5940	NUN5_TEXTENG@0x10380	slot	64				
T87	1	Battle Results > Ninja Song objective or bonus	コンボ<r数|すう>%sHitボーナス	%1 hit combo bonus			seen:savestates-091-099	NA2_BTL@0x1E5980	NUN5_TEXTENG@0x103B0	slot	32				
T88	1	Battle Results > Ninja Song objective or bonus	<r所持|しょじ>アイテム%s<r個|こ>ボーナス	%1 items carried bonus			e2e:ninja_song	NA2_BTL@0x1E59A0	NUN5_TEXTENG@0x103D0	slot	48				
T89	1	Battle Results > Ninja Song objective or bonus	<r背景破壊|はいけいはかい>ボーナス	Environment destruction bonus			seen:savestates-091-099	NA2_BTL@0x1E59D0	NUN5_TEXTENG@0x103F0	slot	48				
T90	1	Battle Results > Ninja Song objective or bonus	<r残影勝利|ざんえいしょうり>ボーナス	Shadowblur victory bonus			seen:savestates-091-099	NA2_BTL@0x1E5A00	NUN5_TEXTENG@0x10410	slot	48				
T91	1	Battle Results > Ninja Song objective or bonus	<r奥義|おうぎ>ボーナス	Ultimate Jutsu bonus			seen:savestates-091-099	NA2_BTL@0x1E5A30	NUN5_TEXTENG@0x10430	slot	32				
T92	1	Battle Results > Ninja Song objective or bonus	<r敵|てき>%sカウント<r以内撃破|いないげきは>ボーナス	Enemy defeated within %1 timer counts bonus			seen:savestates-091-099	NA2_BTL@0x1E5A50	NUN5_TEXTENG@0x10450	slot	64				
T93	1	Battle Results > Ninja Song objective or bonus	キャラクター<r組|く>み<r合|あ>わせボーナス	Character combination bonus			seen:savestates-091-099	NA2_BTL@0x1E5AC0	NUN5_TEXTENG@0x104A0	slot	48				
T94	1	Battle Results > Ninja Song objective or bonus	<r特殊連係攻撃|とくしゅれんけいこうげき>%sHitボーナス	%1 hit special linked attack bonus			seen:savestates-091-099	NA2_BTL@0x1E5AF0	NUN5_TEXTENG@0x104C0	slot	64				
T95	1	Battle Results > Ninja Song objective or bonus	<r連係忍術|れんけいにんじゅつ>%sHitボーナス	%1 hit linked Jutsu bonus			seen:savestates-091-099	NA2_BTL@0x1E5B30	NUN5_TEXTENG@0x104F0	slot	48				
T96	1	Battle Results > Ninja Song objective or bonus	<r連係奥義|れんけいおうぎ>%sHitボーナス	%1 hit linked Ultimate Jutsu bonus			seen:savestates-091-099	NA2_BTL@0x1E5B60	NUN5_TEXTENG@0x10510	slot	48				
T97	1	Battle Results > Ninja Song objective or bonus	カウント	timer counts			e2e:ninja_song	NA2_BTL@0x1E5BC0	NUN5_TEXTENG@0x10538	slot	16				
T2174	1	Battle Results > Ninja Song objective or bonus	　　壱	 1			e2e:ninja_song	NA2_SLPS@0x504CC0	NUN5_SLES@0x512070	slot	8	append_space			
T2175	1	Battle Results > Ninja Song objective or bonus	　　弐	 2			e2e:ninja_song	NA2_SLPS@0x504CC8	NUN5_SLES@0x512074	slot	8	append_space			
T2176	1	Battle Results > Ninja Song objective or bonus	　　参	 3			e2e:ninja_song	NA2_SLPS@0x504CD0	NUN5_SLES@0x512078	slot	8	append_space			
T2177	1	Battle Results > Ninja Song objective or bonus	　　四	 4			e2e:ninja_song	NA2_SLPS@0x504CD8	NUN5_SLES@0x51207C	slot	8	append_space			
T2178	1	Battle Results > Ninja Song objective or bonus	　　五	 5			e2e:ninja_song	NA2_SLPS@0x504CE0	NUN5_SLES@0x512080	slot	8	append_space			
T2179	1	Battle Results > Ninja Song objective or bonus	　　六	 6			e2e:ninja_song	NA2_SLPS@0x504CE8	NUN5_SLES@0x512084	slot	8	append_space			
T2180	1	Battle Results > Ninja Song objective or bonus	　　七	 7			e2e:ninja_song	NA2_SLPS@0x504CF0	NUN5_SLES@0x512088	slot	8	append_space			
T2181	1	Battle Results > Ninja Song objective or bonus	　　八	 8			e2e:ninja_song	NA2_SLPS@0x504CF8	NUN5_SLES@0x51208C	slot	8	append_space			
T2182	1	Battle Results > Ninja Song objective or bonus	　　九	 9			e2e:ninja_song	NA2_SLPS@0x504D00	NUN5_SLES@0x512090	slot	8	append_space			
T2183	1	Battle Results > Ninja Song objective or bonus	　　十	10			e2e:ninja_song	NA2_SLPS@0x504D08	NUN5_SLES@0x512094	slot	8	append_space			
T2184	1	Battle Results > Ninja Song objective or bonus	　十一	11			e2e:ninja_song	NA2_SLPS@0x504D10	NUN5_SLES@0x512098	slot	8	append_space			
T2185	1	Battle Results > Ninja Song objective or bonus	　十二	12			e2e:ninja_song	NA2_SLPS@0x504D18	NUN5_SLES@0x51209C	slot	8	append_space			
T2186	1	Battle Results > Ninja Song objective or bonus	　十三	13			e2e:ninja_song	NA2_SLPS@0x504D20	NUN5_SLES@0x5120A0	slot	8	append_space			
T2187	1	Battle Results > Ninja Song objective or bonus	　十四	14			e2e:ninja_song	NA2_SLPS@0x504D28	NUN5_SLES@0x5120A4	slot	8	append_space			
T2188	1	Battle Results > Ninja Song objective or bonus	　十五	15			e2e:ninja_song	NA2_SLPS@0x504D30	NUN5_SLES@0x5120A8	slot	8	append_space			
T2189	1	Battle Results > Ninja Song objective or bonus	　十六	16			e2e:ninja_song	NA2_SLPS@0x504D38	NUN5_SLES@0x5120AC	slot	8	append_space			
T2190	1	Battle Results > Ninja Song objective or bonus	なし	N/A			e2e:ninja_song	NA2_SLPS@0x504DB0	NUN5_SLES@0x514308	slot	8				
T2191	1	Battle Results > Ninja Song objective or bonus	<r発|はつ>	times			seen:ss1-5-paired-Ninja-Song	NA2_BTL@0x1E5BB0	NUN5_SLES@0x514310	slot	16	empty			
T2192	1	Battle Results > Ninja Song objective or bonus	<r回|かい>	hits			seen:ss1-5-paired-Ninja-Song	NA2_BTL@0x1E5BA0	NUN5_SLES@0x514318	slot	16	empty			
T2193	1	Battle Results > Ninja Song objective or bonus	<r個|こ>	Destroy breakable objects			seen:ss1-5-paired-Ninja-Song	NA2_BTL@0x1E5BD0	NUN5_TEXTENG@0x102F0	slot	16	empty			
T2194	1	Battle Results > Ninja Song objective or bonus	<r体力|たいりょく>１００％ボーナス	100% Health bonus			e2e:ninja_song	NA2_BTL@0x1E5A90	NUN5_TEXTENG@0x10480	slot	48	escape_literal_percent			
T2195	1	Battle Results > Ninja Song objective or bonus	" × "	" * "			e2e:ninja_song	NA2_SLPS@0x504DA0	NUN5_SLES@0x514300	slot	8	normalize_formula_symbol			
T2196	1	Battle Results > Ninja Song objective or bonus	" ＝ "	" = "			e2e:ninja_song	NA2_SLPS@0x504DA8	NUN5_SLES@0x514304	slot	8	normalize_formula_symbol			
T2197	1	Battle Results > Ninja Song objective or bonus	･	·			e2e:ninja_song	NA2_SLPS@0x504DB8	NUN5_SLES@0x51430C	slot	8	normalize_formula_symbol			
T2198	1	Battle Results > Ninja Song objective or bonus	％	%			e2e:ninja_song	NA2_SLPS@0x504DC0	NUN5_SLES@0x514320	slot	4	normalize_formula_symbol			
T98	1	Collection > Characters > Ultimate Jutsu name	<r朝孔雀|あさくじゃく>	Morning Peacock			e2e:collection/ultimates	NA2_ETC@0x26180	NUN5_TEXTENG@0x33B0	slot	24				
T99	1	Collection > Characters > Ultimate Jutsu name	<r忍法|にんぽう>・<r影縫|かげぬ>い	Ninja Art: Shadow Sew			e2e:collection/ultimates	NA2_ETC@0x26210	NUN5_TEXTENG@0x3410	slot	40				
T100	1	Collection > Characters > Ultimate Jutsu name	<r部分倍化|ぶぶんばいか>の<r術|じゅつ>	Partial Expansion Jutsu			e2e:collection/ultimates	NA2_ETC@0x262C0	NUN5_TEXTENG@0x3490	slot	40				
T101	1	Collection > Characters > Ultimate Jutsu name	<r潜影多蛇手|せんえいたじゃしゅ>	Multiple Hidden Shadow Snake Hands			e2e:collection/ultimates	NA2_ETC@0x26D60	NUN5_TEXTENG@0x3C70	slot	40				
T102	1	Collection > Characters > Ultimate Jutsu name	<r大玉螺旋丸|おおだまらせんがん>	Great Ball Rasengan			e2e:collection/ultimates	NA2_ETC@0x28440	NUN5_TEXTENG@0x3F00	slot	48				
T103	1	Collection > Characters > Ultimate Jutsu name	<r漏|も>れ<r出|だ>す<r力|ちから>	Overflowing Power			e2e:collection/ultimates	NA2_ETC@0x28470	NUN5_TEXTENG@0x3F20	slot	48				
T104	1	Collection > Characters > Ultimate Jutsu name	<r妖狐|ようこ>の<r衣|ころも>	Nine-Tail's Cloak			e2e:collection/ultimates	NA2_ETC@0x284A0	NUN5_TEXTENG@0x3F40	slot	32				
T105	1	Collection > Characters > Ultimate Jutsu name	<r変|か>わらない<r関係|かんけい>	Unchanging Relationship			e2e:collection/ultimates	NA2_ETC@0x284C0	NUN5_TEXTENG@0x3F60	slot	48				
T106	1	Collection > Characters > Ultimate Jutsu name	<r春|はる>の<r蹴来|しゅうらい>	Coming of Spring Kick			e2e:collection/ultimates	NA2_ETC@0x284F0	NUN5_TEXTENG@0x3F80	slot	32				
T107	1	Collection > Characters > Ultimate Jutsu name	キラキラ<r乙女心|おとめごころ>	Twinkling Maiden's Heart			e2e:collection/ultimates	NA2_ETC@0x28510	NUN5_TEXTENG@0x3FA0	slot	32				
T108	1	Collection > Characters > Ultimate Jutsu name	<r大地割|だいちわ>り	Earth Chop			e2e:collection/ultimates	NA2_ETC@0x28530	NUN5_TEXTENG@0x3FC0	slot	32				
T109	1	Collection > Characters > Ultimate Jutsu name	<r傀儡|くぐつ>・<r桜舞|サクラマイ>	Puppet: Cherry Blossom Dance			e2e:collection/ultimates	NA2_ETC@0x28550	NUN5_TEXTENG@0x3FD0	slot	48				
T110	1	Collection > Characters > Ultimate Jutsu name	<r忍法|にんぽう>・<r超獣偽画|ちょうじゅうぎが>　<r白描|はくびょう>	Ninja Art: Beast Scroll Replicas @White Picture@			e2e:collection/ultimates	NA2_ETC@0x28580	NUN5_TEXTENG@0x3FF0	slot	80
T111	1	Collection > Characters > Ultimate Jutsu name	<r忍法|にんぽう>・<r超獣偽画|ちょうじゅうぎが>　<r龍|りゅう>	Ninja Art: Beast Scroll Replicas @Dragon@			e2e:collection/ultimates	NA2_ETC@0x285D0	NUN5_TEXTENG@0x4030	slot	64
T112	1	Collection > Characters > Ultimate Jutsu name	<r雷切|らいきり>・<r一尖|いっせん>	Lightning Blade, Single Sharpness			e2e:collection/ultimates	NA2_ETC@0x28610	NUN5_TEXTENG@0x4060	slot	48				
T113	1	Collection > Characters > Ultimate Jutsu name	<r土遁|どとん>・<r裂穿牙|れっせんが>	Earth Style: Ripping Drill Fang			e2e:collection/ultimates	NA2_ETC@0x28640	NUN5_TEXTENG@0x4090	slot	48				
T114	1	Collection > Characters > Ultimate Jutsu name	コピー<r忍術|にんじゅつ>	Ninja Art: Copy Jutsu			e2e:collection/ultimates	NA2_ETC@0x28670	NUN5_TEXTENG@0x40B0	slot	32				
T115	1	Collection > Characters > Ultimate Jutsu name	<r八卦四天空掌|はっけしてんくうしょう>	8 Trigrams 4 Sky Palms			e2e:collection/ultimates	NA2_ETC@0x28690	NUN5_TEXTENG@0x40D0	slot	48				
T116	1	Collection > Characters > Ultimate Jutsu name	<r八卦六十四掌|はっけろくじゅうよんしょう>	8 Trigrams 64 Palms			e2e:collection/opponents|e2e:collection/ultimates	NA2_ETC@0x286C0	NUN5_TEXTENG@0x40F0	slot	48				
T117	1	Collection > Characters > Ultimate Jutsu name	<r八卦破山撃|はっけはざんげき>	8 Trigrams Mountain Break			e2e:collection/ultimates	NA2_ETC@0x286F0	NUN5_TEXTENG@0x4110	slot	32			NA2_ETC@0x2A07C	
T118	1	Collection > Characters > Ultimate Jutsu name	<r木|こ>ノ<r葉旋光|はせんこう>	Leaf Spiral Light			e2e:collection/ultimates	NA2_ETC@0x28710	NUN5_TEXTENG@0x4130	slot	32				
T119	1	Collection > Characters > Ultimate Jutsu name	<r青春|せいしゅん>フルパワー！！	Youth at Full Power!!			e2e:collection/ultimates	NA2_ETC@0x28730	NUN5_TEXTENG@0x4150	slot	48				
T120	1	Collection > Characters > Ultimate Jutsu name	あの<r夕日|ゆうひ>に<r向|む>かって	Facing the Sunset			e2e:collection/ultimates	NA2_ETC@0x28760	NUN5_TEXTENG@0x4170	slot	48				
T121	1	Collection > Characters > Ultimate Jutsu name	<r操具|そうぐ>・<r廻燕劇|かいえんげき>	Ninja Tool: Spinning Swallow Show			e2e:collection/ultimates	NA2_ETC@0x28790	NUN5_TEXTENG@0x4190	slot	48				
T122	1	Collection > Characters > Ultimate Jutsu name	<r操具|そうぐ>・<r大鉄塊|だいてっかい>	Ninja Tool: Giant Iron Lump			e2e:collection/ultimates	NA2_ETC@0x287C0	NUN5_TEXTENG@0x41C0	slot	48				
T123	1	Collection > Characters > Ultimate Jutsu name	<r操具|そうぐ>・<r天鋼災|てんこうさい>	Ninja Tool: Heavenly Metal Disaster			e2e:collection/ultimates	NA2_ETC@0x287F0	NUN5_TEXTENG@0x41E0	slot	48				
T124	1	Collection > Characters > Ultimate Jutsu name	<r自分|じぶん>ルール・<r壱|いち>	My Rule: One			e2e:collection/ultimates	NA2_ETC@0x28820	NUN5_TEXTENG@0x4208	slot	48				
T125	1	Collection > Characters > Ultimate Jutsu name	<r自分|じぶん>ルール・<r弐|に>	My Rule: Two			e2e:collection/ultimates	NA2_ETC@0x28850	NUN5_TEXTENG@0x4218	slot	32				
T126	1	Collection > Characters > Ultimate Jutsu name	ＩＱ２００	IQ 200			e2e:collection/ultimates	NA2_ETC@0x28870	NUN5_SLES@0x5140E8	slot	16				
T127	1	Collection > Characters > Ultimate Jutsu name	<r忍法|にんぽう>・<r影煙幕|かげえんまく>の<r術|じゅつ>	Ninja Art: Shadow Smokescreen Jutsu			e2e:collection/ultimates	NA2_ETC@0x28880	NUN5_TEXTENG@0x4230	slot	64				
T128	1	Collection > Characters > Ultimate Jutsu name	<r部分超倍化|ぶぶんちょうばいか>の<r術|じゅつ>	Super Expansion Jutsu			e2e:collection/ultimates	NA2_ETC@0x288C0	NUN5_TEXTENG@0x4260	slot	48				
T129	1	Collection > Characters > Ultimate Jutsu name	<r超|ちょう>・<r肉弾戦車|にくだんせんしゃ>	Super Human Boulder			e2e:collection/ultimates	NA2_ETC@0x288F0	NUN5_TEXTENG@0x4280	slot	48				
T130	1	Collection > Characters > Ultimate Jutsu name	<r超|ちょう>・<r肉弾戦車|にくだんせんしゃ>２	Super Human Boulder 2			e2e:collection/ultimates	NA2_ETC@0x28920	NUN5_TEXTENG@0x42A0	slot	48				
T131	1	Collection > Characters > Ultimate Jutsu name	<r忍法|にんぽう>・<r月下美人|げっかびじん>	Ninja Art: Queen of the Night			e2e:collection/ultimates	NA2_ETC@0x28950	NUN5_TEXTENG@0x42C0	slot	48				
T132	1	Collection > Characters > Ultimate Jutsu name	<r蝶針火|ちょうしんか>	Butterfly Needle Flame			e2e:collection/ultimates	NA2_ETC@0x28980	NUN5_TEXTENG@0x42E0	slot	24				
T133	1	Collection > Characters > Ultimate Jutsu name	<r飛燕|ひえん>	Flying Swallow			e2e:collection/ultimates	NA2_ETC@0x28998	NUN5_TEXTENG@0x42F8	slot	24				
T134	1	Collection > Characters > Ultimate Jutsu name	<r渦旋風火|かせんふうか>の<r術|じゅつ>	Fire Whirlwind Jutsu			e2e:collection/ultimates	NA2_ETC@0x289B0	NUN5_TEXTENG@0x4310	slot	48				
T135	1	Collection > Characters > Ultimate Jutsu name	<r爪迅狼牙|そうじんろうが>	Swift Claw Wolf Fang			e2e:collection/ultimates	NA2_ETC@0x289E0	NUN5_TEXTENG@0x4330	slot	32				
T136	1	Collection > Characters > Ultimate Jutsu name	<r天双牙|てんそうが>	Dual Wolf Fangs			e2e:collection/ultimates	NA2_ETC@0x28A00	NUN5_TEXTENG@0x4350	slot	32				
T137	1	Collection > Characters > Ultimate Jutsu name	<r寄壊蟲|きかいちゅう>・<r蝕|しょく>	Parasitic Insects: Digest			e2e:collection/ultimates	NA2_ETC@0x28A20	NUN5_TEXTENG@0x4360	slot	48				
T138	1	Collection > Characters > Ultimate Jutsu name	<r寄壊蟲|きかいちゅう>・<r虚|うつろ>	Parasitic Insects: Deception			e2e:collection/ultimates	NA2_ETC@0x28A50	NUN5_TEXTENG@0x4380	slot	48				
T139	1	Collection > Characters > Ultimate Jutsu name	<r八卦掌空天|はっけしょうくうてん>	8 Trigrams Sky Palm			e2e:collection/ultimates	NA2_ETC@0x28A80	NUN5_TEXTENG@0x3230	slot	48				
T140	1	Collection > Characters > Ultimate Jutsu name	<r魔幻|まげん>・<r樹縛殺|じゅばくさつ>	Evil Illusion: Tree Capture Death			e2e:collection/ultimates	NA2_ETC@0x28AB0	NUN5_TEXTENG@0x43A0	slot	48				
T141	1	Collection > Characters > Ultimate Jutsu name	<r砂縛牢|さばくろう>	Sand Prison			e2e:collection/ultimates	NA2_ETC@0x28AE0	NUN5_TEXTENG@0x43C8	slot	32				
T142	1	Collection > Characters > Ultimate Jutsu name	<r砂瀑槍葬|さばくそうそう>	Sand Spear Funeral			e2e:collection/ultimates	NA2_ETC@0x28B00	NUN5_TEXTENG@0x43E0	slot	32				
T143	1	Collection > Characters > Ultimate Jutsu name	<r滅砂瀑葬|めっさばくそう>	Destructive Sand Burial			e2e:collection/ultimates	NA2_ETC@0x28B20	NUN5_TEXTENG@0x4400	slot	32				
T144	1	Collection > Characters > Ultimate Jutsu name	<r傀儡|くぐつ>・<r骸烏|ムクロガラス>	Puppet: Crow Corpse			e2e:collection/ultimates	NA2_ETC@0x28B40	NUN5_TEXTENG@0x4420	slot	48				
T145	1	Collection > Characters > Ultimate Jutsu name	<r傀儡|くぐつ>・<r鬼城|きじょう>の<r面|めん>	Puppet: Mask of Demon Castle			e2e:collection/ultimates	NA2_ETC@0x28B70	NUN5_TEXTENG@0x4440	slot	48				
T146	1	Collection > Characters > Ultimate Jutsu name	<r黒秘技三大狂言|くろひぎさんだいきょうげん>	Secret Black Move: Three Major			e2e:collection/ultimates	NA2_ETC@0x28BA0	NUN5_TEXTENG@0x4460	slot	48				
T147	1	Collection > Characters > Ultimate Jutsu name	<r豪風暴壁|ごうふうぼうへき>	Gale Raging Wall			e2e:collection/ultimates	NA2_ETC@0x28BD0	NUN5_TEXTENG@0x4480	slot	32				
T148	1	Collection > Characters > Ultimate Jutsu name	<r練空踊扇|れんくうようせん>	Air Polish Dancing Fan			e2e:collection/ultimates	NA2_ETC@0x28BF0	NUN5_TEXTENG@0x44A0	slot	32				
T149	1	Collection > Characters > Ultimate Jutsu name	<r口寄|くちよ>せ・<r扇舞降|せんまいお>ろし	Summoning: Fan Dance Drop			e2e:collection/ultimates	NA2_ETC@0x28C10	NUN5_TEXTENG@0x44C0	slot	48				
T150	1	Collection > Characters > Ultimate Jutsu name	<r息子|むすこ>の<r仇|かたき>！？	Son's Revenge?!			e2e:collection/ultimates	NA2_ETC@0x28C40	NUN5_TEXTENG@0x44E0	slot	48				
T151	1	Collection > Characters > Ultimate Jutsu name	<r傀儡|くぐつ>・<r父|ちち>と<r母|はは>	Puppet: Father and Mother			e2e:collection/ultimates	NA2_ETC@0x28C70	NUN5_TEXTENG@0x44F0	slot	48				
T152	1	Collection > Characters > Ultimate Jutsu name	<r十機近松|じっきちかまつ>の<r集|しゅう>	Ten Puppets of Chikamatsu			e2e:collection/ultimates	NA2_ETC@0x28CA0	NUN5_TEXTENG@0x4510	slot	48				
T153	1	Collection > Characters > Ultimate Jutsu name	<r火遁|かとん>・<r豪焔球|ごうえんきゅう>	Fire Style: Blaze Ball			e2e:collection/ultimates	NA2_ETC@0x28CD0	NUN5_TEXTENG@0x4530	slot	48				
T154	1	Collection > Characters > Ultimate Jutsu name	<r幻術|げんじゅつ>・<r泡沫|うたかた>	Genjutsu: Bubbles			e2e:collection/ultimates	NA2_ETC@0x28D00	NUN5_TEXTENG@0x4550	slot	48				
T155	1	Collection > Characters > Ultimate Jutsu name	<r瞳術|どうじゅつ>・<r威凪|いさなぎ>	Visual Jutsu: Powerful Calm			e2e:collection/ultimates	NA2_ETC@0x28D30	NUN5_TEXTENG@0x4570	slot	48				
T156	1	Collection > Characters > Ultimate Jutsu name	<r最凶|さいきょう>の<r刺客|しかく>	The Baddest Assassins			e2e:collection/ultimates	NA2_ETC@0x28D60	NUN5_TEXTENG@0x4590	slot	48				
T157	1	Collection > Characters > Ultimate Jutsu name	<r水遁|すいとん>・<r五食鮫|ごしょくざめ>	Water Style: Five Hungry Sharks			e2e:collection/ultimates	NA2_ETC@0x28D90	NUN5_TEXTENG@0x45B0	slot	48				
T158	1	Collection > Characters > Ultimate Jutsu name	<r水遁|すいとん>・<r無限鮫|むげんざめ>	Water Style: Infinite Shark			e2e:collection/ultimates	NA2_ETC@0x28DC0	NUN5_TEXTENG@0x45D0	slot	48				
T159	1	Collection > Characters > Ultimate Jutsu name	<r水遁|すいとん>・<r爆水衝波|ばくすいしょうは>	Water Style: Exploding Water Shock Wave			e2e:collection/ultimates	NA2_ETC@0x28DF0	NUN5_TEXTENG@0x45F0	slot	48				
T160	1	Collection > Characters > Ultimate Jutsu name	<r芸術|げいじゅつ>	Art			e2e:collection/ultimates	NA2_ETC@0x28E20	NUN5_SLES@0x5140F0	slot	32				
T161	1	Collection > Characters > Ultimate Jutsu name	<r自爆分身|じばくぶんしん>	Exploding Clone			e2e:collection/ultimates	NA2_ETC@0x28E40	NUN5_TEXTENG@0x4620	slot	32				
T162	1	Collection > Characters > Ultimate Jutsu name	<r十八番|オハコ>・<rＣ３|シースリー>	Sure-Fire: C3			e2e:collection/ultimates	NA2_ETC@0x28E60	NUN5_TEXTENG@0x4630	slot	48				
T163	1	Collection > Characters > Ultimate Jutsu name	<r合殺芸術|がっさいげいじゅつ>	Combined Killing Art			e2e:collection/ultimates	NA2_ETC@0x28E90	NUN5_TEXTENG@0x4640	slot	32				
T164	1	Collection > Characters > Ultimate Jutsu name	<r傀儡|くぐつ>の<r術|じゅつ>・<r尾沙悶|びしゃもん>	Puppet Jutsu: Tail Crash Blow			e2e:collection/ultimates	NA2_ETC@0x28EB0	NUN5_TEXTENG@0x4660	slot	64				
T165	1	Collection > Characters > Ultimate Jutsu name	<r傀儡|くぐつ>の<r術|じゅつ>・<r義手千本|ぎしゅせんぼん>	Puppet Jutsu: 1000 Mechanical Arms			e2e:collection/ultimates	NA2_ETC@0x28EF0	NUN5_TEXTENG@0x4680	slot	64				
T166	1	Collection > Characters > Ultimate Jutsu name	<r傀儡|くぐつ>の<r術|じゅつ>・<r重刃庫|じゅうばこ>	Puppet Jutsu: Multiple Blade Box			e2e:collection/ultimates	NA2_ETC@0x28F30	NUN5_TEXTENG@0x46B0	slot	64				
T167	1	Collection > Characters > Ultimate Jutsu name	<r傀儡|くぐつ>・<r砂鉄獄塊|さてつごっかい>	Puppet: Iron Sand Cluster			e2e:collection/ultimates	NA2_ETC@0x28F70	NUN5_TEXTENG@0x46E0	slot	48				
T168	1	Collection > Characters > Ultimate Jutsu name	<r傀儡|くぐつ>・<r砂鉄獄塊|さてつごっかい>２	Puppet: Iron Sand Cluster 2			e2e:collection/ultimates	NA2_ETC@0x28FA0	NUN5_TEXTENG@0x4700	slot	48				
T169	1	Collection > Characters > Ultimate Jutsu name	<r赤秘技|あかひぎ>・<r百機|ひゃっき>の<r操演|そうえん>	Red Secret Technique: Performance of a Hundred Puppets			e2e:collection/ultimates	NA2_ETC@0x28FD0	NUN5_TEXTENG@0x4720	slot	64				
T170	1	Collection > Characters > Ultimate Jutsu name	<r火遁|かとん>・<r豪炎螺旋丸|ごうえんらせんがん>	Fire Style: Flame Rasengan			e2e:collection/ultimates	NA2_ETC@0x29010	NUN5_TEXTENG@0x4760	slot	64				
T171	1	Collection > Characters > Ultimate Jutsu name	<r双迅螺旋丸|そうじんらせんがん>	Double Rapid Rasengan			e2e:collection/ultimates	NA2_ETC@0x29050	NUN5_TEXTENG@0x4780	slot	48				
T172	1	Collection > Characters > Ultimate Jutsu name	<r火遁|かとん>・<r消|け>し<r幕|まく>が<r原|はら>	Fire Style: Vanishing Attack			e2e:collection/ultimates	NA2_ETC@0x29080	NUN5_TEXTENG@0x47A0	slot	64				
T173	1	Collection > Characters > Ultimate Jutsu name	<r忍法|にんぽう>・<r創造再生|そうぞうさいせい>	Ninja Art: Mitotic Regeneration			e2e:collection/ultimates	NA2_ETC@0x290C0	NUN5_TEXTENG@0x47C0	slot	48				
T174	1	Collection > Characters > Ultimate Jutsu name	<r火影|ほかげ>の<r力|ちから>	Hokage's Power			e2e:collection/ultimates	NA2_ETC@0x290F0	NUN5_TEXTENG@0x47E0	slot	32				
T175	1	Collection > Characters > Ultimate Jutsu name	<r地流|じながれ>	Mudslide			e2e:collection/ultimates	NA2_ETC@0x29110	NUN5_TEXTENG@0x47F0	slot	32				
T176	1	Collection > Characters > Ultimate Jutsu name	<r大交衝|だいこうしょう>	Great Cross Clash			e2e:collection/ultimates	NA2_ETC@0x29130	NUN5_TEXTENG@0x4800	slot	32				
T177	1	Collection > Characters > Ultimate Jutsu name	トントンコンビ	Tonton Duo			e2e:collection/ultimates	NA2_ETC@0x29150	NUN5_TEXTENG@0x4818	slot	16				
T178	1	Collection > Characters > Ultimate Jutsu name	<r木遁|もくとん>・<r飛乃木|ひのき>	Wood Style: Flying Tree			e2e:collection/ultimates	NA2_ETC@0x29160	NUN5_TEXTENG@0x4830	slot	48				
T179	1	Collection > Characters > Ultimate Jutsu name	<r木遁|もくとん>・<r梁木|やなぎ>	Wood Style: Tree Columns			e2e:collection/ultimates	NA2_ETC@0x29190	NUN5_TEXTENG@0x4850	slot	48				
T180	1	Collection > Characters > Ultimate Jutsu name	<r禁術|きんじゅつ>・<r穢土封滅|えどふうめつ>	Forbidden Jutsu: Seal Destruction			e2e:collection/ultimates	NA2_ETC@0x291C0	NUN5_TEXTENG@0x4870	slot	48				
T181	1	Collection > Characters > Ultimate Jutsu name	<r蟒蛇|うわばみ>	Uwabami			e2e:collection/ultimates	NA2_ETC@0x291F0	NUN5_SLES@0x5140F8	slot	32				
T182	1	Collection > Characters > Ultimate Jutsu name	<r二凪|ふたなぎ>ノ<r草薙|くさなぎ>	Double Kusanagi			e2e:collection/ultimates	NA2_ETC@0x29210	NUN5_TEXTENG@0x48A0	slot	48				
T183	1	Collection > Characters > Ultimate Jutsu name	<r死魂|しこん>の<r術|じゅつ>	Dead Soul Jutsu			e2e:collection/ultimates	NA2_ETC@0x29240	NUN5_TEXTENG@0x48B0	slot	32				
T184	1	Collection > Characters > Ultimate Jutsu name	チャクラ<r解剖刀|メス>・<r壊|かい>	Chakra Dissection Blade: Destroy			e2e:collection/ultimates	NA2_ETC@0x29260	NUN5_TEXTENG@0x48C0	slot	48				
T185	1	Collection > Characters > Ultimate Jutsu name	<r死術|しじゅつ>・<r帰魂遊戯|きこんゆうぎ>	Death Technique: Soul Return			e2e:collection/ultimates	NA2_ETC@0x29290	NUN5_TEXTENG@0x48F0	slot	48				
T186	1	Collection > Characters > Ultimate Jutsu name	<r草薙|くさなぎ>の<r舞|まい>	Dance of Kusanagi			e2e:collection/ultimates	NA2_ETC@0x292C0	NUN5_TEXTENG@0x4910	slot	32				
T187	1	Collection > Characters > Ultimate Jutsu name	<r翔|か>け<r鳥崩|どりくず>し	Darting Bird Crusher			e2e:collection/ultimates	NA2_ETC@0x292E0	NUN5_TEXTENG@0x4930	slot	32				
T188	1	Collection > Characters > Ultimate Jutsu name	<r千鳥|ちどり>・<r雷鳴|らいめい>	Chidori Thunder			e2e:collection/ultimates	NA2_ETC@0x29300	NUN5_TEXTENG@0x4950	slot	48				
T189	1	Collection > Characters > Ultimate Jutsu name	うずまきナルト<r連弾|れんだん>	Naruto Uzumaki Barrage			e2e:collection/ultimates	NA2_ETC@0x29330	NUN5_TEXTENG@0x4960	slot	32				
T190	1	Collection > Characters > Ultimate Jutsu name	うずまきナルト<r忍法帳|にんぽうちょう>	Naruto's Ninja Handbook			e2e:collection/ultimates	NA2_ETC@0x29350	NUN5_TEXTENG@0x4980	slot	48				
T191	1	Collection > Characters > Ultimate Jutsu name	<r九尾螺旋丸|きゅうびらせんがん>	The Nine-Tailed Rasengan			e2e:collection/ultimates	NA2_ETC@0x29380	NUN5_TEXTENG@0x49A0	slot	48				
T192	1	Collection > Characters > Ultimate Jutsu name	ハヤブサ<r落|お>とし	Falcon Drop			e2e:collection/ultimates	NA2_ETC@0x293B0	NUN5_TEXTENG@0x49C0	slot	32				
T193	1	Collection > Characters > Ultimate Jutsu name	<r忌|い>まわしき<r千鳥|ちどり>	Ominous Chidori			e2e:collection/ultimates	NA2_ETC@0x293D0	NUN5_TEXTENG@0x49D0	slot	32				
T194	1	Collection > Characters > Ultimate Jutsu name	<r呪|のろ>われし<r力|ちから>	Cursed Power			e2e:collection/ultimates	NA2_ETC@0x293F0	NUN5_TEXTENG@0x49E0	slot	32				
T195	1	Collection > Characters > Ultimate Jutsu name	<r負|ま>けるもんですか！	I Won't Lose!			e2e:collection/ultimates	NA2_ETC@0x29410	NUN5_TEXTENG@0x49F0	slot	32				
T196	1	Collection > Characters > Ultimate Jutsu name	<r忍法|にんぽう>・<r雪桜|ゆきざくら>の<r舞|まい>	Ninja Art: Snow Cherry Blossom Dance			e2e:collection/ultimates	NA2_ETC@0x29430	NUN5_TEXTENG@0x4A00	slot	64				
T197	1	Collection > Characters > Ultimate Jutsu name	<r八卦三百六十一式|はっけさんびゃくろくじゅういっしき>	8 Trigrams 361 Style			e2e:collection/opponents|e2e:collection/ultimates	NA2_ETC@0x29470	NUN5_TEXTENG@0x4A30	slot	64				
T198	1	Collection > Characters > Ultimate Jutsu name	<r絶招八門崩撃|ぜっしょうはちもんほうげき>	Last Resort: Eight Gates Assault			e2e:collection/opponents|e2e:collection/ultimates	NA2_ETC@0x294B0	NUN5_TEXTENG@0x4A50	slot	48				
T199	1	Collection > Characters > Ultimate Jutsu name	すい<r拳|けん>	Loopy Fist			e2e:collection/ultimates	NA2_ETC@0x294E0	NUN5_TEXTENG@0x4A78	slot	16				
T200	1	Collection > Characters > Ultimate Jutsu name	<r裏蓮華|うられんげ>	Hidden Lotus			e2e:collection/ultimates	NA2_ETC@0x294F0	NUN5_TEXTENG@0x4A88	slot	32				
T201	1	Collection > Characters > Ultimate Jutsu name	<r突|つ>き<r抜|ぬ>ける<r熱|あつ>き<r思|おも>い	Smashing Passion			e2e:collection/ultimates	NA2_ETC@0x29510	NUN5_TEXTENG@0x4AA0	slot	48				
T202	1	Collection > Characters > Ultimate Jutsu name	<r操具|そうぐ>・<r死球撃|しきゅうげき>	Ninja Tool: Death Sphere Strike			e2e:collection/ultimates	NA2_ETC@0x29540	NUN5_TEXTENG@0x4AC0	slot	48				
T203	1	Collection > Characters > Ultimate Jutsu name	<r操具|そうぐ>・<r襲千刃|しゅうせんじん>	Ninja Tool: Blade of 1000 Strikes			e2e:collection/ultimates	NA2_ETC@0x29570	NUN5_TEXTENG@0x4AE0	slot	48				
T204	1	Collection > Characters > Ultimate Jutsu name	<r操具|そうぐ>・<r浮刃壁|ふじんへき>	Ninja Tool: Floating Blade Wall			e2e:collection/ultimates	NA2_ETC@0x295A0	NUN5_TEXTENG@0x4B10	slot	48				
T205	1	Collection > Characters > Ultimate Jutsu name	<r影真似|かげまね>の<r術|じゅつ>	Shadow Possession Jutsu			e2e:collection/ultimates	NA2_ETC@0x295D0	NUN5_TEXTENG@0x4B30	slot	48				
T206	1	Collection > Characters > Ultimate Jutsu name	<r影圧掌|かげあっしょう>の<r術|じゅつ>	Shadow Crushing Palm Jutsu			e2e:collection/ultimates	NA2_ETC@0x29600	NUN5_TEXTENG@0x4B50	slot	48				
T207	1	Collection > Characters > Ultimate Jutsu name	<r影首縛|かげくびしば>りの<r術|じゅつ>	Shadow Strangle Jutsu			e2e:collection/ultimates	NA2_ETC@0x29630	NUN5_TEXTENG@0x4B70	slot	48				
T208	1	Collection > Characters > Ultimate Jutsu name	<r部分倍化|ぶぶんばいか>の<r術|じゅつ>２	Partial Expansion Jutsu 2			e2e:collection/ultimates	NA2_ETC@0x29660	NUN5_TEXTENG@0x4B90	slot	48				
T209	1	Collection > Characters > Ultimate Jutsu name	<r蝶弾爆撃|ちょうだんばくげき>	Butterfly Bomb			e2e:collection/ultimates	NA2_ETC@0x29690	NUN5_TEXTENG@0x4BB0	slot	32				
T210	1	Collection > Characters > Ultimate Jutsu name	<r忍法|にんぽう>・<r百花繚乱|ひゃっかりょうらん>	Ninja Art: Covered With Flowers			e2e:collection/ultimates	NA2_ETC@0x296B0	NUN5_TEXTENG@0x4BC0	slot	64				
T211	1	Collection > Characters > Ultimate Jutsu name	<r心乱身|しんらんしん>の<r術|じゅつ>	Mind Distraction Jutsu			e2e:collection/ultimates	NA2_ETC@0x296F0	NUN5_TEXTENG@0x4BE0	slot	48				
T212	1	Collection > Characters > Ultimate Jutsu name	<r供花送|くげおく>り	Memorial Flower Sending			e2e:collection/ultimates	NA2_ETC@0x29720	NUN5_TEXTENG@0x4C00	slot	32				
T213	1	Collection > Characters > Ultimate Jutsu name	<r牙通牙|がつうが>	Fang Over Fang			e2e:collection/ultimates	NA2_ETC@0x29740	NUN5_TEXTENG@0x4C18	slot	32				
T214	1	Collection > Characters > Ultimate Jutsu name	<r牙狼牙|がろうが>	Wolf Fang Over Fang			e2e:collection/ultimates	NA2_ETC@0x29760	NUN5_TEXTENG@0x4C30	slot	32				
T215	1	Collection > Characters > Ultimate Jutsu name	<r双頭狼|そうとうろう>	Two-Headed Wolf			e2e:collection/ultimates	NA2_ETC@0x29780	NUN5_TEXTENG@0x4C50	slot	32				
T216	1	Collection > Characters > Ultimate Jutsu name	<r寄壊蟲|きかいちゅう>・<r颶|つむじ>	Parasitic Insects: Typhoon			e2e:collection/ultimates	NA2_ETC@0x297A0	NUN5_TEXTENG@0x4C60	slot	48				
T217	1	Collection > Characters > Ultimate Jutsu name	<r寄壊蟲|きかいちゅう>・<r簇|やじり>	Parasitic Insects: Swarm			e2e:collection/ultimates	NA2_ETC@0x297D0	NUN5_TEXTENG@0x4C80	slot	48				
T218	1	Collection > Characters > Ultimate Jutsu name	<r寄壊蟲|きかいちゅう>・<r霰|あられ>	Parasitic Insects: Hailstorm			e2e:collection/ultimates	NA2_ETC@0x29800	NUN5_TEXTENG@0x4CA0	slot	48				
T219	1	Collection > Characters > Ultimate Jutsu name	<r白眼|びゃくがん>	Byakugan			e2e:collection/ultimates	NA2_ETC@0x29830	NUN5_TEXTENG@0x4CC0	slot	32				
T220	1	Collection > Characters > Ultimate Jutsu name	<r百烈掌|ひゃくれつしょう>	Hundred Power Palms			e2e:collection/ultimates	NA2_ETC@0x29850	NUN5_TEXTENG@0x4CD0	slot	32				
T221	1	Collection > Characters > Ultimate Jutsu name	<r白朧天舞|はくろうてんぶ>	Heaven's Dance of Hazy White			e2e:collection/ultimates	NA2_ETC@0x29870	NUN5_TEXTENG@0x4CF0	slot	32				
T222	1	Collection > Characters > Ultimate Jutsu name	<r柔拳指南|じゅうけんしなん>	Gentle Fist Instruction			e2e:collection/ultimates	NA2_ETC@0x29890	NUN5_TEXTENG@0x4D10	slot	32				
T223	1	Collection > Characters > Ultimate Jutsu name	<r突撃|とつげき>！　<r木|こ>ノ<r葉丸|はまる><r軍団|ぐんだん>！	Charge! Konohamaru Ninja Squad!			e2e:collection/ultimates	NA2_ETC@0x298B0	NUN5_TEXTENG@0x4D30	slot	64				
T224	1	Collection > Characters > Ultimate Jutsu name	<r双蛇相殺|そうじゃそうさい>の<r術|じゅつ>	Twin Snake Sacrifice Jutsu			e2e:collection/ultimates	NA2_ETC@0x298F0	NUN5_TEXTENG@0x4D50	slot	48				
T225	1	Collection > Characters > Ultimate Jutsu name	<r金剛力|こんごうりき>・<r不動|ふどう>	Adamantine Power: Immobility			e2e:collection/ultimates	NA2_ETC@0x29920	NUN5_TEXTENG@0x4D70	slot	48				
T226	1	Collection > Characters > Ultimate Jutsu name	<r木遁秘術|もくとんひじゅつ>・<r樹界降誕|じゅかいこうたん>	Secret Wood Style Jutsu: Deep Forest Emergence			e2e:collection/ultimates	NA2_ETC@0x29950	NUN5_TEXTENG@0x4D90	slot	64				
T227	1	Collection > Characters > Ultimate Jutsu name	<r水遁|すいとん>・<r硬渦水刃|こうかすいじん>	Water Style: Hardened Water Drill			e2e:collection/ultimates	NA2_ETC@0x29990	NUN5_TEXTENG@0x4DC0	slot	48				
T228	1	Collection > Characters > Ultimate Jutsu name	<r金剛牢壁|こんごうろうへき>	Adamantine Nyoi Prison			e2e:collection/ultimates	NA2_ETC@0x299C0	NUN5_TEXTENG@0x4DF0	slot	32				
T229	1	Collection > Characters > Ultimate Jutsu name	<r封印術|ふういんじゅつ>・<r屍鬼封尽|しきふうじん>	Sealing Jutsu: Reaper Death Seal			e2e:collection/ultimates	NA2_ETC@0x299E0	NUN5_TEXTENG@0x4E10	slot	64				
T230	1	Collection > Characters > Ultimate Jutsu name	<r封印術|ふういんじゅつ>・<r三方封印|さんぽうふういん>	Sealing Jutsu: Triangle Seal			e2e:collection/ultimates	NA2_ETC@0x29A20	NUN5_TEXTENG@0x4E40	slot	64				
T231	1	Collection > Characters > Ultimate Jutsu name	<r飛雷神|ひらいしん>の<r術|じゅつ>	Flying Thunder God Jutsu			e2e:collection/ultimates	NA2_ETC@0x29A60	NUN5_TEXTENG@0x4E60	slot	48				
T232	1	Collection > Characters > Ultimate Jutsu name	<r砂瀑大葬|さばくたいそう>	Giant Sand Burial			e2e:collection/ultimates	NA2_ETC@0x29A90	NUN5_TEXTENG@0x4E80	slot	32				
T233	1	Collection > Characters > Ultimate Jutsu name	<r砂手裏剣|すなしゅりけん>	Sand Shuriken			e2e:collection/ultimates	NA2_ETC@0x29AB0	NUN5_TEXTENG@0x4E98	slot	32				
T234	1	Collection > Characters > Ultimate Jutsu name	<r傀儡|くぐつ>・<r影役者|かげやくしゃ>	Puppet: Shadow Actor			e2e:collection/ultimates	NA2_ETC@0x29AD0	NUN5_TEXTENG@0x4EB0	slot	48				
T235	1	Collection > Characters > Ultimate Jutsu name	<r傀儡|くぐつ>・<r廻刃天穿|かいじんてんせん>	Spinning Blade Drill of Underworld			e2e:collection/ultimates	NA2_ETC@0x29B00	NUN5_TEXTENG@0x4ED0	slot	48				
T236	1	Collection > Characters > Ultimate Jutsu name	<r黒秘技機々一発|くろひぎききいっぱつ>	Secret Black Move: Iron Maiden			e2e:collection/ultimates	NA2_ETC@0x29B30	NUN5_TEXTENG@0x4F00	slot	48				
T237	1	Collection > Characters > Ultimate Jutsu name	<r乱|みだ>れ<r扇舞|せんぶ>	Mad Fan Dance			e2e:collection/ultimates	NA2_ETC@0x29B60	NUN5_TEXTENG@0x4F20	slot	32				
T238	1	Collection > Characters > Ultimate Jutsu name	<r大|だい>カマイタチの<r術|じゅつ>	Cyclone Scythe Jutsu			e2e:collection/ultimates	NA2_ETC@0x29B80	NUN5_TEXTENG@0x4F30	slot	48				
T239	1	Collection > Characters > Ultimate Jutsu name	<r口寄|くちよ>せ・<r斬|き>り<r斬|き>り<r舞|まい>	Summoning: Blade Dance			e2e:collection/ultimates	NA2_ETC@0x29BB0	NUN5_TEXTENG@0x4F50	slot	64				
T240	1	Collection > Characters > Ultimate Jutsu name	<r八重葎|やえむぐら>の<r舞|まい>	Galium Spurium Dance			e2e:collection/ultimates	NA2_ETC@0x29BF0	NUN5_TEXTENG@0x4F70	slot	48				
T241	1	Collection > Characters > Ultimate Jutsu name	<r八重葎|やえむぐら>の<r舞|まい>２	Galium Spurium Dance 2			e2e:collection/ultimates	NA2_ETC@0x29C20	NUN5_TEXTENG@0x4F90	slot	48				
T242	1	Collection > Characters > Ultimate Jutsu name	<r鉄線花|てっせんか>の<r舞|まい>・<r花|はな>	Clematis Dance: Flower			e2e:collection/ultimates	NA2_ETC@0x29C50	NUN5_TEXTENG@0x4FB0	slot	48				
T243	1	Collection > Characters > Ultimate Jutsu name	<r口寄|くちよ>せ・<r羅生門|ラショウモン>　<r奈落|ならく>	Summoning: Rashomon, Abyss			e2e:collection/ultimates	NA2_ETC@0x29C80	NUN5_TEXTENG@0x4FD0	slot	64				
T244	1	Collection > Characters > Ultimate Jutsu name	<r口寄|くちよ>せ・<r羅生門|ラショウモン>　<r奈落|ならく>２	Summoning: Rashomon, Abyss 2			e2e:collection/ultimates	NA2_ETC@0x29CC0	NUN5_TEXTENG@0x4FF0	slot	64				
T245	1	Collection > Characters > Ultimate Jutsu name	<r左塵掌|さじんしょう>・<r右裂脚|うれつきゃく>	Left Dust Strike, Right Severing Kick 			e2e:collection/ultimates	NA2_ETC@0x29D00	NUN5_TEXTENG@0x5010	slot	48				
T246	1	Collection > Characters > Ultimate Jutsu name	<r毒舌|どくぜつ>コンボ	Tongue-Lash Combo			e2e:collection/ultimates	NA2_ETC@0x29D30	NUN5_TEXTENG@0x5040	slot	32				
T247	1	Collection > Characters > Ultimate Jutsu name	<r毒舌|どくぜつ>コンボ２	Tongue-Lash Combo 2			e2e:collection/ultimates	NA2_ETC@0x29D50	NUN5_TEXTENG@0x5060	slot	32				
T248	1	Collection > Characters > Ultimate Jutsu name	<r魔笛|まてき>・<r三従葬曲|さんじゅうそうきょく>	Demon Flute: Trio Requiem			e2e:collection/ultimates	NA2_ETC@0x29D70	NUN5_TEXTENG@0x5080	slot	64				
T249	1	Collection > Characters > Ultimate Jutsu name	<r雨蜘蛛|あまグモ>	Raining Spider			e2e:collection/ultimates	NA2_ETC@0x29DB0	NUN5_TEXTENG@0x50A0	slot	32				
T250	1	Collection > Characters > Ultimate Jutsu name	<r雨蜘蛛|あまグモ>２	Raining Spider 2			e2e:collection/ultimates	NA2_ETC@0x29DD0	NUN5_TEXTENG@0x50B0	slot	32				
T251	1	Collection > Characters > Ultimate Jutsu name	<r蜘蛛戦弓|クモせんきゅう>・<r凄裂|スザク>	Spider Bow: Fierce Rip			e2e:collection/ultimates	NA2_ETC@0x29DF0	NUN5_TEXTENG@0x50D0	slot	48				
T252	1	Collection > Characters > Ultimate Jutsu name	<r土遁|どとん>・<r土陸返|どろくがえ>し	Earth Style: Terra Shield			e2e:collection/ultimates	NA2_ETC@0x29E20	NUN5_TEXTENG@0x50F0	slot	48				
T253	1	Collection > Characters > Ultimate Jutsu name	<r土遁|どとん>・<r土陸返|どろくがえ>し２	Earth Style: Terra Shield 2			e2e:collection/ultimates	NA2_ETC@0x29E50	NUN5_TEXTENG@0x5110	slot	48				
T254	1	Collection > Characters > Ultimate Jutsu name	<r羅漢拳|らかんけん>	Arhat Fist			e2e:collection/ultimates	NA2_ETC@0x29E80	NUN5_TEXTENG@0x5130	slot	32				
T255	1	Collection > Characters > Ultimate Jutsu name	<r水遁|すいとん>・<r水龍弾|すいりゅうだん>の<r術|じゅつ>	Water Style: Water Dragon Jutsu			e2e:collection/ultimates	NA2_ETC@0x29EA0	NUN5_TEXTENG@0x5140	slot	64				
T256	1	Collection > Characters > Ultimate Jutsu name	<r水遁|すいとん>・<r大瀑布|だいばくふ>の<r術|じゅつ>	Water Style: Giant Vortex Jutsu			e2e:collection/ultimates	NA2_ETC@0x29EE0	NUN5_TEXTENG@0x5160	slot	64				
T257	1	Collection > Characters > Ultimate Jutsu name	<r千殺水翔|せんさつすいしょう>	A Thousand Needles of Death			e2e:collection/ultimates	NA2_ETC@0x29F20	NUN5_TEXTENG@0x5180	slot	32				
T258	1	Collection > Characters > Ultimate Jutsu name	<r魔鏡氷晶|まきょうひょうしょう>	Crystal Ice Mirrors			e2e:collection/ultimates	NA2_ETC@0x29F40	NUN5_TEXTENG@0x51A0	slot	52				
T261	1	Character menus > Ultimate Jutsu name	うずまきナルト<r連弾|れんだん>	Naruto Uzumaki Barrage			e2e:movesets	NA2_SLPS@0x4AD240	NUN5_TEXTENG@0x4960	slot	32				
T262	1	Character menus > Ultimate Jutsu name	うずまきナルト<r忍法帳|にんぽうちょう>	Naruto's Ninja Handbook			e2e:movesets	NA2_SLPS@0x4AD260	NUN5_TEXTENG@0x4980	slot	48				
T263	1	Character menus > Ultimate Jutsu name	ハヤブサ<r落|お>とし	Falcon Drop			e2e:movesets	NA2_SLPS@0x4AD290	NUN5_TEXTENG@0x49C0	slot	32				
T264	1	Character menus > Ultimate Jutsu name	<r忌|い>まわしき<r千鳥|ちどり>	Ominous Chidori			e2e:movesets	NA2_SLPS@0x4AD2B0	NUN5_TEXTENG@0x49D0	slot	32				
T265	1	Character menus > Ultimate Jutsu name	すい<r拳|けん>	Loopy Fist			e2e:movesets	NA2_SLPS@0x4AD2D0	NUN5_TEXTENG@0x4A78	slot	16				
T266	1	Character menus > Ultimate Jutsu name	<r裏蓮華|うられんげ>	Hidden Lotus			e2e:movesets	NA2_SLPS@0x4AD2E0	NUN5_TEXTENG@0x4A88	slot	32				
T267	1	Character menus > Ultimate Jutsu name	<r砂瀑大葬|さばくたいそう>	Giant Sand Burial			e2e:movesets	NA2_SLPS@0x4AD300	NUN5_TEXTENG@0x4E80	slot	32				
T268	1	Character menus > Ultimate Jutsu name	<r砂手裏剣|すなしゅりけん>	Sand Shuriken			e2e:movesets	NA2_SLPS@0x4AD320	NUN5_TEXTENG@0x4E98	slot	32				
T269	1	Character menus > Ultimate Jutsu name	<r影真似|かげまね>の<r術|じゅつ>	Shadow Possession Jutsu			e2e:movesets	NA2_SLPS@0x4AD340	NUN5_TEXTENG@0x4B30	slot	48				
T270	1	Character menus > Ultimate Jutsu name	<r影圧掌|かげあっしょう>の<r術|じゅつ>	Shadow Crushing Palm Jutsu			e2e:movesets	NA2_SLPS@0x4AD370	NUN5_TEXTENG@0x4B50	slot	48				
T271	1	Character menus > Ultimate Jutsu name	<r影首縛|かげくびしば>りの<r術|じゅつ>	Shadow Strangle Jutsu			e2e:movesets	NA2_SLPS@0x4AD3A0	NUN5_TEXTENG@0x4B70	slot	48				
T272	1	Character menus > Ultimate Jutsu name	<r八卦六十四掌|はっけろくじゅうよんしょう>	8 Trigrams 64 Palms			e2e:movesets	NA2_SLPS@0x4AD3D0	NUN5_TEXTENG@0x40F0	slot	48				
T273	1	Character menus > Ultimate Jutsu name	<r八卦三百六十一式|はっけさんびゃくろくじゅういっしき>	8 Trigrams 361 Style			e2e:movesets	NA2_SLPS@0x4AD400	NUN5_TEXTENG@0x4A30	slot	64				
T274	1	Character menus > Ultimate Jutsu name	<r絶招八門崩撃|ぜっしょうはちもんほうげき>	Last Resort: Eight Gates Assault			e2e:movesets	NA2_SLPS@0x4AD440	NUN5_TEXTENG@0x4A50	slot	48				
T275	1	Character menus > Ultimate Jutsu name	<r負|ま>けるもんですか！	I Won't Lose!			e2e:movesets	NA2_SLPS@0x4AD470	NUN5_TEXTENG@0x49F0	slot	32				
T276	1	Character menus > Ultimate Jutsu name	<r忍法|にんぽう>・<r雪桜|ゆきざくら>の<r舞|まい>	Ninja Art: Snow Cherry Blossom Dance			e2e:movesets	NA2_SLPS@0x4AD490	NUN5_TEXTENG@0x4A00	slot	64				
T277	1	Character menus > Ultimate Jutsu name	<r禁術|きんじゅつ>・<r穢土封滅|えどふうめつ>	Forbidden Jutsu: Seal Destruction			e2e:movesets	NA2_SLPS@0x4AD4D0	NUN5_TEXTENG@0x4870	slot	48				
T278	1	Character menus > Ultimate Jutsu name	<r潜影多蛇手|せんえいたじゃしゅ>	Multiple Hidden Shadow Snake Hands			e2e:movesets	NA2_SLPS@0x4AD500	NUN5_TEXTENG@0x3C70	slot	48				
T279	1	Character menus > Ultimate Jutsu name	<r千殺水翔|せんさつすいしょう>	A Thousand Needles of Death			e2e:movesets	NA2_SLPS@0x4AD530	NUN5_TEXTENG@0x5180	slot	32				
T280	1	Character menus > Ultimate Jutsu name	チャクラ<r開放|かいほう>	Chakra Release			e2e:movesets	NA2_SLPS@0x4AD550	NUN5_TEXTENG@0x11230	slot	32				
T281	1	Character menus > Ultimate Jutsu name	<r魔鏡氷晶|まきょうひょうしょう>	Crystal Ice Mirrors			e2e:movesets	NA2_SLPS@0x4AD570	NUN5_TEXTENG@0x51A0	slot	48				
T282	1	Character menus > Ultimate Jutsu name	<r水遁|すいとん>・<r水龍弾|すいりゅうだん>の<r術|じゅつ>	Water Style: Water Dragon Jutsu			e2e:movesets	NA2_SLPS@0x4AD5A0	NUN5_TEXTENG@0x5140	slot	64				
T283	1	Character menus > Ultimate Jutsu name	<r水遁|すいとん>・<r大瀑布|だいばくふ>の<r術|じゅつ>	Water Style: Giant Vortex Jutsu			e2e:movesets	NA2_SLPS@0x4AD5E0	NUN5_TEXTENG@0x5160	slot	64				
T284	1	Character menus > Ultimate Jutsu name	<r白眼|びゃくがん>	Byakugan			e2e:movesets	NA2_SLPS@0x4AD620	NUN5_TEXTENG@0x4CC0	slot	32				
T285	1	Character menus > Ultimate Jutsu name	<r百烈掌|ひゃくれつしょう>	Hundred Power Palms			e2e:movesets	NA2_SLPS@0x4AD640	NUN5_TEXTENG@0x4CD0	slot	32				
T286	1	Character menus > Ultimate Jutsu name	<r白朧天舞|はくろうてんぶ>	Heaven's Dance of Hazy White			e2e:movesets	NA2_SLPS@0x4AD660	NUN5_TEXTENG@0x4CF0	slot	32				
T287	1	Character menus > Ultimate Jutsu name	<r操具|そうぐ>・<r死球撃|しきゅうげき>	Ninja Tool: Death Sphere Strike			e2e:movesets	NA2_SLPS@0x4AD680	NUN5_TEXTENG@0x4AC0	slot	48				
T288	1	Character menus > Ultimate Jutsu name	<r操具|そうぐ>・<r襲千刃|しゅうせんじん>	Ninja Tool: Blade of 1000 Strikes			e2e:movesets	NA2_SLPS@0x4AD6B0	NUN5_TEXTENG@0x4AE0	slot	48				
T289	1	Character menus > Ultimate Jutsu name	<r操具|そうぐ>・<r浮刃壁|ふじんへき>	Ninja Tool: Floating Blade Wall			e2e:movesets	NA2_SLPS@0x4AD6E0	NUN5_TEXTENG@0x4B10	slot	48				
T290	1	Character menus > Ultimate Jutsu name	<r部分倍化|ぶぶんばいか>の<r術|じゅつ>	Partial Expansion Jutsu			e2e:movesets	NA2_SLPS@0x4AD710	NUN5_TEXTENG@0x3490	slot	48				
T291	1	Character menus > Ultimate Jutsu name	<r忍法|にんぽう>・<r百花繚乱|ひゃっかりょうらん>	Ninja Art: Covered With Flowers			e2e:movesets	NA2_SLPS@0x4AD740	NUN5_TEXTENG@0x4BC0	slot	64				
T292	1	Character menus > Ultimate Jutsu name	<r心乱身|しんらんしん>の<r術|じゅつ>	Mind Distraction Jutsu			e2e:movesets	NA2_SLPS@0x4AD780	NUN5_TEXTENG@0x4BE0	slot	48				
T293	1	Character menus > Ultimate Jutsu name	<r供花送|くげおく>り	Memorial Flower Sending			e2e:movesets	NA2_SLPS@0x4AD7B0	NUN5_TEXTENG@0x4C00	slot	32				
T294	1	Character menus > Ultimate Jutsu name	<r牙通牙|がつうが>	Fang Over Fang			e2e:movesets	NA2_SLPS@0x4AD7D0	NUN5_TEXTENG@0x4C18	slot	32				
T295	1	Character menus > Ultimate Jutsu name	<r双頭狼|そうとうろう>	Two-Headed Wolf			e2e:movesets	NA2_SLPS@0x4AD7F0	NUN5_TEXTENG@0x4C50	slot	32				
T296	1	Character menus > Ultimate Jutsu name	<r牙狼牙|がろうが>	Wolf Fang Over Fang 			e2e:movesets	NA2_SLPS@0x4AD810	NUN5_TEXTENG@0x11240	slot	32				
T297	1	Character menus > Ultimate Jutsu name	<r寄壊蟲|きかいちゅう>・<r颶|つむじ>	Parasitic Insects: Typhoon			e2e:movesets	NA2_SLPS@0x4AD830	NUN5_TEXTENG@0x4C60	slot	48				
T298	1	Character menus > Ultimate Jutsu name	<r寄壊蟲|きかいちゅう>・<r簇|やじり>	Parasitic Insects: Swarm			e2e:movesets	NA2_SLPS@0x4AD860	NUN5_TEXTENG@0x4C80	slot	48				
T299	1	Character menus > Ultimate Jutsu name	<r寄壊蟲|きかいちゅう>・<r霰|あられ>	Parasitic Insect: Hailstorm			e2e:movesets	NA2_SLPS@0x4AD890	NUN5_TEXTENG@0x11260	slot	48				
T300	1	Character menus > Ultimate Jutsu name	<r傀儡|くぐつ>・<r影役者|かげやくしゃ>	Puppet: Shadow Actor			e2e:movesets	NA2_SLPS@0x4AD8C0	NUN5_TEXTENG@0x4EB0	slot	48				
T301	1	Character menus > Ultimate Jutsu name	<r傀儡|くぐつ>・<r廻刃天穿|かいじんてんせん>	Spinning Blade Drill of Underworld			e2e:movesets	NA2_SLPS@0x4AD8F0	NUN5_TEXTENG@0x4ED0	slot	48				
T302	1	Character menus > Ultimate Jutsu name	<r黒秘技機々一発|くろひぎききいっぱつ>	Secret Black Move: Iron Maiden			e2e:movesets	NA2_SLPS@0x4AD920	NUN5_TEXTENG@0x4F00	slot	48				
T303	1	Character menus > Ultimate Jutsu name	<r乱|みだ>れ<r扇舞|せんぶ>	Mad Fan Dance			e2e:movesets	NA2_SLPS@0x4AD950	NUN5_TEXTENG@0x4F20	slot	32				
T304	1	Character menus > Ultimate Jutsu name	<r大|だい>カマイタチの<r術|じゅつ>	<BLACK>Cyclone Scythe <color0808C0>Jutsu			e2e:movesets	NA2_SLPS@0x4AD970	NUN5_TEXTENG@0x11280	slot	48
T305	1	Character menus > Ultimate Jutsu name	<r口寄|くちよ>せ・<r斬|き>り<r斬|き>り<r舞|まい>	Summoning: Blade Dance			e2e:movesets	NA2_SLPS@0x4AD9A0	NUN5_TEXTENG@0x4F50	slot	64				
T306	1	Character menus > Ultimate Jutsu name	<r火遁|かとん>・<r豪炎螺旋丸|ごうえんらせんがん>	Fire Style: Flame Rasengan			e2e:movesets	NA2_SLPS@0x4AD9E0	NUN5_TEXTENG@0x4760	slot	64				
T307	1	Character menus > Ultimate Jutsu name	<r双迅螺旋丸|そうじんらせんがん>	Double Rapid Rasengan			e2e:movesets	NA2_SLPS@0x4ADA20	NUN5_TEXTENG@0x4780	slot	48				
T308	1	Character menus > Ultimate Jutsu name	<r金剛牢壁|こんごうろうへき>	Adamantine Nyoi Prison			e2e:movesets	NA2_SLPS@0x4ADA50	NUN5_TEXTENG@0x4DF0	slot	32				
T309	1	Character menus > Ultimate Jutsu name	<r封印術|ふういんじゅつ>・<r屍鬼封尽|しきふうじん>	Sealing Jutsu: Reaper Death Seal			e2e:movesets	NA2_SLPS@0x4ADA70	NUN5_TEXTENG@0x4E10	slot	64				
T310	1	Character menus > Ultimate Jutsu name	<r封印術|ふういんじゅつ>・<r三方封印|さんぽうふういん>	Sealing Jutsu: Triangle Seal			e2e:movesets	NA2_SLPS@0x4ADAB0	NUN5_TEXTENG@0x4E40	slot	64				
T311	1	Character menus > Ultimate Jutsu name	<r忍法|にんぽう>・<r創造再生|そうぞうさいせい>	Ninja Art: Mitotic Regeneration			e2e:movesets	NA2_SLPS@0x4ADAF0	NUN5_TEXTENG@0x47C0	slot	48				
T312	1	Character menus > Ultimate Jutsu name	<r火影|ほかげ>の<r力|ちから>	Hokage's Power			e2e:movesets	NA2_SLPS@0x4ADB20	NUN5_TEXTENG@0x47E0	slot	32				
T313	1	Character menus > Ultimate Jutsu name	トントンコンビ	Tonton Duo			e2e:movesets	NA2_SLPS@0x4ADB40	NUN5_TEXTENG@0x4818	slot	16				
T314	1	Character menus > Ultimate Jutsu name	<r大交衝|だいこうしょう>	Great Cross Slash			e2e:movesets	NA2_SLPS@0x4ADB50	NUN5_TEXTENG@0x112B0	slot	32				
T315	1	Character menus > Ultimate Jutsu name	<r死魂|しこん>の<r術|じゅつ>	Dead Soul Jutsu			e2e:movesets	NA2_SLPS@0x4ADB70	NUN5_TEXTENG@0x48B0	slot	32				
T316	1	Character menus > Ultimate Jutsu name	チャクラ<r解剖刀|メス>・<r壊|カイ>	Chakra Dissection Blade: Destroy			e2e:movesets	NA2_SLPS@0x4ADB90	NUN5_TEXTENG@0x48C0	slot	48				
T317	1	Character menus > Ultimate Jutsu name	<r土遁|どとん>・<r土陸返|どろくがえ>し	Earth Style: Terra Shield			e2e:movesets	NA2_SLPS@0x4ADBC0	NUN5_TEXTENG@0x50F0	slot	48				
T318	1	Character menus > Ultimate Jutsu name	<r雨蜘蛛|あまグモ>	Raining Spider			e2e:movesets	NA2_SLPS@0x4ADBF0	NUN5_TEXTENG@0x50A0	slot	32				
T319	1	Character menus > Ultimate Jutsu name	<r毒舌|どくぜつ>コンボ	Tongue-Lash Combo			e2e:movesets	NA2_SLPS@0x4ADC10	NUN5_TEXTENG@0x5040	slot	32				
T320	1	Character menus > Ultimate Jutsu name	<r口寄|くちよ>せ・<r羅生門|ラショウモン>　<r奈落|ならく>	Summoning: Rashomon, Abyss			e2e:movesets	NA2_SLPS@0x4ADC30	NUN5_TEXTENG@0x4FD0	slot	64				
T321	1	Character menus > Ultimate Jutsu name	<r八重葎|やえむぐら>の<r舞|まい>	Galium Spurium Dance			e2e:movesets	NA2_SLPS@0x4ADC70	NUN5_TEXTENG@0x4F70	slot	48				
T322	1	Character menus > Ultimate Jutsu name	<r飛雷神|ひらいしん>の<r術|じゅつ>	Flying Thunder God Jutsu			e2e:movesets	NA2_SLPS@0x4ADCA0	NUN5_TEXTENG@0x4E60	slot	48				
T323	1	Character menus > Ultimate Jutsu name	<r突撃|とつげき>！　<r木|こ>ノ<r葉丸|はまる><r軍団|ぐんだん>！	<BLACK>Charge! Konohamaru <color0808C0>Ninja Squad<BLACK>!			e2e:movesets	NA2_SLPS@0x4ADCD0	NUN5_TEXTENG@0x112D0	slot	64
T324	1	Character menus > Ultimate Jutsu name	<r柔拳指南|じゅうけんしなん>	Gentle Fist Instruction			e2e:movesets	NA2_SLPS@0x4ADD10	NUN5_TEXTENG@0x4D10	slot	32				
T325	1	Character menus > Ultimate Jutsu name	<r金剛力|こんごうりき>・<r不動|ふどう>	Adamantine Power, Acala			e2e:movesets	NA2_SLPS@0x4ADD30	NUN5_TEXTENG@0x11310	slot	48				
T326	1	Character menus > Ultimate Jutsu name	<r木遁秘術|もくとんひじゅつ>・<r樹界降誕|じゅかいこうたん>	Secret Wood Style Jutsu: Deep Forest Emergence			e2e:movesets	NA2_SLPS@0x4ADD60	NUN5_TEXTENG@0x4D90	slot	64				
T327	1	Character menus > Ultimate Jutsu name	<r水遁|すいとん>・<r硬渦水刃|こうかすいじん>	Water Style: Hardened Water Drill			e2e:movesets	NA2_SLPS@0x4ADDA0	NUN5_TEXTENG@0x4DC0	slot	48				
T328	1	Character menus > Ultimate Jutsu name	<r飛燕|ひえん>	Flying Swallow			e2e:movesets	NA2_SLPS@0x4ADDD0	NUN5_TEXTENG@0x42F8	slot	16				
T329	1	Character menus > Ultimate Jutsu name	<r魔幻|まげん>・<r樹縛殺|じゅばくさつ>	Evil Illusion: Tree Capture Death			e2e:movesets	NA2_SLPS@0x4ADDE0	NUN5_TEXTENG@0x43A0	slot	48				
T330	1	Character menus > Ultimate Jutsu name	<r双蛇相殺|そうじゃそうさい>の<r術|じゅつ>	Twin Snake Sacrifice Jutsu			e2e:movesets	NA2_SLPS@0x4ADE10	NUN5_TEXTENG@0x4D50	slot	48				
T331	1	Character menus > Ultimate Jutsu name	<r九尾螺旋丸|きゅうびらせんがん>	The Nine-Tailed Rasengan			e2e:movesets	NA2_SLPS@0x4ADE40	NUN5_TEXTENG@0x49A0	slot	48				
T332	1	Character menus > Ultimate Jutsu name	<r呪|のろ>われし<r力|ちから>	Cursed Power			e2e:movesets	NA2_SLPS@0x4ADE70	NUN5_TEXTENG@0x49E0	slot	32				
T333	1	Character menus > Ultimate Jutsu name	<r突|つ>き<r抜|ぬ>ける<r熱|あつ>き<r思|おも>い	Smashing Passion			e2e:movesets	NA2_SLPS@0x4ADE90	NUN5_TEXTENG@0x4AA0	slot	48				
T334	1	Character menus > Ultimate Jutsu name	<r蝶弾爆撃|ちょうだんばくげき>	Butterfly Bomb			e2e:movesets	NA2_SLPS@0x4ADEC0	NUN5_TEXTENG@0x4BB0	slot	32				
T335	1	Character menus > Ultimate Jutsu name	<r羅漢拳|らかんけん>	Arhat Fist			e2e:movesets	NA2_SLPS@0x4ADEE0	NUN5_TEXTENG@0x5130	slot	32				
T336	1	Character menus > Ultimate Jutsu name	<r蜘蛛戦弓|クモせんきゅう>・<r凄裂|スザク>	Spider Bow: Fierce Rip			e2e:movesets	NA2_SLPS@0x4ADF00	NUN5_TEXTENG@0x50D0	slot	48				
T337	1	Character menus > Ultimate Jutsu name	<r魔笛|まてき>・<r三従葬曲|さんじゅうそうきょく>	Demon Flute: Trio Requiem			e2e:movesets	NA2_SLPS@0x4ADF30	NUN5_TEXTENG@0x5080	slot	64				
T338	1	Character menus > Ultimate Jutsu name	<r左塵掌|さじんしょう>・<r右裂脚|うれつきゃく>	Left Dust Strike, Right Severing Kick			e2e:movesets	NA2_SLPS@0x4ADF70	NUN5_TEXTENG@0x11330	slot	48				
T339	1	Character menus > Ultimate Jutsu name	<r鉄線花|てっせんか>の<r舞|まい>・<r花|はな>	Clematis Dance: Flower			e2e:movesets	NA2_SLPS@0x4ADFA0	NUN5_TEXTENG@0x4FB0	slot	48				
T340	1	Character menus > Ultimate Jutsu name	<r大玉螺旋丸|おおだまらせんがん>	Great Ball Rasengan			e2e:movesets	NA2_SLPS@0x4ADFD0	NUN5_TEXTENG@0x3F00	slot	48				
T341	1	Character menus > Ultimate Jutsu name	<r漏|も>れ<r出|だ>す<r力|ちから>	Overflowing Power			e2e:movesets	NA2_SLPS@0x4AE000	NUN5_TEXTENG@0x3F20	slot	48				
T342	1	Character menus > Ultimate Jutsu name	<r変|か>わらない<r関係|かんけい>	Unchanging Relationship			e2e:movesets	NA2_SLPS@0x4AE030	NUN5_TEXTENG@0x3F60	slot	48				
T343	1	Character menus > Ultimate Jutsu name	<r春|はる>の<r蹴来|しゅうらい>	Coming of Spring Kick 			e2e:movesets	NA2_SLPS@0x4AE060	NUN5_TEXTENG@0x11360	slot	32				
T344	1	Character menus > Ultimate Jutsu name	キラキラ<r乙女心|おとめごころ>	Twinkling Maiden's Heart			e2e:movesets	NA2_SLPS@0x4AE080	NUN5_TEXTENG@0x3FA0	slot	32				
T345	1	Character menus > Ultimate Jutsu name	<r大地割|だいちわ>り	Earth Chop			e2e:movesets	NA2_SLPS@0x4AE0A0	NUN5_TEXTENG@0x3FC0	slot	32				
T346	1	Character menus > Ultimate Jutsu name	<r傀儡|くぐつ>・<r桜舞|サクラマイ>	Puppet: Cherry Blossom Dance			e2e:movesets	NA2_SLPS@0x4AE0C0	NUN5_TEXTENG@0x3FD0	slot	48				
T347	1	Character menus > Ultimate Jutsu name	<r砂縛牢|さばくろう>	Sand Prison			e2e:movesets	NA2_SLPS@0x4AE0F0	NUN5_TEXTENG@0x43C8	slot	32				
T348	1	Character menus > Ultimate Jutsu name	<r最硬絶対攻撃|さいこうぜったいこうげき>・<r砂瀑槍葬|さばくそうそう>	Hardest Ultimate Attack: Sand Spear Funeral			e2e:movesets	NA2_SLPS@0x4AE110	NUN5_TEXTENG@0x11380	slot	80				
T349	1	Character menus > Ultimate Jutsu name	<r滅砂瀑葬|めっさばくそう>	Destructive Sand Burial			e2e:movesets	NA2_SLPS@0x4AE160	NUN5_TEXTENG@0x4400	slot	32				
T350	1	Character menus > Ultimate Jutsu name	<r傀儡|くぐつ>・<r骸烏|ムクロガラス>	Puppet: Crow Corpse			e2e:movesets	NA2_SLPS@0x4AE180	NUN5_TEXTENG@0x4420	slot	48				
T351	1	Character menus > Ultimate Jutsu name	<r傀儡|くぐつ>・<r鬼城|きじょう>の<r面|めん>	Puppet: Mask of Demon Castle			e2e:movesets	NA2_SLPS@0x4AE1B0	NUN5_TEXTENG@0x4440	slot	48				
T352	1	Character menus > Ultimate Jutsu name	<r黒秘技三大狂言|くろひぎさんだいきょうげん>	Secret Black Move: Three Major Plays			e2e:movesets	NA2_SLPS@0x4AE1E0	NUN5_TEXTENG@0x113B0	slot	48				
T353	1	Character menus > Ultimate Jutsu name	<r豪風暴壁|ごうふうぼうへき>	Gale Raging Wall			e2e:movesets	NA2_SLPS@0x4AE210	NUN5_TEXTENG@0x4480	slot	32				
T354	1	Character menus > Ultimate Jutsu name	<r練空踊扇|れんくうようせん>	Air Polish Dancing Fan			e2e:movesets	NA2_SLPS@0x4AE230	NUN5_TEXTENG@0x44A0	slot	32				
T355	1	Character menus > Ultimate Jutsu name	<r口寄|くちよ>せ・<r扇舞降|せんまいお>ろし	Summoning: Fan Dance Drop			e2e:movesets	NA2_SLPS@0x4AE250	NUN5_TEXTENG@0x44C0	slot	48				
T356	1	Character menus > Ultimate Jutsu name	<r傀儡|くぐつ>・<r父|ちち>と<r母|はは>	Puppet: Father and Mother			e2e:movesets	NA2_SLPS@0x4AE280	NUN5_TEXTENG@0x44F0	slot	48				
T357	1	Character menus > Ultimate Jutsu name	<r十機近松|じっきちかまつ>の<r集|しゅう>・<r三宝吸潰|さんぼうきゅうかい>	Ten Puppet Collection: Three Treasures Vacuum			e2e:movesets	NA2_SLPS@0x4AE2B0	NUN5_TEXTENG@0x113E0	slot	80				
T358	1	Character menus > Ultimate Jutsu name	<r傀儡|くぐつ>・<r砂鉄獄塊|さてつごっかい>	Puppet: Iron Sand Cluster			e2e:movesets	NA2_SLPS@0x4AE300	NUN5_TEXTENG@0x46E0	slot	48				
T359	1	Character menus > Ultimate Jutsu name	<r合殺芸術|がっさいげいじゅつ>	Combined Killing Art			e2e:movesets	NA2_SLPS@0x4AE330	NUN5_TEXTENG@0x4640	slot	32				
T360	1	Character menus > Ultimate Jutsu name	<r芸術|げいじゅつ>	Art			e2e:movesets	NA2_SLPS@0x4AE350	NUN5_SLES@0x5140F0	slot	32				
T361	1	Character menus > Ultimate Jutsu name	<r自爆分身|じばくぶんしん>	Exploding Clone			e2e:movesets	NA2_SLPS@0x4AE370	NUN5_TEXTENG@0x4620	slot	32				
T362	1	Character menus > Ultimate Jutsu name	<r十八番|オハコ>・<rＣ３|シースリー>	Sure-Fire: C3			e2e:movesets	NA2_SLPS@0x4AE390	NUN5_TEXTENG@0x4630	slot	48				
T363	1	Character menus > Ultimate Jutsu name	<r八卦四天空掌|はっけしてんくうしょう>	8 Trigrams 4 Sky Palms 			e2e:movesets	NA2_SLPS@0x4AE3C0	NUN5_TEXTENG@0x11410	slot	48				
T364	1	Character menus > Ultimate Jutsu name	<r八卦破山撃|はっけはざんげき>	8 Trigrams Mountain Break Attack			e2e:movesets	NA2_SLPS@0x4AE3F0	NUN5_TEXTENG@0x11430	slot	32			NA2_SLPS@0x4AF844	
T365	1	Character menus > Ultimate Jutsu name	<r操具|そうぐ>・<r廻燕劇|かいえんげき>	Ninja Tool: Spinning Swallow Show			e2e:movesets	NA2_SLPS@0x4AE410	NUN5_TEXTENG@0x4190	slot	48				
T366	1	Character menus > Ultimate Jutsu name	<r操具|そうぐ>・<r大鉄塊|だいてっかい>	Ninja Tool: Giant Iron Lump			e2e:movesets	NA2_SLPS@0x4AE440	NUN5_TEXTENG@0x41C0	slot	48				
T367	1	Character menus > Ultimate Jutsu name	<r操具|そうぐ>・<r天鋼災|てんこうさい>	Ninja Tool: Heavenly Metal Disaster			e2e:movesets	NA2_SLPS@0x4AE470	NUN5_TEXTENG@0x41E0	slot	48				
T368	1	Character menus > Ultimate Jutsu name	<r木|こ>ノ<r葉旋光|はせんこう>	Leaf Spiral Light			e2e:movesets	NA2_SLPS@0x4AE4A0	NUN5_TEXTENG@0x4130	slot	32				
T369	1	Character menus > Ultimate Jutsu name	<r青春|せいしゅん>フルパワー！！	Full Power of Youth!! 			e2e:movesets	NA2_SLPS@0x4AE4C0	NUN5_TEXTENG@0x11460	slot	48				
T370	1	Character menus > Ultimate Jutsu name	<r裏蓮華|うられんげ>・あの<r夕日|ゆうひ>に<r向|む>かって	Hidden Lotus: Facing the Sunset			e2e:movesets	NA2_SLPS@0x4AE4F0	NUN5_TEXTENG@0x11480	slot	64				
T371	1	Character menus > Ultimate Jutsu name	ＩＱ２００	IQ 200			e2e:movesets	NA2_SLPS@0x4AE530	NUN5_SLES@0x5140E8	slot	16				
T372	1	Character menus > Ultimate Jutsu name	<r忍法|にんぽう>・<r影煙幕|かげえんまく>の<r術|じゅつ>	Ninja Art: Shadow Smoke Screen Jutsu			e2e:movesets	NA2_SLPS@0x4AE540	NUN5_TEXTENG@0x114A0	slot	64				
T373	1	Character menus > Ultimate Jutsu name	<r忍法|にんぽう>・<r影縫|かげぬ>い	Ninja Art: Shadow Sew			e2e:movesets	NA2_SLPS@0x4AE580	NUN5_TEXTENG@0x3410	slot	48				
T374	1	Character menus > Ultimate Jutsu name	<r自分|じぶん>ルール・じゃんけん<r編|へん>　	Self-Rule, Episode of Scissors-Paper-Rock			e2e:movesets	NA2_SLPS@0x4AE5B0	NUN5_TEXTENG@0x114D0	slot	48				
T375	1	Character menus > Ultimate Jutsu name	<r自分|じぶん>ルール・<r青春編|せいしゅんへん>	Self-Rule, Episode of Youth			e2e:movesets	NA2_SLPS@0x4AE5E0	NUN5_TEXTENG@0x11500	slot	48				
T376	1	Character menus > Ultimate Jutsu name	<r朝孔雀|あさくじゃく>	Morning Peacock			e2e:movesets	NA2_SLPS@0x4AE610	NUN5_TEXTENG@0x33B0	slot	32				
T377	1	Character menus > Ultimate Jutsu name	<r雷切|らいきり>・<r一尖|いっせん>	Lightning Blade, Single Sharpness 			e2e:movesets	NA2_SLPS@0x4AE630	NUN5_TEXTENG@0x11520	slot	48				
T378	1	Character menus > Ultimate Jutsu name	<r土遁|どとん>・<r裂穿牙|れっせんが>	Earth Style: Ripping Drill Fang			e2e:movesets	NA2_SLPS@0x4AE660	NUN5_TEXTENG@0x4090	slot	48				
T379	1	Character menus > Ultimate Jutsu name	コピー<r忍術|にんじゅつ>	Ninja Art: Copy Jutsu			e2e:movesets	NA2_SLPS@0x4AE690	NUN5_TEXTENG@0x40B0	slot	32				
T380	1	Character menus > Ultimate Jutsu name	<r火遁|かとん>・<r豪焔球|ごうえんきゅう>	Fire Style: Blaze Ball 			e2e:movesets	NA2_SLPS@0x4AE6B0	NUN5_TEXTENG@0x11550	slot	48				
T381	1	Character menus > Ultimate Jutsu name	<r幻術|げんじゅつ>・<r泡沫|うたかた>	Genjutsu: Bubbles			e2e:movesets	NA2_SLPS@0x4AE6E0	NUN5_TEXTENG@0x4550	slot	48				
T382	1	Character menus > Ultimate Jutsu name	<r瞳術|どうじゅつ>・<r威凪|いさなぎ>	Visual Jutsu: Powerful Calm			e2e:movesets	NA2_SLPS@0x4AE710	NUN5_TEXTENG@0x4570	slot	48				
T383	1	Character menus > Ultimate Jutsu name	<r最凶|さいきょう>の<r刺客|しかく>	The Baddest Assassins			e2e:movesets	NA2_SLPS@0x4AE740	NUN5_TEXTENG@0x4590	slot	48				
T384	1	Character menus > Ultimate Jutsu name	<r水遁|すいとん>・<r五食鮫|ごしょくざめ>	Water Style: Five Hungry Sharks			e2e:movesets	NA2_SLPS@0x4AE770	NUN5_TEXTENG@0x45B0	slot	48				
T385	1	Character menus > Ultimate Jutsu name	<r水遁|すいとん>・<r無限鮫|むげんざめ>	Water Style: Infinite Shark			e2e:movesets	NA2_SLPS@0x4AE7A0	NUN5_TEXTENG@0x45D0	slot	48				
T386	1	Character menus > Ultimate Jutsu name	<r水遁|すいとん>・<r爆水衝波|ばくすいしょうは>	Water Style: Exploding Water Shock Wave			e2e:movesets	NA2_SLPS@0x4AE7D0	NUN5_TEXTENG@0x45F0	slot	48				
T387	1	Character menus > Ultimate Jutsu name	<r妖狐|ようこ>の<r衣|ころも>	Nine-Tail's Cloak			e2e:movesets	NA2_SLPS@0x4AE800	NUN5_TEXTENG@0x3F40	slot	32				
T388	1	Character menus > Ultimate Jutsu name	<r赤秘技|あかひぎ>・<r百機|ひゃっき>の<r操演|そうえん>	Red Secret Technique: Performance of a Hundred Puppets			e2e:movesets	NA2_SLPS@0x4AE820	NUN5_TEXTENG@0x4720	slot	64				
T389	1	Character menus > Ultimate Jutsu name	<r傀儡|くぐつ>の<r術|じゅつ>・<r尾沙悶|びしゃもん>	Puppet Jutsu: Tail Crash Blow			e2e:movesets	NA2_SLPS@0x4AE860	NUN5_TEXTENG@0x4660	slot	64				
T390	1	Character menus > Ultimate Jutsu name	<r傀儡|くぐつ>の<r術|じゅつ>・<r義手千本|ぎしゅせんぼん>	Puppet Jutsu: 1000 Mechanical Arms 			e2e:movesets	NA2_SLPS@0x4AE8A0	NUN5_TEXTENG@0x11570	slot	64				
T391	1	Character menus > Ultimate Jutsu name	<r傀儡|くぐつ>の<r術|じゅつ>・<r重刃庫|じゅうばこ>	Puppet Jutsu: Multiple Blade Box			e2e:movesets	NA2_SLPS@0x4AE8E0	NUN5_TEXTENG@0x46B0	slot	64				
T392	1	Character menus > Ultimate Jutsu name	<r息子|むすこ>の<r仇|かたき>！？	Son's Revenge!?			e2e:movesets	NA2_SLPS@0x4AE920	NUN5_TEXTENG@0x115A0	slot	48				
T393	1	Character menus > Ultimate Jutsu name	<r爪迅狼牙|そうじんろうが>	Swift Claw Wolf Fang			e2e:movesets	NA2_SLPS@0x4AE950	NUN5_TEXTENG@0x4330	slot	32				
T394	1	Character menus > Ultimate Jutsu name	<r天双牙|てんそうが>	Dual Wolf Fangs			e2e:movesets	NA2_SLPS@0x4AE970	NUN5_TEXTENG@0x4350	slot	32				
T395	1	Character menus > Ultimate Jutsu name	<r寄壊蟲|きかいちゅう>・<r蝕|しょく>	Parasitic Insects: Digest			e2e:movesets	NA2_SLPS@0x4AE990	NUN5_TEXTENG@0x4360	slot	48				
T396	1	Character menus > Ultimate Jutsu name	<r寄壊蟲|きかいちゅう>・<r虚|うつろ>	Parasitic Insects: Deception			e2e:movesets	NA2_SLPS@0x4AE9C0	NUN5_TEXTENG@0x4380	slot	48				
T397	1	Character menus > Ultimate Jutsu name	<r八卦掌空天|はっけしょうくうてん>	8 Trigrams Sky Palm			e2e:movesets	NA2_SLPS@0x4AE9F0	NUN5_TEXTENG@0x3230	slot	48				
T398	1	Character menus > Ultimate Jutsu name	<r部分超倍化|ぶぶんちょうばいか>の<r術|じゅつ>	Super Expansion Jutsu			e2e:movesets	NA2_SLPS@0x4AEA20	NUN5_TEXTENG@0x4260	slot	48				
T399	1	Character menus > Ultimate Jutsu name	<r超|ちょう>・<r肉弾戦車|にくだんせんしゃ>	Super Human Boulder			e2e:movesets	NA2_SLPS@0x4AEA50	NUN5_TEXTENG@0x4280	slot	48				
T400	1	Character menus > Ultimate Jutsu name	<r忍法|にんぽう>・<r月下美人|げっかびじん>	Ninja Art: Queen of the Night			e2e:movesets	NA2_SLPS@0x4AEA80	NUN5_TEXTENG@0x42C0	slot	48				
T401	1	Character menus > Ultimate Jutsu name	<r蝶針火|ちょうしんか>	Butterfly Needle Flame			e2e:movesets	NA2_SLPS@0x4AEAB0	NUN5_TEXTENG@0x42E0	slot	32				
T402	1	Character menus > Ultimate Jutsu name	<r火遁|かとん>・<r消|け>し<r幕|まく>が<r原|はら>	Fire Style: Vanishing Attack			e2e:movesets	NA2_SLPS@0x4AEAD0	NUN5_TEXTENG@0x47A0	slot	64				
T403	1	Character menus > Ultimate Jutsu name	<r地流|じながれ>	Mudslide			e2e:movesets	NA2_SLPS@0x4AEB10	NUN5_TEXTENG@0x47F0	slot	32				
T404	1	Character menus > Ultimate Jutsu name	<r渦旋風火|かせんふうか>の<r術|じゅつ>	Fire Whirlwind Jutsu			e2e:movesets	NA2_SLPS@0x4AEB30	NUN5_TEXTENG@0x4310	slot	48				
T405	1	Character menus > Ultimate Jutsu name	<r蟒蛇|うわばみ>	Uwabami			e2e:movesets	NA2_SLPS@0x4AEB60	NUN5_SLES@0x5140F8	slot	32				
T406	1	Character menus > Ultimate Jutsu name	<r二凪|ふたなぎ>ノ<r草薙|くさなぎ>	Double Kusanagi			e2e:movesets	NA2_SLPS@0x4AEB80	NUN5_TEXTENG@0x48A0	slot	48				
T407	1	Character menus > Ultimate Jutsu name	<r死術|しじゅつ>・<r帰魂遊戯|きこんゆうぎ>	Death Technique: Soul Return			e2e:movesets	NA2_SLPS@0x4AEBB0	NUN5_TEXTENG@0x48F0	slot	48				
T408	1	Character menus > Ultimate Jutsu name	<r木遁|もくとん>・<r飛乃木|ひのき>	Wood Style: Flying Tree			e2e:movesets	NA2_SLPS@0x4AEBE0	NUN5_TEXTENG@0x4830	slot	48				
T409	1	Character menus > Ultimate Jutsu name	<r木遁|もくとん>・<r梁木|やなぎ>	Wood Style: Tree Columns			e2e:movesets	NA2_SLPS@0x4AEC10	NUN5_TEXTENG@0x4850	slot	48				
T410	1	Character menus > Ultimate Jutsu name	<r忍法|にんぽう>・<r超獣偽画|ちょうじゅうぎが>　<r白描|はくびょう>	Ninja Art: Beast Scroll Replicas @White Picture@			e2e:movesets	NA2_SLPS@0x4AEC40	NUN5_TEXTENG@0x3FF0	slot	80
T411	1	Character menus > Ultimate Jutsu name	<r忍法|にんぽう>・<r超獣偽画|ちょうじゅうぎが>　<r龍|りゅう>	Ninja Art: Beast Scroll Replicas @Dragon@			e2e:movesets	NA2_SLPS@0x4AEC90	NUN5_TEXTENG@0x4030	slot	64
T412	1	Character menus > Ultimate Jutsu name	<r草薙|くさなぎ>の<r舞|まい>	Dance of Kusanagi			e2e:movesets	NA2_SLPS@0x4AECD0	NUN5_TEXTENG@0x4910	slot	32				
T413	1	Character menus > Ultimate Jutsu name	<r翔|か>け<r鳥崩|どりくず>し	Darting Bird Crusher			e2e:movesets	NA2_SLPS@0x4AECF0	NUN5_TEXTENG@0x4930	slot	32				
T414	1	Character menus > Ultimate Jutsu name	<r千鳥|ちどり>・<r雷鳴|らいめい>	Chidori Thunder			e2e:movesets	NA2_SLPS@0x4AED10	NUN5_TEXTENG@0x4950	slot	48				
T415	1	Character Select > Linked Mode selector value	<r連係|れんけい>モード	Linked Mode			seen:replacement-pass-2-2026-07-26 paired screenshot	NA2_SLPS@0x4B4310	NUN5_TEXTENG@0x1E60	slot	24				
T416	1	Character Select > Linked Mode selector value	マニュアル	Manual			seen:replacement-pass-2-2026-07-26 paired screenshot	NA2_SLPS@0x4B4328	NUN5_SLES@0x513F10	slot	16				
T417	1	Character Select > Linked Mode selector value	オート	Auto			seen:replacement-pass-2-2026-07-26 paired screenshot	NA2_SLPS@0x504908	NUN5_SLES@0x513F18	slot	8				
T418	1	Character Select > player-control mode or return item	 １Ｐ　ｖｓ　２Ｐ	1P vs. 2P			e2e:menus	NA2_SLPS@0x4B4150	NUN5_TEXTENG@0x1D88	slot	32				
T419	1	Character Select > player-control mode or return item	 １Ｐ　ｖｓ ＣＯＭ	1P vs. COM			e2e:menus	NA2_SLPS@0x4B4170	NUN5_TEXTENG@0x1D98	slot	32				
T420	1	Character Select > player-control mode or return item	ＣＯＭ ｖｓ　２Ｐ	COM vs. 2P			e2e:menus	NA2_SLPS@0x4B4190	NUN5_TEXTENG@0x1DA8	slot	32				
T421	1	Character Select > player-control mode or return item	ＣＯＭ ｖｓ ＣＯＭ	COM vs. COM			e2e:menus	NA2_SLPS@0x4B41B0	NUN5_TEXTENG@0x1DB8	slot	32				
T422	1	Character Select > player-control mode or return item	ゲームモード<r選択|せんたく>に<r戻|もど>る	Back to Game Mode Screen			e2e:menus	NA2_SLPS@0x4B41D0	NUN5_TEXTENG@0x900	slot	48				
T423	1	Character Select > return confirmation	ゲームモード<r選択|せんたく>に<r戻|もど>りますか？	Return to Game Mode Screen?			e2e:menus	NA2_SLPS@0x4B4220	NUN5_TEXTENG@0x1DF0	slot	64				
T424	1	Character Select > return confirmation	タイトルに<r戻|もど>りますか？	Return to Title Screen?			inferred:character-select-return-table	NA2_SLPS@0x4B4260	NUN5_TEXTENG@0x1C90	slot	32				
T425	1	Character Select > return confirmation	<r任務|にんむ><r選択|せんたく>に<r戻|もど>りますか？	Return to Mission Select?			inferred:character-select-return-table	NA2_SLPS@0x4B4280	NUN5_TEXTENG@0x1E10	slot	64				
T426	1	Character Select > return confirmation	<r種目選択|しゅもくせんたく>に<r戻|もど>りますか？	Return to Event Select?			inferred:character-select-return-table	NA2_SLPS@0x4B42C0	NUN5_TEXTENG@0x1E30	slot	64				
T427	1	Character selectors > character or variant name	うずまきナルト	Naruto Uzumaki			e2e:collection/characters|e2e:collection/figures|e2e:collection/opponents|e2e:collection/ultimates|e2e:collection/voice	NA2_ETC@0x24F98	NUN5_TEXTENG@0x4D8	slot	24				
T428	1	Character selectors > character or variant name	<r春野|はるの>サクラ	Sakura Haruno			e2e:collection/characters|e2e:collection/figures|e2e:collection/opponents|e2e:collection/ultimates|e2e:collection/voice	NA2_ETC@0x24FB0	NUN5_TEXTENG@0x4E8	slot	24				
T429	1	Character selectors > character or variant name	はたけカカシ	Kakashi Hatake			e2e:collection/characters|e2e:collection/figures|e2e:collection/opponents|e2e:collection/ultimates|e2e:collection/voice	NA2_ETC@0x24FC8	NUN5_TEXTENG@0x568	slot	24				
T430	1	Character selectors > character or variant name	<r日向|ひゅうが>ネジ	Neji Hyuga			e2e:collection/characters|e2e:collection/figures|e2e:collection/opponents|e2e:collection/ultimates|e2e:collection/voice	NA2_ETC@0x24FE0	NUN5_TEXTENG@0x528	slot	24				
T431	1	Character selectors > character or variant name	ロック・リー	Rock Lee			e2e:collection/characters|e2e:collection/figures|e2e:collection/opponents|e2e:collection/ultimates|e2e:collection/voice	NA2_ETC@0x24FF8	NUN5_TEXTENG@0x538	slot	16				
T432	1	Character selectors > character or variant name	テンテン	Tenten			e2e:collection/characters|e2e:collection/figures|e2e:collection/opponents|e2e:collection/ultimates|e2e:collection/voice	NA2_ETC@0x25008	NUN5_SLES@0x513d60	slot	16				
T433	1	Character selectors > character or variant name	マイト・ガイ	Might Guy			e2e:collection/characters|e2e:collection/figures|e2e:collection/opponents|e2e:collection/ultimates|e2e:collection/voice	NA2_ETC@0x25018	NUN5_TEXTENG@0x558	slot	24				
T434	1	Character selectors > character or variant name	<r奈良|なら>シカマル	Shikamaru Nara			e2e:collection/characters|e2e:collection/figures|e2e:collection/opponents|e2e:collection/ultimates|e2e:collection/voice	NA2_ETC@0x25030	NUN5_TEXTENG@0x548	slot	32				
T435	1	Character selectors > character or variant name	<r秋道|あきみち>チョウジ	Choji Akimichi			e2e:collection/characters|e2e:collection/figures|e2e:collection/opponents|e2e:collection/ultimates|e2e:collection/voice	NA2_ETC@0x25050	NUN5_TEXTENG@0x648	slot	32				
T436	1	Character selectors > character or variant name	<r山中|やまなか>いの	Ino Yamanaka			e2e:collection/characters|e2e:collection/figures|e2e:collection/opponents|e2e:collection/ultimates|e2e:collection/voice	NA2_ETC@0x25070	NUN5_TEXTENG@0x658	slot	32				
T437	1	Character selectors > character or variant name	<r猿飛|さるとび>アスマ	Asuma Sarutobi			e2e:collection/characters|e2e:collection/figures|e2e:collection/opponents|e2e:collection/ultimates|e2e:collection/voice	NA2_ETC@0x25090	NUN5_TEXTENG@0x668	slot	32				
T438	1	Character selectors > character or variant name	<r犬塚|いぬづか>キバ	Kiba Inuzuka			e2e:collection/characters|e2e:collection/figures|e2e:collection/opponents|e2e:collection/ultimates|e2e:collection/voice	NA2_ETC@0x250B0	NUN5_TEXTENG@0x618	slot	32				
T439	1	Character selectors > character or variant name	<r油女|あぶらめ>シノ	Shino Aburame			e2e:collection/characters|e2e:collection/figures|e2e:collection/opponents|e2e:collection/ultimates|e2e:collection/voice	NA2_ETC@0x250D0	NUN5_TEXTENG@0x628	slot	32				
T440	1	Character selectors > character or variant name	<r日向|ひゅうが>ヒナタ	Hinata Hyuga			e2e:collection/characters|e2e:collection/figures|e2e:collection/opponents|e2e:collection/ultimates|e2e:collection/voice	NA2_ETC@0x250F0	NUN5_TEXTENG@0x638	slot	32				
T441	1	Character selectors > character or variant name	<r夕日|ゆうひ><r紅|くれない>	Kurenai Yuhi			e2e:collection/characters|e2e:collection/figures|e2e:collection/opponents|e2e:collection/ultimates|e2e:collection/voice	NA2_ETC@0x25110	NUN5_TEXTENG@0x678	slot	32				
T442	1	Character selectors > character or variant name	<r風影|かぜかげ>・<r我愛羅|ガアラ>	Kazekage Gaara			e2e:collection/characters|e2e:collection/figures|e2e:collection/opponents|e2e:collection/ultimates|e2e:collection/voice	NA2_ETC@0x25130	NUN5_TEXTENG@0x4F8	slot	40				
T443	1	Character selectors > character or variant name	カンクロウ	Kankuro			e2e:collection/characters|e2e:collection/figures|e2e:collection/opponents|e2e:collection/ultimates|e2e:collection/voice	NA2_ETC@0x25158	NUN5_SLES@0x513D88	slot	24				
T444	1	Character selectors > character or variant name	チヨバア（<r体術|たいじゅつ>）	Granny Chiyo (Taijutsu)			e2e:collection/opponents	NA2_ETC@0x25170	NUN5_TEXTENG@0x600	slot	32				
T445	1	Character selectors > character or variant name	うちはイタチ	Itachi Uchiha			e2e:collection/characters|e2e:collection/figures|e2e:collection/opponents|e2e:collection/ultimates|e2e:collection/voice	NA2_ETC@0x25190	NUN5_TEXTENG@0x578	slot	16				
T446	1	Character selectors > character or variant name	<r干柿鬼鮫|ほしがきキサメ>	Kisame Hoshigaki			e2e:collection/characters|e2e:collection/figures|e2e:collection/opponents|e2e:collection/ultimates|e2e:collection/voice	NA2_ETC@0x251A0	NUN5_TEXTENG@0x590	slot	32				
T447	1	Character selectors > character or variant name	デイダラ	Deidara			e2e:collection/characters|e2e:collection/figures|e2e:collection/opponents|e2e:collection/ultimates|e2e:collection/voice	NA2_ETC@0x251C0	NUN5_TEXTENG@0x254F8	slot	16				
T448	1	Character selectors > character or variant name	サソリ・ヒルコ	Sasori (Hiruko)			e2e:collection/opponents	NA2_ETC@0x251D0	NUN5_TEXTENG@0x5F0	slot	16				
T450	1	Character selectors > character or variant name	<r自来也|じらいや>	Jiraiya			e2e:collection/characters|e2e:collection/figures|e2e:collection/opponents|e2e:collection/ultimates|e2e:collection/voice	NA2_ETC@0x251f0	NUN5_SLES@0x513df0	slot	24				
T451	1	Character selectors > character or variant name	<r綱手|ツナデ>	Tsunade			e2e:collection/characters|e2e:collection/figures|e2e:collection/opponents|e2e:collection/ultimates|e2e:collection/voice	NA2_ETC@0x25208	NUN5_TEXTENG@0x29DE	slot	24				
T452	1	Character selectors > character or variant name	<r大蛇丸|オロチまる>	Orochimaru			e2e:collection/characters|e2e:collection/figures|e2e:collection/opponents|e2e:collection/ultimates|e2e:collection/voice	NA2_ETC@0x25220	NUN5_TEXTENG@0x688	slot	32				
T453	1	Character selectors > character or variant name	<r薬師|やくし>カブト	Kabuto Yakushi			e2e:collection/characters|e2e:collection/figures|e2e:collection/opponents|e2e:collection/ultimates|e2e:collection/voice	NA2_ETC@0x25240	NUN5_TEXTENG@0x698	slot	24				
T454	1	Character selectors > character or variant name	うちはサスケ	Sasuke Uchiha			e2e:collection/characters|e2e:collection/figures|e2e:collection/opponents|e2e:collection/ultimates|e2e:collection/voice	NA2_ETC@0x25258	NUN5_TEXTENG@0x6A8	slot	24				
T455	1	Character selectors > character or variant name	<r九尾第四覚醒状態|きゅうびだいよんかくせいじょうたい>	Nine-Tailed Fourth Awakened State			e2e:collection/opponents	NA2_ETC@0x25270	NUN5_TEXTENG@0x5B0	slot	64				
T456	1	Character selectors > character or variant name	サソリ（<r自分傀儡|じぶんくぐつ>）	Sasori (Puppet)			e2e:collection/opponents	NA2_ETC@0x252B0	NUN5_TEXTENG@0x5E0	slot	48				
T457	1	Character selectors > character or variant name	うずまきナルト（<r旧章|きゅうしょう>）	N. Uzumaki (Classic)			e2e:collection/opponents|e2e:collection/ultimates	NA2_ETC@0x252E0	NUN5_TEXTENG@0x100	slot	48				
T458	1	Character selectors > character or variant name	うちはサスケ（<r旧章|きゅうしょう>）	S. Uchiha (Classic)			e2e:collection/opponents|e2e:collection/ultimates	NA2_ETC@0x25310	NUN5_TEXTENG@0x120	slot	48				
T459	1	Character selectors > character or variant name	<r春野|はるの>サクラ（<r旧章|きゅうしょう>）	S. Haruno (Classic)			e2e:collection/opponents|e2e:collection/ultimates	NA2_ETC@0x25340	NUN5_TEXTENG@0x1C0	slot	48				
T460	1	Character selectors > character or variant name	<r日向|ひゅうが>ネジ（<r旧章|きゅうしょう>）	Neji Hyuga (Classic)			e2e:collection/opponents|e2e:collection/ultimates	NA2_ETC@0x25370	NUN5_TEXTENG@0x1A0	slot	48				
T461	1	Character selectors > character or variant name	ロック・リー（<r旧章|きゅうしょう>）	Rock Lee (Classic)			e2e:collection/opponents|e2e:collection/ultimates	NA2_ETC@0x253A0	NUN5_TEXTENG@0x140	slot	48				
T462	1	Character selectors > character or variant name	テンテン（<r旧章|きゅうしょう>）	Tenten (Classic)			e2e:collection/opponents|e2e:collection/ultimates	NA2_ETC@0x253D0	NUN5_TEXTENG@0x210	slot	48				
T463	1	Character selectors > character or variant name	<r奈良|なら>シカマル（<r旧章|きゅうしょう>）	S. Nara (Classic)			e2e:collection/opponents|e2e:collection/ultimates	NA2_ETC@0x25400	NUN5_TEXTENG@0x180	slot	48				
T464	1	Character selectors > character or variant name	<r秋道|あきみち>チョウジ（<r旧章|きゅうしょう>）	C. Akimichi (Classic)			e2e:collection/opponents|e2e:collection/ultimates	NA2_ETC@0x25430	NUN5_TEXTENG@0x230	slot	64				
T465	1	Character selectors > character or variant name	<r山中|やまなか>いの（<r旧章|きゅうしょう>）	I. Yamanaka (Class.)			e2e:collection/opponents|e2e:collection/ultimates	NA2_ETC@0x25470	NUN5_TEXTENG@0x250	slot	48				
T466	1	Character selectors > character or variant name	<r犬塚|いぬづか>キバ（<r旧章|きゅうしょう>）	K. Inuzuka (Classic)			e2e:collection/opponents|e2e:collection/ultimates	NA2_ETC@0x254A0	NUN5_TEXTENG@0x270	slot	48				
T467	1	Character selectors > character or variant name	<r油女|あぶらめ>シノ（<r旧章|きゅうしょう>）	S. Aburame (Classic)			e2e:collection/opponents|e2e:collection/ultimates	NA2_ETC@0x254D0	NUN5_TEXTENG@0x290	slot	48				
T468	1	Character selectors > character or variant name	<r日向|ひゅうが>ヒナタ（<r旧章|きゅうしょう>）	H. Hyuga (Classic)			e2e:collection/opponents|e2e:collection/ultimates	NA2_ETC@0x25500	NUN5_TEXTENG@0x1F0	slot	48				
T469	1	Character selectors > character or variant name	<r日向|ひゅうが>ハナビ	Hanabi Hyuga			e2e:collection/opponents|e2e:collection/ultimates	NA2_ETC@0x25530	NUN5_TEXTENG@0x358	slot	32				
T470	1	Character selectors > character or variant name	<r木|こ>ノ<r葉丸|はまる><r軍団|ぐんだん>	Konohamaru NS			e2e:collection/opponents|e2e:collection/ultimates	NA2_ETC@0x25550	NUN5_TEXTENG@0x348	slot	48				
T471	1	Character selectors > character or variant name	みたらしアンコ	Anko Mitarashi			e2e:collection/opponents|e2e:collection/ultimates	NA2_ETC@0x25580	NUN5_TEXTENG@0x3B8	slot	16				
T472	1	Character selectors > character or variant name	<r初代火影|しょだいほかげ>	The First Hokage			e2e:collection/opponents|e2e:collection/ultimates	NA2_ETC@0x25590	NUN5_TEXTENG@0x370	slot	32				
T473	1	Character selectors > character or variant name	<r二代目火影|にだいめほかげ>	The Second Hokage			e2e:collection/opponents|e2e:collection/ultimates	NA2_ETC@0x255B0	NUN5_TEXTENG@0x3A0	slot	32				
T474	1	Character selectors > character or variant name	<r三代目火影|さんだいめほかげ>	The Third Hokage			e2e:collection/opponents|e2e:collection/ultimates	NA2_ETC@0x255D0	NUN5_TEXTENG@0x2F0	slot	32				
T475	1	Character selectors > character or variant name	<r黄色|きいろ>い<r閃光|せんこう>	The Yellow Flash			e2e:collection/opponents|e2e:collection/ultimates	NA2_ETC@0x255F0	NUN5_TEXTENG@0x330	slot	48				
T476	1	Character selectors > character or variant name	<r砂瀑|さばく>の<r我愛羅|ガアラ>（<r旧章|きゅうしょう>）	Gaara (Classic)			e2e:collection/opponents|e2e:collection/ultimates	NA2_ETC@0x25620	NUN5_TEXTENG@0x160	slot	64				
T477	1	Character selectors > character or variant name	カンクロウ（<r旧章|きゅうしょう>）	Kankuro (Classic)			e2e:collection/opponents|e2e:collection/ultimates	NA2_ETC@0x25660	NUN5_TEXTENG@0x2B0	slot	48				
T478	1	Character selectors > character or variant name	テマリ（<r旧章|きゅうしょう>）	Temari (Classic)			e2e:collection/opponents|e2e:collection/ultimates	NA2_ETC@0x25690	NUN5_TEXTENG@0x2D0	slot	32				
T479	1	Character selectors > character or variant name	<r君麻呂|キミマロ>	Kimimaro			e2e:collection/opponents|e2e:collection/ultimates	NA2_ETC@0x256B0	NUN5_TEXTENG@0x318	slot	24				
T480	1	Character selectors > character or variant name	<r左近|サコン>	Sakon			e2e:collection/opponents|e2e:collection/ultimates	NA2_ETC@0x256C8	NUN5_TEXTENG@0x4AD	slot	24				
T481	1	Character selectors > character or variant name	<r多由也|タユヤ>	Tayuya			e2e:collection/opponents|e2e:collection/ultimates	NA2_ETC@0x256E0	NUN5_TEXTENG@0x48D	slot	32				
T482	1	Character selectors > character or variant name	<r鬼童丸|キドウマル>	Kidomaru			e2e:collection/opponents|e2e:collection/ultimates	NA2_ETC@0x25700	NUN5_TEXTENG@0x308	slot	32				
T483	1	Character selectors > character or variant name	<r次郎坊|ジロウボウ>	Jirobo			e2e:collection/opponents|e2e:collection/ultimates	NA2_ETC@0x25720	NUN5_TEXTENG@0x44D	slot	32				
T484	1	Character selectors > character or variant name	<r桃地|ももち><r再不斬|ザブザ>	Zabuza Momochi			e2e:collection/opponents|e2e:collection/ultimates	NA2_ETC@0x25740	NUN5_TEXTENG@0x1D8	slot	32				
T485	1	Character selectors > character or variant name	<r白|ハク>	Haku			e2e:collection/opponents|e2e:collection/ultimates	NA2_ETC@0x25760	NUN5_SLES@0x513d48	slot	16				
T486	1	Character selectors > character or variant name	うずまきナルト（<r九尾|きゅうび>）	Naruto Uzumaki (Nine-Tailed)			e2e:collection/opponents	NA2_ETC@0x25770	NUN5_TEXTENG@0x3D0	slot	48				
T487	1	Character selectors > character or variant name	うちはサスケ<r状態|じょうたい>２	Second Stage Sasuke Uchiha			e2e:collection/opponents	NA2_ETC@0x257A0	NUN5_TEXTENG@0x3F0	slot	48				
T488	1	Character selectors > character or variant name	すい<r拳|けん>リー	Loopy Fist Lee			e2e:collection/opponents	NA2_ETC@0x257D0	NUN5_TEXTENG@0x410	slot	32				
T489	1	Character selectors > character or variant name	<r憑依体我愛羅|ひょういたいガアラ>	Possessed Gaara			e2e:collection/opponents	NA2_ETC@0x257F0	NUN5_TEXTENG@0x420	slot	48				
T490	1	Character selectors > character or variant name	<r超|ちょう>チョウジ	Super Choji			e2e:collection/opponents	NA2_ETC@0x25820	NUN5_TEXTENG@0x430	slot	32				
T491	1	Character selectors > character or variant name	<r次郎坊|ジロウボウ><r状態|じょうたい>２	Second Stage Jirobo			e2e:collection/opponents	NA2_ETC@0x25840	NUN5_TEXTENG@0x440	slot	48				
T492	1	Character selectors > character or variant name	<r鬼童丸|キドウマル><r状態|じょうたい>２	Second Stage Kidomaru			e2e:collection/opponents	NA2_ETC@0x25870	NUN5_TEXTENG@0x460	slot	48				
T493	1	Character selectors > character or variant name	<r多由也|タユヤ><r状態|じょうたい>２	Second Stage Tayuya			e2e:collection/opponents	NA2_ETC@0x258A0	NUN5_TEXTENG@0x480	slot	48				
T494	1	Character selectors > character or variant name	<r左近|サコン><r状態|じょうたい>２	Second Stage Sakon			e2e:collection/opponents	NA2_ETC@0x258D0	NUN5_TEXTENG@0x4A0	slot	48				
T495	1	Character selectors > character or variant name	<r君麻呂|キミマロ><r状態|じょうたい>２	Second Stage Kimimaro			e2e:collection/opponents	NA2_ETC@0x25900	NUN5_TEXTENG@0x4C0	slot	40				
T522	1	Character selectors > character or variant name	サイ	Sai			e2e:collection/characters|e2e:collection/figures|e2e:collection/opponents|e2e:collection/ultimates|e2e:collection/voice	NA2_SLPS@0x506fe0	NUN5_SLES@0x513e28	slot	8				
T523	1	Character selectors > character or variant name	テマリ	Temari			e2e:collection/characters|e2e:collection/figures|e2e:collection/opponents|e2e:collection/ultimates|e2e:collection/voice	NA2_SLPS@0x506fe8	NUN5_SLES@0x513d90	slot	8				
T524	1	Character selectors > character or variant name	サソリ	Sasori			e2e:collection/characters|e2e:collection/figures|e2e:collection/opponents|e2e:collection/ultimates|e2e:collection/voice	NA2_SLPS@0x506ff0	NUN5_SLES@0x513dc0	slot	8				
T525	1	Character selectors > character or variant name	シズネ	Shizune			e2e:collection/characters|e2e:collection/figures|e2e:collection/opponents|e2e:collection/ultimates|e2e:collection/voice	NA2_SLPS@0x506ff8	NUN5_SLES@0x513e00	slot	8				
T526	1	Character selectors > character or variant name	ヤマト	Yamato			e2e:collection/characters|e2e:collection/figures|e2e:collection/opponents|e2e:collection/ultimates|e2e:collection/voice	NA2_SLPS@0x507000	NUN5_SLES@0x513e20	slot	8				
T527	1	Collection > Characters > Diorama title	シミュレーション	Simulation			e2e:collection/figures|e2e:collection/misc	NA2_ETC@0x2DDA0	NUN5_TEXTENG@0x3E78	slot	24				
T528	1	Collection > Characters > selector label	<r対戦相手|たいせんあいて>	Opponent			e2e:collection/opponents	NA2_ETC@0x2EE50	NUN5_TEXTENG@0x778	slot	32				
T529	1	Collection > Characters > Diorama selector entry	ジオラマ	Diorama			character:figure-animation-identifier	NA2_ETC@0x25928	NUN5_ETC@0x28959	slot	28				
T530	1	Collection > Figures > character animation title	オッス！	Right!			e2e:collection/figures	NA2_ETC@0x25CD8	NUN5_SLES@0x513F60	slot	16				
T531	1	Collection > Figures > character animation title	<r影分身|かげぶんしん>の<r術|じゅつ>	Shadow Clone Jutsu			e2e:collection/figures	NA2_ETC@0x25D00	NUN5_TEXTENG@0x3030	slot	40				
T532	1	Collection > Figures > character animation title	<r暴走|ぼうそう>	Running Wild			e2e:collection/figures	NA2_ETC@0x25D40	NUN5_TEXTENG@0x3058	slot	24				
T533	1	Collection > Figures > character animation title	<r気|き>を<r引|ひ>き<r締|し>めて…	Steady Myself...			e2e:collection/figures	NA2_ETC@0x25D70	NUN5_TEXTENG@0x3080	slot	40				
T534	1	Collection > Figures > character animation title	<r女|おんな>らしく	Ladylike			e2e:collection/figures	NA2_ETC@0x25DB0	NUN5_TEXTENG@0x30A8	slot	24				
T535	1	Collection > Figures > character animation title	<r拳|こぶし>に<r力|ちから>を！	Power in My Fist!			e2e:collection/figures	NA2_ETC@0x25DE0	NUN5_TEXTENG@0x30D0	slot	32				
T536	1	Collection > Figures > character animation title	<r忍法|にんぽう>・<r超獣偽画|ちょうじゅうぎが>	Ninja Art: Beast Scroll Replicas			e2e:collection/figures	NA2_ETC@0x25E10	NUN5_TEXTENG@0x3100	slot	48				
T537	1	Collection > Figures > character animation title	<r索敵|さくてき>	Searching for the Enemy			e2e:collection/figures	NA2_ETC@0x25E50	NUN5_TEXTENG@0x3140	slot	24				
T538	1	Collection > Figures > character animation title	<r飛翔|ひしょう>	Soaring			e2e:collection/figures	NA2_ETC@0x25E80	NUN5_SLES@0x513F78	slot	24				
T539	1	Collection > Figures > character animation title	<r最新作熟読中|さいしんさくじゅくどくちゅう>	Reading the Latest Release			e2e:collection/figures	NA2_ETC@0x25EB0	NUN5_TEXTENG@0x3180	slot	48				
T540	1	Collection > Figures > character animation title	<r牽制攻撃|けんせいこうげき>	Restraining Attack			e2e:collection/figures	NA2_ETC@0x25EF0	NUN5_TEXTENG@0x31B0	slot	32				
T541	1	Collection > Figures > character animation title	<r忍犬口寄|にんけんくちよ>せ	Ninja Hound Summoning			e2e:collection/figures	NA2_ETC@0x25F20	NUN5_TEXTENG@0x31E0	slot	32				
T542	1	Collection > Figures > character animation title	<r柔拳|じゅうけん>	Gentle Fist			e2e:collection/figures	NA2_ETC@0x25F50	NUN5_TEXTENG@0x3208	slot	24				
T543	1	Collection > Figures > character animation title	<r八卦空掌|はっけくうしょう>	8 Trigrams Sky Palm			e2e:collection/figures	NA2_ETC@0x25F80	NUN5_TEXTENG@0x3230	slot	32				
T544	1	Collection > Figures > character animation title	<r点穴打突|てんけつだとつ>！！	Pressure Point Strike!			e2e:collection/figures	NA2_ETC@0x25FB0	NUN5_TEXTENG@0x3260	slot	32				
T545	1	Collection > Figures > character animation title	<r戦闘姿勢|せんとうしせい>	Battle Posture			e2e:collection/figures	NA2_ETC@0x25FE0	NUN5_TEXTENG@0x3288	slot	32				
T546	1	Collection > Figures > character animation title	<r木|こ>ノ<r葉昇風|はしょうふう>	Leaf Rising Wind			e2e:collection/figures	NA2_ETC@0x26010	NUN5_TEXTENG@0x32B0	slot	40				
T547	1	Collection > Figures > character animation title	<r限界|げんかい>を<r超|こ>えろ！	Surpass Your Limits!			e2e:collection/figures	NA2_ETC@0x26050	NUN5_TEXTENG@0x32E0	slot	40				
T548	1	Collection > Figures > character animation title	<r忍具|にんぐ>の<r使|つか>い<r手|て>	Ninja Tool User			e2e:collection/figures	NA2_ETC@0x26090	NUN5_TEXTENG@0x3310	slot	40				
T549	1	Collection > Figures > character animation title	<r棒体術|ぼうたいじゅつ>	Staff Taijutsu			e2e:collection/figures	NA2_ETC@0x260D0	NUN5_TEXTENG@0x3330	slot	32				
T550	1	Collection > Figures > character animation title	<r仕込|しこ>み<r炸裂|さくれつ>！	Device Unleashed!			e2e:collection/figures	NA2_ETC@0x26100	NUN5_TEXTENG@0x3350	slot	40				
T551	1	Collection > Figures > character animation title	<r熱血青春|ねっけつせいしゅん>ポーズ！	Hot-Blooded Youth Pose!			e2e:collection/figures	NA2_ETC@0x26140	NUN5_TEXTENG@0x3380	slot	40				
T552	1	Collection > Figures > character animation title	<r開門|かいもん>ッ！	Opening Gate!			e2e:collection/figures	NA2_ETC@0x261B0	NUN5_TEXTENG@0x33D0	slot	24				
T553	1	Collection > Figures > character animation title	ホラよっ！	Hey!			e2e:collection/figures	NA2_ETC@0x261E8	NUN5_SLES@0x513FB8	slot	16				
T554	1	Collection > Figures > character animation title	<r変|か>わらぬチョウジ	Same Old Choji			e2e:collection/figures	NA2_ETC@0x26250	NUN5_TEXTENG@0x3438	slot	24				
T555	1	Collection > Figures > character animation title	<r張|は>り<r手|て>の<r構|かま>え	Open-Hand Stance			e2e:collection/figures	NA2_ETC@0x26280	NUN5_TEXTENG@0x3460	slot	40				
T556	1	Collection > Figures > character animation title	おっひさー！	Long Time No See!			e2e:collection/figures	NA2_ETC@0x262F8	NUN5_TEXTENG@0x34C0	slot	16			NA2_ETC@0x274A4	
T557	1	Collection > Figures > character animation title	かわいさアピール	Cuteness Appeal			e2e:collection/figures	NA2_ETC@0x26320	NUN5_TEXTENG@0x34F0	slot	24				
T558	1	Collection > Figures > character animation title	<r綺麗|きれい>な<r花|はな>	Beautiful Flower			e2e:collection/figures	NA2_ETC@0x26350	NUN5_TEXTENG@0x3510	slot	32				
T559	1	Collection > Figures > character animation title	やれやれ	Whatever...			e2e:collection/figures	NA2_ETC@0x26380	NUN5_TEXTENG@0x3538	slot	16				
T560	1	Collection > Figures > character animation title	<r装着|そうちゃく>！	Equip!			e2e:collection/figures	NA2_ETC@0x263A0	NUN5_SLES@0x513FD8	slot	24				
T561	1	Collection > Figures > character animation title	<r一閃|いっせん>！	Flash!			e2e:collection/figures	NA2_ETC@0x263D0	NUN5_SLES@0x513FE0	slot	24				
T562	1	Collection > Figures > character animation title	<r登場|とうじょう>	Appearance			e2e:collection/figures	NA2_ETC@0x26400	NUN5_TEXTENG@0x3578	slot	24				
T563	1	Collection > Figures > character animation title	いつでもいっしょ	Always Together			e2e:collection/figures	NA2_ETC@0x26430	NUN5_TEXTENG@0x35A0	slot	24				
T564	1	Collection > Figures > character animation title	ダイナミック！	Dynamic!			e2e:collection/figures	NA2_ETC@0x26458	NUN5_TEXTENG@0x35C0	slot	16				
T565	1	Collection > Figures > character animation title	<r静|しず>かな<r男|おとこ>	Silent Man			e2e:collection/figures	NA2_ETC@0x26480	NUN5_TEXTENG@0x35E0	slot	32				
T566	1	Collection > Figures > character animation title	<r寄壊蟲|きかいちゅう>	Parasitic Insects			e2e:collection/figures	NA2_ETC@0x264B0	NUN5_TEXTENG@0x3600	slot	24				
T567	1	Collection > Figures > character animation title	<r広|ひろ>がる<r蟲|むし>たち	Spreading Bugs			e2e:collection/figures	NA2_ETC@0x264E0	NUN5_TEXTENG@0x3628	slot	32				
T568	1	Collection > Figures > character animation title	<r闘|たたか>う<r決意|けつい>！	Determined to Fight!			e2e:collection/figures	NA2_ETC@0x26510	NUN5_TEXTENG@0x3650	slot	32				
T569	1	Collection > Figures > character animation title	<r心|こころ>の<r準備|じゅんび>が…	Readying My Heart			e2e:collection/figures	NA2_ETC@0x26540	NUN5_TEXTENG@0x3680	slot	40				
T570	1	Collection > Figures > character animation title	<r掌打|しょうだ>！	Strike!			e2e:collection/figures	NA2_ETC@0x26580	NUN5_SLES@0x514000	slot	24				
T571	1	Collection > Figures > character animation title	ベスト<r着用|ちゃくよう>	Put On My Best			e2e:collection/figures	NA2_ETC@0x265B0	NUN5_TEXTENG@0x36B8	slot	32				
T572	1	Collection > Figures > character animation title	<r幻術発動|げんじゅつはつどう>	Genjutsu Activate			e2e:collection/figures	NA2_ETC@0x265E0	NUN5_TEXTENG@0x36E0	slot	32				
T573	1	Collection > Figures > character animation title	こんなものね	That's it?			e2e:collection/figures	NA2_ETC@0x26610	NUN5_TEXTENG@0x3708	slot	16				
T574	1	Collection > Figures > character animation title	<r威圧|いあつ>	Coercion			e2e:collection/figures	NA2_ETC@0x26630	NUN5_TEXTENG@0x3728	slot	16				
T575	1	Collection > Figures > character animation title	<r砂|すな>の<r殻|から>	Sand Shell			e2e:collection/figures	NA2_ETC@0x26650	NUN5_TEXTENG@0x3748	slot	24				
T576	1	Collection > Figures > character animation title	<r逃|に>がさん…	You Won't Escape...			e2e:collection/figures	NA2_ETC@0x26680	NUN5_TEXTENG@0x3770	slot	24				
T577	1	Collection > Figures > character animation title	<r傀儡|くぐつ>の<r巻物|まきもの>	Puppet Scroll			e2e:collection/figures	NA2_ETC@0x266C0	NUN5_TEXTENG@0x37B8	slot	40				
T578	1	Collection > Figures > character animation title	<r傀儡勢揃|くぐつせいぞろ>い！	Puppets Unite!			e2e:collection/figures	NA2_ETC@0x26700	NUN5_TEXTENG@0x37D8	slot	32				
T579	1	Collection > Figures > character animation title	<r巨大扇子|きょだいせんす>	Giant Fan			e2e:collection/figures	NA2_ETC@0x26730	NUN5_TEXTENG@0x37F8	slot	32				
T580	1	Collection > Figures > character animation title	<r団子|だんご>で<r一息|ひといき>	Pause to Eat Dumplings			e2e:collection/figures	NA2_ETC@0x26760	NUN5_TEXTENG@0x3820	slot	40				
T581	1	Collection > Figures > character animation title	カマタリと<r一緒|いっしょ>	With Kamatari			e2e:collection/figures	NA2_ETC@0x267A0	NUN5_TEXTENG@0x3848	slot	32				
T582	1	Collection > Figures > character animation title	まだまだ<r現役|げんえき>	I'm Still In Charge			e2e:collection/figures	NA2_ETC@0x267D0	NUN5_TEXTENG@0x3870	slot	32				
T583	1	Collection > Figures > character animation title	<r父|ちち>と<r母|はは>	Father and Mother			e2e:collection/figures	NA2_ETC@0x26800	NUN5_TEXTENG@0x38A0	slot	24				
T584	1	Collection > Figures > character animation title	<r仕込|しこ>み	Device			e2e:collection/figures	NA2_ETC@0x26828	NUN5_SLES@0x514038	slot	16				
T585	1	Collection > Figures > character animation title	<r指一|ゆびひと>つあれば…	With One Finger...			e2e:collection/figures	NA2_ETC@0x26850	NUN5_TEXTENG@0x38E0	slot	32				
T586	1	Collection > Figures > character animation title	<r鋭|するど>い<r蹴|け>り	A Sharp Kick			e2e:collection/figures	NA2_ETC@0x26880	NUN5_TEXTENG@0x3908	slot	32				
T587	1	Collection > Figures > character animation title	<r幻術|げんじゅつ>！？	Genjutsu?!			e2e:collection/figures	NA2_ETC@0x268B0	NUN5_TEXTENG@0x3928	slot	24				
T588	1	Collection > Figures > character animation title	<r大刀|だいとう>を<r携|たずさ>えて	Carrying a Giant Sword			e2e:collection/figures	NA2_ETC@0x268E0	NUN5_TEXTENG@0x3950	slot	40				
T589	1	Collection > Figures > character animation title	<r大刀|だいとう>・<r鮫肌|サメハダ>	Giant Sword: Samehada			e2e:collection/figures	NA2_ETC@0x26920	NUN5_TEXTENG@0x3980	slot	40				
T590	1	Collection > Figures > character animation title	<r襲|おそ>い<r来|く>る<r怪人|かいじん>！	A Monster Attacks!			e2e:collection/figures	NA2_ETC@0x26960	NUN5_TEXTENG@0x39B0	slot	48				
T591	1	Collection > Figures > character animation title	<r楽|たの>しめそうだな	This Should Be Fun			e2e:collection/figures	NA2_ETC@0x269A0	NUN5_TEXTENG@0x39E0	slot	24				
T592	1	Collection > Figures > character animation title	<r芸術作品|げいじゅつさくひん>	A Work of Art			e2e:collection/figures	NA2_ETC@0x269D0	NUN5_TEXTENG@0x3A08	slot	32				
T593	1	Collection > Figures > character animation title	<r空|そら>から<r攻|せ>める！	Attack From the Sky!			e2e:collection/figures	NA2_ETC@0x26A00	NUN5_TEXTENG@0x3A30	slot	32				
T594	1	Collection > Figures > character animation title	<r完璧|かんぺき>なる<r攻守|こうしゅ>	Perfect Offense and Defense			e2e:collection/figures	NA2_ETC@0x26A30	NUN5_TEXTENG@0x3A60	slot	40				
T595	1	Collection > Figures > character animation title	<r一番|いちばん>のお<r気|き>に<r入|い>り	My Favorite			e2e:collection/figures	NA2_ETC@0x26A70	NUN5_TEXTENG@0x3A90	slot	48				
T596	1	Collection > Figures > character animation title	<r自分自身|じぶんじしん>	Myself			e2e:collection/figures	NA2_ETC@0x26AB0	NUN5_TEXTENG@0x217B	slot	32				
T597	1	Collection > Figures > character animation title	あいや<r自来也|じらいや>！	I'm Jiraiya!			e2e:collection/figures	NA2_ETC@0x26AE0	NUN5_TEXTENG@0x3AC0	slot	32				
T598	1	Collection > Figures > character animation title	<r四代目|よんだいめ>が<r遺|のこ>した<r術|じゅつ>	Fourth Hokage's Jutsu			e2e:collection/figures	NA2_ETC@0x26B10	NUN5_TEXTENG@0x3AE0	slot	56				
T599	1	Collection > Figures > character animation title	<r蝦蟇仙人|ガマせんにん>	Toad Sage			e2e:collection/figures	NA2_ETC@0x26B60	NUN5_TEXTENG@0x3B08	slot	32				
T600	1	Collection > Figures > character animation title	コレ<r一本|いっぽん>で<r十分|じゅうぶん>	This One is Enough			e2e:collection/figures	NA2_ETC@0x26B90	NUN5_TEXTENG@0x3B30	slot	48				
T601	1	Collection > Figures > character animation title	<r考|かんが>え<r事|ごと>	Something to Think Over			e2e:collection/figures	NA2_ETC@0x26BD0	NUN5_TEXTENG@0x3B60	slot	32				
T602	1	Collection > Figures > character animation title	<r痛天脚|つうてんきゃく>	Heaven Kick of Pain			e2e:collection/figures	NA2_ETC@0x26C00	NUN5_TEXTENG@0x3B90	slot	32				
T603	1	Collection > Figures > character animation title	お<r世話係|せわかか>り	Helper Role			e2e:collection/figures	NA2_ETC@0x26C40	NUN5_TEXTENG@0x3BC8	slot	24				
T604	1	Collection > Figures > character animation title	<r突撃|とつげき>！	Attack!			e2e:collection/figures	NA2_ETC@0x26C70	NUN5_SLES@0x514098	slot	24				
T605	1	Collection > Figures > character animation title	うんうん	Uh-huh			e2e:collection/figures	NA2_ETC@0x26C98	NUN5_SLES@0x5140A8	slot	16				
T606	1	Collection > Figures > character animation title	<r跳躍|ちょうやく>！	Jump!			e2e:collection/figures	NA2_ETC@0x26CC0	NUN5_SLES@0x5140B0	slot	24				
T607	1	Collection > Figures > character animation title	<r木遁|もくとん>・<r木錠壁|もくじょうへき>	Wood Style: Domed Wall			e2e:collection/figures	NA2_ETC@0x26CF0	NUN5_TEXTENG@0x3C20	slot	48				
T608	1	Collection > Figures > character animation title	<r不敵|ふてき>な<r笑|え>み	Fearless Laugh			e2e:collection/figures	NA2_ETC@0x26D30	NUN5_TEXTENG@0x3C48	slot	32				
T609	1	Collection > Figures > character animation title	<r脅威|きょうい>の<r存在|そんざい>	Menacing Presence			e2e:collection/figures	NA2_ETC@0x26DA0	NUN5_TEXTENG@0x3CB0	slot	40				
T610	1	Collection > Figures > character animation title	<r大蛇丸|オロチまる>への<r忠誠|ちゅうせい>	Loyalty to Orochimaru			e2e:collection/figures	NA2_ETC@0x26DE0	NUN5_TEXTENG@0x3CE0	slot	48				
T611	1	Collection > Figures > character animation title	あーあ…	Aww...			e2e:collection/figures	NA2_ETC@0x26E20	NUN5_SLES@0x5140C8	slot	16				
T612	1	Collection > Figures > character animation title	ストック	Stock			e2e:collection/figures	NA2_ETC@0x26E40	NUN5_TEXTENG@0x8C5	slot	16				
T613	1	Collection > Figures > character animation title	<r冷|つめ>たい<r視線|しせん>	Cold Gaze			e2e:collection/figures	NA2_ETC@0x26E60	NUN5_TEXTENG@0x3D28	slot	32				
T614	1	Collection > Figures > character animation title	<r草薙|くさなぎ>の<r剣|つるぎ>！	Sword of Kusanagi!			e2e:collection/figures	NA2_ETC@0x26E90	NUN5_TEXTENG@0x3D50	slot	40				
T615	1	Collection > Figures > character animation title	<r千鳥|ちどり>	Chidori			e2e:collection/figures	NA2_ETC@0x26EC8	NUN5_TEXTENG@0x49D8	slot	28				
T616	1	Collection > Figures > character animation title	ふー…	Hmph...			e2e:collection/figures	NA2_SLPS@0x507058	NUN5_SLES@0x513FB0	slot	8				
T617	1	Collection > Figures > character animation title	さて…	Now then...			e2e:collection/figures	NA2_SLPS@0x5070A8	NUN5_TEXTENG@0x3798	slot	8			NA2_ETC@0x27894	
T618	1	Collection > Figures > character animation title	エヘヘ	Heh Heh			e2e:collection/figures	NA2_SLPS@0x507110	NUN5_SLES@0x514090	slot	8				
T2200	1	Collection > Movie list > locked title	？？？？？？	???			seen:ss7-paired-locked-Movie-entries	NA2_ETC@0x2E738	NUN5_SLES@0x513E48	slot	24				
T619	1	Collection > Characters > Diorama title	<r紅班勢揃|くれないはんせいぞろ>い	Team Kurenai Unites			e2e:collection/figures|e2e:collection/misc	NA2_ETC@0x2d950	NUN5_TEXTENG@0x3d80	slot	40				
T620	1	Collection > Characters > Diorama title	いのシカチョウトリオ	The Boar-Deer-Butterfly Trio			e2e:collection/figures|e2e:collection/misc	NA2_ETC@0x2D9D0	NUN5_TEXTENG@0x3DA0	slot	24			NA2_ETC@0x2E0FC	
T621	1	Collection > Characters > Diorama title	ナルトの<r帰郷|ききょう>	Naruto Returns Home			e2e:collection/figures|e2e:collection/misc	NA2_ETC@0x2da30	NUN5_TEXTENG@0x3dc0	slot	32				
T622	1	Collection > Characters > Diorama title	<r風影|かぜかげ>の<r闘|たたか>い	Battle of the Kazekage			e2e:collection/figures|e2e:collection/misc	NA2_ETC@0x2da70	NUN5_TEXTENG@0x3de0	slot	40				
T623	1	Collection > Characters > Diorama title	<r木|こ>ノ<r葉|は>の<r白|しろ>い<r牙|きば>！？	White Fang of the Leaf!?			e2e:collection/figures|e2e:collection/misc	NA2_ETC@0x2dae0	NUN5_TEXTENG@0x3e00	slot	48				
T624	1	Collection > Characters > Diorama title	“<r暁|あかつき>”の<r目的|もくてき>	Akatsuki's Scheme			e2e:collection/figures|e2e:collection/misc	NA2_ETC@0x2db80	NUN5_TEXTENG@0x3e20	slot	40				
T625	1	Collection > Characters > Diorama title	<r傀儡師|くぐつし>の<r激闘|げきとう>	Fierce Puppetmaster Battle			e2e:collection/figures|e2e:collection/misc	NA2_ETC@0x2dc30	NUN5_TEXTENG@0x3e40	slot	40				
T626	1	Collection > Characters > Diorama title	<r突然|とつぜん>の<r襲撃|しゅうげき>！	A Sudden Assault!			e2e:collection/figures|e2e:collection/misc	NA2_ETC@0x2dca0	NUN5_TEXTENG@0x3e60	slot	40				
T627	1	Collection > Characters > Diorama title	<r人外|じんがい>の<r闘|たたか>い	Outcast Battle			e2e:collection/figures|e2e:collection/misc	NA2_ETC@0x2de70	NUN5_TEXTENG@0x3e88	slot	40				
T628	1	Collection > Characters > Diorama title	<r運命|うんめい>の<r再会|さいかい>	Fateful Reunion			e2e:collection/figures|e2e:collection/misc	NA2_ETC@0x2df50	NUN5_TEXTENG@0x3ea0	slot	40				
T629	1	Collection > Characters > Diorama title	<r漆黒|しっこく>に<r浮|う>かぶ<r影|かげ>	The Pitch-Black Shadow			e2e:collection/figures|e2e:collection/misc	NA2_ETC@0x2dff0	NUN5_TEXTENG@0x3eb0	slot	48				
T630	1	Collection > Movies > movie title	<ruby再会|さいかい>の<ruby時|とき>・<ruby壱|いち>	Reunion Time I			e2e:collection/misc	NA2_SLPS@0x2FFBA0	NUN5_TEXTENG@0x28930	slot	64				
T631	1	Collection > Movies > movie title	<ruby封印術|ふういんじゅつ>・<ruby幻龍九封尽|げんりゅうきゅうふうじん>	Sealing Jutsu: Nine Phantom Dragons			e2e:collection/misc	NA2_SLPS@0x2ffbe0	NUN5_TEXTENG@0x28670	slot	80				
T632	1	Collection > Movies > movie title	<ruby常闇|とこやみ>の<ruby者|もの>たち	People of Endless Darkness			e2e:collection/misc	NA2_SLPS@0x2ffc30	NUN5_TEXTENG@0x287d0	slot	48				
T633	1	Collection > Movies > movie title	<ruby忍法|にんぽう>・<ruby超獣偽画|ちょうじゅうぎが>	Ninja Art: Beast Scroll Replicas			e2e:collection/misc	NA2_SLPS@0x2ffc60	NUN5_TEXTENG@0x3100	slot	64				
T634	1	Collection > Movies > movie title	<ruby第四|だいよん>の<ruby覚醒|かくせい>	Fourth Awakened Mode			e2e:collection/misc	NA2_SLPS@0x2ffca0	NUN5_TEXTENG@0x28940	slot	48				
T635	1	Collection > Movies > movie title	<ruby再会|さいかい>の<ruby時|とき>・<ruby弐|に>	Reunion Time II			e2e:collection/misc	NA2_SLPS@0x2ffcd0	NUN5_TEXTENG@0x28960	slot	48				
T636	1	Collection > Movies > movie title	スタッフロール	Credits			e2e:collection/misc	NA2_SLPS@0x2ffd00	NUN5_SLES@0x514928	slot	28				
T637	1	Collection > Music > track title	<r木|こ>ノ<r葉|は><r隠|がく>れの<r里|さと>	Hidden Leaf Village			e2e:collection/misc	NA2_ETC@0x2B2E0	NUN5_TEXTENG@0x2C40	slot	48				
T638	1	Collection > Music > track title	<r木|こ>ノ<r葉|は>の<r門|もん>	Hidden Leaf Gate			e2e:collection/misc	NA2_ETC@0x2B310	NUN5_TEXTENG@0x2C60	slot	32				
T639	1	Collection > Music > track title	<r五封結界|ごふうけっかい>の<r崖|がけ>	Five-Seal Barrier Cliff			e2e:collection/misc	NA2_ETC@0x2B330	NUN5_TEXTENG@0x2C80	slot	48				
T640	1	Collection > Music > track title	<r暁|あかつき>のアジト	Akatsuki Hideout			e2e:collection/misc	NA2_ETC@0x2B360	NUN5_TEXTENG@0x2CA0	slot	32				
T641	1	Collection > Music > track title	<r根|ね>の<r本部|ほんぶ>	Foundation's Hideout			e2e:collection/misc	NA2_ETC@0x2B380	NUN5_TEXTENG@0x2CC0	slot	32				
T642	1	Collection > Music > track title	<r天地橋|てんちきょう>	Tenchi Bridge			e2e:collection/misc	NA2_ETC@0x2B3A0	NUN5_TEXTENG@0x2CD8	slot	32				
T643	1	Collection > Music > track title	<r大蛇丸|オロチまる>のアジト	Orochimaru's Hideout			e2e:collection/misc	NA2_ETC@0x2B3C0	NUN5_TEXTENG@0x2CF0	slot	32				
T644	1	Collection > Music > track title	<r大蛇|だいじゃ>の<r祭壇|さいだん>	Altar of Orochi			e2e:collection/misc	NA2_ETC@0x2B3E0	NUN5_TEXTENG@0x2D10	slot	48				
T645	1	Collection > Music > track title	<r賑|にぎ>わいの<r里|さと>	Busy Village			e2e:collection/misc	NA2_ETC@0x2B410	NUN5_TEXTENG@0x2D20	slot	32				
T646	1	Collection > Music > track title	<r火影|ほかげ>の<r屋敷|やしき>	The Hokage's Mansion			e2e:collection/misc	NA2_ETC@0x2B430	NUN5_TEXTENG@0x2D30	slot	32				
T647	1	Collection > Music > track title	<r世界|せかい>を<r駆|か>ける	Travel the World			e2e:collection/misc	NA2_ETC@0x2B450	NUN5_TEXTENG@0x2D50	slot	32				
T648	1	Collection > Music > track title	<r砂隠|すながく>れの<r里|さと>	The Hidden Sand Village			e2e:collection/misc	NA2_ETC@0x2B470	NUN5_TEXTENG@0x2D70	slot	32				
T649	1	Collection > Music > track title	<r邪傑|じゃけつ>の<r巣穴|すあな>	Jaketsu's Lair			e2e:collection/misc	NA2_ETC@0x2B490	NUN5_TEXTENG@0x2D88	slot	48				
T650	1	Collection > Music > track title	<r赤雲|せきうん>	Red Clouds			e2e:collection/misc	NA2_ETC@0x2B4C0	NUN5_TEXTENG@0x2D98	slot	32				
T651	1	Collection > Music > track title	<r激戦|げきせん>を<r越|こ>えて	Surviving a Fierce Battle			e2e:collection/misc	NA2_ETC@0x2B4E0	NUN5_TEXTENG@0x2DB0	slot	32				
T652	1	Collection > Music > track title	カカシ<r道場|どうじょう>	Kakashi Dojo			e2e:collection/misc	NA2_ETC@0x2B500	NUN5_TEXTENG@0x2DD0	slot	32				
T653	1	Collection > Music > track title	やすらぎと<r再会|さいかい>と	Tranquility and Reunion			e2e:collection/misc	NA2_ETC@0x2B520	NUN5_TEXTENG@0x2DE0	slot	32				
T654	1	Collection > Music > track title	<r暗雲|あんうん><r来|きた>る	Dark Clouds on the Horizon			e2e:collection/misc	NA2_ETC@0x2B540	NUN5_TEXTENG@0x2E00	slot	32				
T655	1	Collection > Music > track title	<r風影|かぜかげ><r襲撃|しゅうげき>	Kazekage being attacked			e2e:collection/misc	NA2_ETC@0x2B560	NUN5_TEXTENG@0x2E20	slot	48				
T656	1	Collection > Music > track title	<r緊急指令|きんきゅうしれい>	Emergency Order			e2e:collection/misc	NA2_ETC@0x2B590	NUN5_TEXTENG@0x2E40	slot	32				
T657	1	Collection > Music > track title	<r走|はし>る<r緊迫|きんぱく>	Building Tension			e2e:collection/misc	NA2_ETC@0x2B5B0	NUN5_TEXTENG@0x2E50	slot	32				
T658	1	Collection > Music > track title	<r恐|おそ>ろしき<r怪人|かいじん>	Fearsome Demon			e2e:collection/misc	NA2_ETC@0x2B5D0	NUN5_TEXTENG@0x2E68	slot	48				
T659	1	Collection > Music > track title	<r真紅|しんく>の<r激闘|げきとう>	Crimson Battle			e2e:collection/misc	NA2_ETC@0x2B600	NUN5_TEXTENG@0x2E78	slot	48				
T660	1	Collection > Music > track title	<r闇|やみ>を<r抱|いだ>きし<r者|もの>たち	Those Who Embrace the Darkness			e2e:collection/misc	NA2_ETC@0x2B630	NUN5_TEXTENG@0x2E90	slot	48				
T661	1	Collection > Music > track title	<r虚|うつ>ろ<r消|き>えゆく<r世界|せかい>	An Ephemeral World			e2e:collection/misc	NA2_ETC@0x2B660	NUN5_TEXTENG@0x2EB0	slot	48				
T662	1	Collection > Music > track title	<r絆|きずな>	Bonds			e2e:collection/misc	NA2_ETC@0x2B690	NUN5_TEXTENG@0x15D8D	slot	16				
T663	1	Collection > Music > track title	<r偽|いつわ>りの<r存在|そんざい>	An Impostor			e2e:collection/misc	NA2_ETC@0x2B6A0	NUN5_TEXTENG@0x2EC8	slot	48				
T664	1	Collection > Music > track title	<r最凶|さいきょう>の<r傀儡師|くぐつし>	Evil Puppetmaster			e2e:collection/misc	NA2_ETC@0x2B6D0	NUN5_TEXTENG@0x2EE0	slot	48				
T665	1	Collection > Music > track title	<r決意|けつい><r固|かた>めて	Strong Determination			e2e:collection/misc	NA2_ETC@0x2B700	NUN5_TEXTENG@0x2F00	slot	32				
T666	1	Collection > Music > track title	サクラ<r舞|ま>う	Sakura's Dance			e2e:collection/misc	NA2_ETC@0x2B720	NUN5_TEXTENG@0x2F18	slot	32				
T667	1	Collection > Music > track title	<r猛|た>け<r吼|ほ>ゆる<r者|もの>	The Wild 			e2e:collection/misc	NA2_ETC@0x2B740	NUN5_TEXTENG@0x2F28	slot	48				
T668	1	Collection > Music > track title	<r願|ねが>い…<r空|そら>に<r舞|ま>いて	Wish... Dance on the Clouds			e2e:collection/misc	NA2_ETC@0x2B770	NUN5_TEXTENG@0x2F40	slot	48				
T669	1	Collection > Music > track title	<r新生|しんせい>の<r一斑|いっぱん>	The New Squad 1			e2e:collection/misc	NA2_ETC@0x2B7A0	NUN5_TEXTENG@0x2F60	slot	48				
T670	1	Collection > Music > track title	<r碧|あお>き<r背中|せなか>	Blue Silhouette			e2e:collection/misc	NA2_ETC@0x2B7D0	NUN5_TEXTENG@0x2F70	slot	32				
T671	1	Collection > Music > track title	<r巨悪現|きょあくあらわ>る	A Great Evil Appears			e2e:collection/misc	NA2_ETC@0x2B7F0	NUN5_TEXTENG@0x2F80	slot	32				
T672	1	Collection > Music > track title	<r荒|あ>れ<r狂|くる>う<r獣|けもの>	The Crazed Beast			e2e:collection/misc	NA2_ETC@0x2B810	NUN5_TEXTENG@0x2FA0	slot	48				
T673	1	Collection > Music > track title	<r切迫|せっぱく>の<r二人|ふたり>	The Imminent Duel			e2e:collection/misc	NA2_ETC@0x2B840	NUN5_TEXTENG@0x2FC0	slot	48				
T674	1	Collection > Music > track title	<r帰|かえ>るべき<r場所|ばしょ>へ	A Place to Call Home			e2e:collection/misc	NA2_ETC@0x2B870	NUN5_TEXTENG@0x2FE0	slot	40				
T675	1	Collection > Music > track title	オルゴール	Music Box			e2e:collection/misc	NA2_ETC@0x2B898	NUN5_TEXTENG@0x2FF8	slot	28				
T676	1	Collection > quit confirmation	<color080860>コレクション<color000000>を<r終了|しゅうりょう>しますか？	<BLACK>Quit <color080860>%1<BLACK>?			e2e:collection/misc	NA2_ETC@0x24F50	NUN5_TEXTENG@0x750	slot	72	format_literal_arg1	arg1=Collection		
T677	1	Collection > Voice > character voice title	<r悲|かな>しみと<r怒|いか>り	Sadness and Rage			e2e:collection/voice	NA2_ETC@0x2BB60	NUN5_TEXTENG@0x1E80	slot	32				
T678	1	Collection > Voice > character voice title	ナルトの<r決意|けつい>	Naruto's Determination			e2e:collection/voice	NA2_ETC@0x2BB80	NUN5_TEXTENG@0x1EA0	slot	32				
T679	1	Collection > Voice > character voice title	<r激情|げきじょう>	Passion			e2e:collection/voice	NA2_ETC@0x2BBA0	NUN5_SLES@0x513F20	slot	32				
T680	1	Collection > Voice > character voice title	<r二人|ふたり>の<r繋|つな>がり	The Bond Between Us			e2e:collection/voice	NA2_ETC@0x2BBC0	NUN5_TEXTENG@0x1EC0	slot	32				
T681	1	Collection > Voice > character voice title	<r再会|さいかい>…そして…	Reunion, and then...			e2e:collection/voice	NA2_ETC@0x2BBE0	NUN5_TEXTENG@0x1EE0	slot	32				
T682	1	Collection > Voice > character voice title	サクラの<r約束|やくそく>	Sakura's Promise			e2e:collection/voice	NA2_ETC@0x2BC00	NUN5_TEXTENG@0x1F00	slot	32				
T683	1	Collection > Voice > character voice title	<r決意|けつい>	Determination			e2e:collection/voice	NA2_ETC@0x2BC20	NUN5_TEXTENG@0x1F18	slot	16				
T684	1	Collection > Voice > character voice title	<r負|ま>けん<r気|き>	Never Give Up			e2e:collection/voice	NA2_ETC@0x2BC30	NUN5_TEXTENG@0x1F28	slot	24				
T685	1	Collection > Voice > character voice title	ナルトのために	For Naruto			e2e:collection/voice	NA2_ETC@0x2BC48	NUN5_TEXTENG@0x1F38	slot	24				
T686	1	Collection > Voice > character voice title	いつも<r通|どお>り	Just Like Always			e2e:collection/voice	NA2_ETC@0x2BC60	NUN5_TEXTENG@0x1F50	slot	32				
T687	1	Collection > Voice > character voice title	<r初|はじ>めての<r一言|ひとこと>	The First Word			e2e:collection/voice	NA2_ETC@0x2BC80	NUN5_TEXTENG@0x1F68	slot	48				
T688	1	Collection > Voice > character voice title	<r狙|ねら>ったキャラ<r位置|いち>	That's What I'm Going For			e2e:collection/voice	NA2_ETC@0x2BCB0	NUN5_TEXTENG@0x1F80	slot	48				
T689	1	Collection > Voice > character voice title	<r冷|つめ>たい<r言葉|ことば>	Cold Words			e2e:collection/voice	NA2_ETC@0x2BCE0	NUN5_TEXTENG@0x1FA0	slot	32				
T690	1	Collection > Voice > character voice title	<r感情|かんじょう>	Emotion			e2e:collection/voice	NA2_ETC@0x2BD00	NUN5_SLES@0x513F28	slot	32				
T691	1	Collection > Voice > character voice title	<r確|たし>かめたいもの	Something I Want to Know			e2e:collection/voice	NA2_ETC@0x2BD20	NUN5_TEXTENG@0x1FB0	slot	32				
T692	1	Collection > Voice > character voice title	カカシの<r本気|ほんき>	Kakashi's Seriousness			e2e:collection/voice	NA2_ETC@0x2BD40	NUN5_TEXTENG@0x1FD0	slot	32				
T693	1	Collection > Voice > character voice title	<r成長|せいちょう>への<r喜|よろこ>び	The Joy of Growth			e2e:collection/voice	NA2_ETC@0x2BD60	NUN5_TEXTENG@0x1FF0	slot	48				
T694	1	Collection > Voice > character voice title	ナルトの<r気持|きも>ち・<r壱|いち>	Naruto's Feelings: 1			e2e:collection/voice	NA2_ETC@0x2BD90	NUN5_TEXTENG@0x2010	slot	48				
T695	1	Collection > Voice > character voice title	ナルトの<r気持|きも>ち・<r弐|に>	Naruto's Feelings: 2			e2e:collection/voice	NA2_ETC@0x2BDC0	NUN5_TEXTENG@0x2030	slot	48				
T696	1	Collection > Voice > character voice title	<r正|ただ>しき<r道|みち>へ	The Path of Righteousness			e2e:collection/voice	NA2_ETC@0x2BDF0	NUN5_TEXTENG@0x2050	slot	32				
T697	1	Collection > Voice > character voice title	“<r暁|あかつき>”を<r前|まえ>に	Before Akatsuki			e2e:collection/voice	NA2_ETC@0x2BE10	NUN5_TEXTENG@0x2070	slot	48				
T698	1	Collection > Voice > character voice title	<r偽者|にせもの>との<r遭遇|そうぐう>	Encounter with a Fake			e2e:collection/voice	NA2_ETC@0x2BE40	NUN5_TEXTENG@0x2080	slot	48				
T699	1	Collection > Voice > character voice title	<r勝利|しょうり>の<r確信|かくしん>	Belief in Victory			e2e:collection/voice	NA2_ETC@0x2BE70	NUN5_TEXTENG@0x20A0	slot	48				
T700	1	Collection > Voice > character voice title	<r近距離戦|きんきょりせん>	Close Combat			e2e:collection/voice	NA2_ETC@0x2BEA0	NUN5_TEXTENG@0x20B8	slot	32				
T701	1	Collection > Voice > character voice title	<r揺|ゆ>るぎない<r自信|じしん>	Steady Confidence			e2e:collection/voice	NA2_ETC@0x2BEC0	NUN5_TEXTENG@0x20D0	slot	32				
T702	1	Collection > Voice > character voice title	<r修業不足|しゅぎょうぶそく>？	Short on Training?!			e2e:collection/voice	NA2_ETC@0x2BEE0	NUN5_TEXTENG@0x20F0	slot	32				
T703	1	Collection > Voice > character voice title	<r勝利|しょうり>！	Victory!			e2e:collection/voice	NA2_ETC@0x2BF00	NUN5_TEXTENG@0x2108	slot	32				
T704	1	Collection > Voice > character voice title	<r真剣勝負|しんけんしょうぶ>！	A Serious Duel!			e2e:collection/voice	NA2_ETC@0x2BF20	NUN5_TEXTENG@0x2120	slot	32				
T705	1	Collection > Voice > character voice title	<r青春|せいしゅん>とは！	Youth is...!			e2e:collection/voice	NA2_ETC@0x2BF40	NUN5_TEXTENG@0x2130	slot	32				
T706	1	Collection > Voice > character voice title	<r感激|かんげき>！	Admiration!			e2e:collection/voice	NA2_ETC@0x2BF60	NUN5_TEXTENG@0x2140	slot	32				
T707	1	Collection > Voice > character voice title	つっこみ<r役|やく>	Punchline			e2e:collection/voice	NA2_ETC@0x2BF80	NUN5_TEXTENG@0x2150	slot	32				
T708	1	Collection > Voice > character voice title	テンテンの<r自信|じしん>	Tenten's Confidence			e2e:collection/voice	NA2_ETC@0x2BFA0	NUN5_TEXTENG@0x2160	slot	32				
T709	1	Collection > Voice > character voice title	<r勝負開始|しょうぶかいし>	The Match Begins			e2e:collection/voice	NA2_ETC@0x2BFC0	NUN5_TEXTENG@0x2190	slot	32				
T710	1	Collection > Voice > character voice title	ちょっと<r感心|かんしん>	A Little Impressed			e2e:collection/voice	NA2_ETC@0x2BFE0	NUN5_TEXTENG@0x21B0	slot	32				
T711	1	Collection > Voice > character voice title	<r川|かわ>の<r国|くに>へ！！	To the Land of Rivers!			e2e:collection/voice	NA2_ETC@0x2C000	NUN5_TEXTENG@0x21D0	slot	32				
T712	1	Collection > Voice > character voice title	<r獣|けもの>レベル…？	The Level of a Beast...?			e2e:collection/voice	NA2_ETC@0x2C020	NUN5_TEXTENG@0x21F0	slot	32				
T713	1	Collection > Voice > character voice title	<r高揚|こうよう>する<r心|こころ>！！	Exhilarated Heart!			e2e:collection/voice	NA2_ETC@0x2C040	NUN5_TEXTENG@0x2230	slot	40				
T714	1	Collection > Voice > character voice title	さすがオレ！！	I'm Awesome!			e2e:collection/voice	NA2_ETC@0x2C068	NUN5_TEXTENG@0x2248	slot	24				
T715	1	Collection > Voice > character voice title	<r謎|なぞ>の<r忍現|しのびあらわ>る	The Mystery Ninja			e2e:collection/voice	NA2_ETC@0x2C080	NUN5_TEXTENG@0x2260	slot	40				
T716	1	Collection > Voice > character voice title	やはりシカマル	It's Shikamaru			e2e:collection/voice	NA2_ETC@0x2C0A8	NUN5_TEXTENG@0x2278	slot	24				
T717	1	Collection > Voice > character voice title	<r面倒|めんどう>くささ<r満点|まんてん>	The Biggest Drag			e2e:collection/voice	NA2_ETC@0x2C0C0	NUN5_TEXTENG@0x2290	slot	48				
T718	1	Collection > Voice > character voice title	<r男|おとこ>の<r意地|いじ>	A Man's Pride			e2e:collection/voice	NA2_ETC@0x2C0F0	NUN5_TEXTENG@0x22A8	slot	32				
T719	1	Collection > Voice > character voice title	<r明晰|めいせき>な<r頭脳|ずのう>	A Bright Mind			e2e:collection/voice	NA2_ETC@0x2C110	NUN5_TEXTENG@0x22B8	slot	48				
T720	1	Collection > Voice > character voice title	ポッチャリ<r系|けい>	Tubby			e2e:collection/voice	NA2_ETC@0x2C140	NUN5_SLES@0x513F30	slot	32				
T721	1	Collection > Voice > character voice title	<r強力|ごうりき>チョウジ	Powerful Choji			e2e:collection/voice	NA2_ETC@0x2C160	NUN5_TEXTENG@0x22C8	slot	32				
T722	1	Collection > Voice > character voice title	シカマルとの<r連係|れんけい>	Team With Shikamaru			e2e:collection/voice	NA2_ETC@0x2C180	NUN5_TEXTENG@0x22E0	slot	32				
T723	1	Collection > Voice > character voice title	<r準備万端|じゅんびばんたん>	Well Prepared			e2e:collection/voice	NA2_ETC@0x2C1A0	NUN5_TEXTENG@0x22F8	slot	32				
T724	1	Collection > Voice > character voice title	<r旧知|きゅうち>の<r仲|なか>	An Old Friend			e2e:collection/voice	NA2_ETC@0x2C1C0	NUN5_TEXTENG@0x2308	slot	32				
T725	1	Collection > Voice > character voice title	いの<r登場|とうじょう>	Ino Appears			e2e:collection/voice	NA2_ETC@0x2C1E0	NUN5_TEXTENG@0x2318	slot	32				
T726	1	Collection > Voice > character voice title	<r久々|ひさびさ>の<r対面|たいめん>	A Rare Meeting			e2e:collection/voice	NA2_ETC@0x2C200	NUN5_TEXTENG@0x2328	slot	48				
T727	1	Collection > Voice > character voice title	サクラと<r共闘|きょうとう>？	A Shared Cause With Sakura?			e2e:collection/voice	NA2_ETC@0x2C230	NUN5_TEXTENG@0x2340	slot	32				
T728	1	Collection > Voice > character voice title	チョウジと<r連係|れんけい>	Team With Choji			e2e:collection/voice	NA2_ETC@0x2C250	NUN5_TEXTENG@0x2360	slot	32				
T729	1	Collection > Voice > character voice title	<r自信満々|じしんまんまん>	Full of Confidence			e2e:collection/voice	NA2_ETC@0x2C270	NUN5_TEXTENG@0x2370	slot	32				
T730	1	Collection > Voice > character voice title	<r戦闘|せんとう>へ	Into Battle			e2e:collection/voice	NA2_ETC@0x2C290	NUN5_TEXTENG@0x2388	slot	32				
T731	1	Collection > Voice > character voice title	<r優|やさ>しい<r言葉|ことば>	Words of Kindness			e2e:collection/voice	NA2_ETC@0x2C2B0	NUN5_TEXTENG@0x23A0	slot	32				
T732	1	Collection > Voice > character voice title	<r感謝|かんしゃ>	Gratitude			e2e:collection/voice	NA2_ETC@0x2C2D0	NUN5_TEXTENG@0x23B8	slot	32				
T733	1	Collection > Voice > character voice title	アスマの<r意地|いじ>	Asuma's Pride			e2e:collection/voice	NA2_ETC@0x2C2F0	NUN5_TEXTENG@0x23C8	slot	32				
T734	1	Collection > Voice > character voice title	<r新|あら>たな<r手|て>	A New Choice			e2e:collection/voice	NA2_ETC@0x2C310	NUN5_TEXTENG@0x23D8	slot	32				
T735	1	Collection > Voice > character voice title	ナルトとの<r再会|さいかい>	Reunion With Naruto			e2e:collection/voice	NA2_ETC@0x2C330	NUN5_TEXTENG@0x23F0	slot	32				
T736	1	Collection > Voice > character voice title	<r大|おお>きくなった？	You've Grown?			e2e:collection/voice	NA2_ETC@0x2C350	NUN5_TEXTENG@0x2408	slot	32				
T737	1	Collection > Voice > character voice title	ヒナタが<r倒|たお>れて	Hinata Falls			e2e:collection/voice	NA2_ETC@0x2C370	NUN5_TEXTENG@0x2418	slot	32				
T738	1	Collection > Voice > character voice title	ヒナタを<r守|まも>って	Protect Hinata			e2e:collection/voice	NA2_ETC@0x2C390	NUN5_TEXTENG@0x2428	slot	24				
T739	1	Collection > Voice > character voice title	キバとシノ	Kiba and Shino			e2e:collection/voice	NA2_ETC@0x2C3A8	NUN5_TEXTENG@0x2438	slot	16				
T740	1	Collection > Voice > character voice title	シノとナルト	Shino and Naruto			e2e:collection/voice	NA2_ETC@0x2C3B8	NUN5_TEXTENG@0x2450	slot	24				
T741	1	Collection > Voice > character voice title	<r拗|す>ねるシノ・<r壱|いち>	Cynical Shino: 1			e2e:collection/voice	NA2_ETC@0x2C3D0	NUN5_TEXTENG@0x2470	slot	32				
T742	1	Collection > Voice > character voice title	<r拗|す>ねるシノ・<r弐|に>	Cynical Shino: 2			e2e:collection/voice	NA2_ETC@0x2C3F0	NUN5_TEXTENG@0x2490	slot	32				
T743	1	Collection > Voice > character voice title	<r静|しず>かなる<r自信|じしん>	Silent Confidence			e2e:collection/voice	NA2_ETC@0x2C410	NUN5_TEXTENG@0x24B0	slot	32				
T744	1	Collection > Voice > character voice title	<r微|かす>かな<r安心|あんしん>	Faint Unease			e2e:collection/voice	NA2_ETC@0x2C430	NUN5_TEXTENG@0x24C8	slot	32				
T745	1	Collection > Voice > character voice title	ナルトを<r見|み>かけて	Naruto Spotting			e2e:collection/voice	NA2_ETC@0x2C450	NUN5_TEXTENG@0x24E0	slot	32				
T746	1	Collection > Voice > character voice title	<r戦闘前|せんとうまえ>	Before Battle			e2e:collection/voice	NA2_ETC@0x2C470	NUN5_TEXTENG@0x24F0	slot	32				
T747	1	Collection > Voice > character voice title	つのる<r心配|しんぱい>	Growing Worry			e2e:collection/voice	NA2_ETC@0x2C490	NUN5_TEXTENG@0x2500	slot	32				
T748	1	Collection > Voice > character voice title	ナルトの<r助太刀|すけだち>	Coming to Naruto's Aid			e2e:collection/voice	NA2_ETC@0x2C4B0	NUN5_TEXTENG@0x2510	slot	32				
T749	1	Collection > Voice > character voice title	<r感謝|かんしゃ>の<r言葉|ことば>	Words of Thanks			e2e:collection/voice	NA2_ETC@0x2C4D0	NUN5_TEXTENG@0x2530	slot	48				
T750	1	Collection > Voice > character voice title	<r幻術使|げんじゅつつか>い	Genjutsu User			e2e:collection/voice	NA2_ETC@0x2C500	NUN5_TEXTENG@0x2540	slot	32				
T751	1	Collection > Voice > character voice title	アスマと<r共闘|きょうとう>	A Shared Cause With Asuma			e2e:collection/voice	NA2_ETC@0x2C520	NUN5_TEXTENG@0x2550	slot	32				
T752	1	Collection > Voice > character voice title	<r共|とも>に…！	Together!			e2e:collection/voice	NA2_ETC@0x2C540	NUN5_TEXTENG@0x2570	slot	32				
T753	1	Collection > Voice > character voice title	<r肩透|かたす>かし	Dodging the Issue			e2e:collection/voice	NA2_ETC@0x2C560	NUN5_TEXTENG@0x2580	slot	32				
T754	1	Collection > Voice > character voice title	<r不注意厳禁|ふちゅういげんきん>	Caution Required			e2e:collection/voice	NA2_ETC@0x2C580	NUN5_TEXTENG@0x25A0	slot	48				
T755	1	Collection > Voice > character voice title	<r風影|かぜかげ>として	As a Kazekage			e2e:collection/voice	NA2_ETC@0x2C5B0	NUN5_TEXTENG@0x25B8	slot	32				
T756	1	Collection > Voice > character voice title	<r空虚|くうきょ>な<r世界|せかい>で	In a World of Emptiness			e2e:collection/voice	NA2_ETC@0x2C5D0	NUN5_TEXTENG@0x25D0	slot	48				
T757	1	Collection > Voice > character voice title	<r存在|そんざい>	Existence			e2e:collection/voice	NA2_ETC@0x2C600	NUN5_TEXTENG@0x25E8	slot	32				
T758	1	Collection > Voice > character voice title	<r新|あたら>しい<r自分|じぶん>	A New Me			e2e:collection/voice	NA2_ETC@0x2C620	NUN5_TEXTENG@0x25F8	slot	32				
T759	1	Collection > Voice > character voice title	<r弟|おとうと>のために	For My Brother			e2e:collection/voice	NA2_ETC@0x2C640	NUN5_TEXTENG@0x2608	slot	24				
T760	1	Collection > Voice > character voice title	<r驚|おどろ>き	Surprise			e2e:collection/voice	NA2_ETC@0x2C658	NUN5_TEXTENG@0x2618	slot	24				
T761	1	Collection > Voice > character voice title	<r滲|にじ>み<r出|で>る<r悔|くや>しさ	Dripping With Frustration			e2e:collection/voice	NA2_ETC@0x2C670	NUN5_TEXTENG@0x2630	slot	48				
T762	1	Collection > Voice > character voice title	<r自慢|じまん>の<r傀儡|くぐつ>	Pride in Puppets			e2e:collection/voice	NA2_ETC@0x2C6A0	NUN5_TEXTENG@0x2650	slot	32				
T763	1	Collection > Voice > character voice title	<r姉|あね>と<r共|とも>に	With My Sister			e2e:collection/voice	NA2_ETC@0x2C6C0	NUN5_TEXTENG@0x2668	slot	32				
T764	1	Collection > Voice > character voice title	<r風|かぜ>の<r使|つか>い<r手|て>	Wielder of the Wind			e2e:collection/voice	NA2_ETC@0x2C6E0	NUN5_TEXTENG@0x2680	slot	48				
T765	1	Collection > Voice > character voice title	<r我愛羅|ガアラ>の<r前|まえ>で	Before Gaara			e2e:collection/voice	NA2_ETC@0x2C710	NUN5_TEXTENG@0x2698	slot	32				
T766	1	Collection > Voice > character voice title	<r手加減|てかげん>	Going Easy			e2e:collection/voice	NA2_ETC@0x2C730	NUN5_TEXTENG@0x26A8	slot	32				
T767	1	Collection > Voice > character voice title	<r姉|あね>の<r喜|よろこ>び	Silent Confidence			e2e:collection/voice	NA2_ETC@0x2C750	NUN5_TEXTENG@0x24B0	slot	32				
T768	1	Collection > Voice > character voice title	<r邂逅|かいこう>	Chance Meeting			e2e:collection/voice	NA2_ETC@0x2C770	NUN5_TEXTENG@0x26B8	slot	32				
T769	1	Collection > Voice > character voice title	<r忠告|ちゅうこく>	Warning			e2e:collection/voice	NA2_ETC@0x2C790	NUN5_SLES@0x513F38	slot	24				
T770	1	Collection > Voice > character voice title	<r余裕|よゆう>	A Cinch			e2e:collection/voice	NA2_ETC@0x2C7A8	NUN5_SLES@0x513F40	slot	24				
T771	1	Collection > Voice > character voice title	<r九尾|きゅうび>の<r人柱力|じんちゅうりき>	Host to Nine Tails			e2e:collection/voice	NA2_ETC@0x2C7C0	NUN5_TEXTENG@0x26D0	slot	48				
T772	1	Collection > Voice > character voice title	<r強者|きょうしゃ>の<r男|おとこ>	A Strong Man			e2e:collection/voice	NA2_ETC@0x2C7F0	NUN5_TEXTENG@0x26E8	slot	48				
T773	1	Collection > Voice > character voice title	<r珍獣|ちんじゅう>との<r再会|さいかい>	Re-encounter with the odd beast			e2e:collection/voice	NA2_ETC@0x2C820	NUN5_TEXTENG@0x2700	slot	48				
T774	1	Collection > Voice > character voice title	<r獣|けもの>レベル	Beast Level			e2e:collection/voice	NA2_ETC@0x2C850	NUN5_TEXTENG@0x2720	slot	32				
T775	1	Collection > Voice > character voice title	<r襲|おそ>い<r掛|か>かる<r鬼鮫|キサメ>	Attacking Kisame			e2e:collection/voice	NA2_ETC@0x2C870	NUN5_TEXTENG@0x2730	slot	48				
T776	1	Collection > Voice > character voice title	<r高揚|こうよう>する<r心|こころ>	Exhilarated Heart			e2e:collection/voice	NA2_ETC@0x2C8A0	NUN5_TEXTENG@0x2750	slot	48				
T777	1	Collection > Voice > character voice title	<r苛立|いらだ>ち	Irritation			e2e:collection/voice	NA2_ETC@0x2C8D0	NUN5_TEXTENG@0x2768	slot	32				
T778	1	Collection > Voice > character voice title	<r一尾|いちび>の<r人柱力|じんちゅうりき>	Host to One Tail			e2e:collection/voice	NA2_ETC@0x2C8F0	NUN5_TEXTENG@0x2780	slot	48				
T779	1	Collection > Voice > character voice title	<r刺激|しげき>を<r求|もと>めて	Looking for Excitement			e2e:collection/voice	NA2_ETC@0x2C920	NUN5_TEXTENG@0x27A0	slot	32				
T780	1	Collection > Voice > character voice title	<r変|か>わり<r者|もの>	Peculiar			e2e:collection/voice	NA2_ETC@0x2C940	NUN5_TEXTENG@0x27B8	slot	32				
T781	1	Collection > Voice > character voice title	デイダラの<r挑発|ちょうはつ>	Deidara's Challenge			e2e:collection/voice	NA2_ETC@0x2C960	NUN5_TEXTENG@0x27D0	slot	32				
T782	1	Collection > Voice > character voice title	<r予告|よこく>	Premonition			e2e:collection/voice	NA2_ETC@0x2C980	NUN5_TEXTENG@0x27E8	slot	16				
T783	1	Collection > Voice > character voice title	ギャハギャハギャハ！	Wahahaha!			e2e:collection/voice	NA2_ETC@0x2C990	NUN5_TEXTENG@0x27F8	slot	24				
T784	1	Collection > Voice > character voice title	できること	What Can Be Done			e2e:collection/voice	NA2_ETC@0x2C9A8	NUN5_TEXTENG@0x2810	slot	24				
T785	1	Collection > Voice > character voice title	<r最後|さいご>の<r喜|よろこ>び	Final Happiness			e2e:collection/voice	NA2_ETC@0x2C9C0	NUN5_TEXTENG@0x2830	slot	32				
T786	1	Collection > Voice > character voice title	<r砂|すな>と<r木|こ>ノ<r葉|は>	The Sand and the Leaf 			e2e:collection/voice	NA2_ETC@0x2C9E0	NUN5_TEXTENG@0x2840	slot	32				
T787	1	Collection > Voice > character voice title	<r最後|さいご>のお<r願|ねが>い	Last Wish			e2e:collection/voice	NA2_ETC@0x2CA00	NUN5_TEXTENG@0x2858	slot	32				
T788	1	Collection > Voice > character voice title	サソリの<r性格|せいかく>	Sasori's Nature			e2e:collection/voice	NA2_ETC@0x2CA20	NUN5_TEXTENG@0x2880	slot	32				
T789	1	Collection > Voice > character voice title	<r三代目風影|さんだいめかぜかげ>	The Third Kazekage			e2e:collection/voice	NA2_ETC@0x2CA40	NUN5_TEXTENG@0x2890	slot	48				
T790	1	Collection > Voice > character voice title	<r自分傀儡|じぶんくぐつ>	Self Puppet			e2e:collection/voice	NA2_ETC@0x2CA70	NUN5_TEXTENG@0x28A8	slot	32				
T791	1	Collection > Voice > character voice title	<r止|と>まる<r傀儡|くぐつ>	Still Puppets			e2e:collection/voice	NA2_ETC@0x2CA90	NUN5_TEXTENG@0x28B8	slot	32				
T792	1	Collection > Voice > character voice title	<r自来也|じらいや>の<r魅力|みりょく>？	Jiraiya's Appeal?			e2e:collection/voice	NA2_ETC@0x2CAB0	NUN5_TEXTENG@0x28D0	slot	48				
T793	1	Collection > Voice > character voice title	<r取材|しゅざい>	Research			e2e:collection/voice	NA2_ETC@0x2CAE0	NUN5_TEXTENG@0x28E8	slot	32				
T794	1	Collection > Voice > character voice title	<r因縁|いんねん>のケリ	Fated Duel			e2e:collection/voice	NA2_ETC@0x2CB00	NUN5_TEXTENG@0x28F8	slot	32				
T795	1	Collection > Voice > character voice title	<r高笑|たかわら>い	Condescending Laugh			e2e:collection/voice	NA2_ETC@0x2CB20	NUN5_TEXTENG@0x2910	slot	32				
T796	1	Collection > Voice > character voice title	<r三忍|さんにん>の<r実力|じつりょく>	The Power of the Sannin			e2e:collection/voice	NA2_ETC@0x2CB40	NUN5_TEXTENG@0x2930	slot	40				
T797	1	Collection > Voice > character voice title	<r監視|かんし>	Surveillance			e2e:collection/voice	NA2_ETC@0x2CB68	NUN5_TEXTENG@0x2958	slot	24				
T798	1	Collection > Voice > character voice title	<r決着|けっちゃく>の<r時|とき>	Settle the Score			e2e:collection/voice	NA2_ETC@0x2CB80	NUN5_TEXTENG@0x2970	slot	32				
T799	1	Collection > Voice > character voice title	<r綱手|ツナデ>の<r性格|せいかく>	Tsunade's Nature			e2e:collection/voice	NA2_ETC@0x2CBA0	NUN5_TEXTENG@0x2990	slot	48				
T800	1	Collection > Voice > character voice title	<r五代目火影|ごだいめほかげ>	The Fifth Hokage			e2e:collection/voice	NA2_ETC@0x2CBD0	NUN5_TEXTENG@0x29B0	slot	32				
T801	1	Collection > Voice > character voice title	<r綱手|ツナデ>と<r組手|くみて>	Sparring with Tsunade			e2e:collection/voice	NA2_ETC@0x2CBF0	NUN5_TEXTENG@0x29D0	slot	32				
T802	1	Collection > Voice > character voice title	<r本領発揮|ほんりょうはっき>	Realizing Potential 			e2e:collection/voice	NA2_ETC@0x2CC10	NUN5_TEXTENG@0x29F0	slot	32				
T803	1	Collection > Voice > character voice title	<r付|つ>き<r人|びと>シズネ	Attendant Shizune			e2e:collection/voice	NA2_ETC@0x2CC30	NUN5_TEXTENG@0x2A10	slot	32				
T804	1	Collection > Voice > character voice title	<r医療忍者|いりょうにんじゃ>として	As a Medical Ninja			e2e:collection/voice	NA2_ETC@0x2CC50	NUN5_TEXTENG@0x2A30	slot	40				
T805	1	Collection > Voice > character voice title	おめでとう！	Congratulations!			e2e:collection/voice	NA2_ETC@0x2CC78	NUN5_TEXTENG@0x2A50	slot	24				
T806	1	Collection > Voice > character voice title	<r代行|だいこう>の<r男|おとこ>	The Stand-In			e2e:collection/voice	NA2_ETC@0x2CC90	NUN5_TEXTENG@0x2A68	slot	32				
T807	1	Collection > Voice > character voice title	チームワーク	Teamwork			e2e:collection/voice	NA2_ETC@0x2CCB0	NUN5_TEXTENG@0x2A78	slot	16				
T808	1	Collection > Voice > character voice title	<r共通|きょうつう>の<r目的|もくてき>	A Shared Purpose			e2e:collection/voice	NA2_ETC@0x2CCC0	NUN5_TEXTENG@0x2A90	slot	48				
T809	1	Collection > Voice > character voice title	<r軽|かる>い<r挑発|ちょうはつ>	A Light Provocation			e2e:collection/voice	NA2_ETC@0x2CCF0	NUN5_TEXTENG@0x2AB0	slot	32				
T810	1	Collection > Voice > character voice title	<r行動|こうどう>あるのみ	No Choice But Action			e2e:collection/voice	NA2_ETC@0x2CD10	NUN5_TEXTENG@0x2AD0	slot	32				
T811	1	Collection > Voice > character voice title	<r大蛇丸|オロチまる><r現|あらわ>る	Orochimaru is Coming			e2e:collection/voice	NA2_ETC@0x2CD30	NUN5_TEXTENG@0x2AF0	slot	48				
T812	1	Collection > Voice > character voice title	<r挑発|ちょうはつ>	Provocation			e2e:collection/voice	NA2_ETC@0x2CD60	NUN5_TEXTENG@0x2B18	slot	32				
T813	1	Collection > Voice > character voice title	<r二人|ふたり>の<r対比|たいひ>	Contrasting Pair			e2e:collection/voice	NA2_ETC@0x2CD80	NUN5_TEXTENG@0x2B30	slot	32				
T814	1	Collection > Voice > character voice title	<r五年|ごねん>ぶりの<r再会|さいかい>	A Reunion After Five Years			e2e:collection/voice	NA2_ETC@0x2CDC0	NUN5_TEXTENG@0x2B50	slot	48				
T815	1	Collection > Voice > character voice title	<r共感|きょうかん>	Sympathy			e2e:collection/voice	NA2_ETC@0x2CDF0	NUN5_TEXTENG@0x2B70	slot	32				
T816	1	Collection > Voice > character voice title	カブトの<r挑発|ちょうはつ>	Kabuto's Challenge			e2e:collection/voice	NA2_ETC@0x2CE10	NUN5_TEXTENG@0x2B80	slot	32				
T817	1	Collection > Voice > character voice title	<r感心|かんしん>	Admiration			e2e:collection/voice	NA2_ETC@0x2CE30	NUN5_TEXTENG@0x2B98	slot	32				
T818	1	Collection > Voice > character voice title	サスケの<r存在|そんざい>	Sasuke's Presence			e2e:collection/voice	NA2_ETC@0x2CE50	NUN5_TEXTENG@0x2BB0	slot	32				
T819	1	Collection > Voice > character voice title	ナルトとサスケ	Naruto and Sasuke			e2e:collection/voice	NA2_ETC@0x2CE70	NUN5_TEXTENG@0x2BD0	slot	16			NA2_ETC@0x2D610	
T820	1	Collection > Voice > character voice title	<r気|き>まぐれ	Fickle			e2e:collection/voice	NA2_ETC@0x2CE80	NUN5_SLES@0x513F48	slot	16				
T821	1	Collection > Voice > character voice title	<r愚|おろ>かなること	Foolishness			e2e:collection/voice	NA2_ETC@0x2CE90	NUN5_TEXTENG@0x2BE8	slot	32				
T822	1	Collection > Voice > character voice title	<r兄|あに>との<r繋|つな>がり	Bond Between Brothers			e2e:collection/voice	NA2_ETC@0x2CEB0	NUN5_TEXTENG@0x2C00	slot	32				
T823	1	Collection > Voice > character voice title	<r目障|めざわ>りな<r存在|そんざい>	An Unpleasant Sight			e2e:collection/voice	NA2_ETC@0x2CED0	NUN5_TEXTENG@0x2C20	slot	52				
T824	1	Collection > Voice > character voice title	ノルマ	Assignment			e2e:collection/voice	NA2_SLPS@0x507160	NUN5_TEXTENG@0x2868	slot	8			NA2_ETC@0x2D46C	
T2158	1	Collection > Voice > Orochimaru voice title	<r通告|つうこく>	Warning			e2e:collection/voice	NA2_ETC@0x2CDA0	NUN5_SLES@0x513F38	slot	32				
T2205	1	Collection > Voice > character voice title	<r自分自身|じぶんじしん>	Me Myself			e2e:collection/voice	NA2_ETC@0x26AB0	NUN5_TEXTENG@0x2178	slot	32			NA2_ETC@0x2D088	
T2206	1	Collection > Voice > character voice title	<r青春|せいしゅん>フルパワー！！	Youth at Full Power!			e2e:collection/voice	NA2_ETC@0x28730	NUN5_TEXTENG@0x2210	slot	48			NA2_ETC@0x2D0C4	
T2207	1	Collection > Voice > character voice title	<r勝負開始|しょうぶかいし>	Duel Start			e2e:collection/voice	NA2_ETC@0x2BFC0	NUN5_TEXTENG@0x2948	slot	32			NA2_ETC@0x2D4E4	
T2208	1	Collection > Voice > character voice title	<r余裕|よゆう>	No Worries			e2e:collection/voice	NA2_ETC@0x2C7A8	NUN5_TEXTENG@0x2B08	slot	24			NA2_ETC@0x2D5A4	
T2209	1	Collection > character name plaque	チヨバア	Granny Chiyo 			e2e:collection/characters|e2e:collection/figures|e2e:collection/opponents|e2e:collection/ultimates|e2e:collection/voice	NA2_ETC@0x251E0	NUN5_TEXTENG@0x518	slot	16			NA2_ETC@0x25A68	
T259	1	Command Chart > character move name	<r鹿蝶封結|かちょうふうげつ>	Kachofuketsu			e2e:movesets	NA2_SLPS@0x49D690	NUN5_TEXTENG@0x78F0	slot	32
T260	1	Command Chart > character move name	<r涅槃精舎|ねはんしょうじゃ>の<r術|じゅつ>	Temple of Nirvana Technique			e2e:jutsus	NA2_SLPS@0x49DE80	NUN5_TEXTENG@0x7960	slot	48				
T825	1	Command Chart > character move name	<r多重影分身|たじゅうかげぶんしん>の<r術|じゅつ>	Multi Shadow Clone Jutsu			e2e:movesets	NA2_SLPS@0x30CA80	NUN5_TEXTENG@0x51C0	slot	64				
T826	1	Command Chart > character move name	<r螺旋丸|らせんがん>	Rasengan			e2e:movesets	NA2_SLPS@0x30CAC0	NUN5_TEXTENG@0x51E0	slot	32				
T827	1	Command Chart > character move name	<r特攻蹴撃|とっこうしゅうげき>	Charging Kick			e2e:movesets	NA2_SLPS@0x30CAE0	NUN5_TEXTENG@0x51F0	slot	32				
T828	1	Command Chart > character move name	<r跳爆激|ちょうばくげき>	Jumping Explosion			e2e:movesets	NA2_SLPS@0x30CB00	NUN5_TEXTENG@0x5200	slot	32				
T829	1	Command Chart > character move name	<r分身脳天割|ぶんしんのうてんわ>り	Clone Jutsu: Crown of the Head Cut 			e2e:movesets	NA2_SLPS@0x30CB20	NUN5_TEXTENG@0x5220	slot	48				
T830	1	Command Chart > character move name	<r跳影撃|ちょうえいげき>	Jumping Shadow Strike			e2e:movesets	NA2_SLPS@0x30CB50	NUN5_TEXTENG@0x5250	slot	32				
T831	1	Command Chart > character move name	うずまき<r大回転|だいかいてん>	Uzumaki Spin			e2e:movesets	NA2_SLPS@0x30CB70	NUN5_TEXTENG@0x5268	slot	32				
T832	1	Command Chart > character move name	<r分身旋回蹴|ぶんしんせんかいげ>り	Clone Jutsu: Whirling Kick			e2e:movesets	NA2_SLPS@0x30CB90	NUN5_TEXTENG@0x5280	slot	48				
T833	1	Command Chart > character move name	<r分身特攻弾|ぶんしんとっこうだん>	Clone Jutsu: Charging Bullet			e2e:movesets	NA2_SLPS@0x30CBC0	NUN5_TEXTENG@0x52A0	slot	48				
T834	1	Command Chart > character move name	<r分身|ぶんしん>うずまき<r昇竜|しょうりゅう>	Clone Jutsu: Naruto Rising Dragon			e2e:movesets	NA2_SLPS@0x30CBF0	NUN5_TEXTENG@0x52C0	slot	48				
T835	1	Command Chart > character move name	<r大車輪|だいしゃりん>	Giant Swing			e2e:movesets	NA2_SLPS@0x30CC20	NUN5_TEXTENG@0x52E8	slot	32				
T836	1	Command Chart > character move name	<r大風車|だいふうしゃ>	Giant Windmill			e2e:movesets	NA2_SLPS@0x30CC40	NUN5_TEXTENG@0x52F8	slot	32				
T837	1	Command Chart > character move name	<r大蹴激|だいしゅうげき>	Giant Kick Fury			e2e:movesets	NA2_SLPS@0x30CC60	NUN5_TEXTENG@0x5310	slot	32				
T838	1	Command Chart > character move name	<r竹蜻蛉|たけとんぼ>	Bamboo Helicopter			e2e:movesets	NA2_SLPS@0x30CC80	NUN5_TEXTENG@0x5320	slot	32				
T839	1	Command Chart > character move name	<r無双豪炎弾|むそうごうえんだん>	Ultra Fire Bullet 			e2e:movesets	NA2_SLPS@0x312200	NUN5_TEXTENG@0x5400	slot	40				
T840	1	Command Chart > character move name	<r千鳥|ちどり>	Chidori			e2e:movesets	NA2_SLPS@0x312228	NUN5_SLES@0x5140E0	slot	24				
T841	1	Command Chart > character move name	<r潜鉄爪|せんてっそう>	Hidden Iron Claw			e2e:movesets	NA2_SLPS@0x312240	NUN5_TEXTENG@0x5420	slot	32				
T842	1	Command Chart > character move name	<r火砕突|かさいとつ>	Fire Smash Thrust			e2e:movesets	NA2_SLPS@0x312260	NUN5_TEXTENG@0x5440	slot	32				
T843	1	Command Chart > character move name	<r疾風脚|しっぷうきゃく>	Gale Force Kick			e2e:movesets	NA2_SLPS@0x312280	NUN5_TEXTENG@0x5460	slot	32				
T844	1	Command Chart > character move name	<r炎上羽|えんじょうばね>	Flame Wing			e2e:movesets	NA2_SLPS@0x3122A0	NUN5_TEXTENG@0x5470	slot	32				
T845	1	Command Chart > character move name	<r炎華脚|えんがきゃく>	Flaming Flower Kick			e2e:movesets	NA2_SLPS@0x3122C0	NUN5_TEXTENG@0x5480	slot	32				
T846	1	Command Chart > character move name	<r直華脚|ちょっかきゃく>	Direct Kick			e2e:movesets	NA2_SLPS@0x3122E0	NUN5_TEXTENG@0x5498	slot	32				
T847	1	Command Chart > character move name	<r旋炎撃|せんえんげき>	Whirl Flame Attack/Strike			e2e:movesets	NA2_SLPS@0x312300	NUN5_TEXTENG@0x54B0	slot	32				
T848	1	Command Chart > character move name	<r背負|せお>い<r投|な>げ	Shoulder Throw			e2e:movesets	NA2_SLPS@0x312320	NUN5_TEXTENG@0x54D0	slot	32				
T849	1	Command Chart > character move name	<r火塵乱舞|かじんらんぶ>	Wild Dance of Fire Dust			e2e:movesets	NA2_SLPS@0x312340	NUN5_TEXTENG@0x54E0	slot	32				
T850	1	Command Chart > character move name	<r火円落脚|かえんらくきゃく>	Flame Circle Drop Kick			e2e:movesets	NA2_SLPS@0x312360	NUN5_TEXTENG@0x5500	slot	32				
T851	1	Command Chart > character move name	<r隼落|はやぶさお>とし	Falcon Drop			e2e:movesets	NA2_SLPS@0x312380	NUN5_TEXTENG@0x49C0	slot	32				
T852	1	Command Chart > character move name	<r迸火乱舞|へいからんぶ>	Wild Dance of Spouting Fire			e2e:movesets	NA2_SLPS@0x3123A0	NUN5_TEXTENG@0x5520	slot	32				
T853	1	Command Chart > character move name	<r木|こ>ノ<r葉烈風|はれっぷう>	Leaf Whirlwind			e2e:movesets	NA2_SLPS@0x317940	NUN5_TEXTENG@0x5600	slot	32				
T854	1	Command Chart > character move name	<r木|こ>ノ<r葉大旋風|はだいせんぷう>	Leaf Great Hurricane			e2e:movesets	NA2_SLPS@0x317960	NUN5_TEXTENG@0x5610	slot	48				
T855	1	Command Chart > character move name	<r碧|あお>い<r閃光|せんこう>	Green Flash			e2e:movesets	NA2_SLPS@0x317990	NUN5_TEXTENG@0x5628	slot	32				
T856	1	Command Chart > character move name	<r剛肩突破|ごうけんとっぱ>	Ferocious Shoulder Breakthrough			e2e:movesets	NA2_SLPS@0x3179B0	NUN5_TEXTENG@0x5640	slot	32				
T857	1	Command Chart > character move name	<r三連剛脚|さんれんごうきゃく>	Triple Ferocious Kick			e2e:movesets	NA2_SLPS@0x3179D0	NUN5_TEXTENG@0x5660	slot	32				
T858	1	Command Chart > character move name	<r碧|あお>い<r衝撃|しょうげき>	Green Impact			e2e:movesets	NA2_SLPS@0x3179F0	NUN5_TEXTENG@0x5678	slot	32				
T859	1	Command Chart > character move name	<r落葉天舞|らくようてんぶ>	Heavenly Dance of Falling Leaf 			e2e:movesets	NA2_SLPS@0x317A10	NUN5_TEXTENG@0x5690	slot	32				
T860	1	Command Chart > character move name	<r旋風烈破|せんぷうれっぱ>	Hurricane Destruction			e2e:movesets	NA2_SLPS@0x317A30	NUN5_TEXTENG@0x56B0	slot	32				
T861	1	Command Chart > character move name	<r練気拳|れんきけん>	Energy Fist			e2e:movesets	NA2_SLPS@0x317A50	NUN5_TEXTENG@0x56C8	slot	32				
T862	1	Command Chart > character move name	<r碧|あお>い<r咆哮|ほうこう>	Green Roar			e2e:movesets	NA2_SLPS@0x317A70	NUN5_TEXTENG@0x56D8	slot	32				
T863	1	Command Chart > character move name	<r碧|あお>い<r突風|とっぷう>	Green Gust			e2e:movesets	NA2_SLPS@0x317A90	NUN5_TEXTENG@0x56E8	slot	32				
T864	1	Command Chart > character move name	<r碧|あお>い<r烈風|れっぷう>	Green Storm			e2e:movesets	NA2_SLPS@0x317AB0	NUN5_TEXTENG@0x56F8	slot	32				
T865	1	Command Chart > character move name	<r碧|あお>い<r旋風|せんぷう>	Green Tornado			e2e:movesets	NA2_SLPS@0x317AD0	NUN5_TEXTENG@0x5708	slot	32				
T866	1	Command Chart > character move name	<r碧|あお>い<r疾風|しっぷう>	Green Gale			e2e:movesets	NA2_SLPS@0x317AF0	NUN5_TEXTENG@0x5718	slot	32				
T867	1	Command Chart > character move name	<r砂瀑送葬|さばくそうそう>	Sand Burial			e2e:movesets	NA2_SLPS@0x31CAB0	NUN5_TEXTENG@0x57F0	slot	32				
T868	1	Command Chart > character move name	<r砂時雨|すなしぐれ>	Sand Shower 			e2e:movesets	NA2_SLPS@0x31CAD0	NUN5_TEXTENG@0x5800	slot	32				
T869	1	Command Chart > character move name	<r翔陣砂|しょうじんさ>	Soaring Sand Formation			e2e:movesets	NA2_SLPS@0x31CAF0	NUN5_TEXTENG@0x5810	slot	32				
T870	1	Command Chart > character move name	<r波追砂|はついさ>	Sand Wave Pursuit			e2e:movesets	NA2_SLPS@0x31CB10	NUN5_TEXTENG@0x5830	slot	32				
T871	1	Command Chart > character move name	<r流壁砂|りゅうへきさ>	Flowing Wall of Sand			e2e:movesets	NA2_SLPS@0x31CB30	NUN5_TEXTENG@0x5850	slot	32				
T872	1	Command Chart > character move name	<r縛落砂|ばくらくさ>	Falling Sand Paralysis			e2e:movesets	NA2_SLPS@0x31CB50	NUN5_TEXTENG@0x5870	slot	32				
T873	1	Command Chart > character move name	<r噴塵砂|ふんじんさ>	Erupting Sandstorm			e2e:movesets	NA2_SLPS@0x31CB70	NUN5_TEXTENG@0x5890	slot	24				
T874	1	Command Chart > character move name	<r握砂|あくさ>	Sand Clutch			e2e:movesets	NA2_SLPS@0x31CB88	NUN5_TEXTENG@0x58A8	slot	24				
T875	1	Command Chart > character move name	<r瀑流砂|ばくりゅうさ>	Sandfall Flow			e2e:movesets	NA2_SLPS@0x31CBA0	NUN5_TEXTENG@0x58B8	slot	32				
T876	1	Command Chart > character move name	<r瀑縛砂|ばくばくさ>	Sandfall Bind			e2e:movesets	NA2_SLPS@0x31CBC0	NUN5_TEXTENG@0x58C8	slot	32				
T877	1	Command Chart > character move name	<r昇瀑砂|しょうばくさ>	Rising Sandfall			e2e:movesets	NA2_SLPS@0x31CBE0	NUN5_TEXTENG@0x58E0	slot	32				
T878	1	Command Chart > character move name	<r落瀑砂|らくばくさ>	Falling Sandfall			e2e:movesets	NA2_SLPS@0x31CC00	NUN5_TEXTENG@0x58F0	slot	32				
T879	1	Command Chart > character move name	<r縛跳砂|ばくちょうさ>	Splashing Sand Paralysis			e2e:movesets	NA2_SLPS@0x31CC20	NUN5_TEXTENG@0x5910	slot	32				
T880	1	Command Chart > character move name	<r空瀑砂|くうばくさ>	Flying Sandfall			e2e:movesets	NA2_SLPS@0x31CC40	NUN5_TEXTENG@0x5930	slot	32				
T881	1	Command Chart > character move name	<r影真似|かげまね>の<r術|じゅつ>	Shadow Possession Jutsu			e2e:movesets	NA2_SLPS@0x321FA0	NUN5_TEXTENG@0x4B30	slot	48				
T882	1	Command Chart > character move name	<r爆式影潜|ばくしきえいせん>	Explosive Style Shadow Conceal			e2e:movesets	NA2_SLPS@0x321FD0	NUN5_TEXTENG@0x59F0	slot	32				
T883	1	Command Chart > character move name	<r子鹿返|こじかがえ>り	Fawn Return			e2e:movesets	NA2_SLPS@0x321FF0	NUN5_TEXTENG@0x5A10	slot	24				
T884	1	Command Chart > character move name	<r鹿旋|かせん>	Deer Spin			e2e:movesets	NA2_SLPS@0x322008	NUN5_TEXTENG@0x5A20	slot	16				
T885	1	Command Chart > character move name	<r鹿落|からく>	Deer Drop			e2e:movesets	NA2_SLPS@0x322018	NUN5_TEXTENG@0x5A30	slot	24				
T886	1	Command Chart > character move name	<r無影潜|むえいせん>	Shadowless Conceal 			e2e:movesets	NA2_SLPS@0x322030	NUN5_TEXTENG@0x5A40	slot	32				
T887	1	Command Chart > character move name	<r待影払|まちかげはら>い	Waiting Shadow Sweep 			e2e:movesets	NA2_SLPS@0x322050	NUN5_TEXTENG@0x5A60	slot	32				
T888	1	Command Chart > character move name	<r影放刺|かげぼうし>	Released Shadow Pierce			e2e:movesets	NA2_SLPS@0x322070	NUN5_TEXTENG@0x5A80	slot	32				
T889	1	Command Chart > character move name	<r影渫|かげざら>い	Shadow Eradication			e2e:movesets	NA2_SLPS@0x322090	NUN5_TEXTENG@0x5AA0	slot	24				
T890	1	Command Chart > character move name	<r鹿突|かとつ>	Deer Lunge			e2e:movesets	NA2_SLPS@0x3220A8	NUN5_TEXTENG@0x5AB8	slot	24				
T891	1	Command Chart > character move name	<r後影|ごかげ>すくい	Rear Shadow Scoop			e2e:movesets	NA2_SLPS@0x3220C0	NUN5_TEXTENG@0x5AD0	slot	32				
T892	1	Command Chart > character move name	<r昇影|しょうえい>	Rising Shadow			e2e:movesets	NA2_SLPS@0x3220E0	NUN5_TEXTENG@0x5AE8	slot	32				
T893	1	Command Chart > character move name	<r落影|らくえい>	Falling Shadow			e2e:movesets	NA2_SLPS@0x322100	NUN5_TEXTENG@0x5AF8	slot	32				
T894	1	Command Chart > character move name	<r後影落|ごかげお>とし	Rear Shadow Drop			e2e:movesets	NA2_SLPS@0x322120	NUN5_TEXTENG@0x5B10	slot	24				
T895	1	Command Chart > character move name	<r飛影|ひえい>	Flying Shadow			e2e:movesets	NA2_SLPS@0x322138	NUN5_TEXTENG@0x5B28	slot	24				
T896	1	Command Chart > character move name	<r八卦掌嵐舞|はっけしょうらんぶ>	8 Trigrams Palm Storm Dance			e2e:movesets	NA2_SLPS@0x327540	NUN5_TEXTENG@0x5C00	slot	48				
T897	1	Command Chart > character move name	<r回天|かいてん>	Rotation			e2e:movesets	NA2_SLPS@0x327570	NUN5_TEXTENG@0x5C20	slot	32				
T898	1	Command Chart > character move name	<r蒼空昇華脚|そうくうしょうかきゃく>	Rising Blue Sky Kick			e2e:movesets	NA2_SLPS@0x327590	NUN5_TEXTENG@0x5C30	slot	48				
T899	1	Command Chart > character move name	<r破経三連撃|はけいさんれんげき>	Chakra Network Triple Attack			e2e:movesets	NA2_SLPS@0x3275C0	NUN5_TEXTENG@0x5C50	slot	48				
T900	1	Command Chart > character move name	<r蒼葬襲連撃|そうそうしゅうれんげき>	Blue Burial Attack			e2e:movesets	NA2_SLPS@0x3275F0	NUN5_TEXTENG@0x5C70	slot	48				
T901	1	Command Chart > character move name	<r白気開放|びゃっきかいほう>	White Power Release			e2e:movesets	NA2_SLPS@0x327620	NUN5_TEXTENG@0x5C90	slot	32				
T902	1	Command Chart > character move name	<r無限経突|むげんけいとつ>	Eternal Chakra Network Thrust 			e2e:movesets	NA2_SLPS@0x327640	NUN5_TEXTENG@0x5CB0	slot	32				
T903	1	Command Chart > character move name	<r襲天崩撃|しゅうてんほうげき>	Collapsing Heaven Attack			e2e:movesets	NA2_SLPS@0x327660	NUN5_TEXTENG@0x5CD0	slot	32				
T904	1	Command Chart > character move name	<r旋落脚|せんらくきゃく>	Downward Spiral Kick			e2e:movesets	NA2_SLPS@0x327680	NUN5_TEXTENG@0x5CF0	slot	32				
T905	1	Command Chart > character move name	<r瞬経連突|しゅんけいれんとつ>	Instant Chakra Network Barrage 			e2e:movesets	NA2_SLPS@0x3276A0	NUN5_TEXTENG@0x5D10	slot	32				
T906	1	Command Chart > character move name	<r経烈撃|けいれつげき>	Chakra Network Sever Strike			e2e:movesets	NA2_SLPS@0x3276C0	NUN5_TEXTENG@0x5D30	slot	32				
T907	1	Command Chart > character move name	<r天蹴乱舞|てんしゅうらんぶ>	Heaven's Wild Dance Kick			e2e:movesets	NA2_SLPS@0x3276E0	NUN5_TEXTENG@0x5D50	slot	32				
T908	1	Command Chart > character move name	<r天拳乱舞|てんけんらんぶ>	Heaven's Wild Dance Fist			e2e:movesets	NA2_SLPS@0x327700	NUN5_TEXTENG@0x5D70	slot	32				
T909	1	Command Chart > character move name	<r衝背双脚|しょうはいそうきゃく>	Double Back Kick			e2e:movesets	NA2_SLPS@0x327720	NUN5_TEXTENG@0x5D90	slot	48				
T910	1	Command Chart > character move name	<r天掌乱舞|てんしょうらんぶ>	Wild Dance of Heaven's Palm			e2e:movesets	NA2_SLPS@0x327750	NUN5_TEXTENG@0x5DB0	slot	32				
T911	1	Command Chart > character move name	メルヘンゲット	This Fairy Tale is for Real!!			e2e:movesets	NA2_SLPS@0x32C938	NUN5_TEXTENG@0x5E90	slot	24			NA2_SLPS@0x32CBBC	
T912	1	Command Chart > character move name	<r分身|ぶんしん>コンボ	Clone Combo			e2e:movesets	NA2_SLPS@0x32C950	NUN5_TEXTENG@0x5EB0	slot	32				
T913	1	Command Chart > character move name	<r痴漢撃退|ちかんげきたい>コンボ	Repulsion Combo			e2e:movesets	NA2_SLPS@0x32C970	NUN5_TEXTENG@0x5EC0	slot	48				
T914	1	Command Chart > character move name	<r折檻|せっかん>コンボ	Punishment Combo			e2e:movesets	NA2_SLPS@0x32C9A0	NUN5_TEXTENG@0x5ED0	slot	32				
T915	1	Command Chart > character move name	<r断裂|だんれつ>コンボ	Rupture Combo			e2e:movesets	NA2_SLPS@0x32C9C0	NUN5_TEXTENG@0x5EE8	slot	32				
T916	1	Command Chart > character move name	<r乙女|おとめ>の<r怒|いか>り	Maiden's Anger			e2e:movesets	NA2_SLPS@0x32C9E0	NUN5_TEXTENG@0x5EF8	slot	32				
T917	1	Command Chart > character move name	<r乙女|おとめ>の<r底力|そこぢから>	Maiden's Power			e2e:movesets	NA2_SLPS@0x32CA00	NUN5_TEXTENG@0x5F08	slot	48				
T918	1	Command Chart > character move name	<r足蹴|あしげ>コンボ	Leg Kick Combo			e2e:movesets	NA2_SLPS@0x32CA30	NUN5_TEXTENG@0x5F18	slot	32				
T919	1	Command Chart > character move name	ウザイ<r奴撲殺術|やつぼくさつじゅつ>	Beating Up Annoying Guys Jutsu			e2e:movesets	NA2_SLPS@0x32CA50	NUN5_TEXTENG@0x5F30	slot	48				
T920	1	Command Chart > character move name	<r悪漢撃退術|あっかんげきたいじゅつ>	Thug Repulsion Jutsu			e2e:movesets	NA2_SLPS@0x32CA80	NUN5_TEXTENG@0x5F50	slot	48				
T921	1	Command Chart > character move name	<r空中殺法|くうちゅうさっぽう>　<r上|じょう>	Midair Strike Top			e2e:movesets	NA2_SLPS@0x32CAB0	NUN5_TEXTENG@0x5F70	slot	48				
T922	1	Command Chart > character move name	<r空中殺法|くうちゅうさっぽう>　<r下|げ>	Midair Strike Bottom			e2e:movesets	NA2_SLPS@0x32CAE0	NUN5_TEXTENG@0x5F90	slot	48				
T923	1	Command Chart > character move name	<r回転殺法|かいてんさっぽう>	Rotating Strike			e2e:movesets	NA2_SLPS@0x32CB10	NUN5_TEXTENG@0x5FB0	slot	32				
T924	1	Command Chart > character move name	<r空中殺法|くうちゅうさっぽう>　<r中|ちゅう>	Midair Strike Middle			e2e:movesets	NA2_SLPS@0x32CB30	NUN5_TEXTENG@0x5FC0	slot	48				
T925	1	Command Chart > character move name	<r千殺水翔|せんさつすいしょう>	A Thousand Needles of Death			e2e:movesets	NA2_SLPS@0x331AD0	NUN5_TEXTENG@0x5180	slot	32				
T926	1	Command Chart > character move name	<r魔鏡薄氷|まきょうはくひょう>	Crystal Ice Mirrors			e2e:movesets	NA2_SLPS@0x331AF0	NUN5_TEXTENG@0x51A0	slot	32				
T927	1	Command Chart > character move name	<r穿弓腿|せんきゅうたい>	Handstand Kick			e2e:movesets	NA2_SLPS@0x331B10	NUN5_TEXTENG@0x60A0	slot	32				
T928	1	Command Chart > character move name	<r鏡割|かがみわ>り	Mirror Breaker			e2e:movesets	NA2_SLPS@0x331B30	NUN5_TEXTENG@0x60B0	slot	32				
T929	1	Command Chart > character move name	<r氷演舞|ひょうえんぶ>	Theater of Ice			e2e:movesets	NA2_SLPS@0x331B50	NUN5_TEXTENG@0x60C0	slot	32				
T930	1	Command Chart > character move name	<r翔旋千本|しょうせんせんぼん>	Soaring Turn Senbon			e2e:movesets	NA2_SLPS@0x331B70	NUN5_TEXTENG@0x60D0	slot	32				
T931	1	Command Chart > character move name	<r天駆脚|てんくきゃく>	Running Heaven Kick			e2e:movesets	NA2_SLPS@0x331B90	NUN5_TEXTENG@0x60F0	slot	32				
T932	1	Command Chart > character move name	<r閃回脚|せんかいきゃく>	Turning Flash Kick			e2e:movesets	NA2_SLPS@0x331BB0	NUN5_TEXTENG@0x6110	slot	32				
T933	1	Command Chart > character move name	<r旋抉斬|せんかいざん>	Rotating Piercing Slash			e2e:movesets	NA2_SLPS@0x331BD0	NUN5_TEXTENG@0x6130	slot	32				
T934	1	Command Chart > character move name	<r廻天斬|かいてんざん>	Spinning Slash			e2e:movesets	NA2_SLPS@0x331BF0	NUN5_TEXTENG@0x6148	slot	32				
T935	1	Command Chart > character move name	<r昇閃舞|しょうせんぶ>	Dance of the Rising Flash			e2e:movesets	NA2_SLPS@0x331C10	NUN5_TEXTENG@0x6160	slot	32				
T936	1	Command Chart > character move name	<r落爪舞|らくそうぶ>	Dance of the Falling Claw			e2e:movesets	NA2_SLPS@0x331C30	NUN5_TEXTENG@0x6180	slot	32				
T937	1	Command Chart > character move name	<r翔飛脚|しょうひきゃく>	Soaring Kick			e2e:movesets	NA2_SLPS@0x331C50	NUN5_TEXTENG@0x61A0	slot	32				
T938	1	Command Chart > character move name	<r空旋舞|くうせんぶ>	Dance of the Flying Rotation			e2e:movesets	NA2_SLPS@0x331C70	NUN5_TEXTENG@0x61B0	slot	32				
T939	1	Command Chart > character move name	<r水遁|すいとん>・<r水龍弾|すいりゅうだん>の<r術|じゅつ>	Water Style: Water Dragon Jutsu			e2e:jutsus|e2e:movesets	NA2_SLPS@0x337080	NUN5_TEXTENG@0x5140	slot	64				
T940	1	Command Chart > character move name	<r鬼來|きらい>	Demon Slash			e2e:movesets	NA2_SLPS@0x3370C0	NUN5_TEXTENG@0x6280	slot	16				
T941	1	Command Chart > character move name	<r骨抉剣|こっけつけん>	Bone Piercing Sword			e2e:movesets	NA2_SLPS@0x3370D0	NUN5_TEXTENG@0x6290	slot	32				
T942	1	Command Chart > character move name	<r転背斬|てんはいざん>	Spinning Back Slash			e2e:movesets	NA2_SLPS@0x3370F0	NUN5_TEXTENG@0x62B0	slot	32				
T943	1	Command Chart > character move name	<r散裂斬|さんれつざん>	Scatter Burst Slash			e2e:movesets	NA2_SLPS@0x337110	NUN5_TEXTENG@0x62D0	slot	32				
T944	1	Command Chart > character move name	<r飛旋剣|ひせんけん>	Flying Turn Slash			e2e:movesets	NA2_SLPS@0x337130	NUN5_TEXTENG@0x62F0	slot	32				
T945	1	Command Chart > character move name	<r波烈斬|はれつざん>	Wave Blast Slash			e2e:movesets	NA2_SLPS@0x337150	NUN5_TEXTENG@0x6310	slot	32				
T946	1	Command Chart > character move name	<r鞭腕撃|べんわんげき>	Arm Whip Strike			e2e:movesets	NA2_SLPS@0x337170	NUN5_TEXTENG@0x6330	slot	32				
T947	1	Command Chart > character move name	<r龍尾脚|りゅうびきゃく>	Dragon Tail Kick			e2e:movesets	NA2_SLPS@0x337190	NUN5_TEXTENG@0x6340	slot	32				
T948	1	Command Chart > character move name	<r投捨|とうしゃ>	Throw			e2e:movesets	NA2_SLPS@0x3371B0	NUN5_SLES@0x514100	slot	32				
T949	1	Command Chart > character move name	<r霞連撃|かすみれんげき>	Mist Combo Attack			e2e:movesets	NA2_SLPS@0x3371D0	NUN5_TEXTENG@0x6360	slot	32				
T950	1	Command Chart > character move name	<r頭蓋穿|ずがいせん>	Skull-Crusher			e2e:movesets	NA2_SLPS@0x3371F0	NUN5_TEXTENG@0x6378	slot	32				
T951	1	Command Chart > character move name	<r斬捨|ざんしゃ>	Slashing Discard			e2e:movesets	NA2_SLPS@0x337210	NUN5_TEXTENG@0x6390	slot	32				
T952	1	Command Chart > character move name	<r霧隱連撃|きりがくれれんげき>	Mist-Shrouded Pummeling			e2e:movesets	NA2_SLPS@0x337230	NUN5_TEXTENG@0x63B0	slot	32				
T953	1	Command Chart > character move name	<r守護八卦六十四掌|しゅごはっけろくじゅうよんしょう>	8 Trigrams 64 Palms Guard			e2e:movesets	NA2_SLPS@0x33C0A0	NUN5_TEXTENG@0x6490	slot	64				
T954	1	Command Chart > character move name	<r超回復薬|ちょうかいふくやく>	Super Healing Medicine			e2e:jutsus|e2e:movesets	NA2_SLPS@0x33C0E0	NUN5_TEXTENG@0x64B0	slot	32				
T955	1	Command Chart > character move name	<r旋掌撃|せんしょうげき>	Turning Palm Strike			e2e:movesets	NA2_SLPS@0x33C100	NUN5_TEXTENG@0x64D0	slot	32				
T956	1	Command Chart > character move name	<r両突撃|りょうとつげき>	Double Thrust Strike			e2e:movesets	NA2_SLPS@0x33C120	NUN5_TEXTENG@0x64F0	slot	32				
T957	1	Command Chart > character move name	<r掌双打|しょうそうだ>	Double Palm Hit			e2e:movesets	NA2_SLPS@0x33C140	NUN5_TEXTENG@0x6510	slot	32				
T958	1	Command Chart > character move name	<r旋掌連舞|せんしょうれんぶ>	Turning Palm Dance Barrage			e2e:movesets	NA2_SLPS@0x33C160	NUN5_TEXTENG@0x6520	slot	32				
T959	1	Command Chart > character move name	<r天掌|てんしょう>	Heaven's Palm			e2e:movesets	NA2_SLPS@0x33C180	NUN5_TEXTENG@0x6540	slot	32				
T960	1	Command Chart > character move name	<r旋落掌|せんらくしょう>	Downward Spiral Palm			e2e:movesets	NA2_SLPS@0x33C1A0	NUN5_TEXTENG@0x6550	slot	32				
T961	1	Command Chart > character move name	<r旋通背掌|せんつうはいしょう>	Turning Back-Through Palm			e2e:movesets	NA2_SLPS@0x33C1C0	NUN5_TEXTENG@0x6570	slot	32				
T962	1	Command Chart > character move name	<r旋膝撃|せんしつげき>	Turning Knee Strike			e2e:movesets	NA2_SLPS@0x33C1E0	NUN5_TEXTENG@0x6590	slot	32				
T963	1	Command Chart > character move name	<r跳昇突|ちょうしょうとつ>	Jumping Rising Thrust			e2e:movesets	NA2_SLPS@0x33C200	NUN5_TEXTENG@0x65B0	slot	32				
T964	1	Command Chart > character move name	<r踏空脚|しゅうくうきゃく>	Stepping on Air Kick			e2e:movesets	NA2_SLPS@0x33C220	NUN5_TEXTENG@0x65D0	slot	32				
T965	1	Command Chart > character move name	<r転背掌|てんはいしょう>	Rolling Back Palm			e2e:movesets	NA2_SLPS@0x33C240	NUN5_TEXTENG@0x65F0	slot	32				
T966	1	Command Chart > character move name	<r双掌空撃|そうしょうくうげき>	Double Palm Air Strike			e2e:movesets	NA2_SLPS@0x33C260	NUN5_TEXTENG@0x6610	slot	32				
T967	1	Command Chart > character move name	<r双燕刈|そうえんか>	Twin Swallow Cut			e2e:movesets	NA2_SLPS@0x341380	NUN5_TEXTENG@0x66E0	slot	32				
T968	1	Command Chart > character move name	<r神楽手裏剣|かぐらしゅりけん>	Sacred Dance Shuriken			e2e:jutsus|e2e:movesets	NA2_SLPS@0x3413A0	NUN5_TEXTENG@0x6700	slot	32				
T969	1	Command Chart > character move name	<r暗器術|あんきじゅつ>　<r翔斬|しょうざん>	Concealed Jutsu: Soaring Slash			e2e:movesets	NA2_SLPS@0x3413C0	NUN5_TEXTENG@0x6720	slot	48				
T970	1	Command Chart > character move name	<r暗器術|あんきじゅつ>　<r通弾|つうだん>	Concealed Jutsu: Piercing Shot			e2e:movesets	NA2_SLPS@0x3413F0	NUN5_TEXTENG@0x6740	slot	48				
T971	1	Command Chart > character move name	<r暗器術|あんきじゅつ>　<r衝鋼|しょうこう>	Concealed Jutsu: Steel Impact			e2e:movesets	NA2_SLPS@0x341420	NUN5_TEXTENG@0x6760	slot	48				
T972	1	Command Chart > character move name	<r暗器術|あんきじゅつ>　<r荊|いばら>	Concealed Jutsu: Thorn			e2e:movesets	NA2_SLPS@0x341450	NUN5_TEXTENG@0x6780	slot	48				
T973	1	Command Chart > character move name	<r暗器術|あんきじゅつ>　<r飛翔|ひしょう>	Concealed Jutsu: Soaring			e2e:movesets	NA2_SLPS@0x341480	NUN5_TEXTENG@0x67A0	slot	48				
T974	1	Command Chart > character move name	<r降砕脚|こうさいきゃく>	Falling Smash Kick			e2e:movesets	NA2_SLPS@0x3414B0	NUN5_TEXTENG@0x67C0	slot	32				
T975	1	Command Chart > character move name	<r暗器術|あんきじゅつ>　<r斬突|ざんとつ>	Concealed Jutsu: Slash Thrust			e2e:movesets	NA2_SLPS@0x3414D0	NUN5_TEXTENG@0x67E0	slot	48				
T976	1	Command Chart > character move name	<r延髄撃|えんずいげき>	Medullary Strike			e2e:movesets	NA2_SLPS@0x341500	NUN5_TEXTENG@0x6800	slot	32				
T977	1	Command Chart > character move name	<r暗器術|あんきじゅつ>　<r斬空|ざんくう>	Concealed Jutsu: Air Slash			e2e:movesets	NA2_SLPS@0x341520	NUN5_TEXTENG@0x6820	slot	48				
T978	1	Command Chart > character move name	<r暗器術|あんきじゅつ>　<r鋼振|こうしん>	Concealed Jutsu: Steel Swing			e2e:movesets	NA2_SLPS@0x341550	NUN5_TEXTENG@0x6840	slot	48				
T979	1	Command Chart > character move name	<r暗器術|あんきじゅつ>　<r風縛|かぜしばり>	Concealed Jutsu: Wind Paralysis			e2e:movesets	NA2_SLPS@0x341580	NUN5_TEXTENG@0x6860	slot	48				
T980	1	Command Chart > character move name	<r暗器術|あんきじゅつ>　<r直鋼|ちょっこう>	Concealed Jutsu: Direct Steel			e2e:movesets	NA2_SLPS@0x3415B0	NUN5_TEXTENG@0x6880	slot	48				
T981	1	Command Chart > character move name	<r曇撫離投|どんぶりな>げ	Donburi Throw			e2e:movesets	NA2_SLPS@0x346690	NUN5_TEXTENG@0x6960	slot	32				
T982	1	Command Chart > character move name	<r肉弾針戦車|にくだんはりせんしゃ>	Spiky Human Boulder			e2e:movesets	NA2_SLPS@0x3466B0	NUN5_TEXTENG@0x6970	slot	40				
T983	1	Command Chart > character move name	<r反姿|かえし>	Warped Figure			e2e:movesets	NA2_SLPS@0x3466D8	NUN5_TEXTENG@0x6988	slot	16				
T984	1	Command Chart > character move name	<r刺身|さしみ>	Sashimi 			e2e:movesets	NA2_SLPS@0x3466E8	NUN5_TEXTENG@0x6998	slot	16				
T985	1	Command Chart > character move name	<r叩軌|たたき>	Track Strike 			e2e:movesets	NA2_SLPS@0x3466F8	NUN5_TEXTENG@0x69A8	slot	16				
T986	1	Command Chart > character move name	<r開軌|ひらき>	Track Open			e2e:movesets	NA2_SLPS@0x346708	NUN5_TEXTENG@0x69B8	slot	16				
T987	1	Command Chart > character move name	<r弾子|だんご>	Bullet Kid			e2e:movesets	NA2_SLPS@0x346718	NUN5_TEXTENG@0x69C8	slot	16				
T988	1	Command Chart > character move name	<r浮来|ふらい>	Floating Arrival			e2e:movesets	NA2_SLPS@0x346728	NUN5_TEXTENG@0x69E0	slot	24				
T989	1	Command Chart > character move name	<r空揚|からあげ>	Deep Fry			e2e:movesets	NA2_SLPS@0x346740	NUN5_TEXTENG@0x69F8	slot	32				
T990	1	Command Chart > character move name	<r天怖羅|てんぷら>	Tempura			e2e:movesets	NA2_SLPS@0x346760	NUN5_SLES@0x514108	slot	32				
T991	1	Command Chart > character move name	<r海老天|えびてん>	Shrimp Spin			e2e:movesets	NA2_SLPS@0x346780	NUN5_TEXTENG@0x6A08	slot	32				
T992	1	Command Chart > character move name	<r大棍|だいこん>	Daikon			e2e:movesets	NA2_SLPS@0x3467A0	NUN5_SLES@0x514110	slot	32				
T993	1	Command Chart > character move name	<r落下星|らっかせい>	Falling Star			e2e:movesets	NA2_SLPS@0x3467C0	NUN5_TEXTENG@0x6A18	slot	32				
T994	1	Command Chart > character move name	<r米胡麻|べいごま>	Rice Sesame 			e2e:movesets	NA2_SLPS@0x3467E0	NUN5_TEXTENG@0x6A28	slot	32				
T995	1	Command Chart > character move name	１６<r連|れん>コンボ	16-hit Combo			e2e:movesets	NA2_SLPS@0x34B9D0	NUN5_TEXTENG@0x6AE8	slot	32				
T996	1	Command Chart > character move name	<r忍花鳥兜|しのびばなとりかぶと>	Ninja Wolfsbane			e2e:jutsus|e2e:movesets	NA2_SLPS@0x34B9F0	NUN5_TEXTENG@0x6B00	slot	48				
T997	1	Command Chart > character move name	<r風|かぜ>に<r舞|ま>うカトレア	Cattleya Dancing in the Wind			e2e:movesets	NA2_SLPS@0x34BA20	NUN5_TEXTENG@0x6B10	slot	32				
T998	1	Command Chart > character move name	ユーカリの<r風|かぜ>	Eucalyptus Wind			e2e:movesets	NA2_SLPS@0x34BA40	NUN5_TEXTENG@0x6B30	slot	32				
T999	1	Command Chart > character move name	アマリリスの<r踊|おど>り	Amaryllus Dance			e2e:movesets	NA2_SLPS@0x34BA60	NUN5_TEXTENG@0x6B40	slot	32				
T1000	1	Command Chart > character move name	アキレアのステップ	Achillea Step			e2e:movesets	NA2_SLPS@0x34BA80	NUN5_TEXTENG@0x6B50	slot	32				
T1001	1	Command Chart > character move name	ホウセンカの<r拒絶|きょぜつ>	Impatiens Rejection			e2e:movesets	NA2_SLPS@0x34BAA0	NUN5_TEXTENG@0x6B60	slot	32				
T1002	1	Command Chart > character move name	リアトリスの<r想|おも>い	Feelings of the Liatris			e2e:movesets	NA2_SLPS@0x34BAC0	NUN5_TEXTENG@0x6B80	slot	32				
T1003	1	Command Chart > character move name	<r踊|おど>るヒメユリ	Dancing Lily			e2e:movesets	NA2_SLPS@0x34BAE0	NUN5_TEXTENG@0x6B98	slot	32				
T1004	1	Command Chart > character move name	バラの<r一撃|いちげき>	Rose Strike			e2e:movesets	NA2_SLPS@0x34BB00	NUN5_TEXTENG@0x6BA8	slot	32				
T1005	1	Command Chart > character move name	クローバーの<r約束|やくそく>	Promise of the Clover			e2e:movesets	NA2_SLPS@0x34BB20	NUN5_TEXTENG@0x6BC0	slot	32				
T1006	1	Command Chart > character move name	カスミソウの<r飛翔|ひしょう>	Flight of the Soaproot			e2e:movesets	NA2_SLPS@0x34BB40	NUN5_TEXTENG@0x6BE0	slot	32				
T1007	1	Command Chart > character move name	<r悲|かな>しみのキンセンカ	Sadness of the Marigold			e2e:movesets	NA2_SLPS@0x34BB60	NUN5_TEXTENG@0x6C00	slot	32				
T1008	1	Command Chart > character move name	シクラメンの<r香|かお>り	Cyclamen Fragrance			e2e:movesets	NA2_SLPS@0x34BB80	NUN5_TEXTENG@0x6C20	slot	32				
T1009	1	Command Chart > character move name	<r風|かぜ>に<r乗|の>るネリネ	Nerine Riding the Wind			e2e:movesets	NA2_SLPS@0x34BBA0	NUN5_TEXTENG@0x6C40	slot	32				
T1010	1	Command Chart > character move name	<r獣人分身|じゅうじんぶんしん>	Man Beast Clone			e2e:movesets	NA2_SLPS@0x3510E0	NUN5_TEXTENG@0x6D20	slot	32				
T1011	1	Command Chart > character move name	<r通牙|つうが>	Tunneling Fang 			e2e:jutsus|e2e:movesets	NA2_SLPS@0x351100	NUN5_TEXTENG@0x6D30	slot	16				
T1012	1	Command Chart > character move name	<r昇牙|しょうが>	Rising Fang			e2e:movesets	NA2_SLPS@0x351110	NUN5_TEXTENG@0x6D40	slot	32				
T1013	1	Command Chart > character move name	<r旋風牙|せんぷうが>	Whirlwind Fang			e2e:movesets	NA2_SLPS@0x351130	NUN5_TEXTENG@0x6D50	slot	32				
T1014	1	Command Chart > character move name	<r台風爪|たいふうそう>	Typhoon Claw			e2e:movesets	NA2_SLPS@0x351150	NUN5_TEXTENG@0x6D60	slot	32				
T1015	1	Command Chart > character move name	<r赤丸連撃|あかまるれんげき>	Akamaru Combo			e2e:movesets	NA2_SLPS@0x351170	NUN5_TEXTENG@0x6D70	slot	32				
T1016	1	Command Chart > character move name	<r百獣爪襲|ひゃくじゅうそうしゅう>	100 Animal Claw Attack			e2e:movesets	NA2_SLPS@0x351190	NUN5_TEXTENG@0x6D80	slot	48				
T1017	1	Command Chart > character move name	<r疾爪|しっそう>	Swift Fang			e2e:movesets	NA2_SLPS@0x3511C0	NUN5_TEXTENG@0x6D98	slot	24				
T1018	1	Command Chart > character move name	<r爪牙|そうが>	Tooth and Claw			e2e:movesets	NA2_SLPS@0x3511D8	NUN5_TEXTENG@0x6DA8	slot	24				
T1019	1	Command Chart > character move name	<r獣電|じゅうでん>	Beast Lightning			e2e:movesets	NA2_SLPS@0x3511F0	NUN5_TEXTENG@0x6DC0	slot	32				
T1020	1	Command Chart > character move name	<r昇双脚|しょうそうきゃく>	Rising Double Kick			e2e:movesets	NA2_SLPS@0x351210	NUN5_TEXTENG@0x6DD0	slot	32				
T1021	1	Command Chart > character move name	<r天裂爪|てんれつそう>	Slicing Fang of Sky			e2e:movesets	NA2_SLPS@0x351230	NUN5_TEXTENG@0x6DF0	slot	32				
T1022	1	Command Chart > character move name	<r戯獣脚|ぎじゅうきゃく>	Transient Beast Kick			e2e:movesets	NA2_SLPS@0x351250	NUN5_TEXTENG@0x6E10	slot	32				
T1023	1	Command Chart > character move name	<r転双脚|てんそうきゃく>	Rolling Double Kick			e2e:movesets	NA2_SLPS@0x351270	NUN5_TEXTENG@0x6E30	slot	32				
T1024	1	Command Chart > character move name	<r獣蹴激|じゅうしゅうげき>	Beast Crush Kick 			e2e:movesets	NA2_SLPS@0x351290	NUN5_TEXTENG@0x6E50	slot	32				
T1025	1	Command Chart > character move name	<r蟲縛|むししば>りの<r術|じゅつ>	Insect Paralysis Jutsu			e2e:movesets	NA2_SLPS@0x356600	NUN5_TEXTENG@0x6F30	slot	48				
T1026	1	Command Chart > character move name	<r蟲柱|むしばしら>の<r術|じゅつ>	Insect Pillar Jutsu			e2e:movesets	NA2_SLPS@0x356630	NUN5_TEXTENG@0x6F50	slot	48				
T1027	1	Command Chart > character move name	<r旋円蟲|せんえんちゅう>	Turning Circle of Insects			e2e:movesets	NA2_SLPS@0x356660	NUN5_TEXTENG@0x6F70	slot	32				
T1028	1	Command Chart > character move name	<r衝突蟲|しょうとっちゅう>	Impact Insects			e2e:movesets	NA2_SLPS@0x356680	NUN5_TEXTENG@0x6F90	slot	32				
T1029	1	Command Chart > character move name	<r蟲旋脚|ちゅうせんきゃく>	Insect Spiral Kick			e2e:movesets	NA2_SLPS@0x3566A0	NUN5_TEXTENG@0x6FA0	slot	32				
T1030	1	Command Chart > character move name	<r蟲波拳|ちゅうはけん>	Insect Wave Fist			e2e:movesets	NA2_SLPS@0x3566C0	NUN5_TEXTENG@0x6FC0	slot	32				
T1031	1	Command Chart > character move name	<r天蟲殺|てんちゅうさつ>	Sky Insect Death			e2e:movesets	NA2_SLPS@0x3566E0	NUN5_TEXTENG@0x6FE0	slot	32				
T1032	1	Command Chart > character move name	<r這面蟲|はいめんちゅう>	Crawling Insects			e2e:movesets	NA2_SLPS@0x356700	NUN5_TEXTENG@0x7000	slot	32				
T1033	1	Command Chart > character move name	<r蟲拳打|ちゅうけんだ>	Insect Fist Hit			e2e:movesets	NA2_SLPS@0x356720	NUN5_TEXTENG@0x7020	slot	32				
T1034	1	Command Chart > character move name	<r瞬蟲撃|しゅんちゅうげき>	Instant Insect Strike			e2e:movesets	NA2_SLPS@0x356740	NUN5_TEXTENG@0x7030	slot	32				
T1035	1	Command Chart > character move name	<r天翔蟲|てんしょうちゅう>	Soaring Insects of Sky			e2e:movesets	NA2_SLPS@0x356760	NUN5_TEXTENG@0x7050	slot	32				
T1036	1	Command Chart > character move name	<r蟲降脚|ちゅうこうきゃく>	Insect Drop Kick			e2e:movesets	NA2_SLPS@0x356780	NUN5_TEXTENG@0x7070	slot	32				
T1037	1	Command Chart > character move name	<r襲降蟲|しゅうこうちゅう>	Raid of Insects			e2e:movesets	NA2_SLPS@0x3567A0	NUN5_TEXTENG@0x7090	slot	32				
T1038	1	Command Chart > character move name	<r震振蟲|しんしんちゅう>	Throbbing Insects			e2e:movesets	NA2_SLPS@0x3567C0	NUN5_TEXTENG@0x70A0	slot	32				
T1039	1	Command Chart > character move name	<r傀儡|くぐつ>　<r卍砲|まんじほう>	Puppet: Manji Shot			e2e:movesets	NA2_SLPS@0x35BFB0	NUN5_TEXTENG@0x7180	slot	48				
T1040	1	Command Chart > character move name	<r一対|いっつい>の<r処女|しょじょ>	Pair of Maidens			e2e:movesets	NA2_SLPS@0x35BFE0	NUN5_TEXTENG@0x71A0	slot	48				
T1041	1	Command Chart > character move name	<r傀儡|くぐつ>　<r風穴|かざあな>	Puppet: Wind Hole			e2e:movesets	NA2_SLPS@0x35C010	NUN5_TEXTENG@0x71B0	slot	48				
T1042	1	Command Chart > character move name	<r傀儡|くぐつ>　<r噴弾|ふんだん>	Puppet: Spewing Shot			e2e:movesets	NA2_SLPS@0x35C040	NUN5_TEXTENG@0x71D0	slot	48				
T1043	1	Command Chart > character move name	<r傀儡|くぐつ>　<r朧独楽|おぼろごま>	Puppet: Hazy Spin			e2e:movesets	NA2_SLPS@0x35C070	NUN5_TEXTENG@0x71F0	slot	48				
T1044	1	Command Chart > character move name	<r傀儡|くぐつ>　<r懺悔|ざんげ>	Puppet: Confession			e2e:movesets	NA2_SLPS@0x35C0A0	NUN5_TEXTENG@0x7210	slot	32				
T1045	1	Command Chart > character move name	<r傀儡|くぐつ>　<r霞独楽|かすみごま>	Puppet: Misty Spin			e2e:movesets	NA2_SLPS@0x35C0C0	NUN5_TEXTENG@0x7230	slot	48				
T1046	1	Command Chart > character move name	<r傀儡|くぐつ>　<r裁|さばき>	Puppet: Judgment			e2e:movesets	NA2_SLPS@0x35C0F0	NUN5_TEXTENG@0x7250	slot	32				
T1047	1	Command Chart > character move name	<r傀儡|くぐつ>　<r流刃|りゅうじん>	Puppet: Flowing Blade			e2e:movesets	NA2_SLPS@0x35C110	NUN5_TEXTENG@0x7270	slot	48				
T1048	1	Command Chart > character move name	<r傀儡|くぐつ>　<r逆手車|さかてぐるま>	Puppet: Reverse Pushcart			e2e:movesets	NA2_SLPS@0x35C140	NUN5_TEXTENG@0x7290	slot	48				
T1049	1	Command Chart > character move name	<r傀儡|くぐつ>　<r無斬|むざん>	Puppet: Slash of Nothingness			e2e:movesets	NA2_SLPS@0x35C170	NUN5_TEXTENG@0x72B0	slot	32				
T1050	1	Command Chart > character move name	<r傀儡|くぐつ>　<r堕羅繰|だらく>	Puppet: Degeneration			e2e:movesets	NA2_SLPS@0x35C190	NUN5_TEXTENG@0x72D0	slot	48				
T1051	1	Command Chart > character move name	<r傀儡|くぐつ>　<r逆手飛車|さかてひしゃ>	Puppet: Flying Reverse Pushcart			e2e:movesets	NA2_SLPS@0x35C1C0	NUN5_TEXTENG@0x72F0	slot	48				
T1052	1	Command Chart > character move name	<r傀儡|くぐつ>　<r双哭|そうこく>	Puppet: Double Scream			e2e:movesets	NA2_SLPS@0x35C1F0	NUN5_TEXTENG@0x7310	slot	48				
T1053	1	Command Chart > character move name	<r大扇風轟壁|だいせんぷうごうへき>	Giant Rumbling Fan Wind Wall			e2e:movesets	NA2_SLPS@0x361900	NUN5_TEXTENG@0x73E0	slot	48				
T1054	1	Command Chart > character move name	カマイタチの<r術|じゅつ>	Wind Scythe Jutsu			e2e:movesets	NA2_SLPS@0x361930	NUN5_TEXTENG@0x7400	slot	32				
T1055	1	Command Chart > character move name	<r風神|ふうじん>の<r舞|まい>	Fujin's Dance			e2e:movesets	NA2_SLPS@0x361950	NUN5_TEXTENG@0x7418	slot	32				
T1056	1	Command Chart > character move name	<r扇旋風|せんせんぷう>	Fan Tornado			e2e:movesets	NA2_SLPS@0x361970	NUN5_TEXTENG@0x7428	slot	32				
T1057	1	Command Chart > character move name	<r地龍|ちりゅう>の<r息|いき>	Breath of the Earth Dragon			e2e:movesets	NA2_SLPS@0x361990	NUN5_TEXTENG@0x7440	slot	32				
T1058	1	Command Chart > character move name	<r回扇刃|かいせんじん>	Spinning Fan Blade			e2e:movesets	NA2_SLPS@0x3619B0	NUN5_TEXTENG@0x7460	slot	32				
T1059	1	Command Chart > character move name	<r暴風昇壁|ぼうふうしょうへき>	Rising Tempest Wall			e2e:movesets	NA2_SLPS@0x3619D0	NUN5_TEXTENG@0x7480	slot	32				
T1060	1	Command Chart > character move name	<r斧扇降|ふせんこう>	Falling Fan Axe			e2e:movesets	NA2_SLPS@0x3619F0	NUN5_TEXTENG@0x74A0	slot	32				
T1061	1	Command Chart > character move name	<r疾風刃|しっぷうじん>	Gale Blade			e2e:movesets	NA2_SLPS@0x361A10	NUN5_TEXTENG@0x74B0	slot	32				
T1062	1	Command Chart > character move name	<r夢扇舞|むせんまい>	Dance of the Dream Fan			e2e:movesets	NA2_SLPS@0x361A30	NUN5_TEXTENG@0x74C0	slot	32				
T1063	1	Command Chart > character move name	<r転身扇刃|てんしんせんじん>	Rotating Fan Blade			e2e:movesets	NA2_SLPS@0x361A50	NUN5_TEXTENG@0x74E0	slot	32				
T1064	1	Command Chart > character move name	<r斧扇兜割|ふせんとうかつ>	Axe Fan Helmet Break			e2e:movesets	NA2_SLPS@0x361A70	NUN5_TEXTENG@0x7500	slot	32				
T1065	1	Command Chart > character move name	<r幻扇舞|げんせんまい>	Dance of the Phantasm Fan			e2e:movesets	NA2_SLPS@0x361A90	NUN5_TEXTENG@0x7520	slot	32				
T1066	1	Command Chart > character move name	<r扇一閃|おおぎいっせん>　	Fan Flash			e2e:movesets	NA2_SLPS@0x361AB0	NUN5_TEXTENG@0x7540	slot	32				
T1067	1	Command Chart > character move name	<r火遁|かとん>・<r火龍炎弾|かりゅうえんだん>	Fire Style: Dragon Flame Bombs			e2e:movesets	NA2_SLPS@0x366FC0	NUN5_TEXTENG@0x7610	slot	48				
T1068	1	Command Chart > character move name	<r土遁|どとん>・<r土流壁|どりゅうへき>	Earth Style: Mud Wall			e2e:movesets	NA2_SLPS@0x366FF0	NUN5_TEXTENG@0x7630	slot	48				
T1069	1	Command Chart > character move name	<r金剛術|こんごうじゅつ>　<r乱|みだ>れ<r打|う>ち	Adamantine Jutsu: Wild Strike			e2e:movesets	NA2_SLPS@0x367020	NUN5_TEXTENG@0x7650	slot	64				
T1070	1	Command Chart > character move name	<r伸身如意|しんしんにょい>	Elastic Nyoi			e2e:movesets	NA2_SLPS@0x367060	NUN5_TEXTENG@0x7670	slot	32				
T1071	1	Command Chart > character move name	<r遊猿脚|ゆうえんきゃく>	Playful Monkey Kick			e2e:movesets	NA2_SLPS@0x367080	NUN5_TEXTENG@0x7680	slot	32				
T1072	1	Command Chart > character move name	<r旋猿脚|せんえんきゃく>	Turning Monkey Kick			e2e:movesets	NA2_SLPS@0x3670A0	NUN5_TEXTENG@0x76A0	slot	32				
T1073	1	Command Chart > character move name	<r顎割|あぎとわ>り	Jawbreaker			e2e:movesets	NA2_SLPS@0x3670C0	NUN5_TEXTENG@0x76B8	slot	32				
T1074	1	Command Chart > character move name	<r金剛術|こんごうじゅつ>　<r大地割|だいちわ>り	Adamantine Jutsu: Earthbreaker			e2e:movesets	NA2_SLPS@0x3670E0	NUN5_TEXTENG@0x76D0	slot	48				
T1075	1	Command Chart > character move name	<r猿王|えんおう>の<r牙|きば>	Fangs of the Monkey King			e2e:movesets	NA2_SLPS@0x367110	NUN5_TEXTENG@0x76F0	slot	32				
T1076	1	Command Chart > character move name	<r金剛術|こんごうじゅつ>　<r一本釣|いっぽんづ>り	Adamantine Jutsu: Single-Rod Fishing			e2e:movesets	NA2_SLPS@0x367130	NUN5_TEXTENG@0x7710	slot	64				
T1077	1	Command Chart > character move name	<r金剛術|こんごうじゅつ>　<r大打上|おおうちあ>げ	Adamantine Jutsu: Great Launch			e2e:movesets	NA2_SLPS@0x367170	NUN5_TEXTENG@0x7740	slot	64				
T1078	1	Command Chart > character move name	<r金剛術|こんごうじゅつ>　<r頭蓋砕|ずがいくだ>き	Adamantine Jutsu: Cranium Smash			e2e:movesets	NA2_SLPS@0x3671B0	NUN5_TEXTENG@0x7760	slot	64				
T1079	1	Command Chart > character move name	<r金剛術|こんごうじゅつ>　<r大打降|おおうちおろ>し	Adamantine Jutsu: Great Prang			e2e:movesets	NA2_SLPS@0x3671F0	NUN5_TEXTENG@0x7780	slot	64				
T1080	1	Command Chart > character move name	<r金剛術|こんごうじゅつ>　<r裏突|うらづ>き	Adamantine Jutsu: Under-Thrust			e2e:movesets	NA2_SLPS@0x367230	NUN5_TEXTENG@0x77A0	slot	48				
T1081	1	Command Chart > character move name	<r土遁結界|どとんけっかい>　<r土牢堂無|どろうどうむ>	Earth Style Barrier: Earth Dome Prison			e2e:movesets	NA2_SLPS@0x36C1E0	NUN5_TEXTENG@0x7990	slot	64				
T1082	1	Command Chart > character move name	<r土遁|どとん>・<r土陵団子|どりょうだんご>	Earth Style: Sphere of Graves			e2e:jutsus|e2e:movesets	NA2_SLPS@0x36C220	NUN5_TEXTENG@0x79C0	slot	48				
T1083	1	Command Chart > character move name	<r山顔|ざんがん>	Mountain Face			e2e:movesets	NA2_SLPS@0x36C250	NUN5_TEXTENG@0x79E0	slot	32				
T1084	1	Command Chart > character move name	<r崩掌|ほうしょう>	Shatter Palm			e2e:movesets	NA2_SLPS@0x36C270	NUN5_TEXTENG@0x79F0	slot	32				
T1085	1	Command Chart > character move name	<r岩投|がんとう>	Stone Throw			e2e:movesets	NA2_SLPS@0x36C290	NUN5_TEXTENG@0x7A00	slot	24				
T1086	1	Command Chart > character move name	<r放打|ほうだ>	Releasing Strike			e2e:movesets	NA2_SLPS@0x36C2A8	NUN5_TEXTENG@0x7A10	slot	24				
T1087	1	Command Chart > character move name	<r雷豪|らいごう>	Thunderbolt Roar			e2e:movesets	NA2_SLPS@0x36C2C0	NUN5_TEXTENG@0x7A30	slot	32				
T1088	1	Command Chart > character move name	<r伐掌|ばっしょう>	Cutting Palm			e2e:movesets	NA2_SLPS@0x36C2E0	NUN5_TEXTENG@0x7A48	slot	32				
T1089	1	Command Chart > character move name	<r剛突|ごうとつ>	Heavy Thrust			e2e:movesets	NA2_SLPS@0x36C300	NUN5_TEXTENG@0x7A58	slot	32				
T1090	1	Command Chart > character move name	<r暴砲|ぼうほう>	Violent Cannonball			e2e:movesets	NA2_SLPS@0x36C320	NUN5_TEXTENG@0x7A70	slot	32				
T1091	1	Command Chart > character move name	<r昇雷|しょうらい>	Rising Thunder			e2e:movesets	NA2_SLPS@0x36C340	NUN5_TEXTENG@0x7A88	slot	32				
T1092	1	Command Chart > character move name	<r落体|らくてい>	Body Drop			e2e:movesets	NA2_SLPS@0x36C360	NUN5_TEXTENG@0x7A98	slot	32				
T1093	1	Command Chart > character move name	<r落撃|らくげき>	Drop Attack			e2e:movesets	NA2_SLPS@0x36C380	NUN5_TEXTENG@0x7AA8	slot	32				
T1094	1	Command Chart > character move name	<r突肩|とっけん>	Shoulder Charge			e2e:movesets	NA2_SLPS@0x36C3A0	NUN5_TEXTENG@0x7AC0	slot	32				
T1095	1	Command Chart > character move name	<r蜘蛛巣開|クモソウカイ>	Spiral Spider Web			e2e:movesets	NA2_SLPS@0x3711E0	NUN5_TEXTENG@0x7B80	slot	32				
T1096	1	Command Chart > character move name	<r大蜘蛛落|おおグモお>とし	Giant Spider Drop			e2e:jutsus|e2e:movesets	NA2_SLPS@0x371200	NUN5_TEXTENG@0x7BA0	slot	32				
T1097	1	Command Chart > character move name	<r蜘蛛足返|クモあしがえ>し	Spider Leg Counter			e2e:movesets	NA2_SLPS@0x371220	NUN5_TEXTENG@0x7BC0	slot	32				
T1098	1	Command Chart > character move name	<r粘金棘刺|ねんきんきょくし>	Malleable Metal Stab			e2e:movesets	NA2_SLPS@0x371240	NUN5_TEXTENG@0x7BE0	slot	32				
T1099	1	Command Chart > character move name	<r粘金咬顎|ねんきんこうがく>	Malleable Metal Jaw Bite			e2e:movesets	NA2_SLPS@0x371260	NUN5_TEXTENG@0x7C00	slot	32				
T1100	1	Command Chart > character move name	<r蜘蛛足爪裁|クモあしそうさい>	Spider Foot Claw Cut 			e2e:movesets	NA2_SLPS@0x371280	NUN5_TEXTENG@0x7C20	slot	32				
T1101	1	Command Chart > character move name	<r蜘蛛粘吐|クモねんど>　<r舞鳥捕獲|まいどりほかく>	Spider Gum: Dancing Bird Capture			e2e:movesets	NA2_SLPS@0x3712A0	NUN5_TEXTENG@0x7C40	slot	64				
T1102	1	Command Chart > character move name	<r蜘蛛旋斧|クモせんぷ>	Spider Spiral Axe			e2e:movesets	NA2_SLPS@0x3712E0	NUN5_TEXTENG@0x7C70	slot	32				
T1103	1	Command Chart > character move name	<r蜘蛛粘吐|クモねんど>　<r這虫捕獲|はいむしほかく>	Spider Gum: Crawling Insect Capture			e2e:movesets	NA2_SLPS@0x371300	NUN5_TEXTENG@0x7C90	slot	64				
T1104	1	Command Chart > character move name	<r蜘蛛粘吐|クモねんど>　<r天下半周|てんげはんしゅう>	Spider Gum: Halfway Around the Earth			e2e:movesets	NA2_SLPS@0x371340	NUN5_TEXTENG@0x7CC0	slot	64				
T1105	1	Command Chart > character move name	<r蜘蛛昇槍|クモしょうそう>	Spider Rising Spear 			e2e:movesets	NA2_SLPS@0x371380	NUN5_TEXTENG@0x7CF0	slot	32				
T1106	1	Command Chart > character move name	<r天井這落|てんじょうしゃらく>	Ceiling Crawl Drop			e2e:movesets	NA2_SLPS@0x3713A0	NUN5_TEXTENG@0x7D10	slot	32				
T1107	1	Command Chart > character move name	<r蜘蛛粘吐|クモねんど>　<r纏糸|てんし>	Spider Gum: Clad String			e2e:movesets	NA2_SLPS@0x3713C0	NUN5_TEXTENG@0x7D30	slot	48				
T1108	1	Command Chart > character move name	<r八艘蜘蛛足|はっそうクモあし>	8 Ship Spider Leg 			e2e:movesets	NA2_SLPS@0x3713F0	NUN5_TEXTENG@0x7D50	slot	32				
T1109	1	Command Chart > character move name	<r幻武操曲|げんぶそうきょく>　<r絆狂|はんきょう>	Musical Manipulation: Tied Madness			e2e:movesets	NA2_SLPS@0x375DF0	NUN5_TEXTENG@0x7E20	slot	64				
T1110	1	Command Chart > character move name	<r幻武操曲|げんぶそうきょく>　<r独葬|どくそう>	Musical Manipulation: Single Burial 			e2e:movesets	NA2_SLPS@0x375E30	NUN5_TEXTENG@0x7E50	slot	48				
T1111	1	Command Chart > character move name	<r魔笛|まてき>　<r鎖音|さいん>	Demon Flute: Chain Sound			e2e:movesets	NA2_SLPS@0x375E60	NUN5_TEXTENG@0x7E80	slot	32				
T1112	1	Command Chart > character move name	<r魔笛|まてき>　<r音羽|おとは>	Demon Flute: Sound Wings			e2e:movesets	NA2_SLPS@0x375E80	NUN5_TEXTENG@0x7EA0	slot	32				
T1113	1	Command Chart > character move name	<r魔笛|まてき>　<r滴音|てきいん>	Demon Flute: Drop Sound			e2e:movesets	NA2_SLPS@0x375EA0	NUN5_TEXTENG@0x7EC0	slot	48				
T1114	1	Command Chart > character move name	<r魔笛|まてき>　<r円音|えんいん>	Demon Flute: Circle Sound			e2e:movesets	NA2_SLPS@0x375ED0	NUN5_TEXTENG@0x7EE0	slot	48				
T1115	1	Command Chart > character move name	<r魔笛|まてき>　<r月音|げついん>	Demon Flute: Moon Sound			e2e:movesets	NA2_SLPS@0x375F00	NUN5_TEXTENG@0x7F00	slot	48				
T1116	1	Command Chart > character move name	<r魔笛|まてき>　<r跫音|きょうおん>	Demon Flute: Footstep Sound			e2e:movesets	NA2_SLPS@0x375F30	NUN5_TEXTENG@0x7F20	slot	48				
T1117	1	Command Chart > character move name	<r魔笛|まてき>　<r波音|はいん>	Demon Flute: Wave Sound			e2e:movesets	NA2_SLPS@0x375F60	NUN5_TEXTENG@0x7F40	slot	32				
T1118	1	Command Chart > character move name	<r無音|ぶいん>	Silence			e2e:movesets	NA2_SLPS@0x375F80	NUN5_SLES@0x514118	slot	16				
T1119	1	Command Chart > character move name	<r魔笛|まてき>　<r環音|かんいん>	Demon Flute: Ring Sound			e2e:movesets	NA2_SLPS@0x375F90	NUN5_TEXTENG@0x7F60	slot	48				
T1120	1	Command Chart > character move name	<r魔笛|まてき>　<r凛音|りんおん>	Demon Flute: Clear Sound			e2e:movesets	NA2_SLPS@0x375FC0	NUN5_TEXTENG@0x7F80	slot	40				
T1121	1	Command Chart > character move name	<r無笛|むてき>	No Flute 			e2e:movesets	NA2_SLPS@0x375FE8	NUN5_TEXTENG@0x7FA0	slot	24				
T1122	1	Command Chart > character move name	<r魔笛|まてき>　<r虚音|きょいん>	Demon Flute: Hollow Sound			e2e:movesets	NA2_SLPS@0x376000	NUN5_TEXTENG@0x7FB0	slot	48				
T1123	1	Command Chart > character move name	<r多連拳|たれんけん>	Multiple Fists Barrage			e2e:movesets	NA2_SLPS@0x37B3A0	NUN5_TEXTENG@0x8070	slot	32				
T1124	1	Command Chart > character move name	<r爆滅法陣|ばくめつほうじん>	Explosive Destruction Formation			e2e:jutsus|e2e:movesets	NA2_SLPS@0x37B3C0	NUN5_TEXTENG@0x8090	slot	32				
T1125	1	Command Chart > character move name	<r多連伸角脚|たれんしんかくきゃく>	Multi Growing Horn Kick			e2e:movesets	NA2_SLPS@0x37B3E0	NUN5_TEXTENG@0x80B0	slot	48				
T1126	1	Command Chart > character move name	<r多連暗生拳|たれんあんしょうけん>	Multi Dark Life Fist			e2e:movesets	NA2_SLPS@0x37B410	NUN5_TEXTENG@0x80D0	slot	48				
T1127	1	Command Chart > character move name	<r多連鬼爪脚|たれんきそうきゃく>	Multi Demon Claw Kick			e2e:movesets	NA2_SLPS@0x37B440	NUN5_TEXTENG@0x80F0	slot	48				
T1128	1	Command Chart > character move name	<r多連惨風脚|たれんざんぷうきゃく>	Multi Cruel Wind Kick			e2e:movesets	NA2_SLPS@0x37B470	NUN5_TEXTENG@0x8110	slot	48				
T1129	1	Command Chart > character move name	<r多連哭龍脚|たれんこくりゅうきゃく>	Multi Howling Dragon Kick			e2e:movesets	NA2_SLPS@0x37B4A0	NUN5_TEXTENG@0x8130	slot	48				
T1130	1	Command Chart > character move name	<r多連獄刺脚|たれんごくしきゃく>	Multi Imprisoning Stabbing Kick			e2e:movesets	NA2_SLPS@0x37B4D0	NUN5_TEXTENG@0x8150	slot	48				
T1131	1	Command Chart > character move name	<r多連亡手拳|たれんぼうしゅけん>	Multi Dead Hand Fist			e2e:movesets	NA2_SLPS@0x37B500	NUN5_TEXTENG@0x8170	slot	48				
T1132	1	Command Chart > character move name	<r多連閻鳴拳|たれんえんめいけん>	Multi Diabolical Shouting Fist			e2e:movesets	NA2_SLPS@0x37B530	NUN5_TEXTENG@0x8190	slot	48				
T1133	1	Command Chart > character move name	<r多連追般脚|たれんついはんきゃく>	Multi Pursuing Kick			e2e:movesets	NA2_SLPS@0x37B560	NUN5_TEXTENG@0x81B0	slot	48				
T1134	1	Command Chart > character move name	<r多連鬼招脚|たれんきしょうきゃく>	Multi Demon Calling Kick			e2e:movesets	NA2_SLPS@0x37B590	NUN5_TEXTENG@0x81D0	slot	48				
T1135	1	Command Chart > character move name	<r多連投獄脚|たれんとうごくきゃく>	Multi Imprisoning Kick			e2e:movesets	NA2_SLPS@0x37B5C0	NUN5_TEXTENG@0x81F0	slot	48				
T1136	1	Command Chart > character move name	<r多連魔走拳|たれんまそうけん>	Multi Evil Dash Fist			e2e:movesets	NA2_SLPS@0x37B5F0	NUN5_TEXTENG@0x8210	slot	32				
T1137	1	Command Chart > character move name	<r茨|いばら>	Thorn			e2e:movesets	NA2_SLPS@0x380BB8	NUN5_SLES@0x514120	slot	24				
T1138	1	Command Chart > character move name	<r唐松|からまつ>の<r舞|まい>	Larch Dance 			e2e:movesets	NA2_SLPS@0x380BD0	NUN5_TEXTENG@0x82F0	slot	32				
T1139	1	Command Chart > character move name	<r椿|つばき>	Camellia 			e2e:movesets	NA2_SLPS@0x380BF0	NUN5_TEXTENG@0x8300	slot	16				
T1140	1	Command Chart > character move name	<r槻|けやき>	Zelkova			e2e:movesets	NA2_SLPS@0x380C00	NUN5_SLES@0x514128	slot	16				
T1141	1	Command Chart > character move name	<r風車|かざぐるま>	Windmill			e2e:movesets	NA2_SLPS@0x380C10	NUN5_TEXTENG@0x8310	slot	32				
T1142	1	Command Chart > character move name	<r骨飛礫|ほねつぶて>	Flying Bone Pellet			e2e:movesets	NA2_SLPS@0x380C30	NUN5_TEXTENG@0x8320	slot	24				
T1143	1	Command Chart > character move name	<r芒|すすき>	Pampas			e2e:movesets	NA2_SLPS@0x380C48	NUN5_SLES@0x514130	slot	16				
T1144	1	Command Chart > character move name	<r薊|あざみ>	Thistle			e2e:movesets	NA2_SLPS@0x380C58	NUN5_SLES@0x514138	slot	24				
T1145	1	Command Chart > character move name	<r令法|りょうぶ>	Clethra			e2e:movesets	NA2_SLPS@0x380C70	NUN5_SLES@0x514140	slot	24				
T1146	1	Command Chart > character move name	<r柊|ひいらぎ>	Holly			e2e:movesets	NA2_SLPS@0x380C88	NUN5_SLES@0x514148	slot	16				
T1147	1	Command Chart > character move name	<r空木|うつぎ>	Deutzia			e2e:movesets	NA2_SLPS@0x380C98	NUN5_SLES@0x514150	slot	24				
T1148	1	Command Chart > character move name	<r吸葛|すいかずら>	Honeysuckle			e2e:movesets	NA2_SLPS@0x380CB0	NUN5_TEXTENG@0x8338	slot	24				
T1149	1	Command Chart > character move name	<r柳|やなぎ>	Willow			e2e:movesets	NA2_SLPS@0x380CC8	NUN5_SLES@0x514158	slot	24				
T1150	1	Command Chart > character move name	<r夜叉五倍子|やしゃぶし>	Alder 			e2e:movesets	NA2_SLPS@0x380CE0	NUN5_SLES@0x514160	slot	32				
T1151	1	Command Chart > character move name	<r椹|さわら>	Cypress			e2e:movesets	NA2_SLPS@0x380D00	NUN5_SLES@0x514168	slot	16				
T1152	1	Command Chart > character move name	<r瞬光|しゅんこう>	Instant Light 			e2e:movesets	NA2_SLPS@0x386690	NUN5_TEXTENG@0x8410	slot	32				
T1153	1	Command Chart > character move name	<r瞬転昇蹴|しゅんてんしょうしゅう>	Instant Rising Kick			e2e:movesets	NA2_SLPS@0x3866B0	NUN5_TEXTENG@0x8420	slot	48				
T1154	1	Command Chart > character move name	<r射光閃|しゃこうせん>	Shooting Flash			e2e:movesets	NA2_SLPS@0x3866E0	NUN5_TEXTENG@0x8438	slot	32				
T1155	1	Command Chart > character move name	<r輝刃閃|きじんせん>	Shining Blade Flash			e2e:movesets	NA2_SLPS@0x386700	NUN5_TEXTENG@0x8450	slot	32				
T1156	1	Command Chart > character move name	<r三光閃|さんこうせん>	Triple Flash			e2e:movesets	NA2_SLPS@0x386720	NUN5_TEXTENG@0x8468	slot	32				
T1157	1	Command Chart > character move name	<r昇雷閃|しょうらいせん>	Rising Thunder Flash			e2e:movesets	NA2_SLPS@0x386740	NUN5_TEXTENG@0x8480	slot	32				
T1158	1	Command Chart > character move name	<r超光脚|ちょうこうきゃく>	Super Light beam Kick			e2e:movesets	NA2_SLPS@0x386760	NUN5_TEXTENG@0x84A0	slot	32				
T1159	1	Command Chart > character move name	<r瞬雷刃|しゅんらいじん>	Instant Thunder Blade			e2e:movesets	NA2_SLPS@0x386780	NUN5_TEXTENG@0x84C0	slot	32				
T1160	1	Command Chart > character move name	<r粒光脚|りゅうこうきゃく>	Light Particle Kick			e2e:movesets	NA2_SLPS@0x3867A0	NUN5_TEXTENG@0x84E0	slot	32				
T1161	1	Command Chart > character move name	<r帰光閃|きこうせん>	Returning Light Flash			e2e:movesets	NA2_SLPS@0x3867C0	NUN5_TEXTENG@0x8500	slot	32				
T1162	1	Command Chart > character move name	<r降雷刃|こうらいじん>	Falling Thunder Blade			e2e:movesets	NA2_SLPS@0x3867E0	NUN5_TEXTENG@0x8520	slot	32				
T1163	1	Command Chart > character move name	<r疾光弾|しっこうだん>	Lightning Bullet			e2e:movesets	NA2_SLPS@0x386800	NUN5_TEXTENG@0x8540	slot	32				
T1164	1	Command Chart > character move name	<r迅雷閃|じんらいせん>	Lightning Flash 			e2e:movesets	NA2_SLPS@0x386820	NUN5_TEXTENG@0x8560	slot	32				
T1165	1	Command Chart > character move name	おいろけの<r術|じゅつ>	Sexy Jutsu			e2e:movesets	NA2_SLPS@0x38B6D0	NUN5_TEXTENG@0x8648	slot	32				
T1166	1	Command Chart > character move name	<r忍具|にんぐ>ぽいぽいっ！	Ninja Tools Toss!			e2e:movesets	NA2_SLPS@0x38B6F0	NUN5_TEXTENG@0x8660	slot	32				
T1167	1	Command Chart > character move name	<r木|こ>ノ<r葉丸軍団劇場|はまるぐんだんげきじょう>	Konohamaru Ninja Squad Theater			e2e:movesets	NA2_SLPS@0x38B710	NUN5_TEXTENG@0x8680	slot	64				
T1168	1	Command Chart > character move name	ぐるぐるどか～ん！	Spin, Spin, Bam!			e2e:movesets	NA2_SLPS@0x38B750	NUN5_TEXTENG@0x86A0	slot	24				
T1169	1	Command Chart > character move name	かかったな！	I Got You!			e2e:movesets	NA2_SLPS@0x38B768	NUN5_TEXTENG@0x86B8	slot	24				
T1170	1	Command Chart > character move name	<r見|み>えないだろ！	You Can't See Me!			e2e:movesets	NA2_SLPS@0x38B780	NUN5_TEXTENG@0x86D0	slot	32				
T1171	1	Command Chart > character move name	<r飛|と>んでけぇ！	Fly Away!			e2e:movesets	NA2_SLPS@0x38B7A0	NUN5_TEXTENG@0x86E8	slot	32				
T1172	1	Command Chart > character move name	<r飛|と>び<r越|こ>えろっ！	Jump Over!			e2e:movesets	NA2_SLPS@0x38B7C0	NUN5_TEXTENG@0x86F8	slot	32				
T1173	1	Command Chart > character move name	ごっつんこ！	Thump!			e2e:movesets	NA2_SLPS@0x38B7E0	NUN5_SLES@0x514170	slot	16				
T1174	1	Command Chart > character move name	びった～ん！	Slam!			e2e:movesets	NA2_SLPS@0x38B7F0	NUN5_SLES@0x514178	slot	16				
T1175	1	Command Chart > character move name	こっち<r来|く>るなコレ！	Keep Away From Me!			e2e:movesets	NA2_SLPS@0x38B800	NUN5_TEXTENG@0x8710	slot	32				
T1176	1	Command Chart > character move name	あっち<r行|い>けコレ！	Go Away! 			e2e:movesets	NA2_SLPS@0x38B820	NUN5_TEXTENG@0x8728	slot	32				
T1177	1	Command Chart > character move name	<r烈華掌|れっかしょう>	Fierce Palm			e2e:movesets	NA2_SLPS@0x390730	NUN5_TEXTENG@0x87E0	slot	32				
T1178	1	Command Chart > character move name	<r輪昇打|りんしょうだ>	Rising Circle Strike			e2e:movesets	NA2_SLPS@0x390750	NUN5_TEXTENG@0x87F0	slot	32				
T1179	1	Command Chart > character move name	<r砲突撃|ほうとつげき>	Cannonball Charge			e2e:movesets	NA2_SLPS@0x390770	NUN5_TEXTENG@0x8810	slot	32				
T1180	1	Command Chart > character move name	<r下天崩撃|げてんほうげき>	Earth Destruction Attack			e2e:movesets	NA2_SLPS@0x390790	NUN5_TEXTENG@0x8830	slot	32				
T1181	1	Command Chart > character move name	<r旋回掌|せんかいしょう>	Whirling Palm			e2e:movesets	NA2_SLPS@0x3907B0	NUN5_TEXTENG@0x8850	slot	32				
T1182	1	Command Chart > character move name	<r天突連掌|てんとつれんしょう>	Heaven Thrust Repeating Palm			e2e:movesets	NA2_SLPS@0x3907D0	NUN5_TEXTENG@0x8860	slot	32				
T1183	1	Command Chart > character move name	<r湖面双脚|こめんそうきゃく>	Lake Surface Twin Kick			e2e:movesets	NA2_SLPS@0x3907F0	NUN5_TEXTENG@0x8880	slot	32				
T1184	1	Command Chart > character move name	<r白爆経掌|びゃくばくけいしょう>	White Explosive Chakra Palm			e2e:movesets	NA2_SLPS@0x390810	NUN5_TEXTENG@0x88A0	slot	48				
T1185	1	Command Chart > character move name	<r跳背両脚|ちょうはいりょうきゃく>	Jumping Double Back Kick			e2e:movesets	NA2_SLPS@0x390840	NUN5_TEXTENG@0x88C0	slot	48				
T1186	1	Command Chart > character move name	<r天掴砲掌|てんかくほうしょう>	Seizing Heaven Cannonball Palm			e2e:movesets	NA2_SLPS@0x390870	NUN5_TEXTENG@0x88E0	slot	32				
T1187	1	Command Chart > character move name	<r木遁|もくとん>・<r森羅万象|しんらばんしょう>	Wood Style: Universe			e2e:movesets	NA2_SLPS@0x3956E0	NUN5_TEXTENG@0x89B0	slot	48				
T1188	1	Command Chart > character move name	<r木遁|もくとん>・<r金剛招木|こんごうしょうぼく>	Wood Style: Adamantine Forest Call			e2e:movesets	NA2_SLPS@0x395710	NUN5_TEXTENG@0x89D0	slot	64				
T1189	1	Command Chart > character move name	<r痛天樹|つうてんじゅ>	Heaven Forest of Pain			e2e:movesets	NA2_SLPS@0x395750	NUN5_TEXTENG@0x8A00	slot	32				
T1190	1	Command Chart > character move name	<r木|こ>ノ<r葉風陣|はふうじん>	Hidden Leaf Wind Formation			e2e:movesets	NA2_SLPS@0x395770	NUN5_TEXTENG@0x8A20	slot	32				
T1191	1	Command Chart > character move name	<r無双脚|むそうきゃく>	Ultra Kick			e2e:movesets	NA2_SLPS@0x395790	NUN5_TEXTENG@0x8A40	slot	32				
T1192	1	Command Chart > character move name	<r金剛拳|こんごうけん>	Adamantine Fist			e2e:movesets	NA2_SLPS@0x3957B0	NUN5_TEXTENG@0x8A50	slot	32				
T1193	1	Command Chart > character move name	<r縫連樹|ほうれんじゅ>	Lined Forest			e2e:movesets	NA2_SLPS@0x3957D0	NUN5_TEXTENG@0x8A60	slot	32				
T1194	1	Command Chart > character move name	<r黄金蓮咲|こがねれんそう>	Golden Lotus Blossom			e2e:movesets	NA2_SLPS@0x3957F0	NUN5_TEXTENG@0x8A70	slot	32				
T1195	1	Command Chart > character move name	<r剛槍樹|ごうそうじゅ>	Spear Forest			e2e:movesets	NA2_SLPS@0x395810	NUN5_TEXTENG@0x8A88	slot	32				
T1196	1	Command Chart > character move name	<r真肘打|しんちゅうだ>	Elbow Strike			e2e:movesets	NA2_SLPS@0x395830	NUN5_TEXTENG@0x8A98	slot	32				
T1197	1	Command Chart > character move name	<r天狗返|てんぐがえ>り	Tengu Turn			e2e:movesets	NA2_SLPS@0x395850	NUN5_TEXTENG@0x8AA8	slot	32				
T1198	1	Command Chart > character move name	<r剛力天誅|ごうりきてんちゅう>	Heaven's Punishment			e2e:movesets	NA2_SLPS@0x395870	NUN5_TEXTENG@0x8AC0	slot	32				
T1199	1	Command Chart > character move name	<r金剛投|こんごうな>げ	Adamantine Throw			e2e:movesets	NA2_SLPS@0x395890	NUN5_TEXTENG@0x8AE0	slot	32				
T1200	1	Command Chart > character move name	<r旋風舞|つむじま>い	Whirlwind Dance			e2e:movesets	NA2_SLPS@0x3958B0	NUN5_TEXTENG@0x8B00	slot	32				
T1201	1	Command Chart > character move name	<r黒暗行|こくあんぎょう>の<r術|じゅつ>	Infinite Darkness Jutsu			e2e:movesets	NA2_SLPS@0x39A950	NUN5_TEXTENG@0x8BC0	slot	48				
T1202	1	Command Chart > character move name	<r水遁|すいとん>・<r水陣壁|すいじんへき>	Water Style: Water Wall			e2e:jutsus|e2e:movesets	NA2_SLPS@0x39A980	NUN5_TEXTENG@0x8BE0	slot	48				
T1203	1	Command Chart > character move name	<r昇河穿脚|しょうかせんきゃく>	Rising River Thrust Kick			e2e:movesets	NA2_SLPS@0x39A9B0	NUN5_TEXTENG@0x8C00	slot	32				
T1204	1	Command Chart > character move name	<r水掌刃|すいしょうじん>	Water Palm Blade			e2e:movesets	NA2_SLPS@0x39A9D0	NUN5_TEXTENG@0x8C20	slot	32				
T1205	1	Command Chart > character move name	<r抱水|ほうすい>	Water Retain			e2e:movesets	NA2_SLPS@0x39A9F0	NUN5_TEXTENG@0x8C38	slot	32				
T1206	1	Command Chart > character move name	<r流水斬|りゅうすいざん>	Flowing Water Slash			e2e:movesets	NA2_SLPS@0x39AA10	NUN5_TEXTENG@0x8C50	slot	32				
T1207	1	Command Chart > character move name	<r水柱突|すいちゅうとつ>	Water Pillar Thrust			e2e:movesets	NA2_SLPS@0x39AA30	NUN5_TEXTENG@0x8C70	slot	32				
T1208	1	Command Chart > character move name	<r転落踵|てんらくしょう>	Heel Drop			e2e:movesets	NA2_SLPS@0x39AA50	NUN5_TEXTENG@0x8C88	slot	32				
T1209	1	Command Chart > character move name	<r瞬水|しゅんすい>	Instant Water			e2e:movesets	NA2_SLPS@0x39AA70	NUN5_TEXTENG@0x8C98	slot	32				
T1210	1	Command Chart > character move name	<r渦流脚激|かりゅうかくげき>	Whirlpool Kick			e2e:movesets	NA2_SLPS@0x39AA90	NUN5_TEXTENG@0x8CA8	slot	32				
T1211	1	Command Chart > character move name	<r氾水脚|はんすいきゃく>	Flood Kick 			e2e:movesets	NA2_SLPS@0x39AAB0	NUN5_TEXTENG@0x8CB8	slot	32				
T1212	1	Command Chart > character move name	<r獅水|しすい>	Lion Water			e2e:movesets	NA2_SLPS@0x39AAD0	NUN5_TEXTENG@0x8CC8	slot	16				
T1213	1	Command Chart > character move name	<r滝壺落|たきつぼお>とし	Water Basin Drop 			e2e:movesets	NA2_SLPS@0x39AAE0	NUN5_TEXTENG@0x8CE0	slot	32				
T1214	1	Command Chart > character move name	<r飛沫連脚|ひまつれんきゃく>	Spray Kick Barrage			e2e:movesets	NA2_SLPS@0x39AB00	NUN5_TEXTENG@0x8D00	slot	32				
T1215	1	Command Chart > character move name	<r猛蛇蹂躙|もうじゃじゅうりん>	Snake Stomp			e2e:movesets	NA2_SLPS@0x39FF60	NUN5_TEXTENG@0x8DD8	slot	32				
T1216	1	Command Chart > character move name	<r撃滅乱蛇|げきめつらんだ>	Marauding Snakes			e2e:jutsus|e2e:movesets	NA2_SLPS@0x39FF80	NUN5_TEXTENG@0x8DF0	slot	32				
T1217	1	Command Chart > character move name	<r輪蛇転脚|りんじゃてんきゃく>	Ring Snake Kick			e2e:movesets	NA2_SLPS@0x39FFA0	NUN5_TEXTENG@0x8E10	slot	32				
T1218	1	Command Chart > character move name	<r潜影蛇手|せんえいじゃしゅ>　<r蛇突|じゃとつ>	Striking Shadow Snake: Snake Thrust			e2e:movesets	NA2_SLPS@0x39FFC0	NUN5_TEXTENG@0x8E20	slot	48				
T1219	1	Command Chart > character move name	<r潜影蛇手|せんえいじゃしゅ>　<r蛇降|じゃこう>	Striking Shadow Snake: Snake Fall			e2e:movesets	NA2_SLPS@0x39FFF0	NUN5_TEXTENG@0x8E50	slot	48				
T1220	1	Command Chart > character move name	<r刃蛇潜影|はじゃせんえい>	Blade Snake Shadow			e2e:movesets	NA2_SLPS@0x3A0020	NUN5_TEXTENG@0x8E80	slot	32				
T1221	1	Command Chart > character move name	<r追蛇脚昇|ついじゃきゃくしょう>	Pursuing Snake Rising Kick			e2e:movesets	NA2_SLPS@0x3A0040	NUN5_TEXTENG@0x8EA0	slot	48				
T1222	1	Command Chart > character move name	<r潜影蛇手|せんえいじゃしゅ>　<r蛇鞭|じゃべん>	Striking Shadow Snake: Snake Whip			e2e:movesets	NA2_SLPS@0x3A0070	NUN5_TEXTENG@0x8EC0	slot	48				
T1223	1	Command Chart > character move name	<r這蛇穿脚|はじゃせんきゃく>	Slithering Snake Thrust Kick			e2e:movesets	NA2_SLPS@0x3A00A0	NUN5_TEXTENG@0x8EF0	slot	32				
T1224	1	Command Chart > character move name	<r潜影蛇手|せんえいじゃしゅ>　<r蛇縛|じゃばく>	Striking Shadow Snake: Snake Capture			e2e:movesets	NA2_SLPS@0x3A00C0	NUN5_TEXTENG@0x8F10	slot	48				
T1225	1	Command Chart > character move name	<r潜影蛇手|せんえいじゃしゅ>　<r蛇仰|じゃぎょう>	Striking Shadow Snake: Snake Cult			e2e:movesets	NA2_SLPS@0x3A00F0	NUN5_TEXTENG@0x8F40	slot	64				
T1226	1	Command Chart > character move name	<r潜影蛇手|せんせいじゃしゅ>　<r蛇追|じゃつい>	Striking Shadow Snake: Snake Pursuit			e2e:movesets	NA2_SLPS@0x3A0130	NUN5_TEXTENG@0x8F70	slot	48				
T1227	1	Command Chart > character move name	<r蛇縛転脚|じゃばくてんきゃく>	Snake Capture Rolling Kick			e2e:movesets	NA2_SLPS@0x3A0160	NUN5_TEXTENG@0x8FA0	slot	32				
T1228	1	Command Chart > character move name	<r旋蛇蹴脚|せんじゃしゅうきゃく>	Spiral Snake Kick			e2e:movesets	NA2_SLPS@0x3A0180	NUN5_TEXTENG@0x8FC0	slot	48				
T1229	1	Command Chart > character move name	<r九尾|きゅうび>の<r力|ちから>	Nine-Tailed Fox Power			e2e:movesets	NA2_SLPS@0x3A5820	NUN5_TEXTENG@0x90A0	slot	32				
T1230	1	Command Chart > character move name	<r朱|あか>い<r螺旋丸|らせんがん>	Vermilion Rasengan			e2e:movesets	NA2_SLPS@0x3A5840	NUN5_TEXTENG@0x90C0	slot	48				
T1231	1	Command Chart > character move name	<r紅蓮旋風|ぐれんせんぷう>	Blazing Whirlwind			e2e:movesets	NA2_SLPS@0x3A5870	NUN5_TEXTENG@0x90E0	slot	32				
T1232	1	Command Chart > character move name	<r紅蓮爪駆|ぐれんそうか>	Blazing Claw Dash			e2e:movesets	NA2_SLPS@0x3A5890	NUN5_TEXTENG@0x9100	slot	32				
T1233	1	Command Chart > character move name	<r紅蓮爪舞|ぐれんそうぶ>	Blazing Claw Dance			e2e:movesets	NA2_SLPS@0x3A58B0	NUN5_TEXTENG@0x9120	slot	32				
T1234	1	Command Chart > character move name	<r紅蓮風塵|ぐれんふうじん>	Blazing Dust			e2e:movesets	NA2_SLPS@0x3A58D0	NUN5_TEXTENG@0x9138	slot	32				
T1235	1	Command Chart > character move name	<r紅蓮空舞|ぐれんくうぶ>	Blazing Air Dance			e2e:movesets	NA2_SLPS@0x3A58F0	NUN5_TEXTENG@0x9150	slot	32				
T1236	1	Command Chart > character move name	<r紅蓮震弾|ぐれんしんだん>	Blazing Vibrating Bullet			e2e:movesets	NA2_SLPS@0x3A5910	NUN5_TEXTENG@0x9170	slot	32				
T1237	1	Command Chart > character move name	<r紅蓮倒落|ぐれんとうらく>	Blazing Drop			e2e:movesets	NA2_SLPS@0x3A5930	NUN5_TEXTENG@0x9190	slot	32				
T1238	1	Command Chart > character move name	<r紅蓮飛流撃|ぐれんひりゅうげき>	Blazing Flying Strike			e2e:movesets	NA2_SLPS@0x3A5950	NUN5_TEXTENG@0x91A0	slot	48				
T1239	1	Command Chart > character move name	<r紅蓮震撃|ぐれんしんげき>	Blazing Tremor Attack			e2e:movesets	NA2_SLPS@0x3A5980	NUN5_TEXTENG@0x91C0	slot	32				
T1240	1	Command Chart > character move name	<r紅蓮爪撃|ぐれんそうげき>	Blazing Claw Strike			e2e:movesets	NA2_SLPS@0x3A59A0	NUN5_TEXTENG@0x91E0	slot	32				
T1241	1	Command Chart > character move name	<r紅蓮旋風迅|ぐれんせんぷうじん>	Rapid Blazing Whirlwind			e2e:movesets	NA2_SLPS@0x3A59C0	NUN5_TEXTENG@0x9200	slot	48				
T1242	1	Command Chart > character move name	<r紅蓮旋華|ぐれんせんか>	Blazing Whirling Flower			e2e:movesets	NA2_SLPS@0x3A59F0	NUN5_TEXTENG@0x9220	slot	32				
T1243	1	Command Chart > character move name	<r無双豪風陣|むそうごうふうじん>	Ultra Gale Formation			e2e:movesets	NA2_SLPS@0x3AB2F0	NUN5_TEXTENG@0x9300	slot	48				
T1244	1	Command Chart > character move name	<r黒|くろ>い<r千鳥|ちどり>	Black Chidori			e2e:movesets	NA2_SLPS@0x3AB320	NUN5_TEXTENG@0x9318	slot	32				
T1245	1	Command Chart > character move name	<r飛炎疾風|ひえんしっぷう>	Flying Flame Gale			e2e:movesets	NA2_SLPS@0x3AB340	NUN5_TEXTENG@0x9330	slot	32				
T1246	1	Command Chart > character move name	<r旋風轟迅|せんぷうごうじん>	Super Speed Whirlwind 			e2e:movesets	NA2_SLPS@0x3AB360	NUN5_TEXTENG@0x9350	slot	32				
T1247	1	Command Chart > character move name	<r火遁|かとん>・<r飛炎弾|ひえんだん>	Fire Style: Flying Flame Bullet 			e2e:movesets	NA2_SLPS@0x3AB380	NUN5_TEXTENG@0x9370	slot	48				
T1248	1	Command Chart > character move name	<r後葬炎舞|こうそうえんぶ>	Burial Flame Dance 			e2e:movesets	NA2_SLPS@0x3AB3B0	NUN5_TEXTENG@0x93A0	slot	32				
T1249	1	Command Chart > character move name	<r疾風炎戯|しっぷうえんぎ>	Gale Flame Prank			e2e:movesets	NA2_SLPS@0x3AB3D0	NUN5_TEXTENG@0x93C0	slot	32				
T1250	1	Command Chart > character move name	<r旋風炎迅|せんぷうえんじん>	Rapid Flame Whirlwind			e2e:movesets	NA2_SLPS@0x3AB3F0	NUN5_TEXTENG@0x93E0	slot	32				
T1251	1	Command Chart > character move name	<r轟風炎飛落|ごうふうえんびらく>	Roaring Wind Flame Drop			e2e:movesets	NA2_SLPS@0x3AB410	NUN5_TEXTENG@0x9400	slot	48				
T1252	1	Command Chart > character move name	<r飛隼奈落|ひしゅんならく>	Flying Falcon Abyss			e2e:movesets	NA2_SLPS@0x3AB440	NUN5_TEXTENG@0x9420	slot	32				
T1253	1	Command Chart > character move name	<r疾風翔炎迅|しっぷうしょうえんじん>	Flying Gale Flame			e2e:movesets	NA2_SLPS@0x3AB460	NUN5_TEXTENG@0x9440	slot	48				
T1254	1	Command Chart > character move name	<r双飛天脚|そうひてんきゃく>	Twin Flying Kick			e2e:movesets	NA2_SLPS@0x3AB490	NUN5_TEXTENG@0x9460	slot	32				
T1255	1	Command Chart > character move name	<r疾走流葬迅|しっそうりゅうそうじん>	Rapid Burial Dash 			e2e:movesets	NA2_SLPS@0x3AB4B0	NUN5_TEXTENG@0x9480	slot	48				
T1256	1	Command Chart > character move name	<r飛炎流舞|ひえんりゅうぶ>	Flying Flame Dance			e2e:movesets	NA2_SLPS@0x3AB4E0	NUN5_TEXTENG@0x94A0	slot	32				
T1257	1	Command Chart > character move name	すい<r蓮華|れんげ>	Loopy Lotus			e2e:movesets	NA2_SLPS@0x3B0FB0	NUN5_TEXTENG@0x9580	slot	32				
T1258	1	Command Chart > character move name	すい<r八旋風|はっせんぷう>	Loopy Eight Whirlwind			e2e:movesets	NA2_SLPS@0x3B0FD0	NUN5_TEXTENG@0x9590	slot	32				
T1259	1	Command Chart > character move name	<r旋転仰飲蹴|せんてんぎょういんしゅう>	Whirling Kick			e2e:movesets	NA2_SLPS@0x3B0FF0	NUN5_TEXTENG@0x95A8	slot	48				
T1260	1	Command Chart > character move name	<r三連双撃|さんれんそうげき>　<r鬼殺|おにごろ>し	Triple Twin-Attack: Demon Killer			e2e:movesets	NA2_SLPS@0x3B1020	NUN5_TEXTENG@0x95C0	slot	64				
T1261	1	Command Chart > character move name	<r旋転地盃|せんてんちはい>	Whirling Earth Goblet			e2e:movesets	NA2_SLPS@0x3B1060	NUN5_TEXTENG@0x95F0	slot	32				
T1262	1	Command Chart > character move name	<r逆樽回|さかだるまわ>し	Reverse Barrel Spin			e2e:movesets	NA2_SLPS@0x3B1080	NUN5_TEXTENG@0x9610	slot	32				
T1263	1	Command Chart > character move name	<r月牙跳撃|げつがちょうげき>	Moon Fang Strike			e2e:movesets	NA2_SLPS@0x3B10A0	NUN5_TEXTENG@0x9630	slot	32				
T1264	1	Command Chart > character move name	<r二本蹴|にほんしゅう>	Double Kick			e2e:movesets	NA2_SLPS@0x3B10C0	NUN5_TEXTENG@0x9648	slot	32				
T1265	1	Command Chart > character move name	<r常流蹴|じょうりゅうしゅう>	Ever-Flow Kick			e2e:movesets	NA2_SLPS@0x3B10E0	NUN5_TEXTENG@0x9658	slot	32				
T1266	1	Command Chart > character move name	<r騰空飛天砲|とうくうひてんほう>	Boiling Air Flying Cannonball			e2e:movesets	NA2_SLPS@0x3B1100	NUN5_TEXTENG@0x9670	slot	48				
T1267	1	Command Chart > character move name	<r舞投蹴|ぶとうしゅう>	Dancing Throw Kick			e2e:movesets	NA2_SLPS@0x3B1130	NUN5_TEXTENG@0x9690	slot	32				
T1268	1	Command Chart > character move name	<r翔宙脚|しょうちゅうきゃく>	Flying Kick			e2e:movesets	NA2_SLPS@0x3B1150	NUN5_TEXTENG@0x96A8	slot	32				
T1269	1	Command Chart > character move name	<r杯落|さかずきお>とし	Goblet Drop			e2e:movesets	NA2_SLPS@0x3B1170	NUN5_TEXTENG@0x96B8	slot	32				
T1270	1	Command Chart > character move name	<r陽鳴蹴|ようめいしゅう>	Chirping Kick			e2e:movesets	NA2_SLPS@0x3B1190	NUN5_TEXTENG@0x96C8	slot	32				
T1271	1	Command Chart > character move name	<r突|つ>き<r出|だ>し	Shove			e2e:movesets	NA2_SLPS@0x3B11B0	NUN5_SLES@0x514180	slot	32				
T1272	1	Command Chart > character move name	<r熱砂瀑葬|ねっさばくそう>	Hot Sand Burial 			e2e:movesets	NA2_SLPS@0x3B62D0	NUN5_TEXTENG@0x97B0	slot	32				
T1273	1	Command Chart > character move name	<r砂手裏剣|すなしゅりけん>	Sand Shuriken			e2e:movesets	NA2_SLPS@0x3B62F0	NUN5_TEXTENG@0x4E98	slot	32				
T1274	1	Command Chart > character move name	<r砂天|さてん>	Sand Sky			e2e:movesets	NA2_SLPS@0x3B6310	NUN5_TEXTENG@0x97C8	slot	16				
T1275	1	Command Chart > character move name	<r砂腕撃|さわんげき>	Sand Arm Blow			e2e:movesets	NA2_SLPS@0x3B6320	NUN5_TEXTENG@0x97D8	slot	32				
T1276	1	Command Chart > character move name	<r砂重|さじゅう>の<r尾|お>	Sand Tail			e2e:movesets	NA2_SLPS@0x3B6340	NUN5_TEXTENG@0x97E8	slot	32				
T1277	1	Command Chart > character move name	<r烈砂|れっさ>	Fierce Sand			e2e:movesets	NA2_SLPS@0x3B6360	NUN5_TEXTENG@0x97F8	slot	16				
T1278	1	Command Chart > character move name	<r砂狸躯砲|さりくほう>	Sand Cannonball			e2e:movesets	NA2_SLPS@0x3B6370	NUN5_TEXTENG@0x9810	slot	32				
T1279	1	Command Chart > character move name	<r暴砂墳塵|ぼうさふんじん>	Sand Erupting Dust			e2e:movesets	NA2_SLPS@0x3B6390	NUN5_TEXTENG@0x9820	slot	32				
T1280	1	Command Chart > character move name	<r轢砂噛弾|れきさごうだん>	Sand Bullet			e2e:movesets	NA2_SLPS@0x3B63B0	NUN5_TEXTENG@0x9838	slot	32				
T1281	1	Command Chart > character move name	<r流砂削激|りゅうささくげき>	Sand Blast			e2e:movesets	NA2_SLPS@0x3B63D0	NUN5_TEXTENG@0x9848	slot	32				
T1282	1	Command Chart > character move name	<r放天|ほうてん>	Heaven Release 			e2e:movesets	NA2_SLPS@0x3B63F0	NUN5_TEXTENG@0x9860	slot	24				
T1283	1	Command Chart > character move name	<r怒砂|どしゃ>	Raging Sand			e2e:movesets	NA2_SLPS@0x3B6408	NUN5_TEXTENG@0x9870	slot	24				
T1284	1	Command Chart > character move name	<r墳砂瀑弾|ふんさばくだん>	Erupting Sand Bullet			e2e:movesets	NA2_SLPS@0x3B6420	NUN5_TEXTENG@0x9880	slot	32				
T1285	1	Command Chart > character move name	<r瀑流禍礫|ばくりゅうかれき>	Pellet Stream 			e2e:movesets	NA2_SLPS@0x3B6440	NUN5_TEXTENG@0x9898	slot	32				
T1286	1	Command Chart > character move name	<r蝶抜怒投|ちょうばつどとう>	Butterfly Rage Throw			e2e:movesets	NA2_SLPS@0x3BB580	NUN5_TEXTENG@0x9960	slot	32				
T1287	1	Command Chart > character move name	<r蝶弾爆裂|ちょうだんばくれつ>	Butterfly Bomb Sever			e2e:movesets	NA2_SLPS@0x3BB5A0	NUN5_TEXTENG@0x9980	slot	32				
T1288	1	Command Chart > character move name	<r蒼天舞|そうてんぶ>	Blue Sky Dance			e2e:movesets	NA2_SLPS@0x3BB5C0	NUN5_TEXTENG@0x9998	slot	32				
T1289	1	Command Chart > character move name	<r空填砲|くうてんほう>	Empty Cannonball 			e2e:movesets	NA2_SLPS@0x3BB5E0	NUN5_TEXTENG@0x99B0	slot	32				
T1290	1	Command Chart > character move name	<r捻転斧|ねんてんふ>	Twisting Axe 			e2e:movesets	NA2_SLPS@0x3BB600	NUN5_TEXTENG@0x99C8	slot	32				
T1291	1	Command Chart > character move name	<r瞬身叩|しゅんしんこう>	Instant Smash			e2e:movesets	NA2_SLPS@0x3BB620	NUN5_TEXTENG@0x99D8	slot	32				
T1292	1	Command Chart > character move name	<r空天翔|くうてんしょう>	Flying Heaven			e2e:movesets	NA2_SLPS@0x3BB640	NUN5_TEXTENG@0x99E8	slot	32				
T1293	1	Command Chart > character move name	<r降竜槍|こうりゅうそう>	Falling Dragon Spear 			e2e:movesets	NA2_SLPS@0x3BB660	NUN5_TEXTENG@0x9A00	slot	32				
T1294	1	Command Chart > character move name	<r彗星突|すいせいとつ>	Shooting Star Thrust			e2e:movesets	NA2_SLPS@0x3BB680	NUN5_TEXTENG@0x9A20	slot	32				
T1295	1	Command Chart > character move name	<r空圧閃|くうあつせん>	Air Pressure Slash			e2e:movesets	NA2_SLPS@0x3BB6A0	NUN5_TEXTENG@0x9A40	slot	32				
T1296	1	Command Chart > character move name	<r裂空昇|れっくうしょう>	Rising Air Slice			e2e:movesets	NA2_SLPS@0x3BB6C0	NUN5_TEXTENG@0x9A60	slot	32				
T1297	1	Command Chart > character move name	<r閃天斧|せんてんふ>	Slashing Heaven Axe			e2e:movesets	NA2_SLPS@0x3BB6E0	NUN5_TEXTENG@0x9A80	slot	32				
T1298	1	Command Chart > character move name	<r飛転脚|ひてんきゃく>	Flying Spin Kick			e2e:movesets	NA2_SLPS@0x3BB700	NUN5_TEXTENG@0x9AA0	slot	32				
T1299	1	Command Chart > character move name	<r天駆羽|てんくう>	Pegasus Wing			e2e:movesets	NA2_SLPS@0x3BB720	NUN5_TEXTENG@0x9AB8	slot	32				
T1300	1	Command Chart > character move name	チャクラ<r吸引|きゅういん>	Chakra Inhale			e2e:movesets	NA2_SLPS@0x3C0610	NUN5_TEXTENG@0x9B88	slot	32				
T1301	1	Command Chart > character move name	<r土遁|どとん>・<r噴岩砲岱|ふんがんほうたい>	Earth Style: Gushing Rock Mountain Cannonball			e2e:jutsus|e2e:movesets	NA2_SLPS@0x3C0630	NUN5_TEXTENG@0x9BA0	slot	48				
T1302	1	Command Chart > character move name	<r昇撃掌|しょうげきしょう>	Slamming Palm			e2e:movesets	NA2_SLPS@0x3C0670	NUN5_TEXTENG@0x9BD0	slot	32				
T1303	1	Command Chart > character move name	<r豪肘撃|ごうちゅうげき>	Elbow Strike 			e2e:movesets	NA2_SLPS@0x3C0690	NUN5_TEXTENG@0x9BE0	slot	32				
T1304	1	Command Chart > character move name	<r地断堕|じだんだ>	Severing Earth			e2e:movesets	NA2_SLPS@0x3C06B0	NUN5_TEXTENG@0x9BF0	slot	32				
T1305	1	Command Chart > character move name	<r土天砲|どってんぽう>	Earth and Heaven Cannonball			e2e:movesets	NA2_SLPS@0x3C06D0	NUN5_TEXTENG@0x9C00	slot	32				
T1306	1	Command Chart > character move name	<r昇膝|しょうしつ>	Knee Slam			e2e:movesets	NA2_SLPS@0x3C06F0	NUN5_TEXTENG@0x9C20	slot	32				
T1307	1	Command Chart > character move name	<r踏圧|とうあつ>	Stomp Pressure			e2e:movesets	NA2_SLPS@0x3C0710	NUN5_TEXTENG@0x9C30	slot	32				
T1308	1	Command Chart > character move name	<r岩撃|がんげき>	Boulder Blow			e2e:movesets	NA2_SLPS@0x3C0730	NUN5_TEXTENG@0x9C40	slot	32				
T1309	1	Command Chart > character move name	<r天撃|てんげき>	Heaven Attack			e2e:movesets	NA2_SLPS@0x3C0750	NUN5_TEXTENG@0x9C50	slot	32				
T1310	1	Command Chart > character move name	<r天蜘蛛縛|あまグモしば>り	Heaven Spider Web Net			e2e:movesets	NA2_SLPS@0x3C4F70	NUN5_TEXTENG@0x9D10	slot	32				
T1311	1	Command Chart > character move name	<r滅殺強弓|めっさつごうきゅう>	Destruction Power Bow			e2e:movesets	NA2_SLPS@0x3C4F90	NUN5_TEXTENG@0x9D30	slot	32				
T1312	1	Command Chart > character move name	<r蜘蛛戦弓|クモせんきゅう>　<r放射|ほうしゃ>	Spider Bow: Shot			e2e:movesets	NA2_SLPS@0x3C4FB0	NUN5_TEXTENG@0x9D50	slot	48				
T1313	1	Command Chart > character move name	<r蜘蛛戦弓|クモせんきゅう>　<r降射|こうしゃ>	Spider Bow: Dropping Shot			e2e:movesets	NA2_SLPS@0x3C4FE0	NUN5_TEXTENG@0x9D70	slot	48				
T1314	1	Command Chart > character move name	<r蜘蛛戦弓|クモせんきゅう>　<r鶺鴒|せきれい>	Spider Bow: Wagtail			e2e:movesets	NA2_SLPS@0x3C5010	NUN5_TEXTENG@0x9D90	slot	48				
T1315	1	Command Chart > character move name	<r蜘蛛戦弓|クモせんきゅう>　<r雲龍射猟|うんりゅうしゃりょう>	Spider Bow: Cloud Dragon Bow Hunt 			e2e:movesets	NA2_SLPS@0x3C5040	NUN5_TEXTENG@0x9DB0	slot	64				
T1316	1	Command Chart > character move name	<r蜘蛛戦弓|クモせんきゅう>　<r無双放射|むそうほうしゃ>	Spider Bow: Ultra Shot			e2e:movesets	NA2_SLPS@0x3C5080	NUN5_TEXTENG@0x9DE0	slot	64				
T1317	1	Command Chart > character move name	<r蜘蛛戦弓|クモせんきゅう>　<r海面割射|かいめんかっしゃ>	Spider Bow: Sea Parting Shot			e2e:movesets	NA2_SLPS@0x3C50C0	NUN5_TEXTENG@0x9E00	slot	64				
T1318	1	Command Chart > character move name	<r蜘蛛戦弓|クモせんきゅう>　<r一点放射|いってんほうしゃ>	Spider Bow: One Point Shot			e2e:movesets	NA2_SLPS@0x3C5100	NUN5_TEXTENG@0x9E20	slot	64				
T1319	1	Command Chart > character move name	<r蜘蛛戦弓|クモせんきゅう>　<r常経狙射|じょうけいそしゃ>	Spider Bow: Chakra Shot			e2e:movesets	NA2_SLPS@0x3C5140	NUN5_TEXTENG@0x9E40	slot	64				
T1320	1	Command Chart > character move name	<r魔笛|まてき>・<r夢幻音鎖|むげんおんさ>	Demon Flute: Chains of Fantasia			e2e:movesets	NA2_SLPS@0x3C98F0	NUN5_TEXTENG@0x9F00	slot	48				
T1321	1	Command Chart > character move name	<r魔笛|まてき>・<r幻霊波|げんれいは>	Demon Flute: Phantom Wave			e2e:movesets	NA2_SLPS@0x3C9920	NUN5_TEXTENG@0x9F20	slot	48				
T1322	1	Command Chart > character move name	<r幻武操曲|げんぶそうきょく>　<r爪旋斬|そうせんざん>	Musical Manipulation: Claw Turning Slash			e2e:movesets	NA2_SLPS@0x3C9950	NUN5_TEXTENG@0x9F40	slot	64				
T1323	1	Command Chart > character move name	<r幻武操曲|げんぶそうきょく>　<r爪穿突|そうがとつ>	Musical Manipulation: Claw Thrust			e2e:movesets	NA2_SLPS@0x3C9990	NUN5_TEXTENG@0x9F70	slot	64				
T1324	1	Command Chart > character move name	<r幻武操曲|げんぶそうきょく>　<r爪双突|そうそうとつ>	Musical Manipulation: Twin Claw Thrust			e2e:movesets	NA2_SLPS@0x3C99D0	NUN5_TEXTENG@0x9FA0	slot	64				
T1325	1	Command Chart > character move name	<r幻武操曲|げんぶそうきょく>　<r爪砕|そうさい>	Musical Manipulation: Claw Crush			e2e:movesets	NA2_SLPS@0x3C9A10	NUN5_TEXTENG@0x9FD0	slot	48				
T1326	1	Command Chart > character move name	<r幻武操曲|げんぶそうきょく>　<r棍剛打|こんごうだ>	Musical Manipulation: Heavy Club Strike			e2e:movesets	NA2_SLPS@0x3C9A40	NUN5_TEXTENG@0xA000	slot	64				
T1327	1	Command Chart > character move name	<r幻武操曲|げんぶそうきょく>　<r爪昇斬|そうしょうざん>	Musical Manipulation: Claw Rising Slash			e2e:movesets	NA2_SLPS@0x3C9A80	NUN5_TEXTENG@0xA030	slot	64				
T1328	1	Command Chart > character move name	<r幻武操曲|げんぶそうきょく>　<r爪斬撃|そうざんげき>	Musical Manipulation: Claw Slash Attack			e2e:movesets	NA2_SLPS@0x3C9AC0	NUN5_TEXTENG@0xA060	slot	64				
T1329	1	Command Chart > character move name	<r幻武操曲|げんぶそうきょく>　<r爪重撃|そうじゅうげき>	Musical Manipulation: Heavy Claw Attack			e2e:movesets	NA2_SLPS@0x3C9B00	NUN5_TEXTENG@0xA090	slot	64				
T1330	1	Command Chart > character move name	<r幻武操曲|げんぶそうきょく>　<r棍瞬打|こんしゅんだ>	Musical Manipulation: Instant Club Strike			e2e:movesets	NA2_SLPS@0x3C9B40	NUN5_TEXTENG@0xA0C0	slot	64				
T1331	1	Command Chart > character move name	<r幻武操曲|げんぶそうきょく>　<r蹴昇旋|しゅうしょうせん>	Musical Manipulation: Rising Kick Spiral			e2e:movesets	NA2_SLPS@0x3C9B80	NUN5_TEXTENG@0xA0F0	slot	64				
T1332	1	Command Chart > character move name	<r幻武操曲|げんぶそうきょく>　<r蹴追撃|しゅうついげき>	Musical Manipulation: Pursuing Kick Attack			e2e:movesets	NA2_SLPS@0x3C9BC0	NUN5_TEXTENG@0xA120	slot	64				
T1333	1	Command Chart > character move name	<r幻武操曲|げんぶそうきょく>　<r棍穿打|こんせんだ>	Musical Manipulation: Club Thrust Strike			e2e:movesets	NA2_SLPS@0x3C9C00	NUN5_TEXTENG@0xA150	slot	64				
T1334	1	Command Chart > character move name	<r幻武操曲|げんぶそうきょく>　<r蹴輪旋|しゅうりんせん>	Musical Manipulation: Ring Kick Spiral			e2e:movesets	NA2_SLPS@0x3C9C40	NUN5_TEXTENG@0xA180	slot	64				
T1335	1	Command Chart > character move name	<r双極落天|そうごくらくてん>	Twin Pole Drop			e2e:movesets	NA2_SLPS@0x3CEBF0	NUN5_TEXTENG@0xA250	slot	32				
T1336	1	Command Chart > character move name	<r口寄|くちよ>せ　<r羅生門|ラショウモン>	Summoning: Rashomon			e2e:movesets	NA2_SLPS@0x3CEC10	NUN5_TEXTENG@0xA260	slot	48				
T1337	1	Command Chart > character move name	<r阿吽追昇撃|あうんついしょうげき>	Alpha Omega Rising Pursuit Attack			e2e:movesets	NA2_SLPS@0x3CEC40	NUN5_TEXTENG@0xA280	slot	48				
T1338	1	Command Chart > character move name	<r阿吽対衝打|あうんついしょうだ>	Alpha Omega Collision Strike			e2e:movesets	NA2_SLPS@0x3CEC70	NUN5_TEXTENG@0xA2B0	slot	48				
T1339	1	Command Chart > character move name	<r阿吽天地同砕|あうんてんちどうさい>	Alpha Omega Heaven & Earth Crush			e2e:movesets	NA2_SLPS@0x3CECA0	NUN5_TEXTENG@0xA2D0	slot	48				
T1340	1	Command Chart > character move name	<r阿吽猛強襲|あうんもうきょうしゅう>	Alpha Omega Fierce Attack			e2e:movesets	NA2_SLPS@0x3CECD0	NUN5_TEXTENG@0xA300	slot	48				
T1341	1	Command Chart > character move name	<r阿吽双打大砲|あうんそうだたいほう>	Alpha Omega Twin Cannonball			e2e:movesets	NA2_SLPS@0x3CED00	NUN5_TEXTENG@0xA320	slot	48				
T1342	1	Command Chart > character move name	<r多連昇拳|たれんしょうけん>	Multiple Rising Fists			e2e:movesets	NA2_SLPS@0x3CED30	NUN5_TEXTENG@0xA340	slot	32				
T1343	1	Command Chart > character move name	<r阿吽対鏡打|あうんついきょうだ>	Alpha Omega Mirror Strike			e2e:movesets	NA2_SLPS@0x3CED50	NUN5_TEXTENG@0xA360	slot	48				
T1344	1	Command Chart > character move name	<r阿吽連追打|あうんれんついだ>	Alpha Omega Pursuing Barrage			e2e:movesets	NA2_SLPS@0x3CED80	NUN5_TEXTENG@0xA380	slot	32				
T1345	1	Command Chart > character move name	<r阿吽鬼手玉|あうんおにてだま>	Alpha Omega Demon Beanbag			e2e:movesets	NA2_SLPS@0x3CEDA0	NUN5_TEXTENG@0xA3A0	slot	32				
T1346	1	Command Chart > character move name	<r多連集束拳|たれんしゅうそくけん>	Multiple Bundle Fist			e2e:movesets	NA2_SLPS@0x3CEDC0	NUN5_TEXTENG@0xA3C0	slot	48				
T1347	1	Command Chart > character move name	<r多連獄送拳|たれんごくそうけん>	Multiple Hell Imprisoning Fist			e2e:movesets	NA2_SLPS@0x3CEDF0	NUN5_TEXTENG@0xA3E0	slot	48				
T1348	1	Command Chart > character move name	<r阿吽空裂爪|あうんくうれつそう>	Alpha Omega Air Severing Claw			e2e:movesets	NA2_SLPS@0x3CEE20	NUN5_TEXTENG@0xA400	slot	48				
T1349	1	Command Chart > character move name	<r多連彗翔脚|たれんすいしょうきゃく>	Multiple Shooting Kick			e2e:movesets	NA2_SLPS@0x3CEE50	NUN5_TEXTENG@0xA420	slot	48				
T1350	1	Command Chart > character move name	<r蔓|つる>と<r花|はな>	Vine and Flower			e2e:movesets	NA2_SLPS@0x3D4360	NUN5_TEXTENG@0xA500	slot	32				
T1351	1	Command Chart > character move name	<r早蕨|さわらび>の<r舞|まい>	Bracken Dance 			e2e:movesets	NA2_SLPS@0x3D4380	NUN5_TEXTENG@0xA510	slot	32				
T1352	1	Command Chart > character move name	<r鬼百合|おにゆり>	Tiger Lily			e2e:movesets	NA2_SLPS@0x3D43A0	NUN5_TEXTENG@0xA520	slot	32				
T1353	1	Command Chart > character move name	<r捻花|ねじりばな>	Spiranthes			e2e:movesets	NA2_SLPS@0x3D43C0	NUN5_TEXTENG@0xA530	slot	32				
T1354	1	Command Chart > character move name	<r垂花|しだればな>	Hanging Flower			e2e:movesets	NA2_SLPS@0x3D43E0	NUN5_TEXTENG@0xA540	slot	32				
T1355	1	Command Chart > character move name	<r枸橘|からたち>	Trifoliate Orange			e2e:movesets	NA2_SLPS@0x3D4400	NUN5_TEXTENG@0xA550	slot	32				
T1356	1	Command Chart > character move name	<r深山半鐘|みやまはんしょう>	Alpine Clematis 			e2e:movesets	NA2_SLPS@0x3D4420	NUN5_TEXTENG@0xA570	slot	32				
T1357	1	Command Chart > character move name	<r鬼野芥子|おにのげし>	Sonchus Oleraceus			e2e:movesets	NA2_SLPS@0x3D4440	NUN5_TEXTENG@0xA590	slot	32				
T1358	1	Command Chart > character move name	<r鉤葛|かぎかずら>	Uncaria			e2e:movesets	NA2_SLPS@0x3D4460	NUN5_SLES@0x514190	slot	24				
T1359	1	Command Chart > character move name	<r蔓|つる>	Creeper			e2e:movesets	NA2_SLPS@0x3D4478	NUN5_SLES@0x514198	slot	16				
T1360	1	Command Chart > character move name	<r天花|てんか>	Heavenly Flower			e2e:movesets	NA2_SLPS@0x3D4488	NUN5_TEXTENG@0xA5B0	slot	16				
T1361	1	Command Chart > character move name	<r立花|りっか>	Standing Flower 			e2e:movesets	NA2_SLPS@0x3D4498	NUN5_TEXTENG@0xA5C0	slot	24				
T1362	1	Command Chart > character move name	<r剣山|けんざん>	Frog			e2e:movesets	NA2_SLPS@0x3D44B0	NUN5_SLES@0x5141A0	slot	32				
T1363	1	Command Chart > character move name	<r彗花|ほうきばな>	Shooting Flower			e2e:movesets	NA2_SLPS@0x3D44D0	NUN5_TEXTENG@0xA5E0	slot	32				
T1364	1	Command Chart > character move name	うずまきナルト<r連撃|れんげき>	Naruto Uzumaki Combo Attack			e2e:jutsus|e2e:movesets	NA2_SLPS@0x3D9C40	NUN5_TEXTENG@0xA6B0	slot	32				
T1365	1	Command Chart > character move name	<r大玉螺旋丸|おおだまらせんがん>	Great Ball Rasengan			e2e:jutsus|e2e:movesets	NA2_SLPS@0x3D9C60	NUN5_TEXTENG@0x3F00	slot	48				
T1366	1	Command Chart > character move name	<r飛影昇撃|ひえんしょうげき>	Flying Shadow Rising Attack			e2e:movesets	NA2_SLPS@0x3D9C90	NUN5_TEXTENG@0xA6D0	slot	32				
T1367	1	Command Chart > character move name	<r分身脳天|ぶんしんのうてん>カチ<r割|わ>り	Clone Jutsu: Head Split			e2e:movesets	NA2_SLPS@0x3D9CB0	NUN5_TEXTENG@0xA6F0	slot	48				
T1368	1	Command Chart > character move name	<r旋風蹴撃|せんぷうしゅうげき>	Whirlwind Kick			e2e:movesets	NA2_SLPS@0x3D9CE0	NUN5_TEXTENG@0xA708	slot	32				
T1369	1	Command Chart > character move name	<r風魔特攻変化|ふうまとっこうへんげ>	Demon Wind Charging Transformation			e2e:movesets	NA2_SLPS@0x3D9D00	NUN5_TEXTENG@0xA720	slot	48				
T1370	1	Command Chart > character move name	<r特攻螺旋丸|とっこうらせんがん>	Charging Rasengan			e2e:movesets	NA2_SLPS@0x3D9D30	NUN5_TEXTENG@0xA750	slot	48				
T1371	1	Command Chart > character move name	<r忍道|にんどう>アタック	Nindo Attack			e2e:movesets	NA2_SLPS@0x3D9D60	NUN5_TEXTENG@0xA768	slot	32				
T1372	1	Command Chart > character move name	<r風魔追撃|ふうまついげき>	Demon Wind Assault			e2e:movesets	NA2_SLPS@0x3D9D80	NUN5_TEXTENG@0xA780	slot	32				
T1373	1	Command Chart > character move name	<r跳特急|ちょうとっきゅう>	Jumping Express			e2e:movesets	NA2_SLPS@0x3D9DA0	NUN5_TEXTENG@0xA7A0	slot	32				
T1374	1	Command Chart > character move name	<r昇|のぼ>り<r風車|ふうしゃ>	Rising Windmill			e2e:movesets	NA2_SLPS@0x3D9DC0	NUN5_TEXTENG@0xA7B0	slot	32				
T1375	1	Command Chart > character move name	<r飛影撃|ひえんげき>	Flying Shadow Attack			e2e:movesets	NA2_SLPS@0x3D9DE0	NUN5_TEXTENG@0xA7C0	slot	32				
T1376	1	Command Chart > character move name	<r瞬手弾|しゅんてだん>	Instant Hand Bullet			e2e:movesets	NA2_SLPS@0x3D9E00	NUN5_TEXTENG@0xA7E0	slot	32				
T1377	1	Command Chart > character move name	<r分身跳爆打|ぶんしんちょうばくだ>	Clone Jumping Explosion Hit 			e2e:movesets	NA2_SLPS@0x3D9E20	NUN5_TEXTENG@0xA800	slot	48				
T1378	1	Command Chart > character move name	<r医療忍術|いりょうにんじゅつ>　<r剛閃|ごうせん>	Medical Ninjutsu: Ferocious Flash			e2e:movesets	NA2_SLPS@0x3DF180	NUN5_TEXTENG@0xA8F0	slot	64				
T1379	1	Command Chart > character move name	<r春誅打|しゅんちゅうだ>	Killer Spring			e2e:jutsus|e2e:movesets	NA2_SLPS@0x3DF1C0	NUN5_TEXTENG@0xA918	slot	32				
T1380	1	Command Chart > character move name	<r撲殺|ぼくさつ>コンボ	Fatal Beating Combo			e2e:movesets	NA2_SLPS@0x3DF1E0	NUN5_TEXTENG@0xA930	slot	32				
T1381	1	Command Chart > character move name	<r怪力|かいりき>パンチ	Herculean Power Punch			e2e:movesets	NA2_SLPS@0x3DF200	NUN5_TEXTENG@0xA950	slot	32				
T1382	1	Command Chart > character move name	<r落華星|らっかせい>	Shooting Flower Star			e2e:movesets	NA2_SLPS@0x3DF220	NUN5_TEXTENG@0xA970	slot	32				
T1383	1	Command Chart > character move name	<r蠍針|さそりばり>	Scorpion Needle			e2e:movesets	NA2_SLPS@0x3DF240	NUN5_TEXTENG@0xA990	slot	32				
T1384	1	Command Chart > character move name	<r滅殺|めっさつ>コンボ	Destruction Combo			e2e:movesets	NA2_SLPS@0x3DF260	NUN5_TEXTENG@0xA9A0	slot	32				
T1385	1	Command Chart > character move name	<r阿修羅落|あしゅらお>とし	Asura Drop			e2e:movesets	NA2_SLPS@0x3DF280	NUN5_TEXTENG@0xA9B8	slot	32				
T1386	1	Command Chart > character move name	<r乙女|おとめ>の<r牙|きば>	Maiden's Fang			e2e:movesets	NA2_SLPS@0x3DF2A0	NUN5_TEXTENG@0xA9C8	slot	32				
T1387	1	Command Chart > character move name	<r彗星弾|すいせいだん>	Comet Bullet			e2e:movesets	NA2_SLPS@0x3DF2C0	NUN5_TEXTENG@0xA9D8	slot	32				
T1388	1	Command Chart > character move name	<r昇天|しょうてん>コンボ	Rising Heaven Combo			e2e:movesets	NA2_SLPS@0x3DF2E0	NUN5_TEXTENG@0xA9F0	slot	32				
T1389	1	Command Chart > character move name	<r乙女|おとめ>の<r剛拳|ごうけん>	Maiden's Ferocious Fist			e2e:movesets	NA2_SLPS@0x3DF300	NUN5_TEXTENG@0xAA10	slot	48				
T1390	1	Command Chart > character move name	<r爆砕拳打|ばくさいけんだ>	Explosive Smashing Fist			e2e:movesets	NA2_SLPS@0x3DF330	NUN5_TEXTENG@0xAA30	slot	32				
T1391	1	Command Chart > character move name	<r乙女|おとめ>の<r本心|ほんしん>	Maiden's True Heart			e2e:movesets	NA2_SLPS@0x3DF350	NUN5_TEXTENG@0xAA50	slot	48				
T1392	1	Command Chart > character move name	<r砂爆砂塊|さばくさかい>	Sand Cluster			e2e:movesets	NA2_SLPS@0x3E4B10	NUN5_TEXTENG@0xAB28	slot	32				
T1393	1	Command Chart > character move name	<r流砂瀑流|りゅうさばくりゅう>	Sand Tsunami			e2e:movesets	NA2_SLPS@0x3E4B30	NUN5_TEXTENG@0xAB38	slot	32				
T1394	1	Command Chart > character move name	<r砂爆噴突|さばくふんとつ>	Sand Fountain Thrust			e2e:movesets	NA2_SLPS@0x3E4B50	NUN5_TEXTENG@0xAB50	slot	32				
T1395	1	Command Chart > character move name	<r小流砂瀑流|こりゅうさばくりゅう>	Little Sand Tsunami			e2e:movesets	NA2_SLPS@0x3E4B70	NUN5_TEXTENG@0xAB70	slot	48				
T1396	1	Command Chart > character move name	<r砂塵円|さじんえん>	Sand Dust Circle			e2e:movesets	NA2_SLPS@0x3E4BA0	NUN5_TEXTENG@0xAB90	slot	32				
T1397	1	Command Chart > character move name	<r噴葬塵|ふんそうじん>	Fountain Burial Dust			e2e:movesets	NA2_SLPS@0x3E4BC0	NUN5_TEXTENG@0xABB0	slot	32				
T1398	1	Command Chart > character move name	<r砂瀑域葬|さばくえいそう>	Sand Area Burial			e2e:movesets	NA2_SLPS@0x3E4BE0	NUN5_TEXTENG@0xABD0	slot	32				
T1399	1	Command Chart > character move name	<r砂惨追葬|さざんついそう>	Sand Pursuit Burial			e2e:movesets	NA2_SLPS@0x3E4C00	NUN5_TEXTENG@0xABF0	slot	32				
T1400	1	Command Chart > character move name	<r圧砂塵|あっさじん>	Sandstorm Pressure			e2e:movesets	NA2_SLPS@0x3E4C20	NUN5_TEXTENG@0xAC10	slot	32				
T1401	1	Command Chart > character move name	<r落渦葬|らっかそう>	Maelstrom Burial			e2e:movesets	NA2_SLPS@0x3E4C40	NUN5_TEXTENG@0xAC30	slot	32				
T1402	1	Command Chart > character move name	<r砂漠球|さばくきゅう>・<r狭|へい>	Sand Coffin: Narrow			e2e:movesets	NA2_SLPS@0x3E4C60	NUN5_TEXTENG@0xAC50	slot	48				
T1403	1	Command Chart > character move name	<r羅惨塵|らさんじん>	Cruel Dust			e2e:movesets	NA2_SLPS@0x3E4C90	NUN5_TEXTENG@0xAC68	slot	32				
T1404	1	Command Chart > character move name	<r漠撃|ばくげき>・<r圧葬|あっそう>	Sand Attack: Crush Burial			e2e:movesets	NA2_SLPS@0x3E4CB0	NUN5_TEXTENG@0xAC80	slot	48				
T1405	1	Command Chart > character move name	<r漠撃|ばくげき>・<r滅葬|めっそう>	Sand Attack: Ruin Burial			e2e:movesets	NA2_SLPS@0x3E4CE0	NUN5_TEXTENG@0xACA0	slot	48				
T1406	1	Command Chart > character move name	<r漠撃|ばくげき>・<r天葬|てんそう>	Sand Attack: Heaven Burial			e2e:movesets	NA2_SLPS@0x3E4D10	NUN5_TEXTENG@0xACC0	slot	48				
T1407	1	Command Chart > character move name	<r豪砂甚雨|ごうさじんう>	Fierce Sand Downpour			e2e:movesets	NA2_SLPS@0x3E4D40	NUN5_TEXTENG@0xACE0	slot	32				
T1408	1	Command Chart > character move name	<r黒秘技機々一発|くろひぎききいっぱつ>	Secret Black Move: Iron Maiden			e2e:movesets	NA2_SLPS@0x3EA3E0	NUN5_TEXTENG@0x4F00	slot	48				
T1409	1	Command Chart > character move name	<r黒秘技炎填華|くろひぎえんてんか>	Secret Black Move: Fire Flower			e2e:movesets	NA2_SLPS@0x3EA410	NUN5_TEXTENG@0xADC0	slot	48				
T1410	1	Command Chart > character move name	<r傀儡|くぐつ>　<r怠慢|たいまん>	Puppet: Neglect			e2e:movesets	NA2_SLPS@0x3EA440	NUN5_TEXTENG@0xADE0	slot	48				
T1411	1	Command Chart > character move name	<r傀儡|くぐつ>　<r散斬|さんざん>	Puppet: Scattered Slash			e2e:movesets	NA2_SLPS@0x3EA470	NUN5_TEXTENG@0xADF0	slot	48				
T1412	1	Command Chart > character move name	<r傀儡|くぐつ>　<r妖独楽|あやかしごま>	Puppet: Demonic Spin			e2e:movesets	NA2_SLPS@0x3EA4A0	NUN5_TEXTENG@0xAE10	slot	48				
T1413	1	Command Chart > character move name	<r傀儡|くぐつ>　<r剥刺錆|むささび>	Puppet: Piercing Rust			e2e:movesets	NA2_SLPS@0x3EA4D0	NUN5_TEXTENG@0xAE30	slot	48				
T1414	1	Command Chart > character move name	<r傀儡|くぐつ>　<r惨懺波|さざなみ>	Puppet: Cruel Wave			e2e:movesets	NA2_SLPS@0x3EA500	NUN5_TEXTENG@0xAE50	slot	48				
T1415	1	Command Chart > character move name	<r傀儡|くぐつ>　<r六本峠|ろっぽんとうげ>	Puppet: Six Mountain Pass			e2e:movesets	NA2_SLPS@0x3EA530	NUN5_TEXTENG@0xAE70	slot	48				
T1416	1	Command Chart > character move name	<r傀儡|くぐつ>　<r研斬|けんざん>	Puppet: Grinding Slash			e2e:movesets	NA2_SLPS@0x3EA560	NUN5_TEXTENG@0xAE90	slot	48				
T1417	1	Command Chart > character move name	<r傀儡|くぐつ>　<r鳶疾風|とびはやて>	Puppet: Black Kite Gale			e2e:movesets	NA2_SLPS@0x3EA590	NUN5_TEXTENG@0xAEB0	slot	48				
T1418	1	Command Chart > character move name	<r傀儡|くぐつ>　<r仇車|かたぐるま>	Puppet: Enemy Wheels			e2e:movesets	NA2_SLPS@0x3EA5C0	NUN5_TEXTENG@0xAED0	slot	48				
T1419	1	Command Chart > character move name	<r斬|き>り<r斬|き>り<r舞|まい>	Slicing Blade Dance			e2e:movesets	NA2_SLPS@0x3EFA00	NUN5_TEXTENG@0xAFA0	slot	32				
T1420	1	Command Chart > character move name	<r真|しん>・カマイタチの<r術|じゅつ>	True Wind Scythe Jutsu			e2e:movesets	NA2_SLPS@0x3EFA20	NUN5_TEXTENG@0xAFC0	slot	48				
T1421	1	Command Chart > character move name	<r蓮流扇|はすりゅうせん>	Lotus Flowing Fan			e2e:movesets	NA2_SLPS@0x3EFA50	NUN5_TEXTENG@0xAFE0	slot	32				
T1422	1	Command Chart > character move name	<r疾風扇舞|しっぷうせんぶ>	Gale Force Fan Dance			e2e:movesets	NA2_SLPS@0x3EFA70	NUN5_TEXTENG@0xB000	slot	32				
T1423	1	Command Chart > character move name	<r真空|しんくう>の<r風|かぜ>	Vacuum Wind			e2e:movesets	NA2_SLPS@0x3EFA90	NUN5_TEXTENG@0xB018	slot	32				
T1424	1	Command Chart > character move name	<r扇嵐撃|せんらんげき>	Fan Storm Attack			e2e:movesets	NA2_SLPS@0x3EFAB0	NUN5_TEXTENG@0xB030	slot	32				
T1425	1	Command Chart > character move name	<r燕返|つばめがえ>し	Swallow Counter 			e2e:movesets	NA2_SLPS@0x3EFAD0	NUN5_TEXTENG@0xB050	slot	32				
T1426	1	Command Chart > character move name	<r大扇壊|だいせんかい>	Giant Fan Destruction			e2e:movesets	NA2_SLPS@0x3EFAF0	NUN5_TEXTENG@0xB070	slot	32				
T1427	1	Command Chart > character move name	<r空龍扇|くうろんせん>	Sky Dragon Fan			e2e:movesets	NA2_SLPS@0x3EFB10	NUN5_TEXTENG@0xB088	slot	24				
T1428	1	Command Chart > character move name	<r華踊|かよう>	Spectacular Dance			e2e:movesets	NA2_SLPS@0x3EFB28	NUN5_TEXTENG@0xB0A0	slot	24				
T1429	1	Command Chart > character move name	<r修羅|しゅら>の<r舞|まい>	Carnage Dance			e2e:movesets	NA2_SLPS@0x3EFB40	NUN5_TEXTENG@0xB0B8	slot	32				
T1430	1	Command Chart > character move name	<r扇襲洛|せんしゅうらく>	Fan Raid			e2e:movesets	NA2_SLPS@0x3EFB60	NUN5_TEXTENG@0xB0C8	slot	32				
T1431	1	Command Chart > character move name	<r乱|みだ>れ<r舞踊|ぶよう>	Dance of Chaos			e2e:movesets	NA2_SLPS@0x3EFB80	NUN5_TEXTENG@0xB0D8	slot	32				
T1432	1	Command Chart > character move name	<r烈風扇華|れっぷうせんか>	Whirlwind Fan Flower			e2e:movesets	NA2_SLPS@0x3EFBA0	NUN5_TEXTENG@0xB0F0	slot	32				
T1433	1	Command Chart > character move name	<r二親按包|にしんあんぽう>	Parental Love			e2e:movesets	NA2_SLPS@0x3F5C10	NUN5_TEXTENG@0xB1C8	slot	32				
T1434	1	Command Chart > character move name	<r千与時雨|ちよしぐれ>	1000 Autumn Shower			e2e:jutsus|e2e:movesets	NA2_SLPS@0x3F5C30	NUN5_TEXTENG@0xB1E0	slot	32				
T1435	1	Command Chart > character move name	<r帰母昇刃父|きばしょうじんふ>	Returning Upper Blade			e2e:movesets	NA2_SLPS@0x3F5C50	NUN5_TEXTENG@0xB200	slot	32				
T1436	1	Command Chart > character move name	<r帰母進刃父|きばしんじんふ>	Returning Thrust Blade			e2e:movesets	NA2_SLPS@0x3F5C70	NUN5_TEXTENG@0xB220	slot	32				
T1437	1	Command Chart > character move name	<r二連傘刃|にれんさんじん>	Double Umbrella Blade			e2e:movesets	NA2_SLPS@0x3F5C90	NUN5_TEXTENG@0xB240	slot	32				
T1438	1	Command Chart > character move name	<r支父流刃母|しふりゅうじんば>	Flowing Blade			e2e:movesets	NA2_SLPS@0x3F5CB0	NUN5_TEXTENG@0xB258	slot	32				
T1439	1	Command Chart > character move name	<r演劇|えんげき>　<r八方対刃|はっぽうついじん>	Performance Multi-Directional Blade			e2e:movesets	NA2_SLPS@0x3F5CD0	NUN5_TEXTENG@0xB270	slot	48				
T1440	1	Command Chart > character move name	<r燕刃母獅刃父|えんじんばしじんふ>	Swallow Lion Blade			e2e:movesets	NA2_SLPS@0x3F5D00	NUN5_TEXTENG@0xB2A0	slot	48				
T1441	1	Command Chart > character move name	<r二連墜刃|にれんついじん>	Double Drop			e2e:movesets	NA2_SLPS@0x3F5D30	NUN5_TEXTENG@0xB2B8	slot	32				
T1442	1	Command Chart > character move name	<r二連進刃|にれんしんじん>	Double Thrust			e2e:movesets	NA2_SLPS@0x3F5D50	NUN5_TEXTENG@0xB2C8	slot	32				
T1443	1	Command Chart > character move name	<r支母流刃父|しばりゅうじんふ>	Flowing Blade Reverse			e2e:movesets	NA2_SLPS@0x3F5D70	NUN5_TEXTENG@0xB2E0	slot	32				
T1444	1	Command Chart > character move name	<r二連昇刃|にれんしょうじん>	Double Back Kick			e2e:movesets	NA2_SLPS@0x3F5D90	NUN5_TEXTENG@0x5D90	slot	32				
T1445	1	Command Chart > character move name	<r氏族一点|しぞくいってん>	Ancestry			e2e:movesets	NA2_SLPS@0x3F5DB0	NUN5_TEXTENG@0xB2F8	slot	32				
T1446	1	Command Chart > character move name	<r流投母怠父|りゅうとうばたいふ>	Slack Throw			e2e:movesets	NA2_SLPS@0x3F5DD0	NUN5_TEXTENG@0xB308	slot	48				
T1447	1	Command Chart > character move name	<r二連転刃|にれんてんじん>	Double Spin			e2e:movesets	NA2_SLPS@0x3F5E00	NUN5_TEXTENG@0xB318	slot	32				
T1448	1	Command Chart > character move name	<r砂鉄界法|さてつかいほう>	Iron Sand World Order			e2e:movesets	NA2_SLPS@0x3FB470	NUN5_TEXTENG@0xB3E0	slot	32				
T1449	1	Command Chart > character move name	<r砂鉄時雨|さてつしぐれ>	Iron Sand Drizzle			e2e:movesets	NA2_SLPS@0x3FB490	NUN5_TEXTENG@0xB400	slot	32				
T1450	1	Command Chart > character move name	<r奇刃隠臥|きじんいんが>	Mysterious Hidden Blade 			e2e:movesets	NA2_SLPS@0x3FB4B0	NUN5_TEXTENG@0xB420	slot	32				
T1451	1	Command Chart > character move name	<r浮刃隠臥|ふじんいんが>	Floating Hidden Blade			e2e:movesets	NA2_SLPS@0x3FB4D0	NUN5_TEXTENG@0xB440	slot	32				
T1452	1	Command Chart > character move name	<r偽人千手|ぎじんせんじゅ>・<r地|ち>	Thousand Handed Marionette: Earth			e2e:movesets	NA2_SLPS@0x3FB4F0	NUN5_TEXTENG@0xB460	slot	48				
T1453	1	Command Chart > character move name	<r紫煙隠臥|しえんいんが>	Purple Hidden Smoke			e2e:movesets	NA2_SLPS@0x3FB520	NUN5_TEXTENG@0xB490	slot	32				
T1454	1	Command Chart > character move name	<r砂鉄鎖界|さてつさかい>	Iron Sand Chain			e2e:movesets	NA2_SLPS@0x3FB540	NUN5_TEXTENG@0xB4B0	slot	32				
T1455	1	Command Chart > character move name	<r砂鉄塊|さてつかい>	Iron Sand Mass			e2e:movesets	NA2_SLPS@0x3FB560	NUN5_TEXTENG@0xB4C0	slot	32				
T1456	1	Command Chart > character move name	<r砂鉄槍|さてつそう>	Iron Sand Spear			e2e:movesets	NA2_SLPS@0x3FB580	NUN5_TEXTENG@0xB4D0	slot	32				
T1457	1	Command Chart > character move name	<r砂鉄送葬|さてつそうそう>	Iron Sand Funeral			e2e:movesets	NA2_SLPS@0x3FB5A0	NUN5_TEXTENG@0xB4E0	slot	32				
T1458	1	Command Chart > character move name	<r砂鉄刺散|さてつしさん>	Iron Sand Spray			e2e:movesets	NA2_SLPS@0x3FB5C0	NUN5_TEXTENG@0xB500	slot	32				
T1459	1	Command Chart > character move name	<r偽人千手|ぎじんせんじゅ>・<r天|てん>	Thousand Handed Marionette: Sky			e2e:movesets	NA2_SLPS@0x3FB5E0	NUN5_TEXTENG@0xB510	slot	48				
T1460	1	Command Chart > character move name	<r弄玩操戯|ろうがんそうぎ>	Puppet Play			e2e:movesets	NA2_SLPS@0x3FB610	NUN5_TEXTENG@0xB530	slot	32				
T1461	1	Command Chart > character move name	<r舞振操戯|ぶしんそうぎ>	Puppet Dance			e2e:movesets	NA2_SLPS@0x3FB630	NUN5_TEXTENG@0xB540	slot	32				
T1462	1	Command Chart > character move name	<r造形|ぞうけい>の<r美|び>	Beauty of Figurative Arts			e2e:movesets	NA2_SLPS@0x4008C0	NUN5_TEXTENG@0xB5F0	slot	32				
T1463	1	Command Chart > character move name	<r破壊|はかい>の<r美|び>	Beauty of Destruction			e2e:movesets	NA2_SLPS@0x4008E0	NUN5_TEXTENG@0xB610	slot	32				
T1464	1	Command Chart > character move name	<r爆破芸術|ばくはげいじゅつ>・<r昇|しょう>～<r連作|れんさく>～	Explosive Art Sequences: Rise			e2e:movesets	NA2_SLPS@0x400900	NUN5_TEXTENG@0xB630	slot	64				
T1465	1	Command Chart > character move name	<r爆破芸術|ばくはげいじゅつ>・<r撃|げき>～<r連作|れんさく>～	Explosive Art Sequences: Attack			e2e:movesets	NA2_SLPS@0x400940	NUN5_TEXTENG@0xB650	slot	64				
T1466	1	Command Chart > character move name	<r爆破芸術|ばくはげいじゅつ>・<r揚|よう>～<r連作|れんさく>～	Explosive Art Sequences: Lift			e2e:movesets	NA2_SLPS@0x400980	NUN5_TEXTENG@0xB670	slot	64				
T1467	1	Command Chart > character move name	<r爆破芸術|ばくはげいじゅつ>・<r退|たい>～<r連作|れんさく>～	Explosive Art Sequences: Withdraw			e2e:movesets	NA2_SLPS@0x4009C0	NUN5_TEXTENG@0xB690	slot	64				
T1468	1	Command Chart > character move name	<r起爆粘土|きばくねんど>・<r鳥|とり>	Detonating Clay: Bird			e2e:movesets	NA2_SLPS@0x400A00	NUN5_TEXTENG@0xB6C0	slot	48				
T1469	1	Command Chart > character move name	<r起爆粘土|きばくねんど>・<r蜘蛛|くも>	Detonating Clay: Spider			e2e:movesets	NA2_SLPS@0x400A30	NUN5_TEXTENG@0xB6E0	slot	48				
T1470	1	Command Chart > character move name	<r起爆粘土|きばくねんど>・<r鳥|とり>～<r翻|ほん>～	Detonating Clay: Bird Flap			e2e:movesets	NA2_SLPS@0x400A60	NUN5_TEXTENG@0xB700	slot	64				
T1471	1	Command Chart > character move name	<r爆葬|ばくそう>	Explosive Burial 			e2e:movesets	NA2_SLPS@0x400AA0	NUN5_TEXTENG@0xB720	slot	32				
T1472	1	Command Chart > character move name	<r空中爆破芸術|くうちゅうばくはげいじゅつ>・<r天|てん>	Midair Explosive Art: Heaven			e2e:movesets	NA2_SLPS@0x400AC0	NUN5_TEXTENG@0xB740	slot	64				
T1473	1	Command Chart > character move name	<r空中爆破芸術|くうちゅうばくはげいじゅつ>・<r双|そう>	Midair Explosive Art: Duplex			e2e:movesets	NA2_SLPS@0x400B00	NUN5_TEXTENG@0xB760	slot	64				
T1474	1	Command Chart > character move name	<r爆葬|ばくそう>～<r空|くう>～	Explosive Burial Sky			e2e:movesets	NA2_SLPS@0x400B40	NUN5_TEXTENG@0xB780	slot	32				
T1475	1	Command Chart > character move name	<r空中爆破芸術三部作|くうちゅうばくはげいじゅつさんぶさく>	Midair Explosive Art Trilogy			e2e:movesets	NA2_SLPS@0x400B60	NUN5_TEXTENG@0xB7A0	slot	64				
T1476	1	Command Chart > character move name	<r大型鳥粘土|おおがたとりねんど>・<r翔|しょう>	Giant Bird Clay: Fly			e2e:movesets	NA2_SLPS@0x400BA0	NUN5_TEXTENG@0xB7C0	slot	48				
T1477	1	Command Chart > character move name	<r大型鳥粘土|おおがたとりねんど>・<r襲|しゅう>	Giant Bird Clay: Attack			e2e:movesets	NA2_SLPS@0x400BD0	NUN5_TEXTENG@0xB7E0	slot	48				
T1478	1	Command Chart > character move name	<r大型鳥粘土|おおがたとりねんど>・<r突|とつ>	Giant Bird Clay: Thrust			e2e:movesets	NA2_SLPS@0x400C00	NUN5_TEXTENG@0xB800	slot	48				
T1479	1	Command Chart > character move name	<r八卦掌回天|はっけしょうかいてん>	8 Trigrams Palms Rotation			e2e:movesets	NA2_SLPS@0x406B40	NUN5_TEXTENG@0xB8E0	slot	48				
T1480	1	Command Chart > character move name	<r八卦空掌|はっけくうしょう>	8 Trigrams Sky Palm			e2e:jutsus|e2e:movesets	NA2_SLPS@0x406B70	NUN5_TEXTENG@0x3230	slot	32				
T1481	1	Command Chart > character move name	<r柔閃突|じゅうせんとつ>	Gentle Flash Thrust			e2e:movesets	NA2_SLPS@0x406B90	NUN5_TEXTENG@0xB900	slot	32				
T1482	1	Command Chart > character move name	<r斜天掌|しゃてんしょう>	Slanted Heaven Palm			e2e:movesets	NA2_SLPS@0x406BB0	NUN5_TEXTENG@0xB920	slot	32				
T1483	1	Command Chart > character move name	<r飛連突|ひれんとつ>	Flying Thrust Barrage 			e2e:movesets	NA2_SLPS@0x406BD0	NUN5_TEXTENG@0xB940	slot	32				
T1484	1	Command Chart > character move name	<r跳舞掌|ちょうぶしょう>	Hopping Dance Palm			e2e:movesets	NA2_SLPS@0x406BF0	NUN5_TEXTENG@0xB960	slot	32				
T1485	1	Command Chart > character move name	<r崩撃閃|ほうげきせん>	Demolition Attack Flash			e2e:movesets	NA2_SLPS@0x406C10	NUN5_TEXTENG@0xB980	slot	32				
T1486	1	Command Chart > character move name	<r空撃掌|くうげきしょう>	"Air Strike Palm
"			e2e:movesets	NA2_SLPS@0x406C30	NUN5_TEXTENG@0xB9A0	slot	32				
T1487	1	Command Chart > character move name	<r空砕掌|くうさいしょう>	Sky Smash Palm			e2e:movesets	NA2_SLPS@0x406C50	NUN5_TEXTENG@0xB9B8	slot	32				
T1488	1	Command Chart > character move name	<r背撃崩|はいげきほう>	Back Attack Collapse			e2e:movesets	NA2_SLPS@0x406C70	NUN5_TEXTENG@0xB9D0	slot	32				
T1489	1	Command Chart > character move name	<r天昇脚|てんしょうきゃく>	Heavenly Rising Kick			e2e:movesets	NA2_SLPS@0x406C90	NUN5_TEXTENG@0xB9F0	slot	32				
T1490	1	Command Chart > character move name	<r掌撃墜|しょうげきつい>	Palm Attack Fall			e2e:movesets	NA2_SLPS@0x406CB0	NUN5_TEXTENG@0xBA10	slot	32				
T1491	1	Command Chart > character move name	<r穿冽掌|せんれっしょう>	Dignified Drill Palm			e2e:movesets	NA2_SLPS@0x406CD0	NUN5_TEXTENG@0xBA30	slot	32				
T1492	1	Command Chart > character move name	<r操具襲千刃|そうぐしゅうせんじん>	Ninja Tool: Blade of 1000 Strikes			e2e:movesets	NA2_SLPS@0x40C620	NUN5_TEXTENG@0x4AE0	slot	48				
T1493	1	Command Chart > character move name	<r暗器|あんき>・<r爆閃|ばくせん>クナイ<r玉|だま>	Concealed Kunai Blast			e2e:jutsus|e2e:movesets	NA2_SLPS@0x40C650	NUN5_TEXTENG@0xBB20	slot	64				
T1494	1	Command Chart > character move name	<r暗器口寄|あんきくちよ>せ・<r全弾発射|ぜんだんはっしゃ>	Concealed Summoning: Bullet Launch			e2e:movesets	NA2_SLPS@0x40C690	NUN5_TEXTENG@0xBB40	slot	64				
T1495	1	Command Chart > character move name	トンファーコンボ	Tonfa Combo			e2e:movesets	NA2_SLPS@0x40C6D0	NUN5_TEXTENG@0xBB68	slot	32				
T1496	1	Command Chart > character move name	<r双金棒打|そうかなぼうう>ち<r落|お>とし	Twin Golden Rod Drop			e2e:movesets	NA2_SLPS@0x40C6F0	NUN5_TEXTENG@0xBB80	slot	48				
T1497	1	Command Chart > character move name	<r暗器術|あんきじゅつ>・<r操具死球撃|そうぐしきゅうげき>	Ninja Tool: Death Sphere Strike			e2e:movesets	NA2_SLPS@0x40C720	NUN5_TEXTENG@0x4AC0	slot	64				
T1498	1	Command Chart > character move name	<r暗器口寄|あんきくちよ>せ・<r刃突|はとつ>	Concealed Summoning: Blade Thrust			e2e:movesets	NA2_SLPS@0x40C760	NUN5_TEXTENG@0xBBA0	slot	48				
T1499	1	Command Chart > character move name	<r棒術|ぼうじゅつ>・<r三節棍|さんせつこん>	Cudgel Art: Three-Sectional Staff 			e2e:movesets	NA2_SLPS@0x40C790	NUN5_TEXTENG@0xBBD0	slot	48				
T1500	1	Command Chart > character move name	<r暗器術|あんきじゅつ>・<r飛歩|とんぼ>	Concealed Jutsu: Flying Walk			e2e:movesets	NA2_SLPS@0x40C7C0	NUN5_TEXTENG@0xBC00	slot	48				
T1501	1	Command Chart > character move name	<r暗器術|あんきじゅつ>・<r鎮砕|ふんさい>	Concealed Jutsu: Subside Clash			e2e:movesets	NA2_SLPS@0x40C7F0	NUN5_TEXTENG@0xBC20	slot	48				
T1502	1	Command Chart > character move name	<r暗器術|あんきじゅつ>・<r鎖鎌|くさりがま>	Concealed Jutsu: Chain-sickle 			e2e:movesets	NA2_SLPS@0x40C820	NUN5_TEXTENG@0xBC40	slot	48				
T1503	1	Command Chart > character move name	<r暗器術|あんきじゅつ>・<r鉄球噴芯|てっきゅうふんしん>	Concealed Jutsu: Iron Ball Core			e2e:movesets	NA2_SLPS@0x40C850	NUN5_TEXTENG@0xBC60	slot	64				
T1504	1	Command Chart > character move name	<r暗器術|あんきじゅつ>・<r風縛|かぜしばり>	Concealed Jutsu: Wind Paralysis 			e2e:movesets	NA2_SLPS@0x40C890	NUN5_TEXTENG@0xBC80	slot	48				
T1505	1	Command Chart > character move name	<r暗器術|あんきじゅつ>・<r快刀乱麻|かいとうらんま>	Concealed Jutsu: Gordian Knot Cut			e2e:movesets	NA2_SLPS@0x40C8C0	NUN5_TEXTENG@0xBCB0	slot	64				
T1506	1	Command Chart > character move name	<r表蓮華|おもてれんげ>	Primary Lotus			e2e:movesets	NA2_SLPS@0x412D30	NUN5_TEXTENG@0xBDA8	slot	32				
T1507	1	Command Chart > character move name	ダイナミック・エントリー	Dynamic Entry			e2e:movesets	NA2_SLPS@0x412D50	NUN5_TEXTENG@0xBDB8	slot	32				
T1508	1	Command Chart > character move name	<r猛連蹴|もうれんしゅう>	Fierce Kick Combo			e2e:movesets	NA2_SLPS@0x412D70	NUN5_TEXTENG@0xBDD0	slot	32				
T1509	1	Command Chart > character move name	<r大爆踵|だいばくしょう>	Explosive Heel			e2e:movesets	NA2_SLPS@0x412D90	NUN5_TEXTENG@0xBDE8	slot	32				
T1510	1	Command Chart > character move name	<r双回打|そうかいだ>	Double Spin Strike			e2e:movesets	NA2_SLPS@0x412DB0	NUN5_TEXTENG@0xBE00	slot	32				
T1511	1	Command Chart > character move name	<r下撃蹴|かげきしゅう>	Down Attack Kick			e2e:movesets	NA2_SLPS@0x412DD0	NUN5_TEXTENG@0xBE20	slot	32				
T1512	1	Command Chart > character move name	<r連撃浮足|れんげきふそく>	Floating Leg Barrage			e2e:movesets	NA2_SLPS@0x412DF0	NUN5_TEXTENG@0xBE40	slot	32				
T1513	1	Command Chart > character move name	<r連撃昇華|れんげきしょうか>	Rising Flower Barrage			e2e:movesets	NA2_SLPS@0x412E10	NUN5_TEXTENG@0xBE60	slot	32				
T1514	1	Command Chart > character move name	<r昇風瞬脚|しょうふうしゅんきゃく>	Rising Wind Kick			e2e:movesets	NA2_SLPS@0x412E30	NUN5_TEXTENG@0xBE80	slot	48				
T1515	1	Command Chart > character move name	<r降風瞬脚|こうふうしゅんきゃく>	Downward Wind Kick			e2e:movesets	NA2_SLPS@0x412E60	NUN5_TEXTENG@0xBEA0	slot	48				
T1516	1	Command Chart > character move name	<r四撃蹴|しげきしゅう>	Quadruple Kick Attack			e2e:movesets	NA2_SLPS@0x412E90	NUN5_TEXTENG@0xBEC0	slot	32				
T1517	1	Command Chart > character move name	<r剛猛突破|ごうもうとっぱ>	Doughty Run Through			e2e:movesets	NA2_SLPS@0x412EB0	NUN5_TEXTENG@0xBEE0	slot	32				
T1518	1	Command Chart > character move name	<r咆哮転漢|ほうこうてんかん>	Howling Conversion			e2e:movesets	NA2_SLPS@0x412ED0	NUN5_TEXTENG@0xBF00	slot	32				
T1519	1	Command Chart > character move name	<r天井破|てんじょうやぶ>り	Ceiling Break			e2e:movesets	NA2_SLPS@0x412EF0	NUN5_TEXTENG@0xBF18	slot	32				
T1520	1	Command Chart > character move name	<r烈下弾|れっかだん>	Fierce Drop Bullet			e2e:movesets	NA2_SLPS@0x412F10	NUN5_TEXTENG@0xBF30	slot	32				
T1521	1	Command Chart > character move name	<r三連打落|さんれんだらく>	Triple Flurry Drop			e2e:movesets	NA2_SLPS@0x412F30	NUN5_TEXTENG@0xBF50	slot	32				
T1522	1	Command Chart > character move name	<r蹴旋華|しゅうせんか>	Flower Spin Kick			e2e:movesets	NA2_SLPS@0x412F50	NUN5_TEXTENG@0xBF70	slot	32				
T1523	1	Command Chart > character move name	<r爆式影潜|ばくしきえいせん>・<r改|かい>	Explosive Style Shadow Conceal: Improvement			e2e:jutsus|e2e:movesets	NA2_SLPS@0x418A00	NUN5_TEXTENG@0xC070	slot	48				
T1524	1	Command Chart > character move name	<r鹿脚|かきゃく>	Deer Leg			e2e:movesets	NA2_SLPS@0x418A30	NUN5_TEXTENG@0xC0A0	slot	32				
T1525	1	Command Chart > character move name	<r鹿肘|かちゅう>	Deer Elbow			e2e:movesets	NA2_SLPS@0x418A50	NUN5_TEXTENG@0xC0B0	slot	32				
T1526	1	Command Chart > character move name	<r散影|さんえい>	Scattered Shadow			e2e:movesets	NA2_SLPS@0x418A70	NUN5_TEXTENG@0xC0C0	slot	32				
T1527	1	Command Chart > character move name	<r影枕|かげまくら>	Shadow Pillow			e2e:movesets	NA2_SLPS@0x418A90	NUN5_TEXTENG@0xC0D8	slot	32				
T1528	1	Command Chart > character move name	<r影縫|かげぬ>い・<r袋帯|ふくろおび>	Shadow Sewing: Belt			e2e:movesets	NA2_SLPS@0x418AB0	NUN5_TEXTENG@0xC0F0	slot	48				
T1529	1	Command Chart > character move name	<r影縫|かげぬ>い・<r糸裏|いとづつみ>	Shadow Sewing: String			e2e:movesets	NA2_SLPS@0x418AE0	NUN5_TEXTENG@0xC110	slot	48				
T1530	1	Command Chart > character move name	<r影縫|かげぬ>い・<r糸巾着|いとぎんちゃく>	Shadow Sewing: Pouch			e2e:movesets	NA2_SLPS@0x418B10	NUN5_TEXTENG@0xC130	slot	48				
T1531	1	Command Chart > character move name	<r刺影|しえい>	Piercing Shadow			e2e:movesets	NA2_SLPS@0x418B40	NUN5_TEXTENG@0xC150	slot	16				
T1532	1	Command Chart > character move name	マキシマム・エントリー	Maximum Entry			e2e:movesets	NA2_SLPS@0x41F0C0	NUN5_TEXTENG@0xC228	slot	32				
T1533	1	Command Chart > character move name	<r夜鳳凰|よるほうおう>	Night Phoenix			e2e:jutsus|e2e:movesets	NA2_SLPS@0x41F0E0	NUN5_TEXTENG@0xC238	slot	32				
T1534	1	Command Chart > character move name	<r特訓|とっくん>キック	Special Training Kick			e2e:movesets	NA2_SLPS@0x41F100	NUN5_TEXTENG@0xC250	slot	32				
T1535	1	Command Chart > character move name	<r熱血|ねっけつ>ストレート	Hot-Blooded Straight Right			e2e:movesets	NA2_SLPS@0x41F120	NUN5_TEXTENG@0xC270	slot	32				
T1536	1	Command Chart > character move name	<r愛情|あいじょう>カカト	Affectionate Heel 			e2e:movesets	NA2_SLPS@0x41F140	NUN5_TEXTENG@0xC290	slot	32				
T1537	1	Command Chart > character move name	<r無敵|むてき>チョップ	Invincible Chop			e2e:movesets	NA2_SLPS@0x41F160	NUN5_TEXTENG@0xC2B0	slot	32				
T1538	1	Command Chart > character move name	<r激怒|げきど>ヌンチャク	Raging Nunchaku			e2e:movesets	NA2_SLPS@0x41F180	NUN5_TEXTENG@0xC2C0	slot	32				
T1539	1	Command Chart > character move name	<r魂|たましい>ラッシュ	Soul Rush			e2e:movesets	NA2_SLPS@0x41F1A0	NUN5_TEXTENG@0xC2D0	slot	32				
T1540	1	Command Chart > character move name	<r情熱|じょうねつ>キック	Passionate Kick			e2e:movesets	NA2_SLPS@0x41F1C0	NUN5_TEXTENG@0xC2E0	slot	32				
T1541	1	Command Chart > character move name	<r青春|せいしゅん>アッパー	Youthful Uppercut 			e2e:movesets	NA2_SLPS@0x41F1E0	NUN5_TEXTENG@0xC2F0	slot	32				
T1542	1	Command Chart > character move name	<r斬鉄|ざんてつ>チョップ	Iron Chop			e2e:movesets	NA2_SLPS@0x41F200	NUN5_TEXTENG@0xC308	slot	32				
T1543	1	Command Chart > character move name	<r気合|きあい>アタック	Fighting Spirit Attack			e2e:movesets	NA2_SLPS@0x41F220	NUN5_TEXTENG@0xC320	slot	32				
T1544	1	Command Chart > character move name	<r必殺|ひっさつ>キック	Deadly Kick			e2e:movesets	NA2_SLPS@0x41F240	NUN5_TEXTENG@0xC338	slot	32				
T1545	1	Command Chart > character move name	<r友情|ゆうじょう>ラリアット	Friendship Lasso			e2e:movesets	NA2_SLPS@0x41F260	NUN5_TEXTENG@0xC350	slot	32				
T1546	1	Command Chart > character move name	<r熱愛|ねつあい>スロー	Ardent Love Throw			e2e:movesets	NA2_SLPS@0x41F280	NUN5_TEXTENG@0xC370	slot	32				
T1547	1	Command Chart > character move name	<r根性|こんじょう>キック	Guts Kick			e2e:movesets	NA2_SLPS@0x41F2A0	NUN5_TEXTENG@0xC388	slot	32				
T1548	1	Command Chart > character move name	<r努力|どりょく>スマッシュ	Endeavor Smash			e2e:movesets	NA2_SLPS@0x41F2C0	NUN5_TEXTENG@0xC398	slot	32				
T1549	1	Command Chart > character move name	<r漢|おとこ>コンボ	Masculine Combo			e2e:movesets	NA2_SLPS@0x41F2E0	NUN5_TEXTENG@0xC3B0	slot	32				
T1550	1	Command Chart > character move name	<r雷切墜|らいきりお>とし	Lightning Blade Drop			e2e:movesets	NA2_SLPS@0x424B20	NUN5_TEXTENG@0xC4A0	slot	32				
T1551	1	Command Chart > character move name	<r雷切|らいきり>	Lightning Blade			e2e:jutsus|e2e:movesets	NA2_SLPS@0x424B40	NUN5_TEXTENG@0xC4C0	slot	32				
T1552	1	Command Chart > character move name	<r万華鏡写輪眼|まんげきょうしゃりんがん>	Mangekyo Sharingan			e2e:movesets	NA2_SLPS@0x424B60	NUN5_TEXTENG@0xC4D0	slot	48				
T1553	1	Command Chart > character move name	<r翔燕|しょうえん>	Flying Swallow			e2e:movesets	NA2_SLPS@0x424B90	NUN5_TEXTENG@0x42F8	slot	24				
T1554	1	Command Chart > character move name	<r転牙|てんが>	Rolling Fang			e2e:movesets	NA2_SLPS@0x424BA8	NUN5_TEXTENG@0xC4E8	slot	24				
T1555	1	Command Chart > character move name	<r曲穿|きょくせん>	Bending Drill 			e2e:movesets	NA2_SLPS@0x424BC0	NUN5_TEXTENG@0xC4F8	slot	32				
T1556	1	Command Chart > character move name	<r這脚|はいきゃく>	Crawl Kick			e2e:movesets	NA2_SLPS@0x424BE0	NUN5_TEXTENG@0xC508	slot	32				
T1557	1	Command Chart > character move name	<r槌尖|ついせん>	Sharp Hammer 			e2e:movesets	NA2_SLPS@0x424C00	NUN5_TEXTENG@0xC518	slot	24				
T1558	1	Command Chart > character move name	<r閃払|せんぷ>	Flash Sweep			e2e:movesets	NA2_SLPS@0x424C18	NUN5_TEXTENG@0xC528	slot	24				
T1559	1	Command Chart > character move name	<r旋咬|せんこう>	Spiral Bite 			e2e:movesets	NA2_SLPS@0x424C30	NUN5_TEXTENG@0xC538	slot	32				
T1560	1	Command Chart > character move name	<r瞬転|しゅんてん>	Instant Conversion			e2e:movesets	NA2_SLPS@0x424C50	NUN5_TEXTENG@0xC550	slot	32				
T1561	1	Command Chart > character move name	<r尖蹴|せんしゅう>	Sharp Kick			e2e:movesets	NA2_SLPS@0x424C70	NUN5_TEXTENG@0xC568	slot	32				
T1562	1	Command Chart > character move name	<r穿心|さいしん>	Heart Drill			e2e:movesets	NA2_SLPS@0x424C90	NUN5_TEXTENG@0xC578	slot	32				
T1563	1	Command Chart > character move name	<r背脚|はいきゃく>	Back Kick			e2e:movesets	NA2_SLPS@0x424CB0	NUN5_TEXTENG@0xC588	slot	32				
T1564	1	Command Chart > character move name	<r跳牙|ちょうが>	Hopping Fang			e2e:movesets	NA2_SLPS@0x424CD0	NUN5_TEXTENG@0xC598	slot	32				
T1565	1	Command Chart > character move name	<r幻術|げんじゅつ>　<r不知火|しらぬい>	Genjutsu: Shiranui			e2e:movesets	NA2_SLPS@0x42A0C0	NUN5_TEXTENG@0xC670	slot	48				
T1566	1	Command Chart > character move name	<r火遁|かとん>・<r豪火球|ごうかきゅう>の<r術|じゅつ>	Fire Style: Fire Ball Jutsu			e2e:jutsus|e2e:movesets	NA2_SLPS@0x42A0F0	NUN5_TEXTENG@0xC690	slot	64				
T1567	1	Command Chart > character move name	<r閃影|せんえい>	Flash Shadow			e2e:movesets	NA2_SLPS@0x42A130	NUN5_TEXTENG@0xC6B0	slot	32				
T1568	1	Command Chart > character move name	<r瞬斬|しゅんざん>	Instant Slash			e2e:movesets	NA2_SLPS@0x42A150	NUN5_TEXTENG@0xC6C0	slot	24				
T1569	1	Command Chart > character move name	<r双舞|そうぶ>	Double Dance			e2e:movesets	NA2_SLPS@0x42A168	NUN5_TEXTENG@0xC6D0	slot	24				
T1570	1	Command Chart > character move name	<r分身大爆破|ぶんしんだいばくは>	Clone Jutsu: Super Explosion			e2e:movesets	NA2_SLPS@0x42A180	NUN5_TEXTENG@0xC6E0	slot	48				
T1571	1	Command Chart > character move name	<r翔斬|しょうざん>	Soaring Slash 			e2e:movesets	NA2_SLPS@0x42A1B0	NUN5_TEXTENG@0xC700	slot	32				
T1572	1	Command Chart > character move name	<r穿蹴|せんしゅう>	Drill Kick			e2e:movesets	NA2_SLPS@0x42A1D0	NUN5_TEXTENG@0xC710	slot	32				
T1573	1	Command Chart > character move name	<r禍炎|かえん>　<r火照|ほでり>	Flame of Disaster: Fire Shine			e2e:movesets	NA2_SLPS@0x42A1F0	NUN5_TEXTENG@0xC720	slot	32				
T1574	1	Command Chart > character move name	<r天舞|てんぶ>	Heavenly Dance			e2e:movesets	NA2_SLPS@0x42A210	NUN5_TEXTENG@0xC740	slot	16				
T1575	1	Command Chart > character move name	<r昇旋|しょうせん>	Rising Spin			e2e:movesets	NA2_SLPS@0x42A220	NUN5_TEXTENG@0xC750	slot	32				
T1576	1	Command Chart > character move name	<r斬隼|ざんしゅん>	Slashing Peregrine			e2e:movesets	NA2_SLPS@0x42A240	NUN5_TEXTENG@0xC760	slot	32				
T1577	1	Command Chart > character move name	<r飛隼|ひしゅん>	Flying Peregrine			e2e:movesets	NA2_SLPS@0x42A260	NUN5_TEXTENG@0xC780	slot	32				
T1578	1	Command Chart > character move name	<r墜蹴|ついしゅう>	Falling Kick			e2e:movesets	NA2_SLPS@0x42A280	NUN5_TEXTENG@0xC798	slot	32				
T1579	1	Command Chart > character move name	<r水遁|すいとん>・<r潜鮫削滅|せんこうさくめつ>	Water Style: Shark Attack			e2e:movesets	NA2_SLPS@0x42F5A0	NUN5_TEXTENG@0xC870	slot	48				
T1580	1	Command Chart > character move name	<r水遁|すいとん>・<r水鮫散弾|すいこうさんだん>の<r術|じゅつ>	Water Style: Water Shark Shotgun Jutsu			e2e:jutsus|e2e:movesets	NA2_SLPS@0x42F5D0	NUN5_TEXTENG@0xC890	slot	64				
T1581	1	Command Chart > character move name	<r水遁|すいとん>・<r渦纏|うずまと>い	Water Style: Clinging Whirlpool			e2e:movesets	NA2_SLPS@0x42F610	NUN5_TEXTENG@0xC8C0	slot	48				
T1582	1	Command Chart > character move name	おろし<r回旋|かいせん>	Grating Spin			e2e:movesets	NA2_SLPS@0x42F640	NUN5_TEXTENG@0xC8E0	slot	32				
T1583	1	Command Chart > character move name	<r大壊崩|だいかいくず>し	Grand Destruction			e2e:movesets	NA2_SLPS@0x42F660	NUN5_TEXTENG@0xC8F0	slot	32				
T1584	1	Command Chart > character move name	<r鮫肌蹂躙|サメハダじゅうりん>	Shark Skin Infringe			e2e:movesets	NA2_SLPS@0x42F680	NUN5_TEXTENG@0xC910	slot	32				
T1585	1	Command Chart > character move name	<r鮫肌回旋|サメハダかいせん>	Shark Skin Spin			e2e:movesets	NA2_SLPS@0x42F6A0	NUN5_TEXTENG@0xC930	slot	32				
T1586	1	Command Chart > character move name	<r背討削|せうちけず>り	Back Attack Shave			e2e:movesets	NA2_SLPS@0x42F6C0	NUN5_TEXTENG@0xC940	slot	32				
T1587	1	Command Chart > character move name	<r波剃突破|はせいとっぱ>	Wave Break			e2e:movesets	NA2_SLPS@0x42F6E0	NUN5_TEXTENG@0xC958	slot	32				
T1588	1	Command Chart > character move name	<r水遁|すいとん>・<r水牢|すいろう>の<r術|じゅつ>	Water Style: Water Prison Jutsu			e2e:movesets	NA2_SLPS@0x42F700	NUN5_TEXTENG@0xC970	slot	64				
T1589	1	Command Chart > character move name	<r鮫肌壊上|サメハダかいじょう>	Shark Skin Upper			e2e:movesets	NA2_SLPS@0x42F740	NUN5_TEXTENG@0xC990	slot	32				
T1590	1	Command Chart > character move name	<r鮫餓落下|こうじんらっか>	Hungry Shark Drop			e2e:movesets	NA2_SLPS@0x42F760	NUN5_TEXTENG@0xC9B0	slot	32				
T1591	1	Command Chart > character move name	<r捨打|すてう>ち	Dump Hit			e2e:movesets	NA2_SLPS@0x42F780	NUN5_TEXTENG@0xC9C8	slot	32				
T1592	1	Command Chart > character move name	<r大開斬|だいかいき>り	Wide Open Slash			e2e:movesets	NA2_SLPS@0x42F7A0	NUN5_TEXTENG@0xC9E0	slot	32				
T1593	1	Command Chart > character move name	<r緋染絣|ひぞめがすり>	Crimson Splash			e2e:movesets	NA2_SLPS@0x434D60	NUN5_TEXTENG@0xCAA0	slot	32				
T1594	1	Command Chart > character move name	<r虚狗砲|こくほう>	Fake Fox Blast			e2e:movesets	NA2_SLPS@0x434D80	NUN5_TEXTENG@0xCAB0	slot	32				
T1595	1	Command Chart > character move name	<r猛爪手|もうそうしゅ>	Raging Claw			e2e:movesets	NA2_SLPS@0x434DA0	NUN5_TEXTENG@0xCAC0	slot	32				
T1596	1	Command Chart > character move name	<r緋色槍|ひしょくそう>	Crimson Spear			e2e:movesets	NA2_SLPS@0x434DC0	NUN5_TEXTENG@0xCAD0	slot	32				
T1597	1	Command Chart > character move name	<r不知火打|しらぬいうち>	Unknowing Flame			e2e:movesets	NA2_SLPS@0x434DE0	NUN5_TEXTENG@0xCAE0	slot	32				
T1598	1	Command Chart > character move name	<r朱露|あけのつゆ>	Ibis			e2e:movesets	NA2_SLPS@0x434E00	NUN5_SLES@0x5141A8	slot	32				
T1599	1	Command Chart > character move name	<r射鳴爪|いなりづめ>	Crying Claw			e2e:movesets	NA2_SLPS@0x434E20	NUN5_TEXTENG@0xCAF0	slot	32				
T1600	1	Command Chart > character move name	<r付喪薙|つくもなぎ>	Mow Down			e2e:movesets	NA2_SLPS@0x434E40	NUN5_TEXTENG@0xCB00	slot	32				
T1601	1	Command Chart > character move name	<r白面砲撃|はくめんほうげき>	White Mask Cannon			e2e:movesets	NA2_SLPS@0x434E60	NUN5_TEXTENG@0xCB10	slot	32				
T1602	1	Command Chart > character move name	<r裂尾荒|れつびこう>	Tearing Tail			e2e:movesets	NA2_SLPS@0x434E80	NUN5_TEXTENG@0xCB28	slot	32				
T1603	1	Command Chart > character move name	<r玉藻前|たまものまえ>	Fox Witch			e2e:movesets	NA2_SLPS@0x434EA0	NUN5_TEXTENG@0xCB38	slot	32				
T1604	1	Command Chart > character move name	<r降纏突|こうてんつき>	Dropping Thrust			e2e:movesets	NA2_SLPS@0x434EC0	NUN5_TEXTENG@0xCB50	slot	32				
T1605	1	Command Chart > character move name	<r飯綱束|いづなづか>	Rope Bind			e2e:movesets	NA2_SLPS@0x434EE0	NUN5_TEXTENG@0xCB60	slot	32				
T1606	1	Command Chart > character move name	<r空孤繰|くうこくり>	Fox Manipulation			e2e:movesets	NA2_SLPS@0x434F00	NUN5_TEXTENG@0xCB70	slot	32				
T1607	1	Command Chart > character move name	<r強襲裂刃|きょうしゅうれっぱ>	Powerful Blade			e2e:movesets	NA2_SLPS@0x43A690	NUN5_TEXTENG@0xCC48	slot	32				
T1608	1	Command Chart > character move name	<r赤秘技|あかひぎ>・<r百機|ひゃっき>の<r操演|そうえん>	Red Secret Technique: Performance of a Hundred Puppets			e2e:movesets	NA2_SLPS@0x43A6B0	NUN5_TEXTENG@0x4720	slot	64				
T1609	1	Command Chart > character move name	<r操己昇脚|そうこしょうきゃく>	Self Manipulate: Raise Leg			e2e:movesets	NA2_SLPS@0x43A6F0	NUN5_TEXTENG@0xCC60	slot	32				
T1610	1	Command Chart > character move name	<r操己深進|そうこしんしん>	Self Manipulate: Deep Thrust			e2e:movesets	NA2_SLPS@0x43A710	NUN5_TEXTENG@0xCC80	slot	32				
T1611	1	Command Chart > character move name	<r操己翻刃|そうこほんじん>	Self Manipulate: Blade Wave			e2e:movesets	NA2_SLPS@0x43A730	NUN5_TEXTENG@0xCCA0	slot	32				
T1612	1	Command Chart > character move name	<r操己炎憮|そうこえんぶ>	Self Manipulate: Blaze			e2e:movesets	NA2_SLPS@0x43A750	NUN5_TEXTENG@0xCCC0	slot	32				
T1613	1	Command Chart > character move name	<r炎龍昇刃|えんりゅうしょうじん>	Rising Dragon Blade			e2e:movesets	NA2_SLPS@0x43A770	NUN5_TEXTENG@0xCCE0	slot	48				
T1614	1	Command Chart > character move name	<r炎獄憮陣|えんごくぶじん>	Flaming Inferno Ring			e2e:movesets	NA2_SLPS@0x43A7A0	NUN5_TEXTENG@0xCD00	slot	32				
T1615	1	Command Chart > character move name	<r強襲浮刃|きょうしゅうふじん>	Strong Floating Blade			e2e:movesets	NA2_SLPS@0x43A7C0	NUN5_TEXTENG@0xCD20	slot	32				
T1616	1	Command Chart > character move name	<r寄人背蹴|きじんせしゅう>	Close Back Kick			e2e:movesets	NA2_SLPS@0x43A7E0	NUN5_TEXTENG@0xCD40	slot	32				
T1617	1	Command Chart > character move name	<r強襲昇刃|きょうしゅうしょうじん>	Powerful Rising Blade			e2e:movesets	NA2_SLPS@0x43A800	NUN5_TEXTENG@0xCD50	slot	48				
T1618	1	Command Chart > character move name	<r強襲墜劇|きょうしゅうついげき>	Strong Drop			e2e:movesets	NA2_SLPS@0x43A830	NUN5_TEXTENG@0xCD68	slot	48				
T1619	1	Command Chart > character move name	<r行自背蹴|あんじせしゅう>	Self Back Kick			e2e:movesets	NA2_SLPS@0x43A860	NUN5_TEXTENG@0xCD78	slot	32				
T1620	1	Command Chart > character move name	<r強襲刺刃|きょうしゅうしじん>	Strong Stab			e2e:movesets	NA2_SLPS@0x43A880	NUN5_TEXTENG@0xCD88	slot	32				
T1621	1	Command Chart > character move name	<r尾道魯|おどろ>	Tail Road Lu			e2e:movesets	NA2_SLPS@0x43F5C0	NUN5_TEXTENG@0xCE50	slot	32				
T1622	1	Command Chart > character move name	<r仕込|しこ>み<r傀儡|くぐつ>・<r針々八波|しんしんはっぱ>	Mechanical Puppet: Octo Needle Waves			e2e:movesets	NA2_SLPS@0x43F5E0	NUN5_TEXTENG@0xCE60	slot	64				
T1623	1	Command Chart > character move name	<r天幻|てんげん>	Heavenly Illusion			e2e:movesets	NA2_SLPS@0x43F620	NUN5_TEXTENG@0xCE90	slot	24				
T1624	1	Command Chart > character move name	<r羅刹|らせつ>	Rakshasa			e2e:movesets	NA2_SLPS@0x43F638	NUN5_TEXTENG@0xCEA8	slot	16				
T1625	1	Command Chart > character move name	<r百済|くだら>	Baekje			e2e:movesets	NA2_SLPS@0x43F648	NUN5_SLES@0x5141B0	slot	16				
T1626	1	Command Chart > character move name	<r虚無|きょむ>	Nothingness			e2e:movesets	NA2_SLPS@0x43F658	NUN5_TEXTENG@0xCEB8	slot	16				
T1627	1	Command Chart > character move name	<r無頼|ぶらい>	Ruffian			e2e:movesets	NA2_SLPS@0x43F668	NUN5_SLES@0x5141B8	slot	24				
T1628	1	Command Chart > character move name	<r有情|うじょう>	Existing Sentiment			e2e:movesets	NA2_SLPS@0x43F680	NUN5_TEXTENG@0xCED0	slot	32				
T1629	1	Command Chart > character move name	<r潜手|せんしゅ>	Submerged Hand			e2e:movesets	NA2_SLPS@0x43F6A0	NUN5_TEXTENG@0xCEE8	slot	24				
T1630	1	Command Chart > character move name	<r新羅|しらぎ>	Silla			e2e:movesets	NA2_SLPS@0x43F6B8	NUN5_SLES@0x5141C0	slot	24				
T1631	1	Command Chart > character move name	<r天涯|てんがい>	Heaven's End			e2e:movesets	NA2_SLPS@0x43F6D0	NUN5_TEXTENG@0xCEF8	slot	32				
T1632	1	Command Chart > character move name	<r高麗|こうらい>	Goryeo			e2e:movesets	NA2_SLPS@0x43F6F0	NUN5_SLES@0x5141C8	slot	32				
T1633	1	Command Chart > character move name	<r如来|にょらい>	Tathagata			e2e:movesets	NA2_SLPS@0x43F710	NUN5_TEXTENG@0xCF08	slot	32				
T1634	1	Command Chart > character move name	<r白衣|びゃくえ>	White Robe			e2e:movesets	NA2_SLPS@0x43F730	NUN5_TEXTENG@0xCF18	slot	32				
T1635	1	Command Chart > character move name	<r双云|そううん>	Double Saying			e2e:movesets	NA2_SLPS@0x43F750	NUN5_TEXTENG@0xCF28	slot	32				
T1636	1	Command Chart > character move name	<r熟練作法|じゅくれんさほう>	Skillful Manner			e2e:movesets	NA2_SLPS@0x445EB0	NUN5_TEXTENG@0xCFE0	slot	32				
T1637	1	Command Chart > character move name	<r二兎天秤|にとてんびん>	Two Hare Balance			e2e:movesets	NA2_SLPS@0x445ED0	NUN5_TEXTENG@0xCFF0	slot	32				
T1638	1	Command Chart > character move name	<r起進踏破|きじんとうは>	Advance Traverse			e2e:movesets	NA2_SLPS@0x445EF0	NUN5_TEXTENG@0xD010	slot	32				
T1639	1	Command Chart > character move name	<r下肢盛焔|かしせいえん>	Lower Limbs Blaze			e2e:movesets	NA2_SLPS@0x445F10	NUN5_TEXTENG@0xD030	slot	32				
T1640	1	Command Chart > character move name	<r跳乗体躯|ちょうじょうたいく>	Hopping Mount			e2e:movesets	NA2_SLPS@0x445F30	NUN5_TEXTENG@0xD048	slot	32				
T1641	1	Command Chart > character move name	<r無我自遜|むがじそん>	Selflessness			e2e:movesets	NA2_SLPS@0x445F50	NUN5_TEXTENG@0xD058	slot	32				
T1642	1	Command Chart > character move name	<r不意手|ふいしゅ>	Sudden Hand			e2e:movesets	NA2_SLPS@0x445F70	NUN5_TEXTENG@0xD068	slot	32				
T1643	1	Command Chart > character move name	<r双昇脚|そうしょうきゃく>	Double Rising Kick			e2e:movesets	NA2_SLPS@0x445F90	NUN5_TEXTENG@0xD080	slot	32				
T1644	1	Command Chart > character move name	<r輪転掌|りんてんしょう>	Rotary Palm			e2e:movesets	NA2_SLPS@0x445FB0	NUN5_TEXTENG@0xD098	slot	32				
T1645	1	Command Chart > character move name	<r潜進脚|せんしんきゃく>	Submerged Advance Kick			e2e:movesets	NA2_SLPS@0x445FD0	NUN5_TEXTENG@0xD0B0	slot	32				
T1646	1	Command Chart > character move name	<r肩硬突|けんこうとつ>	Shoulder Thrust			e2e:movesets	NA2_SLPS@0x445FF0	NUN5_TEXTENG@0xD0D0	slot	32				
T1647	1	Command Chart > character move name	<r北砕|ほくさい>	North Clash			e2e:movesets	NA2_SLPS@0x446010	NUN5_TEXTENG@0xD0E0	slot	32				
T1648	1	Command Chart > character move name	<r底閃|ていせん>	Bottom Flash			e2e:movesets	NA2_SLPS@0x446030	NUN5_TEXTENG@0xD0F0	slot	32				
T1649	1	Command Chart > character move name	<r斜落|しゃらく>	Slant Drop			e2e:movesets	NA2_SLPS@0x446050	NUN5_TEXTENG@0xD100	slot	24				
T1650	1	Command Chart > character move name	<r風刺|ふうし>	Wind Pierce			e2e:movesets	NA2_SLPS@0x446068	NUN5_TEXTENG@0xD110	slot	24				
T1651	1	Command Chart > character move name	<r仰|あお>ぐ<r大気|そら>	Looking Up at the Air			e2e:movesets	NA2_SLPS@0x446080	NUN5_TEXTENG@0xD120	slot	32				
T1652	1	Command Chart > character move name	<r過|す>ぐ<r歳月|ながれ>	Passed Years			e2e:movesets	NA2_SLPS@0x4460A0	NUN5_TEXTENG@0xD138	slot	32				
T1653	1	Command Chart > character move name	<r降|ふ>り<r作礼|さらい>	Falling Bow			e2e:movesets	NA2_SLPS@0x4460C0	NUN5_TEXTENG@0xD148	slot	32				
T1654	1	Command Chart > character move name	<r絶|た>ち<r終焉|わかれ>	Cut Off End			e2e:movesets	NA2_SLPS@0x4460E0	NUN5_TEXTENG@0xD158	slot	32				
T1655	1	Command Chart > character move name	<r天|てん>の<r構|かま>え・<r刹|せつ>	Heaven Stance: Pillar			e2e:movesets	NA2_SLPS@0x446100	NUN5_TEXTENG@0xD170	slot	48				
T1656	1	Command Chart > character move name	<r舞|ま>い<r飛鳥|あすか>	Flying Bird Dance			e2e:movesets	NA2_SLPS@0x446130	NUN5_TEXTENG@0xD190	slot	32				
T1657	1	Command Chart > character move name	<r地|ち>の<r構|かま>え・<r掩|えん>	Earth Stance: Conceal			e2e:movesets	NA2_SLPS@0x446150	NUN5_TEXTENG@0xD1B0	slot	48				
T1658	1	Command Chart > character move name	<r這|は>い<r土竜|もぐら>	Crawling Mole			e2e:movesets	NA2_SLPS@0x446180	NUN5_TEXTENG@0xD1C8	slot	32				
T1659	1	Command Chart > character move name	<r人|じん>の<r構|かま>え・<r斥|せき>	Human Stance: Avoid			e2e:movesets	NA2_SLPS@0x4461A0	NUN5_TEXTENG@0xD1E0	slot	48				
T1660	1	Command Chart > character move name	<r刺|さ>し<r朱音|あかね>	Scarlet Sonic Pierce			e2e:movesets	NA2_SLPS@0x4461D0	NUN5_TEXTENG@0xD200	slot	32				
T1661	1	Command Chart > character move name	<r暴双砕牙|ばくそうさいが>	Dual Raging Fangs			e2e:movesets	NA2_SLPS@0x44BF90	NUN5_TEXTENG@0xD320	slot	32				
T1662	1	Command Chart > character move name	<r牙通牙|がつうが>	Fang Over Fang			e2e:movesets	NA2_SLPS@0x44BFB0	NUN5_TEXTENG@0x4C18	slot	32				
T1663	1	Command Chart > character move name	<r円月爪|えんげつそう>	Circle Claws			e2e:movesets	NA2_SLPS@0x44BFD0	NUN5_TEXTENG@0xD338	slot	32				
T1664	1	Command Chart > character move name	<r双狼閃|そうろうせん>	Dual Shining Wolves			e2e:movesets	NA2_SLPS@0x44BFF0	NUN5_TEXTENG@0xD350	slot	32				
T1665	1	Command Chart > character move name	<r虚狼貫|ころうかん>	False Tiger Tear			e2e:movesets	NA2_SLPS@0x44C010	NUN5_TEXTENG@0xD370	slot	32				
T1666	1	Command Chart > character move name	<r群狼鞭|ぐんろうべん> 	Wolf Whip			e2e:movesets	NA2_SLPS@0x44C030	NUN5_TEXTENG@0xD388	slot	32				
T1667	1	Command Chart > character move name	<r抗牙刀|こうがとう>	Resisting Fang			e2e:movesets	NA2_SLPS@0x44C050	NUN5_TEXTENG@0xD398	slot	32				
T1668	1	Command Chart > character move name	<r駆狼双戟|かろうそうげき>	Dual Wolf Spear			e2e:movesets	NA2_SLPS@0x44C070	NUN5_TEXTENG@0xD3B0	slot	32				
T1669	1	Command Chart > character move name	<r単騎閃走|たんきせんそう>	Speed Dash			e2e:movesets	NA2_SLPS@0x44C090	NUN5_TEXTENG@0xD3C0	slot	32				
T1670	1	Command Chart > character move name	<r拘狼顎|こうろうがく>	Wolf Brow			e2e:movesets	NA2_SLPS@0x44C0B0	NUN5_TEXTENG@0xD3D0	slot	32				
T1671	1	Command Chart > character move name	<r天狼流|てんろうりゅう>	Sky Wolf Style			e2e:movesets	NA2_SLPS@0x44C0D0	NUN5_TEXTENG@0xD3E0	slot	32				
T1672	1	Command Chart > character move name	<r皇狼落|こうろうらく>	Lord Wolf Drop			e2e:movesets	NA2_SLPS@0x44C0F0	NUN5_TEXTENG@0xD3F0	slot	32				
T1673	1	Command Chart > character move name	<r飛刃狼牙|ひじんろうが>	Flying Wolf Fang			e2e:movesets	NA2_SLPS@0x44C110	NUN5_TEXTENG@0xD400	slot	32				
T1674	1	Command Chart > character move name	<r迅狼天走|じんろうてんそう>	Sky Speeding Wolf			e2e:movesets	NA2_SLPS@0x44C130	NUN5_TEXTENG@0xD420	slot	32				
T1675	1	Command Chart > character move name	<r一騎搭穿|いっきとうせん>	Wolf Rider Pierce			e2e:movesets	NA2_SLPS@0x44C150	NUN5_TEXTENG@0xD440	slot	32				
T1676	1	Command Chart > character move name	<r投狼刃|とうろうじん>	Wolf Fang Throw			e2e:movesets	NA2_SLPS@0x44C170	NUN5_TEXTENG@0xD460	slot	32				
T1677	1	Command Chart > character move name	<r騎乗伐爪|きじょうばっそう>	Riding Fang			e2e:movesets	NA2_SLPS@0x44C190	NUN5_TEXTENG@0xD470	slot	32				
T1678	1	Command Chart > character move name	<r寄壊蟲|きかいちゅう>・<r芭句|ばく>	Parasitic Insects: Bind			e2e:movesets	NA2_SLPS@0x451B90	NUN5_TEXTENG@0xD560	slot	48				
T1679	1	Command Chart > character move name	<r寄壊蟲|きかいちゅう>・<r円塊|えんかい>	Parasitic Insects: Feast			e2e:movesets	NA2_SLPS@0x451BC0	NUN5_TEXTENG@0xD580	slot	48				
T1680	1	Command Chart > character move name	<r沫泡蟲|まっぽうちゅう>	Parasitic Bugs			e2e:movesets	NA2_SLPS@0x451BF0	NUN5_TEXTENG@0xD5A0	slot	32				
T1681	1	Command Chart > character move name	<r擬態蟲|ぎたいちゅう>・<r這|しゃ>	Mimic Bugs: Crawl			e2e:movesets	NA2_SLPS@0x451C10	NUN5_TEXTENG@0xD5B0	slot	48				
T1682	1	Command Chart > character move name	<r拡散蟲|かくさんちゅう>	Falling Bugs			e2e:movesets	NA2_SLPS@0x451C40	NUN5_TEXTENG@0xD5C8	slot	32				
T1683	1	Command Chart > character move name	<r昇渦蟲|しょうかちゅう>	Whirling Bugs			e2e:movesets	NA2_SLPS@0x451C60	NUN5_TEXTENG@0xD5D8	slot	32				
T1684	1	Command Chart > character move name	<r分散蟲|ぶんさんちゅう>	Spreading Bugs			e2e:movesets	NA2_SLPS@0x451C80	NUN5_TEXTENG@0x3628	slot	32				
T1685	1	Command Chart > character move name	<r捕縛蟲|ほばくちゅう>	Catch Bugs			e2e:movesets	NA2_SLPS@0x451CA0	NUN5_TEXTENG@0xD608	slot	32				
T1686	1	Command Chart > character move name	<r擬態蟲|ぎたいちゅう>・<r飛|ひ>	Mimic Bugs: Fly			e2e:movesets	NA2_SLPS@0x451CC0	NUN5_TEXTENG@0xD620	slot	48				
T1687	1	Command Chart > character move name	<r包容蟲|ほうようちゅう>	Encircling Bugs			e2e:movesets	NA2_SLPS@0x451CF0	NUN5_TEXTENG@0xD630	slot	32				
T1688	1	Command Chart > character move name	<r落叩蟲|らっこうちゅう>	Pounding Bugs			e2e:movesets	NA2_SLPS@0x451D10	NUN5_TEXTENG@0xD640	slot	32				
T1689	1	Command Chart > character move name	<r寄集蟲|きしゅうちゅう>	Gathering Bugs			e2e:movesets	NA2_SLPS@0x451D30	NUN5_TEXTENG@0xD650	slot	32				
T1690	1	Command Chart > character move name	<r八卦掌双手通背|はっけしょうそうしゅつうはい>	8 Trigrams Twin Back Pierce			e2e:movesets	NA2_SLPS@0x457A80	NUN5_TEXTENG@0xD710	slot	48				
T1691	1	Command Chart > character move name	<r通背掌|つうはいしょう>	Back Piercing Palm			e2e:movesets	NA2_SLPS@0x457AB0	NUN5_TEXTENG@0xD730	slot	32				
T1692	1	Command Chart > character move name	<r開崩掌|かいほうしょう>	Open Crushing Palm			e2e:movesets	NA2_SLPS@0x457AD0	NUN5_TEXTENG@0xD750	slot	32				
T1693	1	Command Chart > character move name	<r天崩連破|てんほうれんは>	Sky Crushing Rapid Attack			e2e:movesets	NA2_SLPS@0x457AF0	NUN5_TEXTENG@0xD770	slot	32				
T1694	1	Command Chart > character move name	<r投扇掌|とうせんしょう>	Fan Throw Palm			e2e:movesets	NA2_SLPS@0x457B10	NUN5_TEXTENG@0xD790	slot	32				
T1695	1	Command Chart > character move name	<r旋天掌|せんてんしょう>	Sky Spin Palm			e2e:movesets	NA2_SLPS@0x457B30	NUN5_TEXTENG@0xD7A0	slot	32				
T1696	1	Command Chart > character move name	<r三舞|みつまい>	Sambu			e2e:movesets	NA2_SLPS@0x457B50	NUN5_SLES@0x5141D0	slot	24				
T1697	1	Command Chart > character move name	<r瓦砲|がほう>	Tile Cannon			e2e:movesets	NA2_SLPS@0x457B68	NUN5_TEXTENG@0xD7B0	slot	24				
T1698	1	Command Chart > character move name	<r天背掌|てんはいしょう>	Sky Bearing Palm			e2e:movesets	NA2_SLPS@0x457B80	NUN5_TEXTENG@0xD7C0	slot	32				
T1699	1	Command Chart > character move name	<r大鵬|だいほう>	Taiho			e2e:movesets	NA2_SLPS@0x457BA0	NUN5_SLES@0x5141D8	slot	32				
T1700	1	Command Chart > character move name	<r旋風|せんぷう>	Whirlwind			e2e:movesets	NA2_SLPS@0x457BC0	NUN5_TEXTENG@0xD7D8	slot	32				
T1701	1	Command Chart > character move name	<r遥流掌|ようりゅうしょう>	Distant Flowing Palm			e2e:movesets	NA2_SLPS@0x457BE0	NUN5_TEXTENG@0xD7F0	slot	32				
T1702	1	Command Chart > character move name	<r白宝輪|はくほうりん>	White Treasure Ring			e2e:movesets	NA2_SLPS@0x457C00	NUN5_TEXTENG@0xD810	slot	32				
T1703	1	Command Chart > character move name	<r発輝連突|はっきれんとつ>	Shining Thrust			e2e:movesets	NA2_SLPS@0x457C20	NUN5_TEXTENG@0xD828	slot	32				
T1704	1	Command Chart > character move name	<r倍化怒涛|ばいかどとう>	Rage Explosion			e2e:movesets	NA2_SLPS@0x45DBF0	NUN5_TEXTENG@0xD910	slot	32				
T1705	1	Command Chart > character move name	<r超張|ちょうは>り<r手|て>	Super Slap			e2e:movesets	NA2_SLPS@0x45DC10	NUN5_TEXTENG@0xD920	slot	32				
T1706	1	Command Chart > character move name	<r大跳脚|だいちょうきゃく>	Huge Jump			e2e:movesets	NA2_SLPS@0x45DC30	NUN5_TEXTENG@0xD930	slot	32				
T1707	1	Command Chart > character move name	<r大行拳|だいこうけん>	Huge Strike			e2e:movesets	NA2_SLPS@0x45DC50	NUN5_TEXTENG@0xD940	slot	32				
T1708	1	Command Chart > character move name	<r大厳乞|だいげんこつ>	Huge Wish			e2e:movesets	NA2_SLPS@0x45DC70	NUN5_TEXTENG@0xD950	slot	32				
T1709	1	Command Chart > character move name	<r大挟掌|だいきょうしょう>	Huge Clap			e2e:movesets	NA2_SLPS@0x45DC90	NUN5_TEXTENG@0xD960	slot	32				
T1710	1	Command Chart > character move name	<r大昇脚|だいしょうきゃく>	Huge Kick			e2e:movesets	NA2_SLPS@0x45DCB0	NUN5_TEXTENG@0xD970	slot	32				
T1711	1	Command Chart > character move name	<r大叩槌|だいこうつい>	Huge Hammer			e2e:movesets	NA2_SLPS@0x45DCD0	NUN5_TEXTENG@0xD980	slot	32				
T1712	1	Command Chart > character move name	<r怒来武|どらいぶ>	Raging Attack			e2e:movesets	NA2_SLPS@0x45DCF0	NUN5_TEXTENG@0xD990	slot	32				
T1713	1	Command Chart > character move name	かつぎ<r発放|ほっぽう>	Carrying Burst			e2e:movesets	NA2_SLPS@0x45DD10	NUN5_TEXTENG@0xD9A0	slot	32				
T1714	1	Command Chart > character move name	<r大回脚|だいかいきゃく>	Huge Spin Kick			e2e:movesets	NA2_SLPS@0x45DD30	NUN5_TEXTENG@0xD9B0	slot	32				
T1715	1	Command Chart > character move name	<r急球弾|きゅうきゅうだん>	Quick Shot			e2e:movesets	NA2_SLPS@0x45DD50	NUN5_TEXTENG@0xD9C0	slot	32				
T1716	1	Command Chart > character move name	まわし<r発放|ほっぽう>	Spinning Burst			e2e:movesets	NA2_SLPS@0x45DD70	NUN5_TEXTENG@0xD9D0	slot	32				
T1717	1	Command Chart > character move name	<r大双脚|だいそうきゃく>	Huge Dual Kick			e2e:movesets	NA2_SLPS@0x45DD90	NUN5_TEXTENG@0xD9E0	slot	32				
T1718	1	Command Chart > character move name	<r超|ちょう>ラッシュ	Super Rush			e2e:movesets	NA2_SLPS@0x45DDB0	NUN5_TEXTENG@0xD9F0	slot	32				
T1719	1	Command Chart > character move name	<r超|ちょう>スパイク	Super Spike			e2e:movesets	NA2_SLPS@0x45DDD0	NUN5_TEXTENG@0xDA00	slot	32				
T1720	1	Command Chart > character move name	<r超|ちょう>スタンプ	Super Stomp			e2e:movesets	NA2_SLPS@0x45DDF0	NUN5_TEXTENG@0xDA10	slot	32				
T1721	1	Command Chart > character move name	<r超|ちょう>シュート	Super Shot			e2e:movesets	NA2_SLPS@0x45DE10	NUN5_TEXTENG@0xDA20	slot	32				
T1722	1	Command Chart > character move name	<r超|ちょう>スロー	Super Throw			e2e:movesets	NA2_SLPS@0x45DE30	NUN5_TEXTENG@0xDA30	slot	32				
T1723	1	Command Chart > character move name	<r超|ちょう>アッパー	Super Uppercut			e2e:movesets	NA2_SLPS@0x45DE50	NUN5_TEXTENG@0xDA40	slot	32				
T1724	1	Command Chart > character move name	<r超|ちょう>ダイビング	Super Dive			e2e:movesets	NA2_SLPS@0x45DE70	NUN5_TEXTENG@0xDA50	slot	32				
T1725	1	Command Chart > character move name	<r超|ちょう>ブレスト	Super Chest			e2e:movesets	NA2_SLPS@0x45DE90	NUN5_TEXTENG@0xDA60	slot	32				
T1726	1	Command Chart > character move name	<r心乱身|しんらんしん>の<r術|じゅつ>	Mind Distraction Jutsu			e2e:movesets	NA2_SLPS@0x463CD0	NUN5_TEXTENG@0x4BE0	slot	48				
T1727	1	Command Chart > character move name	<r華憐四季彩|かれんしきさい>	Beautiful Seasons			e2e:jutsus|e2e:movesets	NA2_SLPS@0x463D00	NUN5_TEXTENG@0xDB50	slot	32				
T1728	1	Command Chart > character move name	<r彩|いろどり>のラベンダー	Colorful Lavender			e2e:movesets	NA2_SLPS@0x463D20	NUN5_TEXTENG@0xDB70	slot	32				
T1729	1	Command Chart > character move name	<r胸|むね>を<r刺|さ>すアロエ	Aloe Chest Stab			e2e:movesets	NA2_SLPS@0x463D40	NUN5_TEXTENG@0xDB90	slot	32				
T1730	1	Command Chart > character move name	ベゴニアの<r重圧|じゅうあつ>	Begonia Crush			e2e:movesets	NA2_SLPS@0x463D60	NUN5_TEXTENG@0xDBA0	slot	32				
T1731	1	Command Chart > character move name	<r嘆|なげ>きのライラック	Weeping Lilac			e2e:movesets	NA2_SLPS@0x463D80	NUN5_TEXTENG@0xDBB0	slot	32				
T1732	1	Command Chart > character move name	<r喜|よろこ>びのクレマチス	Joyful Clematis			e2e:movesets	NA2_SLPS@0x463DA0	NUN5_TEXTENG@0xDBC0	slot	32				
T1733	1	Command Chart > character move name	<r心浮|こころう>くポピー	Excited Poppy			e2e:movesets	NA2_SLPS@0x463DC0	NUN5_TEXTENG@0xDBD0	slot	32				
T1734	1	Command Chart > character move name	スターチスの<r一突|ひとつ>き	Statice Strike			e2e:movesets	NA2_SLPS@0x463DE0	NUN5_TEXTENG@0xDBE0	slot	32				
T1735	1	Command Chart > character move name	<r空|そら>に<r舞|ま>うナデシコ	Sky Dancing Dianthus			e2e:movesets	NA2_SLPS@0x463E00	NUN5_TEXTENG@0xDBF0	slot	32				
T1736	1	Command Chart > character move name	<r蝦蟇|ガマ>ドス<r斬|ざん>	Toad Blade Cut			e2e:movesets	NA2_SLPS@0x469000	NUN5_TEXTENG@0xDCD8	slot	32				
T1737	1	Command Chart > character move name	<r幕之討|まくのう>ち	Act Break			e2e:movesets	NA2_SLPS@0x469020	NUN5_TEXTENG@0xDCE8	slot	32				
T1738	1	Command Chart > character move name	<r足拍子|あしびょうし>	Beat Stomp			e2e:movesets	NA2_SLPS@0x469040	NUN5_TEXTENG@0xDCF8	slot	32				
T1739	1	Command Chart > character move name	<r壱番大誇|いちばんだいこ>	Act Call			e2e:movesets	NA2_SLPS@0x469060	NUN5_TEXTENG@0xDD08	slot	32				
T1740	1	Command Chart > character move name	<r針地蔵|はりじぞう>	Needle Jizo			e2e:movesets	NA2_SLPS@0x469080	NUN5_TEXTENG@0xDD18	slot	32				
T1741	1	Command Chart > character move name	<r飛拿弾|ひなだん>	Flying Palm Strike			e2e:movesets	NA2_SLPS@0x4690A0	NUN5_TEXTENG@0xDD30	slot	32				
T1742	1	Command Chart > character move name	<r口寄|くちよ>せ <r屋台落|やたいお>とし	Summoning: Body Slam			e2e:movesets	NA2_SLPS@0x4690C0	NUN5_TEXTENG@0xDD50	slot	48				
T1743	1	Command Chart > character move name	<r火遁|かとん>の<r術|じゅつ>	Fire Style Jutsu			e2e:movesets	NA2_SLPS@0x4690F0	NUN5_TEXTENG@0xDD70	slot	32				
T1744	1	Command Chart > character move name	<r彗叩|すいこう>	Comet Strike			e2e:movesets	NA2_SLPS@0x469110	NUN5_TEXTENG@0xDD88	slot	32				
T1745	1	Command Chart > character move name	<r筍掻突|しゅんそうとつ>	Scratch Thrust of the Bamboo Shoot			e2e:movesets	NA2_SLPS@0x469130	NUN5_TEXTENG@0xDDA0	slot	32			NA2_SLPS@0x469D88	
T1746	1	Command Chart > character move name	<r落葉槌|らくようつい>	Hammer of Falling Leaves			e2e:movesets	NA2_SLPS@0x469150	NUN5_TEXTENG@0xDDD0	slot	32				
T1747	1	Command Chart > character move name	<r雷底|らいてい>	The Depths of Lightning			e2e:movesets	NA2_SLPS@0x469170	NUN5_TEXTENG@0xDDF0	slot	32				
T1748	1	Command Chart > character move name	<r歳流掌|さいりゅうしょう>	Palm of the Passing Years			e2e:movesets	NA2_SLPS@0x469190	NUN5_TEXTENG@0xDE10	slot	32				
T1749	1	Command Chart > character move name	<r痛天脚|つうてんきゃく>・<r天帝|てんてい>	Heaven Kick of Pain: Lord of Hosts			e2e:movesets	NA2_SLPS@0x46E6A0	NUN5_TEXTENG@0xDEF0	slot	48				
T1750	1	Command Chart > character move name	<r天守脚|てんしゅきゃく>	Heaven Defending Kick			e2e:jutsus|e2e:movesets	NA2_SLPS@0x46E6D0	NUN5_TEXTENG@0xDF20	slot	32				
T1751	1	Command Chart > character move name	<r萩猪|はぎい>	Bush Clover Boar			e2e:movesets	NA2_SLPS@0x46E6F0	NUN5_TEXTENG@0xDF40	slot	16			NA2_SLPS@0x46F098	
T1752	1	Command Chart > character move name	<r雁金|かりがね>	Golden Goose			e2e:movesets	NA2_SLPS@0x46E700	NUN5_TEXTENG@0xDF58	slot	32				
T1753	1	Command Chart > character move name	<r薄月|うすづき>	Pampas Moon			e2e:movesets	NA2_SLPS@0x46E720	NUN5_TEXTENG@0xDF68	slot	32				
T1754	1	Command Chart > character move name	<r紅葉鹿|こうようか>	Deer of the Autumn Leaves			e2e:movesets	NA2_SLPS@0x46E740	NUN5_TEXTENG@0xDF80	slot	32				
T1755	1	Command Chart > character move name	<r杜若|とじゃく>	Iris			e2e:movesets	NA2_SLPS@0x46E760	NUN5_SLES@0x5141E0	slot	32				
T1756	1	Command Chart > character move name	<r鳳桐|ほうとう>	Paulownia Phoenix			e2e:movesets	NA2_SLPS@0x46E780	NUN5_TEXTENG@0xDFA0	slot	32				
T1757	1	Command Chart > character move name	<r竹雀|ちくしゃく>	Bamboo Sparrow			e2e:movesets	NA2_SLPS@0x46E7A0	NUN5_TEXTENG@0xDFB8	slot	32				
T1758	1	Command Chart > character move name	<r菊盃|きくさかずき>	Chrysanthemum Goblet			e2e:movesets	NA2_SLPS@0x46E7C0	NUN5_TEXTENG@0xDFD0	slot	32				
T1759	1	Command Chart > character move name	<r暴猪|あばれしし>	Unruly Boar			e2e:movesets	NA2_SLPS@0x46E7E0	NUN5_TEXTENG@0xDFE8	slot	32				
T1760	1	Command Chart > character move name	<r花柳|はなやなぎ>	Flower Willow			e2e:movesets	NA2_SLPS@0x46E800	NUN5_TEXTENG@0xDFF8	slot	24				
T1761	1	Command Chart > character move name	<r月鹿|げっか>	Deer of the Moon			e2e:movesets	NA2_SLPS@0x46E818	NUN5_TEXTENG@0xE010	slot	24				
T1762	1	Command Chart > character move name	<r梅鶯|おうよう>	Plum Warbler			e2e:movesets	NA2_SLPS@0x46E830	NUN5_TEXTENG@0xE028	slot	32				
T1763	1	Command Chart > character move name	<r痛天脚|つうてんきゃく>	Heaven Kick of Pain			e2e:movesets	NA2_SLPS@0x46E850	NUN5_TEXTENG@0x3B90	slot	32				
T1764	1	Command Chart > character move name	<r藤杜鵑|とうとけん>	Wisteria Cuckoo			e2e:movesets	NA2_SLPS@0x46E870	NUN5_TEXTENG@0xE040	slot	32				
T1765	1	Command Chart > character move name	<r桜幕|さくらまく>	Curtain of Cherry Blossoms			e2e:movesets	NA2_SLPS@0x46E890	NUN5_TEXTENG@0xE050	slot	32				
T1766	1	Command Chart > character move name	<r仕込|しこ>み<r千本|せんぼん>・<r刺散|しさん>	Hidden Senbon Spray			e2e:movesets	NA2_SLPS@0x474110	NUN5_TEXTENG@0xE140	slot	48				
T1767	1	Command Chart > character move name	<r忍法|にんぽう>・<r毒霧|どくきり>	Ninja Art: Poison Fog			e2e:jutsus|e2e:movesets	NA2_SLPS@0x474140	NUN5_TEXTENG@0xE160	slot	48				
T1768	1	Command Chart > character move name	<r掌波|しょうは>	Palm Wave			e2e:movesets	NA2_SLPS@0x474170	NUN5_TEXTENG@0xE178	slot	24				
T1769	1	Command Chart > character move name	<r連刃|れんば>	Combo Blade			e2e:movesets	NA2_SLPS@0x474188	NUN5_TEXTENG@0xE188	slot	24				
T1770	1	Command Chart > character move name	<r刺脚|しきゃく>	Stabbing Kick			e2e:movesets	NA2_SLPS@0x4741A0	NUN5_TEXTENG@0xE198	slot	32				
T1771	1	Command Chart > character move name	<r凛針|りんしん>	Piercing Needles			e2e:movesets	NA2_SLPS@0x4741C0	NUN5_TEXTENG@0xE1B0	slot	32				
T1772	1	Command Chart > character move name	<r千本|せんぼん>	Senbon			e2e:movesets	NA2_SLPS@0x4741E0	NUN5_SLES@0x5141E8	slot	32				
T1773	1	Command Chart > character move name	<r受劈|じゅへき>	Cleaving			e2e:movesets	NA2_SLPS@0x474200	NUN5_TEXTENG@0xE1C8	slot	32				
T1774	1	Command Chart > character move name	<r突針|とっしん>	Thrusting Needles			e2e:movesets	NA2_SLPS@0x474220	NUN5_TEXTENG@0xE1E0	slot	32				
T1775	1	Command Chart > character move name	<r流刃|りゅうば>	Flowing Blade			e2e:movesets	NA2_SLPS@0x474240	NUN5_TEXTENG@0xB258	slot	32				
T1776	1	Command Chart > character move name	<r昇刃|しょうば>	Rising Blade			e2e:movesets	NA2_SLPS@0x474260	NUN5_TEXTENG@0xE1F8	slot	32				
T1777	1	Command Chart > character move name	<r旋刃|せんじん>	Kunai Combo			e2e:movesets	NA2_SLPS@0x474280	NUN5_TEXTENG@0xE208	slot	32				
T1778	1	Command Chart > character move name	<r掌尖|しょうせん>	Sharp Palm			e2e:movesets	NA2_SLPS@0x4742A0	NUN5_TEXTENG@0xE218	slot	32				
T1779	1	Command Chart > character move name	<r輪落|りんらく>	Wheel Drop			e2e:movesets	NA2_SLPS@0x4742C0	NUN5_TEXTENG@0xE228	slot	24				
T1780	1	Command Chart > character move name	<r浮刃|ふじん>	Floating Blade			e2e:movesets	NA2_SLPS@0x4742D8	NUN5_TEXTENG@0xE238	slot	24				
T1781	1	Command Chart > character move name	<r転斬|てんざん>	Rolling Slash			e2e:movesets	NA2_SLPS@0x4742F0	NUN5_TEXTENG@0xE248	slot	32				
T1782	1	Command Chart > character move name	<r狼牙伐錐|ろうがばっすい>	Wolf Fang Drill			e2e:movesets	NA2_SLPS@0x479A10	NUN5_TEXTENG@0xE330	slot	32				
T1783	1	Command Chart > character move name	<r飛燕|ひえん>・<r空穿|くうせん>	Flying Swallow Thrust			e2e:movesets	NA2_SLPS@0x479A30	NUN5_TEXTENG@0xE340	slot	48				
T1784	1	Command Chart > character move name	<r暴風粋|ぼうふういき>	Wild Wind			e2e:movesets	NA2_SLPS@0x479A60	NUN5_TEXTENG@0xE358	slot	32				
T1785	1	Command Chart > character move name	<r青嵐|あおあらし>	Blue Storm			e2e:movesets	NA2_SLPS@0x479A80	NUN5_TEXTENG@0xE368	slot	24				
T1786	1	Command Chart > character move name	<r東風|こち>	Eastern Storm			e2e:movesets	NA2_SLPS@0x479A98	NUN5_TEXTENG@0xE378	slot	16				
T1787	1	Command Chart > character move name	<r颪|おろし>	Fall Wind			e2e:movesets	NA2_SLPS@0x479AA8	NUN5_TEXTENG@0xE388	slot	24				
T1788	1	Command Chart > character move name	<r韋駄天台風|いだてんたいふう>	Skanda Typhoon			e2e:movesets	NA2_SLPS@0x479AC0	NUN5_TEXTENG@0xE398	slot	32				
T1789	1	Command Chart > character move name	<r雁渡|かりわたし>	Migrating Goose			e2e:movesets	NA2_SLPS@0x479AE0	NUN5_TEXTENG@0xE3B0	slot	24				
T1790	1	Command Chart > character move name	<r山背|やませ>	Yamashiro			e2e:movesets	NA2_SLPS@0x479AF8	NUN5_TEXTENG@0xE3C0	slot	24				
T1791	1	Command Chart > character move name	<r木枯|こがら>し	Autumn Wind			e2e:movesets	NA2_SLPS@0x479B10	NUN5_TEXTENG@0xE3D0	slot	32				
T1792	1	Command Chart > character move name	<r黒南風|くろはえ>	Black Southern Wind			e2e:movesets	NA2_SLPS@0x479B30	NUN5_TEXTENG@0xE3E0	slot	32				
T1793	1	Command Chart > character move name	<r小夜嵐|さよあらし>	Little Night Storm			e2e:movesets	NA2_SLPS@0x479B50	NUN5_TEXTENG@0xE400	slot	24				
T1794	1	Command Chart > character move name	<r風巻|しまき>	Rolling Wind			e2e:movesets	NA2_SLPS@0x479B68	NUN5_TEXTENG@0xE418	slot	24				
T1795	1	Command Chart > character move name	<r天狗風|てんぐかぜ>	Tengu Wind			e2e:movesets	NA2_SLPS@0x479B80	NUN5_TEXTENG@0xE428	slot	24				
T1796	1	Command Chart > character move name	<r比良|ひら>	Hira			e2e:movesets	NA2_SLPS@0x479B98	NUN5_SLES@0x5141F0	slot	24				
T1797	1	Command Chart > character move name	<r幻術|げんじゅつ>　<r蜃気楼|しんきろう>	Genjutsu: Mirage			e2e:movesets	NA2_SLPS@0x47ED10	NUN5_TEXTENG@0xE500	slot	48				
T1798	1	Command Chart > character move name	<r幻術|げんじゅつ>　<r霞|かすみ>	Genjutsu: Haze			e2e:movesets	NA2_SLPS@0x47ED40	NUN5_TEXTENG@0xE518	slot	48				
T1799	1	Command Chart > character move name	<r誘紅寿|そうこうじゅ>	Scarlet Invitation			e2e:movesets	NA2_SLPS@0x47ED70	NUN5_TEXTENG@0xE530	slot	32				
T1800	1	Command Chart > character move name	<r杏咲垂|あんしょうすい>	Drooping Apricot Bloom			e2e:movesets	NA2_SLPS@0x47ED90	NUN5_TEXTENG@0xE550	slot	32				
T1801	1	Command Chart > character move name	<r枝垂|しだ>れ<r華|ばな>	Drooping Flower			e2e:movesets	NA2_SLPS@0x47EDB0	NUN5_TEXTENG@0xE570	slot	32				
T1802	1	Command Chart > character move name	<r紅葉夢|こうようむ>	Red Leaf Dream			e2e:movesets	NA2_SLPS@0x47EDD0	NUN5_TEXTENG@0xE580	slot	32				
T1803	1	Command Chart > character move name	<r花卉舞踊|かきぶよう>	Flower Dance			e2e:movesets	NA2_SLPS@0x47EDF0	NUN5_TEXTENG@0xE590	slot	32				
T1804	1	Command Chart > character move name	<r三彩|さんさい>	Triple Brilliance 			e2e:movesets	NA2_SLPS@0x47EE10	NUN5_TEXTENG@0xE5A0	slot	32				
T1805	1	Command Chart > character move name	<r香咲彩|かしょうさい>	Blooming Scent Brilliance			e2e:movesets	NA2_SLPS@0x47EE30	NUN5_TEXTENG@0xE5C0	slot	32				
T1806	1	Command Chart > character move name	<r延髄切|えんずいぎ>り	Medullary Cut			e2e:movesets	NA2_SLPS@0x47EE50	NUN5_TEXTENG@0xE5E0	slot	32				
T1807	1	Command Chart > character move name	<r符彩脚|ふさいきゃく>	Plate Coloring Kick			e2e:movesets	NA2_SLPS@0x47EE70	NUN5_TEXTENG@0xE5F0	slot	32				
T1808	1	Command Chart > character move name	<r枯秋葉|かれあきば>	Withered Fall Leaves			e2e:movesets	NA2_SLPS@0x47EE90	NUN5_TEXTENG@0xE610	slot	32				
T1809	1	Command Chart > character move name	<r牡丹雪|ぼたんゆき>	Peony Snowflakes			e2e:movesets	NA2_SLPS@0x47EEB0	NUN5_TEXTENG@0xE630	slot	32				
T1810	1	Command Chart > character move name	<r華天頂|かてんちょう>	Floral Peek			e2e:movesets	NA2_SLPS@0x47EED0	NUN5_TEXTENG@0xE648	slot	32				
T1811	1	Command Chart > character move name	<r陀演呂迦|だえんろか>	Daenroka			e2e:movesets	NA2_SLPS@0x484730	NUN5_TEXTENG@0xE718	slot	32				
T1812	1	Command Chart > character move name	<r邪蛇蜿蜒|じゃじゃえんえん>	Slithering Snakes			e2e:movesets	NA2_SLPS@0x484750	NUN5_TEXTENG@0xE730	slot	32				
T1813	1	Command Chart > character move name	<r襲蛇|しゅうだ>	Snake Attack			e2e:movesets	NA2_SLPS@0x484770	NUN5_TEXTENG@0xE748	slot	24				
T1814	1	Command Chart > character move name	<r筋緒|すじお>	Beauty Snake			e2e:movesets	NA2_SLPS@0x484788	NUN5_TEXTENG@0xE758	slot	24				
T1815	1	Command Chart > character move name	<r蒼大傷|あおだいしょう>	Rat Snake			e2e:movesets	NA2_SLPS@0x4847A0	NUN5_TEXTENG@0xE768	slot	32				
T1816	1	Command Chart > character move name	<r平朽|ひらくち>	Pit Viper			e2e:movesets	NA2_SLPS@0x4847C0	NUN5_TEXTENG@0xE778	slot	32				
T1817	1	Command Chart > character move name	<r赤斑|あかまだら>	Red Banded Snake			e2e:movesets	NA2_SLPS@0x4847E0	NUN5_TEXTENG@0xE790	slot	32				
T1818	1	Command Chart > character move name	<r山渦牙肢|やまかがし>	Tiger Keelback			e2e:movesets	NA2_SLPS@0x484800	NUN5_TEXTENG@0xE7A8	slot	32				
T1819	1	Command Chart > character move name	<r地潜|じむぐり>	Burrow			e2e:movesets	NA2_SLPS@0x484820	NUN5_SLES@0x5141F8	slot	32				
T1820	1	Command Chart > character move name	<r鎌首|かまくび>	Sickle Neck			e2e:movesets	NA2_SLPS@0x484840	NUN5_TEXTENG@0xE7B8	slot	32				
T1821	1	Command Chart > character move name	<r潜影多蛇手|せんえいたじゃしゅ>・<r仰|ぎょう>	Multiple Hidden Shadow Snake Hands: Sky			e2e:movesets	NA2_SLPS@0x484860	NUN5_TEXTENG@0xE7D0	slot	48				
T1822	1	Command Chart > character move name	<r覇畏|はい>	Cobra			e2e:movesets	NA2_SLPS@0x484890	NUN5_SLES@0x514200	slot	16				
T1823	1	Command Chart > character move name	<r刃舞|はぶ>	Sword Dance			e2e:movesets	NA2_SLPS@0x4848A0	NUN5_TEXTENG@0xE7F8	slot	16				
T1824	1	Command Chart > character move name	<r飛刃狩|ひばかり>	Flying Hunter			e2e:movesets	NA2_SLPS@0x4848B0	NUN5_TEXTENG@0xE808	slot	32				
T1825	1	Command Chart > character move name	チャクラ<r解剖刀|メス>・<r惨|ざん>	Chakra Dissection: Three			e2e:movesets	NA2_SLPS@0x489C60	NUN5_TEXTENG@0xE8E0	slot	48				
T1826	1	Command Chart > character move name	<r死魂|しこん>の<r術|じゅつ>	Dead Soul Jutsu			e2e:movesets	NA2_SLPS@0x489C90	NUN5_TEXTENG@0x48B0	slot	32				
T1827	1	Command Chart > character move name	<r痲錘|ますい>	Anesthesia Weight			e2e:movesets	NA2_SLPS@0x489CB0	NUN5_TEXTENG@0xE900	slot	16			NA2_SLPS@0x48A5B8	
T1828	1	Command Chart > character move name	<r穿刺|せんし>	Puncture			e2e:movesets	NA2_SLPS@0x489CC0	NUN5_TEXTENG@0xE918	slot	16				
T1829	1	Command Chart > character move name	<r臨蹴|りんじゅう>	Critical Kick			e2e:movesets	NA2_SLPS@0x489CD0	NUN5_TEXTENG@0xE928	slot	32				
T1830	1	Command Chart > character move name	<r心刹|しんさつ>	Instant Soul			e2e:movesets	NA2_SLPS@0x489CF0	NUN5_TEXTENG@0xE938	slot	24				
T1831	1	Command Chart > character move name	<r冴侵|ごしん>	Incursion of Clarity			e2e:movesets	NA2_SLPS@0x489D08	NUN5_TEXTENG@0xE950	slot	16			NA2_SLPS@0x48A75C	
T1832	1	Command Chart > character move name	<r陀撲|だぼく>	Fierce Blow			e2e:movesets	NA2_SLPS@0x489D18	NUN5_TEXTENG@0xE968	slot	24				
T1833	1	Command Chart > character move name	<r骨刹|こっせつ>	Instant Bone			e2e:movesets	NA2_SLPS@0x489D30	NUN5_TEXTENG@0xE978	slot	24				
T1834	1	Command Chart > character move name	<r棄涜|きとく>	Abandoned Dishonor			e2e:movesets	NA2_SLPS@0x489D48	NUN5_TEXTENG@0xE990	slot	24				
T1835	1	Command Chart > character move name	<r回亡|かいぼう>	Reformed Death			e2e:movesets	NA2_SLPS@0x489D60	NUN5_TEXTENG@0xE9A8	slot	24				
T1836	1	Command Chart > character move name	<r葬戯|そうぎ>	Burial Game			e2e:movesets	NA2_SLPS@0x489D78	NUN5_TEXTENG@0xE9B8	slot	24				
T1837	1	Command Chart > character move name	<r決刹|けっさつ>	Decisive Instant			e2e:movesets	NA2_SLPS@0x489D90	NUN5_TEXTENG@0xE9D0	slot	32				
T1838	1	Command Chart > character move name	<r切葬|けっそう>	Cutting Burial			e2e:movesets	NA2_SLPS@0x489DB0	NUN5_TEXTENG@0xE9E8	slot	32				
T1839	1	Command Chart > character move name	<r木遁|もくとん>・<r完拿|かんな>	Wood Style: Total Capture 			e2e:movesets	NA2_SLPS@0x48F290	NUN5_TEXTENG@0xEAB0	slot	48				
T1840	1	Command Chart > character move name	<r木遁|もくとん>・<r木鎚|こづち>	Wood Style: Wooden Hammer			e2e:movesets	NA2_SLPS@0x48F2C0	NUN5_TEXTENG@0xEAD0	slot	48				
T1841	1	Command Chart > character move name	<r三連巨木柱|さんれんきょぼくちゅう>	Three Giant Pillars			e2e:movesets	NA2_SLPS@0x48F2F0	NUN5_TEXTENG@0xEAF0	slot	48				
T1842	1	Command Chart > character move name	<r木連撃柱|もくれんげきちゅう>	Repeating Wooden Pillars			e2e:movesets	NA2_SLPS@0x48F320	NUN5_TEXTENG@0xEB10	slot	32				
T1843	1	Command Chart > character move name	<r木遁|もくとん>・<r木錠壁|もくじょうへき>	Wood Style: Domed Wall			e2e:movesets	NA2_SLPS@0x48F340	NUN5_TEXTENG@0x3C20	slot	48				
T1844	1	Command Chart > character move name	<r閃裂斬|せんれつざん>	Bright Cutter			e2e:movesets	NA2_SLPS@0x48F370	NUN5_TEXTENG@0xEB30	slot	32				
T1845	1	Command Chart > character move name	<r木柱昇壁|もくちゅうしょうへき>	Climbing Pillar			e2e:movesets	NA2_SLPS@0x48F390	NUN5_TEXTENG@0xEB40	slot	48				
T1846	1	Command Chart > character move name	<r針連木柱|しれんもくちゅう>	Wooden Needle Pillar			e2e:movesets	NA2_SLPS@0x48F3C0	NUN5_TEXTENG@0xEB50	slot	32				
T1847	1	Command Chart > character move name	<r木分身|もくぶんしん>・<r蹴|しゅう>	Wood Clone: Kick			e2e:movesets	NA2_SLPS@0x48F3E0	NUN5_TEXTENG@0xEB70	slot	48				
T1848	1	Command Chart > character move name	<r四柱牢|しちゅうろう>の<r術|じゅつ>	Four-Pillars Prison Jutsu			e2e:movesets	NA2_SLPS@0x48F410	NUN5_TEXTENG@0xEB90	slot	48				
T1849	1	Command Chart > character move name	<r木突昇掌|もくとつしょうしょう>	Climbing Thrust Fist			e2e:movesets	NA2_SLPS@0x48F440	NUN5_TEXTENG@0xEBB0	slot	48				
T1850	1	Command Chart > character move name	<r落裂斬|らくれつざん>	Falling Cutter			e2e:movesets	NA2_SLPS@0x48F470	NUN5_TEXTENG@0xEBC8	slot	32				
T1851	1	Command Chart > character move name	<r激裂斬|げきれつざん>	Fierce Cutter			e2e:movesets	NA2_SLPS@0x48F490	NUN5_TEXTENG@0xEBD8	slot	32				
T1852	1	Command Chart > character move name	<r木突横掌|もくとつおうしょう>	Side Thrust Fist			e2e:movesets	NA2_SLPS@0x48F4B0	NUN5_TEXTENG@0xEBF0	slot	32				
T1853	1	Command Chart > character move name	<r忍法|にんぽう>・<r超獣偽画|ちょうじゅうぎが>	Ninja Art: Beast Scroll Replicas			e2e:movesets	NA2_SLPS@0x494C20	NUN5_TEXTENG@0x3100	slot	48				
T1854	1	Command Chart > character move name	<r忍法|にんぽう>・<r超獣偽画|ちょうじゅうぎが>　<r狛犬|こまいぬ>	Ninja Art: Beast Scroll Replicas @Wild Dog@ 			e2e:movesets	NA2_SLPS@0x494C50	NUN5_TEXTENG@0xECD0	slot	80
T1855	1	Command Chart > character move name	<r見返龍|みかえりりゅう>	Returning Dragon			e2e:movesets	NA2_SLPS@0x494CA0	NUN5_TEXTENG@0xED00	slot	32				
T1856	1	Command Chart > character move name	<r燕雀|えんじゃく>	Swallow			e2e:movesets	NA2_SLPS@0x494CC0	NUN5_SLES@0x514208	slot	32				
T1857	1	Command Chart > character move name	<r巴獅子|ともえじし>	Unyielding Lion			e2e:movesets	NA2_SLPS@0x494CE0	NUN5_TEXTENG@0xED20	slot	32				
T1858	1	Command Chart > character move name	<r開鳳凰|ひらきほうおう>	Open Phoenix			e2e:movesets	NA2_SLPS@0x494D00	NUN5_TEXTENG@0xED30	slot	32				
T1859	1	Command Chart > character move name	<r登燕雀|とうえんじゃく>	Climbing Sparrow			e2e:movesets	NA2_SLPS@0x494D20	NUN5_TEXTENG@0xED40	slot	32				
T1860	1	Command Chart > character move name	<r連獅子連鼠|れんじしれんそ>	Lions and Rats			e2e:movesets	NA2_SLPS@0x494D40	NUN5_TEXTENG@0xED58	slot	32				
T1861	1	Command Chart > character move name	<r連燕雀|れんえんじゃく>	Repeating Sparrows			e2e:movesets	NA2_SLPS@0x494D60	NUN5_TEXTENG@0xED70	slot	32				
T1862	1	Command Chart > character move name	<r破根|はね>	Root Breaker			e2e:movesets	NA2_SLPS@0x494D80	NUN5_TEXTENG@0xED88	slot	16				
T1863	1	Command Chart > character move name	<r飛鳳凰|ひほうおう>	Flying Phoenix			e2e:movesets	NA2_SLPS@0x494D90	NUN5_TEXTENG@0xED98	slot	24				
T1864	1	Command Chart > character move name	<r百舌|もず>	Hundred Tongues			e2e:movesets	NA2_SLPS@0x494DA8	NUN5_TEXTENG@0xEDB0	slot	16				
T1865	1	Command Chart > character move name	<r祓衣|はらい>	Mourning Garb			e2e:movesets	NA2_SLPS@0x494DB8	NUN5_TEXTENG@0xEDC0	slot	16				
T1866	1	Command Chart > character move name	<r雲雀|ひばり>	Skylark			e2e:movesets	NA2_SLPS@0x494DC8	NUN5_SLES@0x514210	slot	24				
T1867	1	Command Chart > character move name	<r刹那|せつな>	Instantaneous Blade			e2e:movesets	NA2_SLPS@0x49AC60	NUN5_TEXTENG@0xEE80	slot	16			NA2_SLPS@0x49AECC	
T1868	1	Command Chart > character move name	<r彩雲|さいうん>	Colorful Clouds			e2e:movesets	NA2_SLPS@0x49AC70	NUN5_TEXTENG@0xEEA0	slot	32				
T1869	1	Command Chart > character move name	<r御来迎|ごらいごう>	Solar Glory			e2e:movesets	NA2_SLPS@0x49AC90	NUN5_TEXTENG@0xEEB0	slot	32				
T1870	1	Command Chart > character move name	<r千鳥|ちどり>・<r落|らく>	Chidori Drop			e2e:movesets	NA2_SLPS@0x49ACB0	NUN5_TEXTENG@0xEEC0	slot	32				
T1871	1	Command Chart > character move name	<r獅子連弾|ししれんだん>・<r鳴動|めいどう>	Lion's Barrage: Rumble			e2e:movesets	NA2_SLPS@0x49ACD0	NUN5_TEXTENG@0xEED0	slot	48				
T1872	1	Command Chart > character move name	<r天叢雲|あまのむらくも>	Susanoo's Blade			e2e:movesets	NA2_SLPS@0x49AD00	NUN5_TEXTENG@0xEEF0	slot	32				
T1873	1	Command Chart > character move name	<r裏御光|うらごこう>	Reverse Halo			e2e:movesets	NA2_SLPS@0x49AD20	NUN5_TEXTENG@0xEF00	slot	32				
T1874	1	Command Chart > character move name	<r火遁|かとん>・<r鳳仙火|ほうせんか>の<r術|じゅつ>・<r落花散|らっかさん>	Fire Style: Phoenix Flower Jutsu @Petal Shower@			e2e:movesets	NA2_SLPS@0x49AD40	NUN5_TEXTENG@0xEF10	slot	80				
T1875	1	Command Chart > character move name	<r幻日|げんじつ>	False Sun			e2e:movesets	NA2_SLPS@0x49AD90	NUN5_TEXTENG@0xEF40	slot	32				
T1876	1	Command Chart > character move name	<r東雲|しののめ>	Dawnbreak			e2e:movesets	NA2_SLPS@0x49ADB0	NUN5_TEXTENG@0xEF50	slot	32				
T1877	1	Command Chart > character move name	<r火遁|かとん>・<r豪火球|ごうかきゅう>の<r術|じゅつ>・<r天来|てんらい>	Fire Style: Fireball Jutsu @Divinity@			e2e:movesets	NA2_SLPS@0x49ADD0	NUN5_TEXTENG@0xEF60	slot	80
T1878	1	Command Chart > character move name	<r莢雲|さやぐも>	Heavenly Cloud			e2e:movesets	NA2_SLPS@0x49AE20	NUN5_TEXTENG@0xEF88	slot	32				
T1879	1	Command Chart > character move name	<r千鳥|ちどり>・<r迅雷|じんらい>	Chidori: Thunderclap			e2e:movesets	NA2_SLPS@0x49AE40	NUN5_TEXTENG@0xEFA0	slot	48				
T2210	1	Command Chart > character move name	<r忍犬口寄|にんけんくちよ>せ	Ninja Hound Summoning			character:command-record-index	NA2_SLPS@0x49C6E0	NUN5_TEXTENG@0x31E0	slot	32
T2211	1	Command Chart > character move name	<r風魔特攻弾|ふうまとっこうだん>	Demon Wind Bomb			character:command-record-index	NA2_SLPS@0x49C700	NUN5_TEXTENG@0x7880	slot	48
T2212	1	Command Chart > character move name	<r二人|ふたり>の<r切|き>り<r札|ふだ>	Double Last Resort			e2e:movesets	NA2_SLPS@0x49CEB0	NUN5_TEXTENG@0x78A0	slot	48
T2213	1	Command Chart > character move name	<r砂塵舞|さじんま>う<r螺旋丸|らせんがん>	Swirling Sand Rasengan			e2e:movesets	NA2_SLPS@0x49CEE0	NUN5_TEXTENG@0x78C0	slot	48
T2214	1	Command Chart > character move name	<r伝説|でんせつ>の<r片鱗|へんりん>	Fragment of a Legend			e2e:movesets	NA2_SLPS@0x49D6B0	NUN5_TEXTENG@0x7900	slot	48
T2215	1	Command Chart > character move name	<r喧乱|けんらん>・<r超獣偽画絵巻|ちょうじゅうぎがえまき>	Dazzling Battle: Beast Scroll Replicas			e2e:movesets	NA2_SLPS@0x49DE40	NUN5_TEXTENG@0x7930	slot	64
T2216	1	Command Chart > character move name		Floating Bugs			e2e:movesets	NA2_SLPS@0x5032F0	NUN5_TEXTENG@0xD5E8	slot	8			NA2_SLPS@0x452688
T2217	1	Command Chart > character move name		Speeding Bugs			e2e:movesets	NA2_SLPS@0x5032F0	NUN5_TEXTENG@0xD5F8	slot	8			NA2_SLPS@0x452730
T1880	1	Command Chart > shared control name or help text	"ナルティメットアクセル<r独特|どくとく>の<r操作|そうさ>を
<r分|わ>かりやすく<r表示|ひょうじ>する<r為|ため>の<r機能|きのう>です。"	A feature to display the special controls for the game.			inferred:replacement-pass-2-2026-07-26 selector or running-help family	NA2_BTL@0x208E60	NUN5_TEXTENG@0xAC0	slot	128				
T1881	1	Command Chart > shared control name or help text	チャクラゲージ<r壱以上|いちいじょう>	Chakra Gauge 1+			e2e:movesets	NA2_BTL@0x208F70	NUN5_TEXTENG@0xB20	slot	48				
T1882	1	Command Chart > shared control name or help text	チャクラゲージ<r弐以上|にいじょう>	Chakra Gauge 2+			e2e:movesets	NA2_BTL@0x208FA0	NUN5_TEXTENG@0xB30	slot	48				
T1883	1	Command Chart > shared control name or help text	チャクラゲージ<r参|さん>	Chakra Gauge 3			e2e:movesets	NA2_BTL@0x208FD0	NUN5_TEXTENG@0xB40	slot	32				
T1884	1	Command Chart > shared control name or help text	<r地上|ちじょう><r投|な>げ	Ground Throw			e2e:movesets	NA2_BTL@0x208FF0	NUN5_TEXTENG@0xB50	slot	32				
T1885	1	Command Chart > shared control name or help text	<r空中|くうちゅう><r投|な>げ	Air Throw			e2e:movesets	NA2_BTL@0x209010	NUN5_TEXTENG@0xB60	slot	32				
T1886	1	Command Chart > shared control name or help text	ジャンプ<r中|ちゅう>に	While jumping			e2e:movesets	NA2_BTL@0x209030	NUN5_TEXTENG@0xB70	slot	32				
T1887	1	Command Chart > shared control name or help text	チャクラ<r消費|しょうひ>	Consume Chakra			e2e:movesets	NA2_BTL@0x209050	NUN5_TEXTENG@0xB80	slot	32				
T1888	1	Command Chart > shared control name or help text	<r当|あ>て<r身技|みわざ>	Take Downs			e2e:movesets	NA2_BTL@0x209070	NUN5_TEXTENG@0xB90	slot	32				
T1889	1	Command Chart > shared control name or help text	<r空中|くうちゅう><r連打技|れんだわざ>	Air Combo			e2e:movesets	NA2_BTL@0x2090D0	NUN5_TEXTENG@0xBA0	slot	48				
T1890	1	Command Chart > shared control name or help text	<r空中|くうちゅう><r溜|た>め<r技|わざ>	Air Charge			e2e:movesets	NA2_BTL@0x209100	NUN5_TEXTENG@0xBB0	slot	48				
T1891	1	Command Chart > shared control name or help text	チャクラ<r消費|しょうひ>／<r当|あ>て<r身技|みわざ>	Consume Chakra/Take Down			e2e:movesets	NA2_BTL@0x209130	NUN5_TEXTENG@0xBC0	slot	64				
T1892	1	Command Chart > shared control name or help text	チャクラ<r消費|しょうひ>／<r溜|た>め<r技|わざ>	Consume Chakra/Charge			e2e:movesets	NA2_BTL@0x209170	NUN5_TEXTENG@0xBE0	slot	48				
T1893	1	Command Chart > shared control name or help text	チャクラ<r消費|しょうひ>／<r連打技|れんだわざ>	Consume Chakra/Combo			e2e:movesets	NA2_BTL@0x2091A0	NUN5_TEXTENG@0xC00	slot	48				
T1894	1	Command Chart > shared control name or help text	<r溜|た>め<r技|わざ>　<r弱|じゃく>	Charge-weak			inferred:replacement-pass-2-2026-07-26 selector or running-help family	NA2_BTL@0x2091D0	NUN5_TEXTENG@0xC18	slot	48				
T1895	1	Command Chart > shared control name or help text	<r溜|た>め<r技|わざ>　<r強|きょう>	Charge-strong			inferred:replacement-pass-2-2026-07-26 selector or running-help family	NA2_BTL@0x209200	NUN5_TEXTENG@0xC28	slot	48				
T1896	1	Command Chart > shared control name or help text	／<r空中可|くうちゅうか>	/Jump OK			e2e:movesets	NA2_BTL@0x209230	NUN5_TEXTENG@0xC38	slot	32				
T1897	1	Command Chart > shared control name or help text	／<r通常奥義|つうじょうおうぎ>	/Nor. Ultimate Jutsu			e2e:movesets	NA2_BTL@0x209250	NUN5_TEXTENG@0xC50	slot	32				
T1898	1	Command Chart > shared control name or help text	／<r逆転奥義|ぎゃくてんおうぎ>	/Rev. Ultimate Jutsu			e2e:movesets	NA2_BTL@0x209270	NUN5_TEXTENG@0xC70	slot	32				
T1899	1	Command Chart > shared control name or help text	／<r覚醒奥義|かくせいおうぎ>	/Awk. Ultimate Jutsu			e2e:movesets	NA2_BTL@0x209290	NUN5_TEXTENG@0xC90	slot	32				
T1900	1	Command Chart > shared control name or help text	／<r連係奥義|れんけいおうぎ>	/Lnk. Ultimate Jutsu			e2e:movesets	NA2_BTL@0x2092B0	NUN5_TEXTENG@0xCB0	slot	32				
T1901	1	Command Chart > shared control name or help text	（ジャンプ<r中|ちゅう>）	(while jumping)			inferred:replacement-pass-2-2026-07-26 selector or running-help family	NA2_BTL@0x209330	NUN5_TEXTENG@0xD30	slot	32				
T1902	1	Command Chart > shared control name or help text	（<r相手|あいて>の<r前|まえ>で）	(in front of opponent)			inferred:replacement-pass-2-2026-07-26 selector or running-help family	NA2_BTL@0x209350	NUN5_TEXTENG@0xD40	slot	48				
T1903	1	Command Chart > shared control name or help text	（<r相手|あいて>の<r攻撃|こうげき>の<r当|あ>たる<r瞬間|しゅんかん>）	(right when getting hit)			inferred:replacement-pass-2-2026-07-26 selector or running-help family	NA2_BTL@0x2093B0	NUN5_TEXTENG@0xDB0	slot	80				
T1904	1	Command Chart > shared control name or help text	（<r投|な>げられた<r時|とき>、<r叩|たた>き<r付|つ>けられる<r瞬間|しゅんかん>）	(right when getting thrown/hit)			inferred:replacement-pass-2-2026-07-26 selector or running-help family	NA2_BTL@0x209400	NUN5_TEXTENG@0xDD0	slot	80				
T1905	1	Command Chart > shared control name or help text	（<r吹|ふ>っ<r飛|と>ばした<r方向|ほうこう>の<r方向|ほうこう>キー）	(directional button of the direction of your choice)			inferred:replacement-pass-2-2026-07-26 selector or running-help family	NA2_BTL@0x209450	NUN5_TEXTENG@0xDF0	slot	80				
T1906	1	Command Chart > shared control name or help text	（<r相手|あいて>の<r追|お>い<r討|う>ち<r攻撃|こうげき>が<r当|あ>たる<r瞬間|しゅんかん>）	(right when receiving an Extra Hit)			inferred:replacement-pass-2-2026-07-26 selector or running-help family	NA2_BTL@0x2094A0	NUN5_TEXTENG@0xE30	slot	96				
T1907	1	Command Chart > shared control name or help text	（<r地上|ちじょう>で）	(on ground)			inferred:replacement-pass-2-2026-07-26 selector or running-help family	NA2_BTL@0x209520	NUN5_TEXTENG@0xE58	slot	32				
T1908	1	Command Chart > shared control name or help text	（<r高速移動|こうそくいどう>の<r相殺中|そうさいちゅう>や<r攻撃|こうげき>の<r相殺中|そうさいちゅう>）	(High Speed Move and attack are cancelled out)			inferred:replacement-pass-2-2026-07-26 selector or running-help family	NA2_BTL@0x209540	NUN5_TEXTENG@0xE70	slot	112				
T1909	1	Command Chart > shared control name or help text	（マニュアル：<r出現後|しゅつげんご>もう<r一度|いちど><r押|お>すと<r攻撃|こうげき>）	(Manual: Press again after move to attack)			inferred:replacement-pass-2-2026-07-26 selector or running-help family	NA2_BTL@0x2095B0	NUN5_TEXTENG@0xEA0	slot	96				
T1910	1	Command Chart > shared control name or help text	<r連係攻撃|れんけいこうげき>	Linked Attack			e2e:practice	NA2_BTL@0x209650	NUN5_TEXTENG@0xF08	slot	32				
T1911	1	Command Chart > shared control name or help text	アイテム<r選択|せんたく>	Item Select			e2e:practice	NA2_BTL@0x209670	NUN5_TEXTENG@0xF18	slot	32				
T1912	1	Command Chart > shared control name or help text	アイテム<r使用|しよう>	Item Use			e2e:practice	NA2_BTL@0x209690	NUN5_TEXTENG@0xF28	slot	24				
T1913	1	Command Chart > shared control name or help text	ジャンプ	Jump			e2e:practice	NA2_BTL@0x2096A8	NUN5_TEXTENG@0xD935	slot	24				
T1914	1	Command Chart > shared control name or help text	<r二段|にだん>ジャンプ	Double-jump			e2e:practice	NA2_BTL@0x2096C0	NUN5_TEXTENG@0xF38	slot	32				
T1915	1	Command Chart > shared control name or help text	<r高速移動|こうそくいどう>	High Speed Move			e2e:practice	NA2_BTL@0x2096E0	NUN5_TEXTENG@0xF50	slot	32				
T1916	1	Command Chart > shared control name or help text	<r変|か>わり<r身|み>の<r術|じゅつ>（チャクラ<r消費|しょうひ>）	Substitution Jutsu (Consume Chakra)			e2e:practice	NA2_BTL@0x209720	NUN5_TEXTENG@0xF60	slot	64				
T1917	1	Command Chart > shared control name or help text	<r受|う>け<r身|み>	Rebound			e2e:practice	NA2_BTL@0x209760	NUN5_SLES@0x513EE0	slot	32				
T1918	1	Command Chart > shared control name or help text	<r追|お>い<r討|う>ち	Extra Hit			e2e:practice	NA2_BTL@0x209780	NUN5_TEXTENG@0xF88	slot	32				
T1919	1	Command Chart > shared control name or help text	<r追|お>い<r討|う>ち<r返|がえ>し	Extra Hit Counter			e2e:practice	NA2_BTL@0x2097A0	NUN5_TEXTENG@0xFA0	slot	48				
T1920	1	Command Chart and Practice explanations > shared control title	チャクラをためる	Charge Chakra			e2e:practice	NA2_BTL@0x2097D0	NUN5_TEXTENG@0xFB8	slot	32				
T1921	1	Command Chart > shared control name or help text	<r奥|おく>へ<r軸移動|じくいどう>	Side-jump Back			e2e:practice	NA2_BTL@0x209810	NUN5_TEXTENG@0xFC8	slot	48				
T1922	1	Command Chart > shared control name or help text	<r手前|てまえ>へ<r軸移動|じくいどう>	Side-jump Forward			e2e:practice	NA2_BTL@0x209840	NUN5_TEXTENG@0xFE0	slot	48				
T1923	1	Command Chart > shared control name or help text	ガード<r崩|くず>し	Guard Break			e2e:practice	NA2_BTL@0x209870	NUN5_TEXTENG@0xFF8	slot	32				
T1924	1	Command Chart > shared control name or help text	<r残影追|ざんえいお>い<r討|う>ち	Shadowblur Extra Hit			e2e:practice	NA2_BTL@0x209890	NUN5_TEXTENG@0x1010	slot	48				
T1925	1	Command Chart > shared move qualifier or help text	<r連打技|れんだわざ>	Combo			e2e:movesets	NA2_BTL@0x209090	NUN5_SLES@0x513EA8	slot	32				
T1926	1	Command Chart > shared move qualifier or help text	<r溜|た>め<r技|わざ>	Charge			e2e:movesets	NA2_BTL@0x2090B0	NUN5_SLES@0x513EB0	slot	32				
T1927	1	Command Chart > shared move qualifier or help text	<r後側方向|うしろがわほうこう>キー	directional button in the opposite direction to that you are facing			inferred:replacement-pass-2-2026-07-26 selector or running-help family	NA2_BTL@0x209380	NUN5_TEXTENG@0xD60	slot	48			NA2_BTL@0x209618	
T1928	1	Command Chart > shared move qualifier or help text	（しばらく<r押|お>す）	(Hold)			inferred:replacement-pass-2-2026-07-26 selector or running-help family	NA2_BTL@0x209500	NUN5_SLES@0x513EB8	slot	32				
T1929	1	Command Chart > shared move qualifier or help text	<r飛|と>び<r退|の>き	Flee			e2e:practice	NA2_BTL@0x209700	NUN5_SLES@0x513ED8	slot	32				
T1930	1	Command Chart > shared move qualifier or help text	<r挑発|ちょうはつ>	Taunt			e2e:practice	NA2_BTL@0x2097F0	NUN5_SLES@0x513EE8	slot	32				
T1931	1	Command Chart > shared move qualifier or help text	または	or			inferred:replacement-pass-2-2026-07-26 selector or running-help family	NA2_SLPS@0x505B08	NUN5_SLES@0x513EC0	slot	8				
T1932	1	Command Chart > shared move qualifier or help text	ガード	Guard			e2e:practice	NA2_SLPS@0x505B18	NUN5_SLES@0x513EC8	slot	8				
T1933	1	Game Mode Select > return confirmation	タイトル<r画面|がめん>に<r戻|もど>りますか？	Return to Title Screen?			seen:replacement-pass-2-2026-07-26 paired screenshot	NA2_SLPS@0x4B1E00	NUN5_TEXTENG@0x1C90	slot	48				
T1934	1	Game Mode Select > running help	<color00FFFF>マスターモード<colorFFFFFF>では<r広大|こうだい>な<r世界|せかい>を<r舞台|ぶたい>に、<r成長|せいちょう>したうずまきナルトの<r新|あたら>しい<r物語|ものがたり>を<r体験|たいけん>することができます。	<color00FFFF>Master Mode<WHITE> is set in a vast world. Experience a stronger Naruto Uzumaki in this new story.			seen:tid-pass-2026-07-26 paired screenshot	NA2_SLPS@0x4B19D0	NUN5_TEXTENG@0x1A20	slot	208				
T1935	1	Game Mode Select > running help	<color00FFFF>フリーバトル<colorFFFFFF>では<r好|す>きなキャラクターを<r使|つか>って<r自由|じゆう>に<r闘|たたか>うことができます。	<color00FFFF>Free Battle<WHITE> allows you to use any character to fight how you like.			seen:tid-pass-2026-07-26 paired screenshot	NA2_SLPS@0x4B1AA0	NUN5_TEXTENG@0x1A90	slot	144				
T1936	1	Game Mode Select > running help	<color00FFFF>プラクティス<colorFFFFFF>では<r基本操作|きほんそうさ>など、<r戦闘|せんとう>に<r関|かん>する<r様々|さまざま>な<r練習|れんしゅう>を<r行|おこな>うことができます。	<color00FFFF>Practice<WHITE> lets you practice basic controls and other battle-related training.			seen:tid-pass-2026-07-26 paired screenshot	NA2_SLPS@0x4B1B30	NUN5_TEXTENG@0x1AF0	slot	176				
T1937	1	Game Mode Select > running help	<color00FFFF>ショップ<colorFFFFFF>ではお<r金|かね>を<r払|はら>ってコレクション<r用|よう>のアイテムを<r購入|こうにゅう>することができます。	<WHITE>Pay money at the <color00FFFF>Shop<WHITE> to purchase collection items.			seen:tid-pass-2026-07-26 paired screenshot	NA2_SLPS@0x4B1C40	NUN5_TEXTENG@0x1BA0	slot	144				
T1938	1	Game Mode Select > running help	<color00FFFF>コレクション<colorFFFFFF>ではショップで<r購入|こうにゅう>したコレクション<r用|よう>アイテムを<r閲覧|えつらん>することができます。	<WHITE>View <color00FFFF>Collection<WHITE> items that you purchased at the Shop.			seen:tid-pass-2026-07-26 paired screenshot	NA2_SLPS@0x4B1CD0	NUN5_TEXTENG@0x1BF0	slot	144				
T1939	1	Game Mode Select > running help	<color00FFFF>オプション<colorFFFFFF>では<r各種|かくしゅ><r設定|せってい>の<r変更|へんこう>を<r行|おこな>うことができます。	Change various game settings.			seen:tid-pass-2026-07-26 paired screenshot	NA2_SLPS@0x4B1D60	NUN5_TEXTENG@0x1C50	slot	128				
T1940	1	Options > Audio or Difficulty Settings > help or reset result	ＢＧＭ、ＳＥ、<r音声|おんせい>を<r含|ふく>む<r音量全体|おんりょうぜんたい>を<r変更|へんこう>します。	Change the music, SFX and voice volume.			seen:tid-pass-2026-07-26 paired screenshot	NA2_SLPS@0x4B2860	NUN5_TEXTENG@0x1030	slot	112				
T1941	1	Options > Audio or Difficulty Settings > help or reset result	<r方向|ほうこう>キー<r左右|さゆう>で<r出力|しゅつりょく>モードをステレオ・モノラルのいずれかに<r設定|せってい>します。	Press the left directional button or right directional button to set to stereo or mono.			seen:tid-pass-2026-07-26 paired screenshot	NA2_SLPS@0x4B28D0	NUN5_TEXTENG@0x1060	slot	128				
T1942	1	Options > Audio or Difficulty Settings > help or reset result	<r音響設定|おんきょうせってい>をデフォルトに<r戻|もど>しました。	Reset audio settings to default.			seen:tid-pass-2026-07-26 paired screenshot	NA2_SLPS@0x4B2950	NUN5_TEXTENG@0x10C0	slot	72				
T1943	1	Options > Audio or Difficulty Settings > help or reset result	<r難易度|なんいど>をデフォルトに<r戻|もど>しました。	Difficulty set to default.			seen:savestates-015-024	NA2_SLPS@0x4B2BB0	NUN5_TEXTENG@0x1200	slot	64				
T1944	1	Options > category help or reset result	<color00FFFF>フリーバトル<colorFFFFFF>と<color00FFFF>プラクティス<colorFFFFFF>でのＣＯＭの<r強|つよ>さを<r設定|せってい>できます。	<WHITE>Set the Com strength for when in the<color00FFFF> Free Battle <WHITE>and <color00FFFF>Practice.			seen:tid-pass-2026-07-26 paired screenshot	NA2_SLPS@0x4b2a10	NUN5_TEXTENG@0x1100	slot	144				
T1945	1	Options > category help or reset result	ボタン<r操作|そうさ>の<r割|わ>り<r振|ふ>りができます。	Assign button controls.			seen:tid-pass-2026-07-26 paired screenshot	NA2_SLPS@0x4b2aa0	NUN5_TEXTENG@0x1170	slot	64				
T1946	1	Options > category help or reset result	<r音量|おんりょう>や<r音|おと>の<r出力設定|しゅつりょくせってい>ができます。	Change volume and audio output settings.			seen:tid-pass-2026-07-26 paired screenshot	NA2_SLPS@0x4b2ae0	NUN5_TEXTENG@0x1190	slot	80				
T1947	1	Options > category help or reset result	<r画面|がめん>の<r位置|いち>の<r調整|ちょうせい>ができます。	Adjust screen position.			seen:tid-pass-2026-07-26 paired screenshot	NA2_SLPS@0x4b2b30	NUN5_TEXTENG@0x11c0	slot	64				
T1948	1	Options > category help or reset result	<r難易度|なんいど>をデフォルトに<r戻|もど>します。	Return to default difficulty.			seen:tid-pass-2026-07-26 paired screenshot	NA2_SLPS@0x4b2b70	NUN5_TEXTENG@0x11e0	slot	64				
T1949	1	Options > Control Settings > action label	奥義準備	Ultimate Jutsu Prep			e2e:practice	NA2_SLPS@0x4B2640	NUN5_TEXTENG@0x1450	slot	16			NA2_SLPS@0x4B2690	
T1950	1	Options > Control Settings > action label	ジャンプ	Jump			e2e:practice	NA2_SLPS@0x4B2650	NUN5_SLES@0x513ED0	slot	16				
T1951	1	Options > Control Settings > action label	アイテム使用	Item Use			e2e:practice	NA2_SLPS@0x4B2660	NUN5_TEXTENG@0xF28	slot	16				
T1952	1	Options > Control Settings > action label	アイテム選択	Item Select			e2e:practice	NA2_SLPS@0x4B2670	NUN5_TEXTENG@0xF18	slot	16				
T1953	1	Options > Control Settings > action label	連係攻撃	Linked Attack			e2e:practice	NA2_SLPS@0x4B2680	NUN5_TEXTENG@0xF08	slot	16				
T1954	1	Options > Control Settings > assigned action or toggle	攻撃	Attack			e2e:practice	NA2_SLPS@0x504738	NUN5_SLES@0x513EF0	slot	8				
T1955	1	Options > Control Settings > assigned action or toggle	ガード	Guard			e2e:practice	NA2_SLPS@0x504740	NUN5_SLES@0x4AFD6D	slot	8				
T1956	1	Options > Control Settings > assigned action or toggle	オフ	Off			e2e:practice	NA2_SLPS@0x504748	NUN5_SLES@0x513EF8	slot	8				
T1957	1	Options > Control Settings > assigned action or toggle	オン	On			e2e:practice	NA2_SLPS@0x504750	NUN5_SLES@0x513EFC	slot	8				
T1958	1	Options > Control Settings > instructions or reset result	<r変更|へんこう>したいボタン・<r項目|こうもく>を<iconOK>ボタンで<r選択|せんたく>し、<r方向|ほうこう>キー<r左右|さゆう>で<r操作|そうさ>を<r変更|へんこう>してください。	Press <iconOK> to select the button/item to change. Press the left directional button or right directional button to change controls.			seen:tid-pass-2026-07-26 paired screenshot	NA2_SLPS@0x4B2230	NUN5_TEXTENG@0x1240	slot	176				
T1959	1	Options > Control Settings > instructions or reset result	１Ｐの<r操作設定|そうさせってい>をデフォルトに<r戻|もど>しました。	1P controls restored to defaults.			seen:tid-pass-2026-07-26 paired screenshot	NA2_SLPS@0x4B22E0	NUN5_TEXTENG@0x12D0	slot	80				
T1960	1	Options > Control Settings > instructions or reset result	２Ｐの<r操作設定|そうさせってい>をデフォルトに<r戻|もど>しました。	2P controls restored to defaults.			inferred:control-settings-sibling-table	NA2_SLPS@0x4B2330	NUN5_TEXTENG@0x1300	slot	80				
T1961	1	Practice Settings > label or running help	案内忍音声	Guide Ninja Sound			inferred:replacement-pass-2-2026-07-26 selector or running-help family	NA2_BTL@0x20A788	NUN5_TEXTENG@0xF8D0	slot	16			NA2_BTL@0x20A7E0	
T1962	1	Practice Settings > label or running help	変わり身の術	Substitution Jutsu			e2e:practice	NA2_BTL@0x20A798	NUN5_TEXTENG@0xF900	slot	16			NA2_BTL@0x20A7F8	
T1963	1	Practice Settings > label or running help	追い討ち返し	Extra Hit Counter			e2e:practice	NA2_BTL@0x20A7A8	NUN5_TEXTENG@0xFA0	slot	24				
T1964	1	Practice Settings > label or running help	<r方向|ほうこう>キー<r左右|さゆう>でプレイヤーの<r体力|たいりょく>の<r状態|じょうたい>を<r設定|せってい>することができます。	Press the left directional button or right directional button to set players' Health.			inferred:replacement-pass-2-2026-07-26 selector or running-help family	NA2_BTL@0x20A810	NUN5_TEXTENG@0xF9C0	slot	128				
T1965	1	Practice Settings > label or running help	<r方向|ほうこう>キー<r左右|さゆう>でチャクラが<r減|へ>るか<r減|へ>らないかを<r設定|せってい>できます。	Press the left directional button or right directional button to choose whether Chakra decreases or not when using Jutsu.			inferred:replacement-pass-2-2026-07-26 selector or running-help family	NA2_BTL@0x20A890	NUN5_TEXTENG@0xFA20	slot	112			NA2_BTL@0x20B074	
T1966	1	Practice Settings > label or running help	<r方向|ほうこう>キー<r左右|さゆう>でプレイヤーの<r連係|れんけい>ゲージの<r溜|た>まり<r方|かた>を<r設定|せってい>することができます。	Press the left directional button or right directional button to set how player's Link Gauge charges.			inferred:replacement-pass-2-2026-07-26 selector or running-help family	NA2_BTL@0x20A900	NUN5_TEXTENG@0xFAA0	slot	144				
T1967	1	Practice Settings > label or running help	<r方向|ほうこう>キー<r左右|さゆう>で<r連係|れんけい>の<r発動|はつどう>の<r仕方|しかた>を<r設定|せってい>することができます。	Press the left directional button or right directional button to determine how Linked moves are activated.			inferred:replacement-pass-2-2026-07-26 selector or running-help family	NA2_BTL@0x20A990	NUN5_TEXTENG@0xFB10	slot	128				
T1968	1	Practice Settings > label or running help	<r方向|ほうこう>キー<r左右|さゆう>でアイテムの<r出現頻度|しゅつげんひんど>を<r設定|せってい>できます。	Press the left directional button or right directional button to determine how often items appear.			inferred:replacement-pass-2-2026-07-26 selector or running-help family	NA2_BTL@0x20AA10	NUN5_TEXTENG@0xFB80	slot	112				
T1969	1	Practice Settings > label or running help	<r方向|ほうこう>キー<r左右|さゆう>でコマンドの<r表示|ひょうじ>をするか、しないかの<r設定|せってい>ができます。	Press the left directional button or right directional button to set whether to display commands.			inferred:replacement-pass-2-2026-07-26 selector or running-help family	NA2_BTL@0x20AA80	NUN5_TEXTENG@0xFBF0	slot	112				
T1970	1	Practice Settings > label or running help	<r方向|ほうこう>キー<r左右|さゆう>で<r相手|あいて>に<r対|たい>するダメージ<r量|りょう>の<r表示|ひょうじ>をするか、しないかの<r設定|せってい>ができます。	Press the left directional button or right directional button to determine whether the damage inflicted is displayed for the opponent.			inferred:replacement-pass-2-2026-07-26 selector or running-help family	NA2_BTL@0x20AAF0	NUN5_TEXTENG@0xFC60	slot	160				
T1971	1	Practice Settings > label or running help	<r方向|ほうこう>キー<r左右|さゆう>でプラクティス<r中|ちゅう>の<r案内忍音声|あんないにんおんせい>の<r設定|せってい>をすることができます。	Press the left directional button or right directional button to set Guide Ninja Sound settings for practice.			inferred:replacement-pass-2-2026-07-26 selector or running-help family	NA2_BTL@0x20AB90	NUN5_TEXTENG@0xFCF0	slot	144				
T1972	1	Practice Settings > label or running help	<r状態|じょうたい>が「ＣＯＭ」に<r設定|せってい>されている<r時|とき>の<r強|つよ>さを<r指定|してい>できます。	Set strength for when in COM mode.			inferred:replacement-pass-2-2026-07-26 selector or running-help family	NA2_BTL@0x20AC20	NUN5_TEXTENG@0xFD60	slot	112				
T1973	1	Practice Settings > label or running help	<r状態|じょうたい>が「<r立|た>ち・ジャンプ・<r二段|にだん>ジャンプ」に<r設定|せってい>されている<r時|とき>の<r攻撃|こうげき>パターンを<r指定|してい>できます。	Set the attack pattern for when status is set to: Stand, Jump or Double-jump.			inferred:replacement-pass-2-2026-07-26 selector or running-help family	NA2_BTL@0x20AC90	NUN5_TEXTENG@0xFD90	slot	160				
T1974	1	Practice Settings > label or running help	<r状態|じょうたい>が「<r立|た>ち・ジャンプ・<r二段|にだん>ジャンプ」に<r設定|せってい>されている<r時|とき>のガードパターンを<r指定|してい>できます。	Set the guard pattern for when status is set to: Stand, Jump or Double-jump.			inferred:replacement-pass-2-2026-07-26 selector or running-help family	NA2_BTL@0x20AD30	NUN5_TEXTENG@0xFDE0	slot	160				
T1975	1	Practice Settings > label or running help	<r状態|じょうたい>が「<r立|た>ち・ジャンプ・<r二段|にだん>ジャンプ」に<r設定|せってい>されている<r時|とき>の<r行動|こうどう>パターンを<r指定|してい>できます。	Set the movement pattern for when in status: Stand, Jump or Double-jump.			inferred:replacement-pass-2-2026-07-26 selector or running-help family	NA2_BTL@0x20ADD0	NUN5_TEXTENG@0xFE30	slot	160				
T1976	1	Practice Settings > label or running help	<r状態|じょうたい>が「ＣＯＭ」に<r設定|せってい>されている<r時|とき>の<r変|か>わり<r身|み>の<r術|じゅつ>の<r使用頻度|しようひんど>を<r指定|してい>できます。	Set the frequency of Substitution Jutsu when in COM mode.			inferred:replacement-pass-2-2026-07-26 selector or running-help family	NA2_BTL@0x20AE70	NUN5_TEXTENG@0xFE80	slot	160				
T1977	1	Practice Settings > label or running help	<r状態|じょうたい>が「<r手動|しゅどう>」<r以外|いがい>に<r設定|せってい>されている<r時|とき>の<r連係攻撃|れんけいこうげき>の<r使用頻度|しようひんど>を<r指定|してい>できます。	Set the frequency of Linked Attacks when not in Manual mode.			inferred:replacement-pass-2-2026-07-26 selector or running-help family	NA2_BTL@0x20AF10	NUN5_TEXTENG@0xFEC0	slot	176				
T1978	1	Practice Settings > label or running help	<r状態|じょうたい>が「<r手動|しゅどう>」<r以外|いがい>に<r設定|せってい>されている<r時|とき>の<r追|お>い<r討|う>ち<r返|がえ>しの<r頻度|ひんど>を<r指定|してい>できます。	Set the frequency of the Extra Hit Counter when in the COM mode.			inferred:replacement-pass-2-2026-07-26 selector or running-help family	NA2_BTL@0x20AFC0	NUN5_TEXTENG@0xFF00	slot	176				
T1979	1	Practice Settings > label or running help	奥義	Ultimate Jutsu			e2e:menus	NA2_SLPS@0x505C20	NUN5_TEXTENG@0xF238	slot	8			NA2_BTL@0x209DD4,NA2_BTL@0x20A270,NA2_BTL@0x20A7CC	
T1980	1	Practice Settings > label or running help	強さ	Strength			e2e:practice	NA2_SLPS@0x505CB0	NUN5_TEXTENG@0xF8E8	slot	8			NA2_BTL@0x20A7E8	
T1981	1	Practice Settings > opponent setting help or value	<r対戦|たいせん><r相手|あいて>の<r状態|じょうたい>を<r指定|してい>できます。<r手動|しゅどう>では、<r別|べつ>のコントローラで<r操作|そうさ>する<r事|こと>ができます。	You can use another analog controller (DUALSHOCK®2) to input commands when in Manual mode.			inferred:replacement-pass-2-2026-07-26 selector or running-help family	NA2_BTL@0x20B0C0	NUN5_TEXTENG@0xFF80	slot	176				
T1982	1	Practice Settings > opponent setting help or value	乱発	Random			inferred:replacement-pass-2-2026-07-26 selector or running-help family	NA2_SLPS@0x505C60	NUN5_SLES@0x514260	slot	8				
T1983	1	Practice Settings > selector value or running help	やさしい	Easy			inferred:replacement-pass-2-2026-07-26 selector or running-help family	NA2_BTL@0x209C80	NUN5_SLES@0x514220	slot	16				
T1984	1	Practice Settings > selector value or running help	むずかしい	Hard			inferred:replacement-pass-2-2026-07-26 selector or running-help family	NA2_BTL@0x209C90	NUN5_SLES@0x514230	slot	16				
T1985	1	Practice Settings > selector value or running help	使用不可	No Use			inferred:replacement-pass-2-2026-07-26 selector or running-help family	NA2_BTL@0x209CD0	NUN5_SLES@0x514258	slot	16				
T1986	1	Practice Settings > selector value or running help	ランダム	Random			inferred:replacement-pass-2-2026-07-26 selector or running-help family	NA2_BTL@0x209CE0	NUN5_SLES@0x514260	slot	16				
T1987	1	Practice Settings > selector value or running help	コマンド	Command			e2e:menus	NA2_BTL@0x209CF0	NUN5_BTL@0x1ECEC2	slot	16				
T1988	1	Practice Settings > selector value or running help	タイミング	Timing			inferred:replacement-pass-2-2026-07-26 selector or running-help family	NA2_BTL@0x209D00	NUN5_SLES@0x514270	slot	16				
T1989	1	Practice Settings > selector value or running help	ギリギリ	Almost			inferred:replacement-pass-2-2026-07-26 selector or running-help family	NA2_BTL@0x209D28	NUN5_SLES@0x514288	slot	16				
T1990	1	Practice Settings > selector value or running help	マニュアル	Manual			inferred:replacement-pass-2-2026-07-26 selector or running-help family	NA2_BTL@0x209D48	NUN5_SLES@0x513F10	slot	16				
T1991	1	Practice Settings > selector value or running help	ジャンプ	Jump			inferred:replacement-pass-2-2026-07-26 selector or running-help family	NA2_BTL@0x209D58	NUN5_TEXTENG@0xD935	slot	16				
T1992	1	Practice Settings > selector value or running help	二段ジャンプ	Double-jump			inferred:replacement-pass-2-2026-07-26 selector or running-help family	NA2_BTL@0x209D68	NUN5_TEXTENG@0xF38	slot	24				
T1993	1	Practice Settings > selector value or running help	飛び道具	Projectile			inferred:replacement-pass-2-2026-07-26 selector or running-help family	NA2_BTL@0x209D98	NUN5_BTL@0x1F9362	slot	16				
T1994	1	Practice Settings > selector value or running help	高速移動	High Speed Move			e2e:practice	NA2_BTL@0x209DA8	NUN5_TEXTENG@0xF50	slot	16				
T1995	1	Practice Settings > selector value or running help	動かない	Stay			e2e:practice	NA2_BTL@0x209DE0	NUN5_SLES@0x5142B0	slot	16				
T1996	1	Practice Settings > selector value or running help	必ず返す	Return			inferred:replacement-pass-2-2026-07-26 selector or running-help family	NA2_BTL@0x209DF0	NUN5_SLES@0x5142C0	slot	16				
T1997	1	Practice Settings > selector value or running help	使用しない	Don't use			inferred:replacement-pass-2-2026-07-26 selector or running-help family	NA2_BTL@0x209E00	NUN5_TEXTENG@0xF248	slot	17				
T1998	1	Practice Settings > selector value or running help	「<r使用不可|しようふか>」は、<r奥義|おうぎ>が<r使|つか>えなくなるので<r注意|ちゅうい>してください。	No Use: Ultimate Jutsu cannot be used.			inferred:replacement-pass-2-2026-07-26 selector or running-help family	NA2_BTL@0x209E20	NUN5_TEXTENG@0xF370	slot	112				
T1999	1	Practice Settings > selector value or running help	「ランダム」にすると<r入力勝負|にゅうりょくしょうぶ>の<r方法|ほうほう>が<r毎回変化|まいかいへんか>します。	Random: Controls change every time.			inferred:replacement-pass-2-2026-07-26 selector or running-help family	NA2_BTL@0x209E90	NUN5_TEXTENG@0xF3A0	slot	112				
T2000	1	Practice Settings > selector value or running help	「コマンド」にするとボタンの<r入力勝負|にゅうりょくしょうぶ>になります。	Command: A button-pressing competition.			inferred:replacement-pass-2-2026-07-26 selector or running-help family	NA2_BTL@0x209F00	NUN5_TEXTENG@0xF3D0	slot	80				
T2001	1	Practice Settings > selector value or running help	「タイミング」にするとボタンをタイミング<r良|よ>く<r押|お>す<r勝負|しょうぶ>になります。	Timing: Press the buttons in good timing.			inferred:replacement-pass-2-2026-07-26 selector or running-help family	NA2_BTL@0x209F50	NUN5_TEXTENG@0xF400	slot	96				
T2002	1	Practice Settings > selector value or running help	「<r回転|かいてん>」にすると<r左|ひだり>スティック、もしくは<r右|みぎ>スティックの<r回転数勝負|かいてんすうしょうぶ>になります。	Turn: A turning competition using the left analog stick and right analog stick.			inferred:replacement-pass-2-2026-07-26 selector or running-help family	NA2_BTL@0x209FB0	NUN5_TEXTENG@0xF430	slot	144				
T2003	1	Practice Settings > selector value or running help	「<r連打|れんだ>」にするとボタンの<r連打勝負|れんだしょうぶ>になります。	Combo: A button-mashing competition.			inferred:replacement-pass-2-2026-07-26 selector or running-help family	NA2_BTL@0x20A040	NUN5_TEXTENG@0xF480	slot	80				
T2004	1	Practice Settings > selector value or running help	「<r通常|つうじょう>」にすると<r一定時間|いっていじかん>で<r体力|たいりょく>が<r全回復|ぜんかいふく>します。	Normal: Health recovers after a set time.			inferred:replacement-pass-2-2026-07-26 selector or running-help family	NA2_BTL@0x20A0B0	NUN5_TEXTENG@0xF4B0	slot	112				
T2005	1	Practice Settings > selector value or running help	「<r半分|はんぶん>」にすると<r一定時間|いっていじかん>で<r体力|たいりょく>が<r半分|はんぶん>まで<r回復|かいふく>します。	Half: Health halfway recovers after a set time.			inferred:replacement-pass-2-2026-07-26 selector or running-help family	NA2_BTL@0x20A120	NUN5_TEXTENG@0xF4E0	slot	128				
T2006	1	Practice Settings > selector value or running help	「ギリギリ」にすると<r常|つね>に<r体力|たいりょく>がギリギリの<r状態|じょうたい>になります。	Almost: Health always wavers near 0.			inferred:replacement-pass-2-2026-07-26 selector or running-help family	NA2_BTL@0x20A1A0	NUN5_TEXTENG@0xF510	slot	96				
T2007	1	Save or Load menu > data prompt or status	ロードするデータを<ruby選|えら>んでください。	Please select data to load.			seen:tid-pass-2026-07-26 paired screenshot	NA2_SLPS@0x303da0	NUN5_TEXTENG@0x29260	slot	64				
T2008	1	Save or Load menu > data prompt or status	このデータをロードしますか？	Load this data?			seen:tid-pass-2026-07-26 paired screenshot	NA2_SLPS@0x303de0	NUN5_TEXTENG@0x29280	slot	48				
T2009	1	Save or Load menu > data prompt or status	データのロードが<ruby終了|しゅうりょう>しました。	Load completed.			seen:tid-pass-2026-07-26 paired screenshot	NA2_SLPS@0x303e90	NUN5_TEXTENG@0x29310	slot	64				
T2010	1	Save or Load menu > data prompt or status	セーブする<ruby場所|ばしょ>を<ruby選|えら>んでください。	Please select where to save.			seen:tid-pass-2026-07-26 paired screenshot	NA2_SLPS@0x303f10	NUN5_TEXTENG@0x29330	slot	64				
T2012	1	Save or Load menu > data prompt or status	データのセーブが<ruby終了|しゅうりょう>しました。	Save completed.			seen:tid-pass-2026-07-26 paired screenshot	NA2_SLPS@0x303FD0	NUN5_TEXTENG@0x293F0	slot	64				
T2013	1	Save or Load menu > data prompt or status	<ruby新|あたら>しいデータを<ruby作成|さくせい>しますか？	Create new data?			seen:savestates-001-004	NA2_SLPS@0x304050	NUN5_TEXTENG@0x29410	slot	64				
T2016	1	Save or Load menu > data prompt or status	データをセーブしますか？	Save data?			seen:tid-pass-2026-07-26 paired screenshot	NA2_SLPS@0x304970	NUN5_TEXTENG@0x28fe0	slot	32				
T2017	1	Save or Load menu > data prompt or status	タイトル<ruby画面|がめん>に<ruby戻|もど>りますか？	Return to title screen?			seen:savestates-001-004	NA2_SLPS@0x304990	NUN5_TEXTENG@0x28FF0	slot	64				
T2018	1	Save or Load menu > data prompt or status	ロードできるデータがありません。	There is no data that can be loaded.			seen:savestates-001-004	NA2_SLPS@0x3049D0	NUN5_TEXTENG@0x29010	slot	48				
T2019	1	Save or Load menu > data prompt or status	<ruby壱|いち>・	1			seen:tid-pass-2026-07-26 paired screenshot	NA2_SLPS@0x304A00	NUN5_SLES@0x514980	slot	16				
T2020	1	Save or Load menu > data prompt or status	<ruby弐|に>・	2			seen:tid-pass-2026-07-26 paired screenshot	NA2_SLPS@0x304A10	NUN5_SLES@0x514984	slot	16				
T2021	1	Save or Load menu > data prompt or status	<ruby参|さん>・	3			seen:tid-pass-2026-07-26 paired screenshot	NA2_SLPS@0x304A20	NUN5_SLES@0x514988	slot	16				
T2022	1	Save or Load menu > data prompt or status	プレイ<ruby時間|じかん> 	Play Time			seen:tid-pass-2026-07-26 paired screenshot	NA2_SLPS@0x304a40	NUN5_TEXTENG@0x29038	slot	32	append_space			
T2023	1	Save or Load menu > data prompt or status	<ruby未使用|みしよう>	Empty			seen:savestates-001-004	NA2_SLPS@0x304A60	NUN5_SLES@0x514970	slot	24				
T2014	1	Save or Load menu > overwrite confirmation	<ruby上書|うわが>きすると<ruby以前|いぜん>のデータは<ruby失|うしな>われてしまいます。	Previous data will be lost if you overwrite.<br>Overwrite?			seen:tid-pass-2026-07-26 paired screenshot	NA2_SLPS@0x304090	NUN5_TEXTENG@0x29430	slot	86	split_br	part=0		
T2015	1	Save or Load menu > overwrite confirmation	<ruby上書|うわが>きしますか？	Previous data will be lost if you overwrite.<br>Overwrite?			inferred:complete-overwrite-message-family	NA2_SLPS@0x3040E6	NUN5_TEXTENG@0x29430	slot	42	split_br	part=1		
T2011	1	Save or Load menu > saving-progress message	セーブしています。	Saving to memory card (PS2) in <br>MEMORY CARD slot 1.<br>Please do not remove memory card (PS2), <br>controller, or reset/switch off the console.			seen:replacement-validation-save-progress-corruption	NA2_SLPS@0x303F50	NUN5_TEXTENG@0x29350	slot	19	split_br	part=0	NA2_SLPS@0x5030B4	
T2041	1	Save or Load menu > saving-progress message	”ＰｌａｙＳｔａｔｉｏｎ ２”<ruby専用|せんよう>メモリーカード（８ＭＢ）	Saving to memory card (PS2) in <br>MEMORY CARD slot 1.<br>Please do not remove memory card (PS2), <br>controller, or reset/switch off the console.			inferred:complete-save-progress-message-family-from-paired-screen	NA2_SLPS@0x303F63	NUN5_TEXTENG@0x29350	slot	73	split_br	part=1		
T2042	1	Save or Load menu > saving-progress message	を<ruby抜|ぬ>かないでください。	Saving to memory card (PS2) in <br>MEMORY CARD slot 1.<br>Please do not remove memory card (PS2), <br>controller, or reset/switch off the console.			inferred:complete-save-progress-message-family-from-paired-screen	NA2_SLPS@0x303FAC	NUN5_TEXTENG@0x29350	slot	36	join_br_parts	parts=2,3;join=<br>	NA2_SLPS@0x5030B4	T2011
T1	1	Shared game modal > Yes or No choice	はい	Yes			e2e:menus|e2e:practice	NA2_SLPS@0x503110	NUN5_SLES@0x513E50	slot	5				
T2024	1	Shared game modal > Yes or No choice	いいえ	No			e2e:menus|e2e:practice	NA2_SLPS@0x503118	NUN5_SLES@0x513E4C	slot	7				
T2025	1	Shared game modal > Yes or No choice	いいえ	No			e2e:collection/misc	NA2_SLPS@0x504668	NUN5_SLES@0x513E4C	slot	7				
T2026	1	Shared game modal > Yes or No choice	は　い	Yes			e2e:collection/misc	NA2_SLPS@0x504670	NUN5_SLES@0x513E50	slot	8				
T2035	1	Startup and save flow > memory-card prompt or status	ＭＥＭＯＲＹ ＣＡＲＤ<ruby差込口|さしこみぐち>１に<NUL>”ＰｌａｙＳｔａｔｉｏｎ ２”<ruby専用|せんよう>メモリーカード（８ＭＢ）が<NUL><ruby差|さ>されていません。	No memory card (PS2) is inserted in <br>MEMORY CARD slot 1.<br>Please insert a memory card (PS2) in<br>MEMORY CARD slot 1.			seen:savestates-100-104-and-format-captures	NA2_SLPS@0x3039E0	NUN5_TEXTENG@0x29060	sequence	160	split_br_sequence	parts=0,1,2,3		
T2036	1	Startup and save flow > memory-card prompt or status	ＭＥＭＯＲＹ ＣＡＲＤ<ruby差込口|さしこみぐち>１の<NUL>”ＰｌａｙＳｔａｔｉｏｎ ２”<ruby専用|せんよう>メモリーカード（８ＭＢ）が<NUL>フォーマットされていません。	The memory card (PS2) in <br>MEMORY CARD slot 1 is unformatted.<br>Format memory card (PS2)?			seen:savestates-100-104-and-format-captures	NA2_SLPS@0x303C40	NUN5_TEXTENG@0x291D0	sequence	160	split_br_sequence	parts=0,1		
T2037	1	Startup and save flow > memory-card prompt or status	”ＰｌａｙＳｔａｔｉｏｎ ２”<ruby専用|せんよう>メモリーカード（８ＭＢ）<NUL>をフォーマットしますか？	The memory card (PS2) in <br>MEMORY CARD slot 1 is unformatted.<br>Format memory card (PS2)?			seen:savestates-100-104-and-format-captures	NA2_SLPS@0x303CE0	NUN5_TEXTENG@0x291D0	sequence	112	split_br_sequence	parts=2		
T2038	1	Startup and save flow > memory-card prompt or status	ロードしています。	Loading from memory card (PS2).<br>Please do not remove memory card (PS2), controller, or reset/switch off the console.			seen:savestates-100-104-and-format-captures	NA2_SLPS@0x303E10	NUN5_TEXTENG@0x29290	slot	19	flatten_br_slice	start=0;end=12		
T2039	1	Startup and save flow > memory-card prompt or status	”ＰｌａｙＳｔａｔｉｏｎ ２”<ruby専用|せんよう>メモリーカード（８ＭＢ）	Loading from memory card (PS2).<br>Please do not remove memory card (PS2), controller, or reset/switch off the console.			seen:savestates-100-104-and-format-captures	NA2_SLPS@0x303E23	NUN5_TEXTENG@0x29290	slot	73	flatten_br_slice	start=13;end=83		
T2040	1	Startup and save flow > memory-card prompt or status	を<ruby抜|ぬ>かないでください。	Loading from memory card (PS2).<br>Please do not remove memory card (PS2), controller, or reset/switch off the console.			seen:savestates-100-104-and-format-captures	NA2_SLPS@0x303E6C	NUN5_TEXTENG@0x29290	slot	36	flatten_br_slice	start=84;end=116		
T2043	1	Startup and save flow > memory-card prompt or status	フォーマットしています。	Formatting memory card (PS2) in <br>MEMORY CARD slot 1.<br>Please do not remove memory card (PS2), <br>controller, or reset/switch off the console.			seen:savestates-100-104-and-format-captures	NA2_SLPS@0x304110	NUN5_TEXTENG@0x29470	slot	25	split_br	part=0	NA2_SLPS@0x5030C8	
T2044	1	Startup and save flow > memory-card prompt or status	”ＰｌａｙＳｔａｔｉｏｎ ２”<ruby専用|せんよう>メモリーカード（８ＭＢ）	Formatting memory card (PS2) in <br>MEMORY CARD slot 1.<br>Please do not remove memory card (PS2), <br>controller, or reset/switch off the console.			seen:savestates-100-104-and-format-captures	NA2_SLPS@0x304129	NUN5_TEXTENG@0x29470	slot	73	split_br	part=1		
T2045	1	Startup and save flow > memory-card prompt or status	を<ruby抜|ぬ>かないでください。	Formatting memory card (PS2) in <br>MEMORY CARD slot 1.<br>Please do not remove memory card (PS2), <br>controller, or reset/switch off the console.			seen:savestates-100-104-and-format-captures	NA2_SLPS@0x304172	NUN5_TEXTENG@0x29470	slot	46	join_br_parts	parts=2,3;join=<br>	NA2_SLPS@0x5030C8	T2043
T2046	1	Startup and save flow > memory-card prompt or status	”ＰｌａｙＳｔａｔｉｏｎ ２”<ruby専用|せんよう>メモリーカード（８ＭＢ）	Format completed.			seen:savestates-100-104-and-format-captures	NA2_SLPS@0x3041A0	NUN5_TEXTENG@0x29510	slot	73				
T2047	1	Startup and save flow > memory-card prompt or status	のフォーマットが<ruby終了|しゅうりょう>しました。	Format completed.			seen:savestates-100-104-and-format-captures	NA2_SLPS@0x3041E9	NUN5_TEXTENG@0x29510	slot	55	empty			
T2048	1	Startup and save flow > memory-card prompt or status	セーブ<ruby領域|りょういき>を<ruby作成|さくせい>しています。	Creating Naruto Shippuden: Ultimate Ninja 5 data<br>on memory card (PS2) in MEMORY CARD slot 1.<br>Please do not remove memory card (PS2),<br>controller, or reset/switch off the console.			seen:savestates-100-104-and-format-captures	NA2_SLPS@0x304250	NUN5_TEXTENG@0x29540	slot	61	split_br	part=0		
T2049	1	Startup and save flow > memory-card prompt or status	”ＰｌａｙＳｔａｔｉｏｎ ２”<ruby専用|せんよう>メモリーカード（８ＭＢ）	Creating Naruto Shippuden: Ultimate Ninja 5 data<br>on memory card (PS2) in MEMORY CARD slot 1.<br>Please do not remove memory card (PS2),<br>controller, or reset/switch off the console.			seen:savestates-100-104-and-format-captures	NA2_SLPS@0x30428D	NUN5_TEXTENG@0x29540	slot	73	split_br	part=1		
T2050	1	Startup and save flow > memory-card prompt or status	を<ruby抜|ぬ>かないでください。	Creating Naruto Shippuden: Ultimate Ninja 5 data<br>on memory card (PS2) in MEMORY CARD slot 1.<br>Please do not remove memory card (PS2),<br>controller, or reset/switch off the console.			seen:savestates-100-104-and-format-captures	NA2_SLPS@0x3042D6	NUN5_TEXTENG@0x29540	slot	42	join_br_parts	parts=2,3;join=<br>	NA2_SLPS@0x5030D4	T2048
T2051	1	Startup and save flow > memory-card prompt or status	セーブ<ruby領域|りょういき>の<ruby作成|さくせい>が<ruby終了|しゅうりょう>しました。	Naruto Shippuden: Ultimate Ninja 5 data has <br>been created on memory card (PS2) in <br>MEMORY CARD slot 1.			seen:savestates-100-104-and-format-captures	NA2_SLPS@0x304300	NUN5_TEXTENG@0x29600	slot	96			NA2_SLPS@0x5030D8	
T2052	1	Startup and save flow > memory-card prompt or status	このゲームのセーブ<ruby領域|りょういき>が<ruby作|つく>られていません。	No Naruto Shippuden: Ultimate Ninja 5 data found <br>on memory card (PS2) in MEMORY CARD slot 1. <br>Create new Naruto Shippuden: Ultimate Ninja 5 data?			seen:savestates-100-104-and-format-captures	NA2_SLPS@0x3043C0	NUN5_TEXTENG@0x296A0	slot	71	join_br_parts	parts=0,1;join=<br>	NA2_SLPS@0x5030E0	
T2053	1	Startup and save flow > memory-card prompt or status	セーブ<ruby領域|りょういき>を<ruby作|つく>りますか？	No Naruto Shippuden: Ultimate Ninja 5 data found <br>on memory card (PS2) in MEMORY CARD slot 1. <br>Create new Naruto Shippuden: Ultimate Ninja 5 data?			seen:savestates-100-104-and-format-captures	NA2_SLPS@0x304407	NUN5_TEXTENG@0x296A0	slot	57	split_br	part=2		
T2054	1	Startup and save flow > memory-card prompt or status	このゲームのデータがありません。	No Naruto Shippuden: Ultimate Ninja 5 data <br>found on memory card (PS2) in <br>MEMORY CARD slot 1. Please insert <br>memory card (PS2) with <br>Naruto Shippuden: Ultimate Ninja 5 data.			seen:savestates-100-104-and-format-captures	NA2_SLPS@0x304440	NUN5_TEXTENG@0x29740	slot	48			NA2_SLPS@0x5030E4	
T2055	1	Startup and save flow > memory-card prompt or status	ＭＥＭＯＲＹ ＣＡＲＤ<ruby差込口|さしこみぐち>１に<NUL>”ＰｌａｙＳｔａｔｉｏｎ ２”<ruby専用|せんよう>メモリーカード（８ＭＢ）が<NUL><ruby差|さ>されていません。<NUL>このゲームのデータをセーブするには<NUL>１０３ＫＢ<ruby以上|いじょう>の<ruby空|あ>き<ruby容量|ようりょう>が<ruby必要|ひつよう>です。<NUL>このままで<ruby開始|かいし>しますか？	No memory card (PS2) is inserted.<br>Please insert a memory card (PS2) in MEMORY CARD slot 1.<br>At least 102 KB of free space is necessary to save Naruto Shippuden: Ultimate Ninja 5 data. Start the game anyway?			seen:savestates-100-104-and-format-captures	NA2_SLPS@0x3046A0	NUN5_TEXTENG@0x29A10	sequence	336	split_br_sequence	parts=0,1,2		
