path	offset	expected_hex	replacement_hex	source_text	replacement_text
PRG/BTL.BIN	0x1E2130	3C7289BA94457C82B082C982F13E83898393834E8260	47656E696E2052616E6B204100000000000000000000	<r下忍|げにん>ランクＡ	Genin Rank A
PRG/BTL.BIN	0x1E2150	3C7289BA94457C82B082C982F13E83898393834E8261	47656E696E2052616E6B204200000000000000000000	<r下忍|げにん>ランクＢ	Genin Rank B
PRG/BTL.BIN	0x1E2170	3C7289BA94457C82B082C982F13E83898393834E8262	47656E696E2052616E6B204300000000000000000000	<r下忍|げにん>ランクＣ	Genin Rank C
PRG/BTL.BIN	0x1E2190	3C7289BA94457C82B082C982F13E83898393834E8263	47656E696E2052616E6B204400000000000000000000	<r下忍|げにん>ランクＤ	Genin Rank D
PRG/BTL.BIN	0x1E21B0	3C728DBB7C82B782C83E82CC3C728E4F8E6F92ED7C82B382F182AB82E582A482BE82A23E	53616E64205369626C696E67730000000000000000000000000000000000000000000000	<r砂|すな>の<r三姉弟|さんきょうだい>	Sand Siblings
PRG/BTL.BIN	0x1E21E0	3C7296B67C82AB82E83E82CC3C728E688B717C82B582A982AD3E	417373617373696E73206F6620746865204D6973740000000000	<r霧|きり>の<r刺客|しかく>	Assassins of the Mist
PRG/BTL.BIN	0x1E2200	3C7290568D6794C77C82B582F182AD82EA82C882A282CD82F13E	4E6577205465616D204B7572656E616900000000000000000000	<r新紅班|しんくれないはん>	New Team Kurenai
PRG/BTL.BIN	0x1E2220	3C7290567C82B582F13E83418358837D3C7294C77C82CD82F13E	4E6577205465616D204173756D61000000000000000000000000	<r新|しん>アスマ<r班|はん>	New Team Asuma
PRG/BTL.BIN	0x1E2240	3C7290567C82B582F13E834B83433C7294C77C82CD82F13E	4E6577205465616D20477579000000000000000000000000	<r新|しん>ガイ<r班|はん>	New Team Guy
PRG/BTL.BIN	0x1E2260	3C7290567C82B582F13E834A834A83563C7294C77C82CD82F13E	4E6577205465616D204B616B6173686900000000000000000000	<r新|しん>カカシ<r班|はん>	New Team Kakashi
PRG/BTL.BIN	0x1E2280	3C728FE394457C82B682E582A482C982F13E83898393834E8260	52616E6B2041204A6F6E696E0000000000000000000000000000	<r上忍|じょうにん>ランクＡ	Rank A Jonin
PRG/BTL.BIN	0x1E22A0	3C728FE394457C82B682E582A482C982F13E83898393834E8261	52616E6B2042204A6F6E696E0000000000000000000000000000	<r上忍|じょうにん>ランクＢ	Rank B Jonin
PRG/BTL.BIN	0x1E22C0	3C728DBB7C82B782C83E82CC3C728BAD8ED27C82C282ED82E082CC3E	4368616D70696F6E73206F66207468652053616E6400000000000000	<r砂|すな>の<r強者|つわもの>	Champions of the Sand
PRG/BTL.BIN	0x1E22E0	3C7289B97C82A882C63E82CC3C728CDC906C8F4F7C82B282C982F182B582E382A43E	54686520536F756E6420466976650000000000000000000000000000000000000000	<r音|おと>の<r五人衆|ごにんしゅう>	The Sound Five
PRG/BTL.BIN	0x1E2310	3C728ED77C82E682B182B582DC3E82C882E93C728ED27C82E082CC3E	546865204576696C204F6E6573000000000000000000000000000000	<r邪|よこしま>なる<r者|もの>	The Evil Ones
PRG/BTL.BIN	0x1E2330	3C72936090E07C82C582F182B982C23E82CC3C728E4F94457C82B382F182C982F13E	5468652047726561742053616E6E696E000000000000000000000000000000000000	<r伝説|でんせつ>の<r三忍|さんにん>	The Great Sannin
PRG/BTL.BIN	0x1E2360	81673C728BC57C82A082A982C282AB3E8168	416B617473756B6900000000000000000000	“<r暁|あかつき>”	Akatsuki
PRG/BTL.BIN	0x1E2380	3C7289CE89657C82D982A982B03E82BD82BF	5465616D20486F6B61676500000000000000	<r火影|ほかげ>たち	Team Hokage
PRG/BTL.BIN	0x1E23A0	3C7293C195CA91CE90ED7C82C682AD82D782C282BD82A282B982F13E	5370656369616C205653000000000000000000000000000000000000	<r特別対戦|とくべつたいせん>	Special VS
PRG/BTL.BIN	0x1E23C0	3C728BE094AF8CDC906C8F4F7C82AB82F182CF82C282B282C982F182B582E382A43E	426C6F6E646520466976650000000000000000000000000000000000000000000000	<r金髪五人衆|きんぱつごにんしゅう>	Blonde Five
PRG/BTL.BIN	0x1E23F0	3C7298F899538C5292637C82AD82AE82C282AE82F182BE82F13E	5075707065746D61737465722054726F6F700000000000000000	<r傀儡軍団|くぐつぐんだん>	Puppetmaster Troop
PRG/BTL.BIN	0x1E2410	3C7296D87C82B13E836D3C72977490E690B67C82CD82B982F182B982A23E	5465616368657273206F6620746865204C65616600000000000000000000	<r木|こ>ノ<r葉先生|はせんせい>	Teachers of the Leaf
PRG/BTL.BIN	0x1E2430	3C728C8C8C708CC08A457C82AF82C182AF82A282B082F182A982A23E	4B656B6B65692047656E6B6169000000000000000000000000000000	<r血継限界|けっけいげんかい>	Kekkei Genkai
PRG/BTL.BIN	0x1E2450	3C728D827C82BD82A93E82DD82CC3C728ED27C82E082CC3E82BD82BF	546865204772656174657374206F6620416C6C000000000000000000	<r高|たか>みの<r者|もの>たち	The Greatest of All
PRG/BTL.BIN	0x1E2670	3C728E547C82DC3E82AB3C7295487C82D182B53E	4D616B696269736869205370696B657300000000	<r撒|ま>き<r菱|びし>	Makibishi Spikes
PRG/BTL.BIN	0x1E2690	3C7295BA97C68ADB7C82D082E582A482EB82A482AA82F13E	466F6F642050696C6C730000000000000000000000000000	<r兵糧丸|ひょうろうがん>	Food Pills
PRG/BTL.BIN	0x1E26B0	3C728FE394457C82B682E582A482C982F13E82CC3C728C437C82AD82C23E	53686F6573206F66204A6F6E696E00000000000000000000000000000000	<r上忍|じょうにん>の<r靴|くつ>	Shoes of Jonin
PRG/BTL.BIN	0x1E26D0	834A834A83563C72906C8C607C82C982F182AC82E582A43E	536361726563726F77000000000000000000000000000000	カカシ<r人形|にんぎょう>	Scarecrow
PRG/BTL.BIN	0x1E26F0	3C728DAA90AB7C82B182F182B682E582A43E82CC82A882E082E8	576569676874206F662044657465726D696E6174696F6E000000	<r根性|こんじょう>のおもり	Weight of Determination
PRG/BTL.BIN	0x1E2710	3C72959796828EE897A08C957C82D382A482DC82B582E382E882AF82F13E	44656D6F6E2057696E642053687572696B656E0000000000000000000000	<r風魔手裏剣|ふうましゅりけん>	Demon Wind Shuriken
PRG/BTL.BIN	0x1E2730	3C728EF48E447C82B682E382B382C23E81403C728A5A95F67C82E682EB82A282AD82B83E82B5	4375727365205461673A2041726D6F7220427265616B00000000000000000000000000000000	<r呪札|じゅさつ>　<r鎧崩|よろいくず>し	Curse Tag: Armor Break
PRG/BTL.BIN	0x1E2760	3C728B548D628ADB7C82AB82C182B182A482AA82F13E	546F72746F6973657368656C6C2050696C6C73000000	<r亀甲丸|きっこうがん>	Tortoiseshell Pills
PRG/BTL.BIN	0x1E2780	3C72E07997F47C82B382AD82EA82C23E834E83698343	4275727374204B756E61690000000000000000000000	<r炸裂|さくれつ>クナイ	Burst Kunai
PRG/BTL.BIN	0x1E27A0	3C728B4E949A7C82AB82CE82AD3E834E83698343	4578706C6F64696E67204B756E61690000000000	<r起爆|きばく>クナイ	Exploding Kunai
PRG/BTL.BIN	0x1E27C0	3C7288E397C37C82A282E882E582A43E83708362834E	4D65646963616C205061636B00000000000000000000	<r医療|いりょう>パック	Medical Pack
PRG/BTL.BIN	0x1E27E0	3C72895F89427C82AD82E082AA82AD3E82EA82CC3C728AAA95A87C82DC82AB82E082CC3E	5363726F6C6C206F662048696464656E20436C6F75640000000000000000000000000000	<r雲隠|くもがく>れの<r巻物|まきもの>	Scroll of Hidden Cloud
PRG/BTL.BIN	0x1E2810	3C7293C5898C8BCA7C82C782AD82AF82DE82E882BE82DC3E	506F69736F6E20536D6F6B6520426F6D6200000000000000	<r毒煙玉|どくけむりだま>	Poison Smoke Bomb
PRG/BTL.BIN	0x1E2830	3C728B4E949A8E447C82AB82CE82AD82D382BE3E	506170657220426F6D6200000000000000000000	<r起爆札|きばくふだ>	Paper Bomb
PRG/BTL.BIN	0x1E2850	3C728CB38B438ADB7C82B082F182AB82AA82F13E	456E657267792050696C6C730000000000000000	<r元気丸|げんきがん>	Energy Pills
PRG/BTL.BIN	0x1E2870	3C7289DAE5AF96FB7C834B837D82A082D482E73E	546F6164204F696C000000000000000000000000	<r蝦蟇油|ガマあぶら>	Toad Oil
PRG/BTL.BIN	0x1E2890	3C728B4E949A7C82AB82CE82AD3E8356815B838B	4578706C6F64696E67205365616C000000000000	<r起爆|きばく>シール	Exploding Seal
PRG/BTL.BIN	0x1E28B0	3C7290E789658EE897A08C957C82B982F182A682A282B582E382E882AF82F13E	313030302D536861646F772053687572696B656E000000000000000000000000	<r千影手裏剣|せんえいしゅりけん>	1000-Shadow Shuriken
PRG/BTL.BIN	0x1E28E0	3C72E1837C82B582D13E82EA3C728BCA7C82BD82DC3E	5374756E2042616C6C00000000000000000000000000	<r痺|しび>れ<r玉|たま>	Stun Ball
PRG/BTL.BIN	0x1E2900	3C72948E91C58BCA7C82CE82AD82BF82BE82DC3E	52616E646F6D2042616C6C000000000000000000	<r博打玉|ばくちだま>	Random Ball
PRG/BTL.BIN	0x1E2918	8341834383658380837C815B8360	4974656D20506F75636800000000	アイテムポーチ	Item Pouch
PRG/BTL.BIN	0x1E2930	3C7294458BEF979095917C82C982F182AE82E782F182D43E82CC3C728AAA95A87C82DC82AB82E082CC3E	5363726F6C6C206F66204E696E6A6120546F6F6C2044616E636500000000000000000000000000000000	<r忍具乱舞|にんぐらんぶ>の<r巻物|まきもの>	Scroll of Ninja Tool Dance
PRG/BTL.BIN	0x1E2960	3C728BE07C82AB82F13E82CC3C7291958FFC95697C82BB82A482B582E582AD82D082F13E	476F6C64204F726E616D656E740000000000000000000000000000000000000000000000	<r金|きん>の<r装飾品|そうしょくひん>	Gold Ornament
PRG/BTL.BIN	0x1E2990	3C72E0E6E0DF7C82B182CD82AD3E82CC3C7289F27C82A982BD82DC82E83E	4C756D70206F6620416D6265720000000000000000000000000000000000	<r琥珀|こはく>の<r塊|かたまり>	Lump of Amber
PRG/BTL.BIN	0x1E29B0	3C728CC3914B7C82B182B982F13E	4F6C6420436F696E000000000000	<r古銭|こせん>	Old Coin
PRG/BTL.BIN	0x1E29C0	3C7293C195CA8CF08FC28EE88C607C82C682AD82D782C282B182A482B582E582A482C482AA82BD3E	5370656369616C204E65676F74696174696F6E73205065726D697400000000000000000000000000	<r特別交渉手形|とくべつこうしょうてがた>	Special Negotiations Permit
PRG/BTL.BIN	0x1E29F0	3C728D678BCA7C82B182A482AC82E582AD3E82CC3C728E7797D67C82E482D182ED3E	527562792052696E6700000000000000000000000000000000000000000000000000	<r紅玉|こうぎょく>の<r指輪|ゆびわ>	Ruby Ring
PRG/BTL.BIN	0x1E2A20	3C728EA196FC7C82BF82E43E82CC3C728AAA95A87C82DC82AB82E082CC3E	5363726F6C6C206F66205265636F76657279000000000000000000000000	<r治癒|ちゆ>の<r巻物|まきもの>	Scroll of Recovery
PRG/BTL.BIN	0x1E2A40	3C7294928BE27C82CD82AD82AC82F13E82CC3C728984965F7C82CC82D782DA82A43E	53696C76657220496E676F7400000000000000000000000000000000000000000000	<r白銀|はくぎん>の<r延棒|のべぼう>	Silver Ingot
PRG/BTL.BIN	0x1E2A70	3C7298418C577C82EA82F182AF82A23E82CC3C72934A7C82D382A63E	4C696E6B656420466C75746500000000000000000000000000000000	<r連係|れんけい>の<r笛|ふえ>	Linked Flute
PRG/BTL.BIN	0x1E2A90	3C728B4891E37C82AB82BE82A23E82CC3C7294E995F37C82D082D982A43E	526172652054726561737572650000000000000000000000000000000000	<r稀代|きだい>の<r秘宝|ひほう>	Rare Treasure
PRG/BTL.BIN	0x1E2AB0	3C7291538A4A7C82BA82F182A982A23E82CC3C728A7A93967C82D082BD82A282A03E82C4	46756C6C204865616462616E640000000000000000000000000000000000000000000000	<r全開|ぜんかい>の<r額当|ひたいあ>て	Full Headband
PRG/BTL.BIN	0x1E2AE0	3C728B43947A8ED59266919591A97C82AF82CD82A282B582E182BE82F182B582E582A482BC82AD3E	537465616C7468204765617200000000000000000000000000000000000000000000000000000000	<r気配遮断装束|けはいしゃだんしょうぞく>	Stealth Gear
PRG/BTL.BIN	0x1E2B16	3030	4646	<color00FFFF><r究極連激戦|ナルティメットれんげきせん><colorFFFFFF>では、<r定|さだ>められた<r相手|あいて>と<r連続|れんぞく>で<r闘|たたか>い、<r最後|さいご>まで<r勝|か>ち<r残|のこ>ることで<r報酬|ほうしゅう>を<r得|え>ることができます。	<colorFFFFFF>In <color00FFFF>Ultimate Battle Series<colorFFFFFF>, you earn a reward if you beat certain series of enemies.
PRG/BTL.BIN	0x1E2B1D	3C728B868BC998418C8390ED7C8369838B8365834283818362836782EA82F182B082AB82B982F13E3C63	496E203C636F6C6F723030464646463E556C74696D61746520426174746C65205365726965733C636F6C	<color00FFFF><r究極連激戦|ナルティメットれんげきせん><colorFFFFFF>では、<r定|さだ>められた<r相手|あいて>と<r連続|れんぞく>で<r闘|たたか>い、<r最後|さいご>まで<r勝|か>ち<r残|のこ>ることで<r報酬|ほうしゅう>を<r得|え>ることができます。	<colorFFFFFF>In <color00FFFF>Ultimate Battle Series<colorFFFFFF>, you earn a reward if you beat certain series of enemies.
PRG/BTL.BIN	0x1E2B48	6C6F72	724646	<color00FFFF><r究極連激戦|ナルティメットれんげきせん><colorFFFFFF>では、<r定|さだ>められた<r相手|あいて>と<r連続|れんぞく>で<r闘|たたか>い、<r最後|さいご>まで<r勝|か>ち<r残|のこ>ることで<r報酬|ほうしゅう>を<r得|え>ることができます。	<colorFFFFFF>In <color00FFFF>Ultimate Battle Series<colorFFFFFF>, you earn a reward if you beat certain series of enemies.
PRG/BTL.BIN	0x1E2B4F	46463E82C582CD81413C7292E87C82B382BE3E82DF82E782EA82BD3C72918A8EE87C82A082A282C43E82C63C72984191B17C82EA82F182BC82AD3E82C53C7293AC7C82BD82BD82A93E82A281413C728DC58CE37C82B382A282B23E82DC82C53C728F9F7C82A93E82BF3C728E637C82CC82B13E82E982B182C682C53C7295F18F567C82D982A482B582E382A43E82F03C7293BE7C82A63E82E982B182C682AA82C582AB82DC82B78142	3E2C20796F75206561726E20612072657761726420696620796F752062656174206365727461696E20736572696573206F6620656E656D6965732E0000000000000000000000000000000000000000000000000000000000000000000000000000000000000000000000000000000000000000000000000000000000000000000000000000000000000000000000000000000000000000000000000000000000000000000000000000	<color00FFFF><r究極連激戦|ナルティメットれんげきせん><colorFFFFFF>では、<r定|さだ>められた<r相手|あいて>と<r連続|れんぞく>で<r闘|たたか>い、<r最後|さいご>まで<r勝|か>ち<r残|のこ>ることで<r報酬|ほうしゅう>を<r得|え>ることができます。	<colorFFFFFF>In <color00FFFF>Ultimate Battle Series<colorFFFFFF>, you earn a reward if you beat certain series of enemies.
PRG/BTL.BIN	0x1E2C06	3030	4646	<color00FFFF><r壮絶|そうぜつ>サバイバル<colorFFFFFF>ではランダムで<r出現|しゅつげん>する<r相手|あいて>と<r無限|むげん>に<r闘|たたか>い、どこまで<r勝|か>ち<r残|のこ>れるかを<r競|きそ>うことができます。	<colorFFFFFF>In <color00FFFF>Epic Survival<colorFFFFFF>, see how far you can last against infinitely appearing random enemies.
PRG/BTL.BIN	0x1E2C0D	3C72917390E27C82BB82A482BA82C2	496E203C636F6C6F72303046464646	<color00FFFF><r壮絶|そうぜつ>サバイバル<colorFFFFFF>ではランダムで<r出現|しゅつげん>する<r相手|あいて>と<r無限|むげん>に<r闘|たたか>い、どこまで<r勝|か>ち<r残|のこ>れるかを<r競|きそ>うことができます。	<colorFFFFFF>In <color00FFFF>Epic Survival<colorFFFFFF>, see how far you can last against infinitely appearing random enemies.
PRG/BTL.BIN	0x1E2C1D	8354836F8343836F838B3C636F6C6F72464646	4570696320537572766976616C3C636F6C6F72	<color00FFFF><r壮絶|そうぜつ>サバイバル<colorFFFFFF>ではランダムで<r出現|しゅつげん>する<r相手|あいて>と<r無限|むげん>に<r闘|たたか>い、どこまで<r勝|か>ち<r残|のこ>れるかを<r競|きそ>うことができます。	<colorFFFFFF>In <color00FFFF>Epic Survival<colorFFFFFF>, see how far you can last against infinitely appearing random enemies.
PRG/BTL.BIN	0x1E2C33	3E82C582CD83898393835F838082C53C	4646463E2C2073656520686F77206661	<color00FFFF><r壮絶|そうぜつ>サバイバル<colorFFFFFF>ではランダムで<r出現|しゅつげん>する<r相手|あいて>と<r無限|むげん>に<r闘|たたか>い、どこまで<r勝|か>ち<r残|のこ>れるかを<r競|きそ>うことができます。	<colorFFFFFF>In <color00FFFF>Epic Survival<colorFFFFFF>, see how far you can last against infinitely appearing random enemies.
PRG/BTL.BIN	0x1E2C44	8F6F8CBB7C82B582E382C282B082F13E82B782E93C72918A8EE87C82A082A282C43E82C63C7296B38CC07C82DE82B082F13E82C93C7293AC7C82BD82BD82A93E82A2814182C782B182DC82C53C728F9F7C82A93E82BF3C728E637C82CC82B13E82EA82E982A982F03C728BA37C82AB82BB3E82A482B182C682AA82C582AB82DC82B78142	20796F752063616E206C61737420616761696E737420696E66696E6974656C7920617070656172696E672072616E646F6D20656E656D6965732E0000000000000000000000000000000000000000000000000000000000000000000000000000000000000000000000000000000000000000000000000000000000000000000000000000	<color00FFFF><r壮絶|そうぜつ>サバイバル<colorFFFFFF>ではランダムで<r出現|しゅつげん>する<r相手|あいて>と<r無限|むげん>に<r闘|たたか>い、どこまで<r勝|か>ち<r残|のこ>れるかを<r競|きそ>うことができます。	<colorFFFFFF>In <color00FFFF>Epic Survival<colorFFFFFF>, see how far you can last against infinitely appearing random enemies.
PRG/BTL.BIN	0x1E2CD6	3030	4646	<color00FFFF><r自分|じぶん>ルール<r戦闘|せんとう><colorFFFFFF>では、<r戦闘条件|せんとうじょうけん>を<r任意|にんい>に<r設定|せってい>して<r闘|たたか>うことができます。	<colorFFFFFF>In <color00FFFF>Customized Battle<colorFFFFFF>, set your own battle conditions and fight.
PRG/BTL.BIN	0x1E2CDD	3C728EA995AA7C82B682D482F13E838B815B838B3C7290ED93AC7C82B982F182C682A43E3C636F6C6F72	496E203C636F6C6F723030464646463E437573746F6D697A656420426174746C653C636F6C6F72464646	<color00FFFF><r自分|じぶん>ルール<r戦闘|せんとう><colorFFFFFF>では、<r戦闘条件|せんとうじょうけん>を<r任意|にんい>に<r設定|せってい>して<r闘|たたか>うことができます。	<colorFFFFFF>In <color00FFFF>Customized Battle<colorFFFFFF>, set your own battle conditions and fight.
PRG/BTL.BIN	0x1E2D0A	4646463E82C582CD81413C7290ED93AC8FF08C8F7C82B982F182C682A482B682E582A482AF82F13E82F03C72944388D37C82C982F182A23E82C93C7290DD92E87C82B982C182C482A23E82B582C43C7293AC7C82BD82BD82A93E82A482B182C682AA82C582AB82DC82B78142	3E2C2073657420796F7572206F776E20626174746C6520636F6E646974696F6E7320616E642066696768742E00000000000000000000000000000000000000000000000000000000000000000000000000000000000000000000000000000000000000000000000000000000	<color00FFFF><r自分|じぶん>ルール<r戦闘|せんとう><colorFFFFFF>では、<r戦闘条件|せんとうじょうけん>を<r任意|にんい>に<r設定|せってい>して<r闘|たたか>うことができます。	<colorFFFFFF>In <color00FFFF>Customized Battle<colorFFFFFF>, set your own battle conditions and fight.
PRG/BTL.BIN	0x1E2D86	3030	4646	<color00FFFF><r熱血対戦|ねっけつたいせん><colorFFFFFF>を<r終了|しゅうりょう>しますか？	<colorFFFFFF>Quit <color00FFFF>Hot-Blooded Versus<colorFFFFFF>?
PRG/BTL.BIN	0x1E2D8D	3C72944D8C8C91CE90ED7C82CB82C182AF82C282BD82A282B982F13E3C636F6C6F724646464646463E82F03C728F4997B97C82B582E382A482E882E582A43E82B582DC82B782A98148	51756974203C636F6C6F723030464646463E486F742D426C6F6F646564205665727375733C636F6C6F724646464646463E3F0000000000000000000000000000000000000000000000	<color00FFFF><r熱血対戦|ねっけつたいせん><colorFFFFFF>を<r終了|しゅうりょう>しますか？	<colorFFFFFF>Quit <color00FFFF>Hot-Blooded Versus<colorFFFFFF>?
PRG/BTL.BIN	0x1E2DE6	3030	4646	<color00FFFF><r壮絶|そうぜつ>サバイバル<colorFFFFFF>を開始しますか？	<colorFFFFFF>Play <color00FFFF>Epic Survival<colorFFFFFF>?
PRG/BTL.BIN	0x1E2DED	3C72917390E27C82BB82A482BA82C23E8354836F8343836F838B3C636F6C6F724646464646	506C6179203C636F6C6F723030464646463E4570696320537572766976616C3C636F6C6F72	<color00FFFF><r壮絶|そうぜつ>サバイバル<colorFFFFFF>を開始しますか？	<colorFFFFFF>Play <color00FFFF>Epic Survival<colorFFFFFF>?
PRG/BTL.BIN	0x1E2E13	3E82F08A4A8E6E82B582DC82B782A98148	46464646463E3F00000000000000000000	<color00FFFF><r壮絶|そうぜつ>サバイバル<colorFFFFFF>を開始しますか？	<colorFFFFFF>Play <color00FFFF>Epic Survival<colorFFFFFF>?
PRG/BTL.BIN	0x1E2F60	3C72928694457C82BF82E382A482C982F13E838C8378838B	47656E696E204C564C000000000000000000000000000000	<r中忍|ちゅうにん>レベル	Genin LVL
PRG/BTL.BIN	0x1E2F80	3C728FE394457C82B682E582A482C982F13E838C8378838B	4368756E696E204C564C0000000000000000000000000000	<r上忍|じょうにん>レベル	Chunin LVL
PRG/BTL.BIN	0x1E2FA0	3C7289CE89	486F6B6167	<r火影|ほかげ>レベル	Hokage LVL
PRG/BTL.BIN	0x1E2FA6	7C82D982A982B03E838C8378838B	204C564C00000000000000000000	<r火影|ほかげ>レベル	Hokage LVL
PRG/BTL.BIN	0x1E2FC0	3C7293C18EEA90ED93AC7C82C682AD82B582E382B982F182C682A43E	5370656369616C20426174746C650000000000000000000000000000	<r特殊戦闘|とくしゅせんとう>	Special Battle
PRG/BTL.BIN	0x1E3000	838C8378838B82F03C72914991F07C82B982F182BD82AD3E82B582C482AD82BE82B382A28142	53656C6563742061206C6576656C2E0000000000000000000000000000000000000000000000	レベルを<r選択|せんたく>してください。	Select a level.
PRG/BTL.BIN	0x1E3030	83898393834E82F03C	53656C656374206120	ランクを<r選択|せんたく>してください。	Select a rank.
PRG/BTL.BIN	0x1E303A	914991F07C82B982F182BD82AD3E82B582C482AD82BE82B382A28142	616E6B2E000000000000000000000000000000000000000000000000	ランクを<r選択|せんたく>してください。	Select a rank.
PRG/BTL.BIN	0x1E3060	82B182EA82C582E682EB82B582A282C582B582E582A482A98148	49732074686973206F6B61793F00000000000000000000000000	これでよろしいでしょうか？	Is this okay?
PRG/BTL.BIN	0x1E3110	3C727562	53657420	<ruby好|す>きな<ruby条件|じょうけん>を<ruby設定|せってい>してください。	Set your own rules.
PRG/BTL.BIN	0x1E3115	8D447C82B73E82AB82C83C727562798FF08C8F7C82B682E582A482AF82F13E82F03C7275627990DD92E87C82B982C182C482A23E82B582C482AD82BE82B382A28142	6F7572206F776E2072756C65732E00000000000000000000000000000000000000000000000000000000000000000000000000000000000000000000000000000000	<ruby好|す>きな<ruby条件|じょうけん>を<ruby設定|せってい>してください。	Set your own rules.
PRG/BTL.BIN	0x1E3160	826282	436861	ＣＯＭの<ruby強|つよ>さを<ruby変更|へんこう>できます。	Change COM strength.
PRG/BTL.BIN	0x1E3164	826C82CC3C727562798BAD7C82C282E63E82B382F03C7275627995CF8D587C82D682F182B182A43E82C582AB82DC82B78142	676520434F4D20737472656E6774682E00000000000000000000000000000000000000000000000000000000000000000000	ＣＯＭの<ruby強|つよ>さを<ruby変更|へんこう>できます。	Change COM strength.
PRG/BTL.BIN	0x1E31A0	3C72756279899C8B607C82A882A482AC3E82CC3C7275627993FC97CD8F9F95897C82C982E382A482E882E582AD82B582E582A482D43E82F03C7275627995CF8D587C82D682F182B182A43E82C582AB82DC82B78142	4368616E676520556C74696D617465204A7574737520636F6E74726F6C732E000000000000000000000000000000000000000000000000000000000000000000000000000000000000000000000000000000000000	<ruby奥義|おうぎ>の<ruby入力勝負|にゅうりょくしょうぶ>を<ruby変更|へんこう>できます。	Change Ultimate Jutsu controls.
PRG/BTL.BIN	0x1E3200	817782CD82A2817882F03C72756279914991F07C82B982F182BD82AD3E82C53C7275627990ED93AC7C82B982F182C682A43E82F03C727562798A4A8E6E7C82A982A282B53E82B582DC82B78142	53656C6563742059657320746F2073746172742074686520626174746C652E00000000000000000000000000000000000000000000000000000000000000000000000000000000000000000000	『はい』を<ruby選択|せんたく>で<ruby戦闘|せんとう>を<ruby開始|かいし>します。	Select Yes to start the battle.
PRG/BTL.BIN	0x1E3250	3C727562798FF08C8F7C82B682E582A482AF82F13E82AA825082C282E03C7275627990DD92E87C82B982C182C482A23E82B382EA82C482A282C882A282C582B78142	4E6F2072756C65732068617665206265656E207365742E00000000000000000000000000000000000000000000000000000000000000000000000000000000000000	<ruby条件|じょうけん>が１つも<ruby設定|せってい>されていないです。	No rules have been set.
PRG/BTL.BIN	0x1E32A0	82B782C582C93C7275627990DD92E88DCF7C82B982C182C482A282B83E82DD82C582B78142	416C7265616479207365742E00000000000000000000000000000000000000000000000000	すでに<ruby設定済|せっていず>みです。	Already set.
PRG/BTL.BIN	0x1E3370	8AEE967B8FF08C8F000000	42617369632052756C6573	基本条件	Basic Rules
PRG/BTL.BIN	0x1E3380	3C7275627995FB8CFC7C82D982A482B182A43E834C815B3C727562798DB689457C82B382E482A43E82C58262826E826C82CC3C727562798BAD7C82C282E63E82B382F03C7275627995CF8D587C82D682F182B182A43E82C582AB82DC82B78142	4368616E676520434F4D20737472656E6774682E00000000000000000000000000000000000000000000000000000000000000000000000000000000000000000000000000000000000000000000000000000000000000000000000000000000	<ruby方向|ほうこう>キー<ruby左右|さゆう>でＣＯＭの<ruby強|つよ>さを<ruby変更|へんこう>できます。	Change COM strength.
PRG/BTL.BIN	0x1E33F0	3C7275627995FB8CFC7C82D982A482B182A43E834C815B3C727562798DB689457C82B382E482A43E82C53C72756279899C8B607C82A882A482AC3E82CC3C7275627993FC97CD8F9F95897C82C982E382A482E882E582AD82B582E582A482D43E82F03C7275627995CF8D587C82D682F182B182A43E82C582AB82DC82B78142	4368616E676520556C74696D617465204A7574737520636F6E74726F6C732E000000000000000000000000000000000000000000000000000000000000000000000000000000000000000000000000000000000000000000000000000000000000000000000000000000000000000000000000000000000000000000000000	<ruby方向|ほうこう>キー<ruby左右|さゆう>で<ruby奥義|おうぎ>の<ruby入力勝負|にゅうりょくしょうぶ>を<ruby変更|へんこう>できます。	Change Ultimate Jutsu controls.
PRG/BTL.BIN	0x1E3470	82E282B382B582A2	4561737900000000	やさしい	Easy
PRG/BTL.BIN	0x1E34B8	83898393835F8380	52616E646F6D0000	ランダム	Random
PRG/BTL.BIN	0x1E34C8	8352837D83938368	436F6D6D616E6400	コマンド	Command
PRG/BTL.BIN	0x1E34D8	835E8343837E8393834F	54696D696E6700000000	タイミング	Timing
PRG/BTL.BIN	0x1E3510	82A83C728EE88C798FF08C8F7C82C482AA82E982B682E582A482AF82F13E8250	456173792052756C657320310000000000000000000000000000000000000000	お<r手軽条件|てがるじょうけん>１	Easy Rules 1
PRG/BTL.BIN	0x1E3540	82A83C728EE88C798FF08C8F7C82C482AA82E982B682E582A482AF82F13E8251	456173792052756C657320320000000000000000000000000000000000000000	お<r手軽条件|てがるじょうけん>２	Easy Rules 2
PRG/BTL.BIN	0x1E3570	82A83C728EE88C798FF08C8F7C82C482AA82E982B682E582A482AF82F13E8252	456173792052756C657320330000000000000000000000000000000000000000	お<r手軽条件|てがるじょうけん>３	Easy Rules 3
PRG/BTL.BIN	0x1E35A0	3C7296B38F6497CD90ED93AC7C82DE82B682E382A482E882E582AD82B982F182C682A43E	5765696768746C65737320426174746C6500000000000000000000000000000000000000	<r無重力戦闘|むじゅうりょくせんとう>	Weightless Battle
PRG/BTL.BIN	0x1E35D0	3C7291AC93788DB77C82BB82AD82C782B33E82AA3C728C837C82CD82B03E82B582A23C728FF391D47C82B682E582A482BD82A23E82C53C7290ED93AC7C82B982F182C682A43E	5661737420537065656420646966666572656E636500000000000000000000000000000000000000000000000000000000000000000000000000000000000000000000000000	<r速度差|そくどさ>が<r激|はげ>しい<r状態|じょうたい>で<r戦闘|せんとう>	Vast Speed difference
PRG/BTL.BIN	0x1E3620	3C7291E57C82BE82A23E835F8381815B835782C982DF82B082B882C93C7290ED93AC7C82B982F182C682A43E	4E6F206D616A6F722064616D6167650000000000000000000000000000000000000000000000000000000000	<r大|だい>ダメージにめげずに<r戦闘|せんとう>	No major damage
PRG/BTL.BIN	0x1E3650	3C728BC98CC090ED93AC7C82AB82E582AD82B082F182B982F182C682A43E	4C696D6974656420426174746C6500000000000000000000000000000000	<r極限戦闘|きょくげんせんとう>	Limited Battle
PRG/BTL.BIN	0x1E3960	3C72917390E27C82BB82A482BA82C23E8354836F8343836F838B	537572766976616C000000000000000000000000000000000000	<r壮絶|そうぜつ>サバイバル	Survival
PRG/BTL.BIN	0x1E3AA0	834E838A83413C7295F18F567C82D982A482B582E382A43E	436C65617220526577617264000000000000000000000000	クリア<r報酬|ほうしゅう>	Clear Reward
PRG/BTL.BIN	0x1E5550	3C7293477C82C482AB3E82CD3C7294458F707C82C982F182B682E382C23E82C982C43C728D557C82B93E82DF82E982D782B5	41747461636B2074686520656E656D792077697468204E696E6A757473750000000000000000000000000000000000000000	<r敵|てき>は<r忍術|にんじゅつ>にて<r攻|せ>めるべし	Attack the enemy with Ninjutsu
PRG/BTL.BIN	0x1E5590	3C7293477C82C482AB3E82CD3C72899C8B607C82A882A482AC3E82C982C43C728D557C82B93E82DF82E982D782B5	41747461636B2074686520656E656D79207769746820556C74696D617465204A7574737500000000000000000000	<r敵|てき>は<r奥義|おうぎ>にて<r攻|せ>めるべし	Attack the enemy with Ultimate Jutsu
PRG/BTL.BIN	0x1E55C0	3C7293477C82C482AB3E82CD3C7298418C578D558C827C82EA82F182AF82A282B182A482B082AB3E82C982C43C728D557C82B93E82DF82E982D782B5	41747461636B2074686520656E656D792077697468204C696E6B65642061747461636B73000000000000000000000000000000000000000000000000	<r敵|てき>は<r連係攻撃|れんけいこうげき>にて<r攻|せ>めるべし	Attack the enemy with Linked attacks
PRG/BTL.BIN	0x1E5600	3C7295CF7C82A93E82ED82E83C7290677C82DD3E82C982C43C7293477C82C482AB3E82F03C728B5C7C82A082B482DE3E82AD82D782B5	446563656976652074686520656E656D79207573696E6720537562737469747574696F6E204A75747375000000000000000000000000	<r変|か>わり<r身|み>にて<r敵|てき>を<r欺|あざむ>くべし	Deceive the enemy using Substitution Jutsu
PRG/BTL.BIN	0x1E5640	3C7292C77C82A83E82A23C7293A27C82A43E82BF82C982C43C	5075727375652074686520656E656D79207769746820457874	<r追|お>い<r討|う>ちにて<r敵|てき>を<r追撃|ついげき>すべし	Pursue the enemy with Extra Hit attacks 
PRG/BTL.BIN	0x1E565A	93477C82C482AB3E82F03C7292C78C827C82C282A282B082AB3E82B782D782B5	61204869742061747461636B7320000000000000000000000000000000000000	<r追|お>い<r討|う>ちにて<r敵|てき>を<r追撃|ついげき>すべし	Pursue the enemy with Extra Hit attacks 
PRG/BTL.BIN	0x1E5680	3C72984191B17C82EA82F182BC82AD3E3C728D558C827C82B182A482B082AB3E82C982C43C7293477C82C482AB3E82F03C7288B3937C7C82A082C182C682A43E82B782E982D782B5	4F7665727768656C6D2074686520656E656D79207769746820636F6E73656375746976652061747461636B7300000000000000000000000000000000000000000000000000000000	<r連続|れんぞく><r攻撃|こうげき>にて<r敵|てき>を<r圧倒|あっとう>するべし	Overwhelm the enemy with consecutive attacks
PRG/BTL.BIN	0x1E56D0	3C7293C18EEA94458BEF7C82C682AD82B582E382C982F182AE3E82F03C7297707C82E082BF3E82A282C43C728D557C82B93E82DF82E982D782B5	41747461636B2077697468205370656369616C204E696E6A6120546F6F6C00000000000000000000000000000000000000000000000000000000	<r特殊忍具|とくしゅにんぐ>を<r用|もち>いて<r攻|せ>めるべし	Attack with Special Ninja Tool
PRG/BTL.BIN	0x1E5710	3C7293477C82C482AB3E82CD3C72916691817C82B782CE82E23E82AD3C7294728F9C7C82CD82A282B682E53E82B782D782B5	4465666561742074686520656E656D7920717569636B6C790000000000000000000000000000000000000000000000000000	<r敵|てき>は<r素早|すばや>く<r排除|はいじょ>すべし	Defeat the enemy quickly
PRG/BTL.BIN	0x1E5750	3C728CC87C82A882CC82EA3E82CC3C7291CC97CD7C82BD82A282E882E582AD3E82CD3C7289B791B67C82A882F182BC82F13E82B782D782B5	436F6E736572766520796F7572206865616C7468000000000000000000000000000000000000000000000000000000000000000000000000	<r己|おのれ>の<r体力|たいりょく>は<r温存|おんぞん>すべし	Conserve your health
PRG/BTL.BIN	0x1E5790	3C728BAD8ED27C82C282ED82E082CC3E82F03C7291C57C82A43E82BF3C72946A7C82E282D43E82E982D782B5	446566656174206120706F77657266756C20656E656D79000000000000000000000000000000000000000000	<r強者|つわもの>を<r打|う>ち<r破|やぶ>るべし	Defeat a powerful enemy
PRG/BTL.BIN	0x1E57C0	3C7294E97C82D03E82DF82BD82E93C7297CD7C82BF82A982E73E82F03C7289F07C82C63E82AB3C7295FA7C82CD82C83E82C282D782B5	52656C6561736520796F75722068696464656E20706F7765720000000000000000000000000000000000000000000000000000000000	<r秘|ひ>めたる<r力|ちから>を<r解|と>き<r放|はな>つべし	Release your hidden power
PRG/BTL.BIN	0x1E5800	3C7292A794AD7C82BF82E582A482CD82C23E82F03C7288C87C82E03E82C182C43C7293477C82C482AB3E82F03C728E688C837C82B582B082AB3E82B782D782B5	5461756E742074686520656E656D7920696E746F20616374696F6E00000000000000000000000000000000000000000000000000000000000000000000000000	<r挑発|ちょうはつ>を<r以|も>って<r敵|てき>を<r刺激|しげき>すべし	Taunt the enemy into action
PRG/BTL.BIN	0x1E5850	3C7289F37C82B182ED3E82EA3C7295A87C82E082CC3E82F03C72946A89F37C82CD82A982A23E82B782D782B5	44657374726F7920627265616B61626C65206F626A6563747300000000000000000000000000000000000000	<r壊|こわ>れ<r物|もの>を<r破壊|はかい>すべし	Destroy breakable objects
PRG/BTL.BIN	0x1E5880	3C7293C18EEA7C82C682AD82B582E33E3C728FF08C8F7C82B682E582A482AF82F13E82F03C728AAE908B7C82A982F182B782A23E82B782D782B5	46756C66696C6C207370656369616C206F626A656374697665730000000000000000000000000000000000000000000000000000000000000000	<r特殊|とくしゅ><r条件|じょうけん>を<r完遂|かんすい>すべし	Fulfill special objectives
PRG/BTL.BIN	0x1E58C0	3C7293477C82C482AB3E82CC3C72899C8B607C82A882A482AC3E82F03C7291C57C82A43E82BF3C72946A7C82E282D43E82E982D782B5	4465666561742074686520656E656D79277320556C74696D617465204A75747375000000000000000000000000000000000000000000	<r敵|てき>の<r奥義|おうぎ>を<r打|う>ち<r破|やぶ>るべし	Defeat the enemy's Ultimate Jutsu
PRG/BTL.BIN	0x1E5900	3C728F707C82B682E382C23E82CC3C728BA37C82B93E82E83C728D877C82A03E82A282C982C43C728F9F97987C82B582E582A482E83E82B782D782B5	57696E20696E206120626174746C65206F66204E696E6A75747375000000000000000000000000000000000000000000000000000000000000000000	<r術|じゅつ>の<r競|せ>り<r合|あ>いにて<r勝利|しょうり>すべし	Win in a battle of Ninjutsu
PRG/BTL.BIN	0x1E5940	3C7293477C82C482AB3E82C93C	55736520536861646F77626C75	<r敵|てき>に<r残影|ざんえい>をもって<r挑|いど>むべし	Use Shadowblur against the enemy
PRG/BTL.BIN	0x1E594E	8E6389657C82B482F182A682A23E82F082E082C182C43C7292A77C82A282C73E82DE82D782B5	20616761696E73742074686520656E656D790000000000000000000000000000000000000000	<r敵|てき>に<r残影|ざんえい>をもって<r挑|いど>むべし	Use Shadowblur against the enemy
PRG/BTL.BIN	0x1E5980	83528393837B3C7290947C82B782A43E25	25312068697420636F6D626F20626F6E75	コンボ<r数|すう>%sHitボーナス	%1 hit combo bonus
PRG/BTL.BIN	0x1E5992	486974837B815B83698358	0000000000000000000000	コンボ<r数|すう>%sHitボーナス	%1 hit combo bonus
PRG/BTL.BIN	0x1E59A0	3C728F8A8E9D7C82B582E582B63E834183438365838025733C728CC27C82B13E837B815B83698358	2531206974656D73206361727269656420626F6E7573000000000000000000000000000000000000	<r所持|しょじ>アイテム%s<r個|こ>ボーナス	%1 items carried bonus
PRG/BTL.BIN	0x1E59D0	3C7294778C69946A89F37C82CD82A282AF82A282CD82A982A23E837B815B83698358	456E7669726F6E6D656E74206465737472756374696F6E20626F6E75730000000000	<r背景破壊|はいけいはかい>ボーナス	Environment destruction bonus
PRG/BTL.BIN	0x1E5A00	3C728E6389658F9F97987C82B482F182A682A282B582E582A482E83E837B815B83698358	536861646F77626C757220766963746F727920626F6E7573000000000000000000000000	<r残影勝利|ざんえいしょうり>ボーナス	Shadowblur victory bonus
PRG/BTL.BIN	0x1E5A30	3C72899C8B607C82A882A482AC3E837B815B83698358	556C74696D617465204A7574737520626F6E75730000	<r奥義|おうぎ>ボーナス	Ultimate Jutsu bonus
PRG/BTL.BIN	0x1E5A50	3C7293477C82C482AB3E2573834A8345839383673C7288C893E08C82946A7C82A282C882A282B082AB82CD3E837B815B83698358	456E656D792064656665617465642077697468696E2025312074696D657220636F756E747320626F6E7573000000000000000000	<r敵|てき>%sカウント<r以内撃破|いないげきは>ボーナス	Enemy defeated within %1 timer counts bonus
PRG/BTL.BIN	0x1E5AC0	834C83838389834E835E815B3C7291677C82AD3E82DD3C728D877C82A03E82ED82B9837B815B83698358	43686172616374657220636F6D62696E6174696F6E20626F6E7573000000000000000000000000000000	キャラクター<r組|く>み<r合|あ>わせボーナス	Character combination bonus
PRG/BTL.BIN	0x1E5AF0	3C7293C18EEA98418C578D558C827C82C682AD82B582E382EA82F182AF82A282B182A482B082AB3E2573486974837B815B83698358	253120686974207370656369616C206C696E6B65642061747461636B20626F6E757300000000000000000000000000000000000000	<r特殊連係攻撃|とくしゅれんけいこうげき>%sHitボーナス	%1 hit special linked attack bonus
PRG/BTL.BIN	0x1E5B30	3C7298418C5794458F707C82EA82F182AF82A282C982F182B682E382C23E2573486974837B815B83698358	253120686974206C696E6B6564204A7574737520626F6E7573000000000000000000000000000000000000	<r連係忍術|れんけいにんじゅつ>%sHitボーナス	%1 hit linked Jutsu bonus
PRG/BTL.BIN	0x1E5B60	3C7298418C57899C8B607C82EA82F182AF82A282A882A482AC3E2573486974837B815B83698358	253120686974206C696E6B656420556C74696D617465204A7574737520626F6E75730000000000	<r連係奥義|れんけいおうぎ>%sHitボーナス	%1 hit linked Ultimate Jutsu bonus
PRG/BTL.BIN	0x1E5BC0	834A83458393836700000000	74696D657220636F756E7473	カウント	timer counts
PRG/BTL.BIN	0x208A30	3C7291808DEC90DD92E87C82BB82A482B382B982C182C482A23E	436F6E74726F6C73000000000000000000000000000000000000	<r操作設定|そうさせってい>	Controls
PRG/BTL.BIN	0x208A50	3C728AEE967B91808DEC7C82AB82D982F182BB82A482B33E8352837D839383683C72955C7C82D082E582A43E	436F6D6D616E6420436861727400000000000000000000000000000000000000000000000000000000000000	<r基本操作|きほんそうさ>コマンド<r表|ひょう>	Command Chart
PRG/BTL.BIN	0x208A80	82	31	１Ｐコマンド<r表|ひょう>	1P Commands
PRG/BTL.BIN	0x208A82	826F8352837D839383683C72955C7C82D082E582A43E	20436F6D6D616E647300000000000000000000000000	１Ｐコマンド<r表|ひょう>	1P Commands
PRG/BTL.BIN	0x208AA0	8251826F8352837D839383683C72955C7C82D082E582A43E	325020436F6D6D616E647300000000000000000000000000	２Ｐコマンド<r表|ひょう>	2P Commands
PRG/BTL.BIN	0x208AF0	3C	50	<r練習設定|れんしゅうせってい>	Practice
PRG/BTL.BIN	0x208AF2	97FB8F4B90DD92E87C82EA82F182B582E382A482B982C182C482A23E	61637469636500000000000000000000000000000000000000000000	<r練習設定|れんしゅうせってい>	Practice
PRG/BTL.BIN	0x208B10	82A982F182BD82F13C72955C8EA67C82D082E582A482B63E3C7290DD92E87C82B982C182C482A23E	53696D706C6520446973706C61790000000000000000000000000000000000000000000000000000	かんたん<r表示|ひょうじ><r設定|せってい>	Simple Display
PRG/BTL.BIN	0x208B40	8341834383658380835883678362834E	4974656D2053746F636B000000000000	アイテムストック	Item Stock
PRG/BTL.BIN	0x208B60	3C72944396B17C82C982F182DE3E82CC3C728FF08C8F7C82B682E582A482AF82F13E	4D697373696F6E2052756C6573000000000000000000000000000000000000000000	<r任務|にんむ>の<r条件|じょうけん>	Mission Rules
PRG/BTL.BIN	0x208B90	834E838A83413C728FF08C8F7C82B682E582A482AF82F13E	436C65617220436F6E646974696F6E730000000000000000	クリア<r条件|じょうけん>	Clear Conditions
PRG/BTL.BIN	0x208BB0	8351815B83808382815B83683C72914991F07C82B982F182BD82AD3E82C93C7296DF7C82E082C73E82E9	4261636B20746F2047616D65204D6F64652053637265656E000000000000000000000000000000000000	ゲームモード<r選択|せんたく>に<r戻|もど>る	Back to Game Mode Screen
PRG/BTL.BIN	0x208BE0	834C83838389834E835E815B3C72914991F07C82B982F182BD82AD3E82C93C7296DF7C82E082C73E82E9	4261636B20746F204368617261637465722053656C656374000000000000000000000000000000000000	キャラクター<r選択|せんたく>に<r戻|もど>る	Back to Character Select
PRG/BTL.BIN	0x208C10	8371815B838D815B8382815B836882C93C7296DF7C82E082C73E82E9	4261636B20746F204865726F204D6F64650000000000000000000000	ヒーローモードに<r戻|もど>る	Back to Hero Mode
PRG/BTL.BIN	0x208C30	3C7291CE90ED7C82BD82A282B982F13E82F03C728F4997B97C82B582E382A482E882E582A43E82B782E9	5175697420626174746C6500000000000000000000000000000000000000000000000000000000000000	<r対戦|たいせん>を<r終了|しゅうりょう>する	Quit battle
PRG/BTL.BIN	0x208CA8	834C83838393835A838B	43616E63656C00000000	キャンセル	Cancel
PRG/BTL.BIN	0x208CF0	3C7291CE90ED7C82BD82A282B982F13E000000	5B535D51756974204672656520426174746C65	<r対戦|たいせん>	[S]Quit Free Battle
PRG/BTL.BIN	0x208D10	3C7297FB8F4B7C82EA82F182B582E382A43E	5B535D517569742050726163746963650000	<r練習|れんしゅう>	[S]Quit Practice
PRG/BTL.BIN	0x208D30	82F03C728F4997B97C82B582E382A482E882E582A43E82B582DC82B782AA814182E682EB82B582A282C582B782A981480A3C69636F6E43414E43454C3E834C83838393835A838B	5B535D51756974204672656520426174746C653F000000000000000000000000000000000000000000000000000000000000000000000000000000000000000000000000000000	"を<r終了|しゅうりょう>しますが、よろしいですか？
<iconCANCEL>キャンセル"	[S]Quit Free Battle?
PRG/BTL.BIN	0x208D80	82F03C728F4997B97C82B582E382A482E882E582A43E82B582C4	20616E642072657475726E20746F200000000000000000000000	を<r終了|しゅうりょう>して	 and return to 
PRG/BTL.BIN	0x208DA0	834C83838389834E835E815B3C72914991F07C82B982F182BD82AD3E	4368617261637465722053656C656374000000000000000000000000	キャラクター<r選択|せんたく>	Character Select
PRG/BTL.BIN	0x208DC0	8351815B83808382815B83683C72914991F07C82B982F182BD82AD3E	47616D65204D6F64652053656C656374000000000000000000000000	ゲームモード<r選択|せんたく>	Game Mode Select
PRG/BTL.BIN	0x208DE0	8371815B838D815B8382815B8368	4865726F204D6F64650000000000	ヒーローモード	Hero Mode
PRG/BTL.BIN	0x208DF0	82C93C7296DF7C82E082C73E82E882DC82B782AA81410A82E682EB82B582A282C582B782A9814881408140814081403C69636F6E43414E43454C3E834C83838393835A838B	3F0000000000000000000000000000000000000000000000000000000000000000000000000000000000000000000000000000000000000000000000000000000000000000	"に<r戻|もど>りますが、
よろしいですか？　　　　<iconCANCEL>キャンセル"	?
PRG/BTL.BIN	0x208E60	8369838B836583428381836283678341834E835A838B3C7293C693C17C82C782AD82C682AD3E82CC3C7291808DEC7C82BB82A482B33E82F00A3C7295AA7C82ED3E82A982E882E282B782AD3C72955C8EA67C82D082E582A482B63E82B782E93C7288D77C82BD82DF3E82CC3C728B40945C7C82AB82CC82A43E82C582B78142	41206665617475726520746F20646973706C617920746865207370656369616C20636F6E74726F6C7320666F72207468652067616D652E000000000000000000000000000000000000000000000000000000000000000000000000000000000000000000000000000000000000000000000000000000000000000000000000	"ナルティメットアクセル<r独特|どくとく>の<r操作|そうさ>を
<r分|わ>かりやすく<r表示|ひょうじ>する<r為|ため>の<r機能|きのう>です。"	A feature to display the special controls for the game.
PRG/BTL.BIN	0x208F70	83608383834E83898351815B83573C7288EB88C88FE37C82A282BF82A282B682E582A43E	4368616B726120476175676520312B000000000000000000000000000000000000000000	チャクラゲージ<r壱以上|いちいじょう>	Chakra Gauge 1+
PRG/BTL.BIN	0x208FA0	83608383834E83898351815B83573C7293F388C88FE37C82C982A282B682E582A43E	4368616B726120476175676520322B00000000000000000000000000000000000000	チャクラゲージ<r弐以上|にいじょう>	Chakra Gauge 2+
PRG/BTL.BIN	0x208FD0	83608383834E83898351815B83573C728E517C82B382F13E	4368616B7261204761756765203300000000000000000000	チャクラゲージ<r参|さん>	Chakra Gauge 3
PRG/BTL.BIN	0x208FF0	3C	47	<r地上|ちじょう><r投|な>げ	Ground Throw
PRG/BTL.BIN	0x208FF2	926E8FE37C82BF82B682E582A43E3C72938A7C82C83E82B0	6F756E64205468726F770000000000000000000000000000	<r地上|ちじょう><r投|な>げ	Ground Throw
PRG/BTL.BIN	0x209010	3C728BF392867C82AD82A482BF82E382A43E3C72938A7C82C83E82B0	416972205468726F7700000000000000000000000000000000000000	<r空中|くうちゅう><r投|な>げ	Air Throw
PRG/BTL.BIN	0x209030	83578383839383763C7292867C82BF82E382A43E82C9	5768696C65206A756D70696E67000000000000000000	ジャンプ<r中|ちゅう>に	While jumping
PRG/BTL.BIN	0x209050	83608383834E83893C728FC194EF7C82B582E582A482D03E	436F6E73756D65204368616B726100000000000000000000	チャクラ<r消費|しょうひ>	Consume Chakra
PRG/BTL.BIN	0x209070	3C7293967C82A03E82C43C7290678B5A7C82DD82ED82B43E	54616B6520446F776E730000000000000000000000000000	<r当|あ>て<r身技|みわざ>	Take Downs
PRG/BTL.BIN	0x209090	3C72984191C58B5A7C82EA82F182BE82ED82B43E	436F6D626F000000000000000000000000000000	<r連打技|れんだわざ>	Combo
PRG/BTL.BIN	0x2090B0	3C7297AD7C82BD3E82DF3C728B5A7C82ED82B43E	4368617267650000000000000000000000000000	<r溜|た>め<r技|わざ>	Charge
PRG/BTL.BIN	0x2090D0	3C728BF392867C82AD82A482BF82E382A43E3C72984191C58B5A7C82EA82F182BE82ED82B43E	41697220436F6D626F0000000000000000000000000000000000000000000000000000000000	<r空中|くうちゅう><r連打技|れんだわざ>	Air Combo
PRG/BTL.BIN	0x209100	3C728BF392867C82AD82A482BF82E382A43E3C7297AD7C82BD3E82DF3C728B5A7C82ED82B43E	4169722043686172676500000000000000000000000000000000000000000000000000000000	<r空中|くうちゅう><r溜|た>め<r技|わざ>	Air Charge
PRG/BTL.BIN	0x209130	83608383834E83893C728FC194EF7C82B582E582A482D03E815E3C7293967C82A03E82C43C7290678B5A7C82DD82ED82B43E	436F6E73756D65204368616B72612F54616B6520446F776E0000000000000000000000000000000000000000000000000000	チャクラ<r消費|しょうひ>／<r当|あ>て<r身技|みわざ>	Consume Chakra/Take Down
PRG/BTL.BIN	0x209170	83608383834E83893C728FC194EF7C82B582E582A482D03E815E3C7297AD7C82BD3E82DF3C728B5A7C82ED82B43E	436F6E73756D65204368616B72612F43686172676500000000000000000000000000000000000000000000000000	チャクラ<r消費|しょうひ>／<r溜|た>め<r技|わざ>	Consume Chakra/Charge
PRG/BTL.BIN	0x2091A0	83608383834E83893C728FC194EF7C82B582E582A482D03E815E3C72984191C58B5A7C82EA82F182BE82ED82B43E	436F6E73756D65204368616B72612F436F6D626F0000000000000000000000000000000000000000000000000000	チャクラ<r消費|しょうひ>／<r連打技|れんだわざ>	Consume Chakra/Combo
PRG/BTL.BIN	0x2091D0	3C7297AD7C82BD3E82DF3C728B5A7C82ED82B43E81403C728EE37C82B682E182AD3E	4368617267652D7765616B0000000000000000000000000000000000000000000000	<r溜|た>め<r技|わざ>　<r弱|じゃく>	Charge-weak
PRG/BTL.BIN	0x209200	3C7297AD7C82BD3E82DF3C728B5A7C82ED82B43E81403C728BAD7C82AB82E582A43E	4368617267652D7374726F6E67000000000000000000000000000000000000000000	<r溜|た>め<r技|わざ>　<r強|きょう>	Charge-strong
PRG/BTL.BIN	0x209230	815E3C728BF3928689C27C82AD82A482BF82E382A482A93E	2F4A756D70204F4B00000000000000000000000000000000	／<r空中可|くうちゅうか>	/Jump OK
PRG/BTL.BIN	0x209250	815E3C	2F4E6F	／<r通常奥義|つうじょうおうぎ>	/Nor. Ultimate Jutsu
PRG/BTL.BIN	0x209254	92CA8FED899C8B607C82C282A482B682E582A482A882A482AC3E	2E20556C74696D617465204A7574737500000000000000000000	／<r通常奥義|つうじょうおうぎ>	/Nor. Ultimate Jutsu
PRG/BTL.BIN	0x209270	815E3C728B74935D899C8B607C82AC82E182AD82C482F182A882A482AC3E	2F5265762E20556C74696D617465204A7574737500000000000000000000	／<r逆転奥義|ぎゃくてんおうぎ>	/Rev. Ultimate Jutsu
PRG/BTL.BIN	0x209290	815E3C728A6F90C1899C8B607C82A982AD82B982A282A882A482AC3E	2F41776B2E20556C74696D617465204A757473750000000000000000	／<r覚醒奥義|かくせいおうぎ>	/Awk. Ultimate Jutsu
PRG/BTL.BIN	0x2092B0	815E3C7298418C57899C8B607C82EA82F182AF82A282A882A482AC3E	2F4C6E6B2E20556C74696D617465204A757473750000000000000000	／<r連係奥義|れんけいおうぎ>	/Lnk. Ultimate Jutsu
PRG/BTL.BIN	0x209330	816983578383839383763C7292867C82BF82E382A43E816A	287768696C65206A756D70696E6729000000000000000000	（ジャンプ<r中|ちゅう>）	(while jumping)
PRG/BTL.BIN	0x209350	81	28	（<r相手|あいて>の<r前|まえ>で）	(in front of opponent)
PRG/BTL.BIN	0x209352	3C72918A8EE87C82A082A282C43E82CC3C72914F7C82DC82A63E82C5816A	6E2066726F6E74206F66206F70706F6E656E742900000000000000000000	（<r相手|あいて>の<r前|まえ>で）	(in front of opponent)
PRG/BTL.BIN	0x209380	3C728CE391A495FB8CFC7C82A482B582EB82AA82ED82D982A482B182A43E834C815B00	5B535D507265737320617761792066726F6D20666163696E6720646972656374696F6E	<r後側方向|うしろがわほうこう>キー	[S]Press away from facing direction
PRG/BTL.BIN	0x2093B0	81693C72918A8EE87C82A082A282C43E82CC3C728D558C827C82B182A482B082AB3E82CC3C7293967C82A03E82BD82E93C728F758AD47C82B582E382F182A982F13E816A	287269676874207768656E2067657474696E6720686974290000000000000000000000000000000000000000000000000000000000000000000000000000000000000000	（<r相手|あいて>の<r攻撃|こうげき>の<r当|あ>たる<r瞬間|しゅんかん>）	(right when getting hit)
PRG/BTL.BIN	0x209400	81693C72938A7C82C83E82B082E782EA82BD3C728E9E7C82C682AB3E81413C7292407C82BD82BD3E82AB3C7295747C82C23E82AF82E782EA82E93C728F758AD47C82B582E382F182A982F13E816A	287269676874207768656E2067657474696E67207468726F776E2F686974290000000000000000000000000000000000000000000000000000000000000000000000000000000000000000000000	（<r投|な>げられた<r時|とき>、<r叩|たた>き<r付|つ>けられる<r瞬間|しゅんかん>）	(right when getting thrown/hit)
PRG/BTL.BIN	0x209450	81693C	286469	（<r吹|ふ>っ<r飛|と>ばした<r方向|ほうこう>の<r方向|ほうこう>キー）	(directional button of the direction of your choice)
PRG/BTL.BIN	0x209454	90817C82D33E82C13C7294F27C82C63E82CE82B582BD3C7295FB8CFC7C82D982A482B182A43E82CC3C7295FB8CFC7C82D982A482B182A43E834C815B816A	656374696F6E616C20627574746F6E206F662074686520646972656374696F6E206F6620796F75722063686F696365290000000000000000000000000000	（<r吹|ふ>っ<r飛|と>ばした<r方向|ほうこう>の<r方向|ほうこう>キー）	(directional button of the direction of your choice)
PRG/BTL.BIN	0x2094A0	81693C72918A8EE87C82A082A282C43E82CC3C7292C77C82A83E82A23C7293A27C82A43E82BF3C728D558C827C82B182A482B082AB3E82AA3C7293967C82A03E82BD82E93C728F758AD47C82B582E382F182A982F13E816A	287269676874207768656E20726563656976696E6720616E20457874726120486974290000000000000000000000000000000000000000000000000000000000000000000000000000000000000000000000000000000000	（<r相手|あいて>の<r追|お>い<r討|う>ち<r攻撃|こうげき>が<r当|あ>たる<r瞬間|しゅんかん>）	(right when receiving an Extra Hit)
PRG/BTL.BIN	0x209500	816982B582CE82E782AD3C72899F7C82A83E82B7816A	28486F6C642900000000000000000000000000000000	（しばらく<r押|お>す）	(Hold)
PRG/BTL.BIN	0x209520	81693C72926E8FE37C82BF82B682E582A43E82C5816A	286F6E2067726F756E64290000000000000000000000	（<r地上|ちじょう>で）	(on ground)
PRG/BTL.BIN	0x209540	81693C728D8291AC88DA93AE7C82B182A482BB82AD82A282C782A43E82CC3C72918A8E4592867C82BB82A482B382A282BF82E382A43E82E23C728D558C827C82B182A482B082AB3E82CC3C72918A8E4592867C82BB82A482B382A282BF82E382A43E816A	2848696768205370656564204D6F766520616E642061747461636B206172652063616E63656C6C6564206F757429000000000000000000000000000000000000000000000000000000000000000000000000000000000000000000000000000000000000	（<r高速移動|こうそくいどう>の<r相殺中|そうさいちゅう>や<r攻撃|こうげき>の<r相殺中|そうさいちゅう>）	(High Speed Move and attack are cancelled out)
PRG/BTL.BIN	0x2095B0	8169837D836A83858341838B81463C728F6F8CBB8CE37C82B582E382C282B082F182B23E82E082A43C7288EA93787C82A282BF82C73E3C72899F7C82A83E82B782C63C728D558C827C82B182A482B082AB3E816A	284D616E75616C3A20507265737320616761696E206166746572206D6F766520746F2061747461636B29000000000000000000000000000000000000000000000000000000000000000000000000000000000000	（マニュアル：<r出現後|しゅつげんご>もう<r一度|いちど><r押|お>すと<r攻撃|こうげき>）	(Manual: Press again after move to attack)
PRG/BTL.BIN	0x209650	3C7298418C578D558C827C82EA82F182AF82A282B182A482B082AB3E	4C696E6B65642041747461636B000000000000000000000000000000	<r連係攻撃|れんけいこうげき>	Linked Attack
PRG/BTL.BIN	0x209670	83418343836583803C72914991F07C82B982F182BD82AD3E	4974656D2053656C65637400000000000000000000000000	アイテム<r選択|せんたく>	Item Select
PRG/BTL.BIN	0x209690	83418343836583803C728E6797707C82B582E682A43E	4974656D205573650000000000000000000000000000	アイテム<r使用|しよう>	Item Use
PRG/BTL.BIN	0x2096A8	8357838383938376	4A756D7000000000	ジャンプ	Jump
PRG/BTL.BIN	0x2096C0	3C7293F192697C82C982BE82F13E8357838383938376	446F75626C652D6A756D700000000000000000000000	<r二段|にだん>ジャンプ	Double-jump
PRG/BTL.BIN	0x2096E0	3C728D8291AC88DA93AE7C82B182A482BB82AD82A282C782A43E	48696768205370656564204D6F76650000000000000000000000	<r高速移動|こうそくいどう>	High Speed Move
PRG/BTL.BIN	0x209700	3C7294F27C82C63E82D13C7291DE7C82CC3E82AB	466C656500000000000000000000000000000000	<r飛|と>び<r退|の>き	Flee
PRG/BTL.BIN	0x209720	3C7295CF7C82A93E82ED82E83C7290677C82DD3E82CC3C728F707C82B682E382C23E816983608383834E83893C728FC194EF7C82B582E582A482D03E816A	537562737469747574696F6E204A757473752028436F6E73756D65204368616B726129000000000000000000000000000000000000000000000000000000	<r変|か>わり<r身|み>の<r術|じゅつ>（チャクラ<r消費|しょうひ>）	Substitution Jutsu (Consume Chakra)
PRG/BTL.BIN	0x209760	3C728EF37C82A43E82AF3C7290677C82DD3E	5265626F756E640000000000000000000000	<r受|う>け<r身|み>	Rebound
PRG/BTL.BIN	0x209780	3C7292C77C82A83E82A23C7293A27C82A43E82BF	4578747261204869740000000000000000000000	<r追|お>い<r討|う>ち	Extra Hit
PRG/BTL.BIN	0x2097A0	3C7292C77C82A83E82A23C7293A27C82A43E82BF3C7295D47C82AA82A63E82B5	45787472612048697420436F756E746572000000000000000000000000000000	<r追|お>い<r討|う>ち<r返|がえ>し	Extra Hit Counter
PRG/BTL.BIN	0x2097D0	83608383834E838982F082BD82DF82E9	43686172676500000000000000000000	チャクラをためる	Charge
PRG/BTL.BIN	0x2097F0	3C7292A794AD7C82BF82E582A482CD82C23E	5461756E7400000000000000000000000000	<r挑発|ちょうはつ>	Taunt
PRG/BTL.BIN	0x209810	3C72899C7C82A882AD3E82D63C728EB288DA93AE7C82B682AD82A282C782A43E	536964652D6A756D70204261636B000000000000000000000000000000000000	<r奥|おく>へ<r軸移動|じくいどう>	Side-jump Back
PRG/BTL.BIN	0x209840	3C728EE8914F7C82C482DC82A63E82D63C728EB288DA93AE7C82B682AD82A282C782A43E	536964652D6A756D7020466F727761726400000000000000000000000000000000000000	<r手前|てまえ>へ<r軸移動|じくいどう>	Side-jump Forward
PRG/BTL.BIN	0x209870	834B815B83683C	47756172642042	ガード<r崩|くず>し	Guard Break
PRG/BTL.BIN	0x209878	95F67C82AD82B83E82B5	65616B00000000000000	ガード<r崩|くず>し	Guard Break
PRG/BTL.BIN	0x209890	3C728E63896592C77C82B482F182A682A282A83E82A23C7293A27C82A43E82BF	536861646F77626C757220457874726120486974000000000000000000000000	<r残影追|ざんえいお>い<r討|う>ち	Shadowblur Extra Hit
PRG/BTL.BIN	0x209C80	82E282B382B582A2	4561737900000000	やさしい	Easy
PRG/BTL.BIN	0x209C90	82DE82B882A982B582A2	48617264000000000000	むずかしい	Hard
PRG/BTL.BIN	0x209CD0	8E679770957389C2	4E6F205573650000	使用不可	No Use
PRG/BTL.BIN	0x209CE0	83898393835F8380	52616E646F6D0000	ランダム	Random
PRG/BTL.BIN	0x209CF0	8352837D83938368	436F6D6D616E6400	コマンド	Command
PRG/BTL.BIN	0x209D00	835E8343837E8393834F	54696D696E6700000000	タイミング	Timing
PRG/BTL.BIN	0x209D28	834D838A834D838A	416C6D6F73740000	ギリギリ	Almost
PRG/BTL.BIN	0x209D48	837D836A83858341838B	4D616E75616C00000000	マニュアル	Manual
PRG/BTL.BIN	0x209D58	8357838383938376	4A756D7000000000	ジャンプ	Jump
PRG/BTL.BIN	0x209D68	93F192698357838383938376	446F75626C652D6A756D7000	二段ジャンプ	Double-jump
PRG/BTL.BIN	0x209D98	94F282D193B98BEF0000	50726F6A656374696C65	飛び道具	Projectile
PRG/BTL.BIN	0x209DA8	8D8291AC88DA93AE00000000000000	48696768205370656564204D6F7665	高速移動	High Speed Move
PRG/BTL.BIN	0x209DE0	93AE82A982C882A2	5374617900000000	動かない	Stay
PRG/BTL.BIN	0x209DF0	954B82B895D482B7	52657475726E0000	必ず返す	Return
PRG/BTL.BIN	0x209E00	8E67977082B582C882A2	446F6E27742075736500	使用しない	Don't use
PRG/BTL.BIN	0x209E20	81753C728E679770957389C27C82B582E682A482D382A93E817682CD81413C72899C8B607C82A882A482AC3E82AA3C728E677C82C282A93E82A682C882AD82C882E982CC82C53C72928D88D37C82BF82E382A482A23E82B582C482AD82BE82B382A28142	4E6F205573653A20556C74696D617465204A757473752063616E6E6F7420626520757365642E0000000000000000000000000000000000000000000000000000000000000000000000000000000000000000000000000000000000000000000000000000	「<r使用不可|しようふか>」は、<r奥義|おうぎ>が<r使|つか>えなくなるので<r注意|ちゅうい>してください。	No Use: Ultimate Jutsu cannot be used.
PRG/BTL.BIN	0x209E90	817583898393835F8380817682C982B782E982C63C7293FC97CD8F9F95897C82C982E382A482E882E582AD82B582E582A482D43E82CC3C7295FB96407C82D982A482D982A43E82AA3C72968889F195CF89BB7C82DC82A282A982A282D682F182A93E82B582DC82B78142	52616E646F6D3A20436F6E74726F6C73206368616E67652065766572792074696D652E0000000000000000000000000000000000000000000000000000000000000000000000000000000000000000000000000000000000000000000000000000000000000000000000	「ランダム」にすると<r入力勝負|にゅうりょくしょうぶ>の<r方法|ほうほう>が<r毎回変化|まいかいへんか>します。	Random: Controls change every time.
PRG/BTL.BIN	0x209F00	81758352837D83938368817682C982B782E982C6837B835E839382CC3C7293FC97CD8F9F95897C82C982E382A482E882E582AD82B582E582A482D43E82C982C882E882DC82B78142	436F6D6D616E643A204120627574746F6E2D7072657373696E6720636F6D7065746974696F6E2E000000000000000000000000000000000000000000000000000000000000000000	「コマンド」にするとボタンの<r入力勝負|にゅうりょくしょうぶ>になります。	Command: A button-pressing competition.
PRG/BTL.BIN	0x209F50	8175835E8343837E8393834F817682C982B782E982C6837B835E839382F0835E8343837E8393834F3C7297C77C82E63E82AD3C72899F7C82A83E82B73C728F9F95897C82B582E582A482D43E82C982C882E882DC82B78142	54696D696E673A2050726573732074686520627574746F6E7320696E20676F6F642074696D696E672E0000000000000000000000000000000000000000000000000000000000000000000000000000000000000000000000	「タイミング」にするとボタンをタイミング<r良|よ>く<r押|お>す<r勝負|しょうぶ>になります。	Timing: Press the buttons in good timing.
PRG/BTL.BIN	0x209FB0	81	54	「<r回転|かいてん>」にすると<r左|ひだり>スティック、もしくは<r右|みぎ>スティックの<r回転数勝負|かいてんすうしょうぶ>になります。	Turn: A turning competition using the left analog stick and right analog stick.
PRG/BTL.BIN	0x209FB2	3C7289F1935D7C82A982A282C482F13E817682C982B782E982C63C728DB67C82D082BE82E83E8358836583428362834E814182E082B582AD82CD3C7289457C82DD82AC3E8358836583428362834E82CC3C7289F1935D90948F9F95897C82A982A282C482F182B782A482B582E582A482D43E82C982C882E882DC82B78142	726E3A2041207475726E696E6720636F6D7065746974696F6E207573696E6720746865206C65667420616E616C6F6720737469636B20616E6420726967687420616E616C6F6720737469636B2E00000000000000000000000000000000000000000000000000000000000000000000000000000000000000000000000000	「<r回転|かいてん>」にすると<r左|ひだり>スティック、もしくは<r右|みぎ>スティックの<r回転数勝負|かいてんすうしょうぶ>になります。	Turn: A turning competition using the left analog stick and right analog stick.
PRG/BTL.BIN	0x20A040	81753C72984191C57C82EA82F182BE3E817682C982B782E982C6837B835E839382CC3C72984191C58F9F95897C82EA82F182BE82B582E582A482D43E82C982C882E882DC82B78142	436F6D626F3A204120627574746F6E2D6D617368696E6720636F6D7065746974696F6E2E000000000000000000000000000000000000000000000000000000000000000000000000	「<r連打|れんだ>」にするとボタンの<r連打勝負|れんだしょうぶ>になります。	Combo: A button-mashing competition.
PRG/BTL.BIN	0x20A0B0	81753C7292CA8FED7C82C282A482B682E582A43E817682C982B782E982C63C7288EA92E88E9E8AD47C82A282C182C482A282B682A982F13E82C53C7291CC97CD7C82BD82A282E882E582AD3E82AA3C72915389F1959C7C82BA82F182A982A282D382AD3E82B582DC82B78142	4E6F726D616C3A204865616C7468207265636F766572732061667465722061207365742074696D652E00000000000000000000000000000000000000000000000000000000000000000000000000000000000000000000000000000000000000000000000000000000000000	「<r通常|つうじょう>」にすると<r一定時間|いっていじかん>で<r体力|たいりょく>が<r全回復|ぜんかいふく>します。	Normal: Health recovers after a set time.
PRG/BTL.BIN	0x20A120	81753C7294BC95AA7C82CD82F182D482F13E817682C982B782E982C63C7288EA92E88E9E8AD47C82A282C182C482A282B682A982F13E82C53C7291CC97CD7C82BD82A282E882E582AD3E82AA3C7294BC95AA7C82CD82F182D482F13E82DC82C53C7289F1959C7C82A982A282D382AD3E82B582DC82B78142	48616C663A204865616C74682068616C66776179207265636F766572732061667465722061207365742074696D652E00000000000000000000000000000000000000000000000000000000000000000000000000000000000000000000000000000000000000000000000000000000000000000000000000	「<r半分|はんぶん>」にすると<r一定時間|いっていじかん>で<r体力|たいりょく>が<r半分|はんぶん>まで<r回復|かいふく>します。	Half: Health halfway recovers after a set time.
PRG/BTL.BIN	0x20A1A0	8175834D838A834D838A817682C982B782E982C63C728FED7C82C282CB3E82C93C7291CC97CD7C82BD82A282E882E582AD3E82AA834D838A834D838A82CC3C728FF391D47C82B682E582A482BD82A23E82C982C882E882DC82B78142	416C6D6F73743A204865616C746820616C7761797320776176657273206E65617220302E0000000000000000000000000000000000000000000000000000000000000000000000000000000000000000000000000000000000000000	「ギリギリ」にすると<r常|つね>に<r体力|たいりょく>がギリギリの<r状態|じょうたい>になります。	Almost: Health always wavers near 0.
PRG/BTL.BIN	0x20A210	91CE90ED8E9E8AD4	54696D6500000000	対戦時間	Time
PRG/BTL.BIN	0x20A220	83418343836583808F6F8CBB	4974656D7300000000000000	アイテム出現	Items
PRG/BTL.BIN	0x20A230	83608383834E8389	4368616B72610000	チャクラ	Chakra
PRG/BTL.BIN	0x20A240	836E839383668342834C838383628376	48616E64696361700000000000000000	ハンディキャップ	Handicap
PRG/BTL.BIN	0x20A280	3C	50	<r方向|ほうこう>キー<r左右|さゆう>で<r対戦時間|たいせんじかん>の<r変更|へんこう>ができます。	Press the left directional button or right directional button to change battle time.
PRG/BTL.BIN	0x20A282	95FB8CFC7C82D982A482B182A43E834C815B3C728DB689457C82B382E482A43E82C53C	65737320746865206C65667420646972656374696F6E616C20627574746F6E206F7220	<r方向|ほうこう>キー<r左右|さゆう>で<r対戦時間|たいせんじかん>の<r変更|へんこう>ができます。	Press the left directional button or right directional button to change battle time.
PRG/BTL.BIN	0x20A2A6	91CE90ED8E9E8AD47C82BD82A282B982F182B682A982F13E82CC3C7295CF8D587C82D682F182B182A43E82AA82C582AB82DC82B78142	6967687420646972656374696F6E616C20627574746F6E20746F206368616E676520626174746C652074696D652E0000000000000000	<r方向|ほうこう>キー<r左右|さゆう>で<r対戦時間|たいせんじかん>の<r変更|へんこう>ができます。	Press the left directional button or right directional button to change battle time.
PRG/BTL.BIN	0x20A2E0	3C	50	<r方向|ほうこう>キー<r左右|さゆう>でＣＯＭの<r強|つよ>さを<r変更|へんこう>できます。	Press the left directional button or right directional button to change COM strength.
PRG/BTL.BIN	0x20A2E2	95FB8CFC7C82D982A482B182A43E834C815B3C728DB689457C82B382E482A43E82C58262826E826C82CC3C	65737320746865206C65667420646972656374696F6E616C20627574746F6E206F72207269676874206469	<r方向|ほうこう>キー<r左右|さゆう>でＣＯＭの<r強|つよ>さを<r変更|へんこう>できます。	Press the left directional button or right directional button to change COM strength.
PRG/BTL.BIN	0x20A30E	8BAD7C82C282E63E82B382F03C7295CF8D587C82D682F182B182A43E82C582AB82DC82B7814200	656374696F6E616C20627574746F6E20746F206368616E676520434F4D20737472656E6774682E	<r方向|ほうこう>キー<r左右|さゆう>でＣＯＭの<r強|つよ>さを<r変更|へんこう>できます。	Press the left directional button or right directional button to change COM strength.
PRG/BTL.BIN	0x20A340	3C	50	<r方向|ほうこう>キー<r左右|さゆう>でアイテムの<r出現率|しゅつげんりつ>が<r変更|へんこう>できます。　　　　　<r多|おお>めにすると、いつもよりゲーム<r中|ちゅう>に<r出現|しゅつげん>するアイテムの<r数|かず>が<r多|おお>くなります。	Press the left directional button or right directional button to change frequency of item appearance. Set to More to make items appear more frequently than usual.
PRG/BTL.BIN	0x20A342	95FB8CFC7C82D982A482B182A43E834C815B3C728DB689457C82B382E482A43E82C5834183438365838082CC3C728F6F8CBB97A67C82B582E382C282B082F182E882C23E82AA3C	65737320746865206C65667420646972656374696F6E616C20627574746F6E206F7220726967687420646972656374696F6E616C20627574746F6E20746F206368616E67652066	<r方向|ほうこう>キー<r左右|さゆう>でアイテムの<r出現率|しゅつげんりつ>が<r変更|へんこう>できます。　　　　　<r多|おお>めにすると、いつもよりゲーム<r中|ちゅう>に<r出現|しゅつげん>するアイテムの<r数|かず>が<r多|おお>くなります。	Press the left directional button or right directional button to change frequency of item appearance. Set to More to make items appear more frequently than usual.
PRG/BTL.BIN	0x20A38A	95CF8D587C82D682F182B182A43E82C582AB82DC82B78142814081408140814081403C7291BD7C82A882A83E82DF82C982B782E982C6814182A282C282E082E682E88351815B83803C7292867C82BF82E382A43E82C93C728F6F8CBB7C82B582E382C282B082F13E82B782E9834183438365838082CC3C7290947C82A982B83E82AA3C7291BD7C82A882A83E82AD82C882E882DC82B78142	657175656E6379206F66206974656D20617070656172616E63652E2053657420746F204D6F726520746F206D616B65206974656D7320617070656172206D6F7265206672657175656E746C79207468616E20757375616C2E00000000000000000000000000000000000000000000000000000000000000000000000000000000000000000000000000000000000000000000000000000000	<r方向|ほうこう>キー<r左右|さゆう>でアイテムの<r出現率|しゅつげんりつ>が<r変更|へんこう>できます。　　　　　<r多|おお>めにすると、いつもよりゲーム<r中|ちゅう>に<r出現|しゅつげん>するアイテムの<r数|かず>が<r多|おお>くなります。	Press the left directional button or right directional button to change frequency of item appearance. Set to More to make items appear more frequently than usual.
PRG/BTL.BIN	0x20A430	3C	50	<r方向|ほうこう>キー<r左右|さゆう>で<r忍術|にんじゅつ>などを<r使用|しよう>した<r時|とき>に、チャクラが<r減|へ>るか<r減|へ>らないかを<r設定|せってい>できます。	Press the left directional button or right directional button to chose whether Chakra decreases or not when using Jutsu.
PRG/BTL.BIN	0x20A432	95FB8CFC7C82D982A482B182A43E834C815B3C728DB689457C82B382E482A43E82C53C	65737320746865206C65667420646972656374696F6E616C20627574746F6E206F7220	<r方向|ほうこう>キー<r左右|さゆう>で<r忍術|にんじゅつ>などを<r使用|しよう>した<r時|とき>に、チャクラが<r減|へ>るか<r減|へ>らないかを<r設定|せってい>できます。	Press the left directional button or right directional button to chose whether Chakra decreases or not when using Jutsu.
PRG/BTL.BIN	0x20A456	94458F707C82C982F182B682E382C23E82C882C782F03C728E6797707C82B582E682A43E82B582BD3C728E9E7C82C682AB3E82C9814183608383834E838982AA3C728CB87C82D63E82E982A93C728CB87C82D63E82E782C882A282A982F03C7290DD92E87C82B982C182C482A23E82C582AB82DC82B78142	6967687420646972656374696F6E616C20627574746F6E20746F2063686F73652077686574686572204368616B726120646563726561736573206F72206E6F74207768656E207573696E67204A757473752E0000000000000000000000000000000000000000000000000000000000000000000000000000	<r方向|ほうこう>キー<r左右|さゆう>で<r忍術|にんじゅつ>などを<r使用|しよう>した<r時|とき>に、チャクラが<r減|へ>るか<r減|へ>らないかを<r設定|せってい>できます。	Press the left directional button or right directional button to chose whether Chakra decreases or not when using Jutsu.
PRG/BTL.BIN	0x20A4D0	3C	50	<r方向|ほうこう>キー<r左右|さゆう>で<r奥義|おうぎ>の<r入力勝負|にゅうりょくしょうぶ>の<r切|き>り<r替|か>えなどが<r設定|せってい>できます。	Press the left directional button or right directional button to change Ultimate Jutsu controls.
PRG/BTL.BIN	0x20A4D2	95FB8CFC7C82D982A482B182A43E834C815B3C728DB689457C82B382E482A43E82C53C	65737320746865206C65667420646972656374696F6E616C20627574746F6E206F7220	<r方向|ほうこう>キー<r左右|さゆう>で<r奥義|おうぎ>の<r入力勝負|にゅうりょくしょうぶ>の<r切|き>り<r替|か>えなどが<r設定|せってい>できます。	Press the left directional button or right directional button to change Ultimate Jutsu controls.
PRG/BTL.BIN	0x20A4F6	899C8B607C82A882A482AC3E82CC3C7293FC97CD8F9F95897C82C982E382A482E882E582AD82B582E582A482D43E82CC3C7290D87C82AB3E82E83C7291D67C82A93E82A682C882C782AA3C7290DD92E87C82B982C182C482A23E82C582AB82DC82B78142	6967687420646972656374696F6E616C20627574746F6E20746F206368616E676520556C74696D617465204A7574737520636F6E74726F6C732E000000000000000000000000000000000000000000000000000000000000000000000000000000000000	<r方向|ほうこう>キー<r左右|さゆう>で<r奥義|おうぎ>の<r入力勝負|にゅうりょくしょうぶ>の<r切|き>り<r替|か>えなどが<r設定|せってい>できます。	Press the left directional button or right directional button to change Ultimate Jutsu controls.
PRG/BTL.BIN	0x20A560	3C	50	<r方向|ほうこう>キー<r左右|さゆう>でハンディキャップの<r設定|せってい>ができます。　　　　　<r赤|あか>いマークが<r多|おお>いほど、１Ｐが<r有利|ゆうり>。<r逆|ぎゃく>に<r青|あお>いマークが<r多|おお>いと２Ｐが<r有利|ゆうり>な<r設定|せってい>です。	Press the left directional button or right directional button to change handicap. More red marks means a better advantage for 1P. Blue marks are for 2P.
PRG/BTL.BIN	0x20A562	95FB8CFC7C82D982A482B182A43E834C815B3C728DB689457C82B382E482A43E82C5836E839383668342834C83838362837682CC3C7290DD92E87C82B982C182C482A23E82AA82C582AB82DC82B78142814081408140814081403C	65737320746865206C65667420646972656374696F6E616C20627574746F6E206F7220726967687420646972656374696F6E616C20627574746F6E20746F206368616E67652068616E64696361702E204D6F726520726564206D61	<r方向|ほうこう>キー<r左右|さゆう>でハンディキャップの<r設定|せってい>ができます。　　　　　<r赤|あか>いマークが<r多|おお>いほど、１Ｐが<r有利|ゆうり>。<r逆|ぎゃく>に<r青|あお>いマークが<r多|おお>いと２Ｐが<r有利|ゆうり>な<r設定|せってい>です。	Press the left directional button or right directional button to change handicap. More red marks means a better advantage for 1P. Blue marks are for 2P.
PRG/BTL.BIN	0x20A5BE	90D47C82A082A93E82A2837D815B834E82AA3C7291BD7C82A882A83E82A282D982C781418250826F82AA3C	6B73206D65616E7320612062657474657220616476616E7461676520666F722031502E20426C7565206D61	<r方向|ほうこう>キー<r左右|さゆう>でハンディキャップの<r設定|せってい>ができます。　　　　　<r赤|あか>いマークが<r多|おお>いほど、１Ｐが<r有利|ゆうり>。<r逆|ぎゃく>に<r青|あお>いマークが<r多|おお>いと２Ｐが<r有利|ゆうり>な<r設定|せってい>です。	Press the left directional button or right directional button to change handicap. More red marks means a better advantage for 1P. Blue marks are for 2P.
PRG/BTL.BIN	0x20A5EA	974C97987C82E482A482E83E81423C728B747C82AC82E182AD3E82C93C7290C27C82A082A83E82A2837D815B834E82AA3C7291BD7C82A882A83E82A282C68251826F82AA3C72974C97987C82E482A482E83E82C83C7290DD92E87C82B982C182C482A23E82C582B78142	6B732061726520666F722032502E0000000000000000000000000000000000000000000000000000000000000000000000000000000000000000000000000000000000000000000000000000000000000000000000000000000000000000000000000000000000000000	<r方向|ほうこう>キー<r左右|さゆう>でハンディキャップの<r設定|せってい>ができます。　　　　　<r赤|あか>いマークが<r多|おお>いほど、１Ｐが<r有利|ゆうり>。<r逆|ぎゃく>に<r青|あお>いマークが<r多|おお>いと２Ｐが<r有利|ゆうり>な<r設定|せってい>です。	Press the left directional button or right directional button to change handicap. More red marks means a better advantage for 1P. Blue marks are for 2P.
PRG/BTL.BIN	0x20A680	3C7291CE90ED90DD92E87C82BD82A282B982F182B982C182C482A23E82F0836683748348838B836782C93C7296DF7C82E082C73E82B582DC82B582BD8142	426174746C652053657474696E67732072657475726E656420746F2064656661756C74732E00000000000000000000000000000000000000000000000000	<r対戦設定|たいせんせってい>をデフォルトに<r戻|もど>しました。	Battle Settings returned to defaults.
PRG/BTL.BIN	0x20A748	98418C578D558C820000000000	4C696E6B65642041747461636B	連係攻撃	Linked Attack
PRG/BTL.BIN	0x20A758	98418C578382815B836800	4C696E6B6564204D6F6465	連係モード	Linked Mode
PRG/BTL.BIN	0x20A768	8352837D83938368955C8EA6	436F6D6D616E647300000000	コマンド表示	Commands
PRG/BTL.BIN	0x20A778	835F8381815B835797CA955C8EA6	44616D6167650000000000000000	ダメージ量表示	Damage
PRG/BTL.BIN	0x20A788	88C493E0944589B990BA00000000	5B535D477569646520536F756E64	案内忍音声	[S]Guide Sound
PRG/BTL.BIN	0x20A798	95CF82ED82E8906782CC8F70000000	5B535D537562737469747574696F6E	変わり身の術	[S]Substitution
PRG/BTL.BIN	0x20A7A8	92C782A293A282BF95D482B50000000000	45787472612048697420436F756E746572	追い討ち返し	Extra Hit Counter
PRG/BTL.BIN	0x20A810	3C	50	<r方向|ほうこう>キー<r左右|さゆう>でプレイヤーの<r体力|たいりょく>の<r状態|じょうたい>を<r設定|せってい>することができます。	Press the left directional button or right directional button to set players' Health.
PRG/BTL.BIN	0x20A812	95FB8CFC7C82D982A482B182A43E834C815B3C728DB689457C82B382E482A43E82C58376838C83438384815B82CC3C7291CC97CD7C82BD82A282E882E582AD3E82CC3C728FF391D47C82B682E582A482BD82A23E82F03C7290DD92E87C82B982C182C482A23E82B782E982B182C682AA82C582AB82DC82B78142	65737320746865206C65667420646972656374696F6E616C20627574746F6E206F7220726967687420646972656374696F6E616C20627574746F6E20746F2073657420706C617965727327204865616C74682E000000000000000000000000000000000000000000000000000000000000000000000000000000	<r方向|ほうこう>キー<r左右|さゆう>でプレイヤーの<r体力|たいりょく>の<r状態|じょうたい>を<r設定|せってい>することができます。	Press the left directional button or right directional button to set players' Health.
PRG/BTL.BIN	0x20A890	3C7295FB8CFC7C82D982A482B182A43E834C815B3C728DB689457C82B382E482A43E82C583608383834E838982AA3C728CB87C82D63E82E982A93C728CB87C82D63E82E782C882A282A982F03C7290DD92E87C82B982C182C482A23E82C582AB82DC82B78142	5B535D43686F6F7365206966204368616B726120646563726561736573207768656E207573696E67204A757473752E00000000000000000000000000000000000000000000000000000000000000000000000000000000000000000000000000000000000000	<r方向|ほうこう>キー<r左右|さゆう>でチャクラが<r減|へ>るか<r減|へ>らないかを<r設定|せってい>できます。	[S]Choose if Chakra decreases when using Jutsu.
PRG/BTL.BIN	0x20A900	3C	50	<r方向|ほうこう>キー<r左右|さゆう>でプレイヤーの<r連係|れんけい>ゲージの<r溜|た>まり<r方|かた>を<r設定|せってい>することができます。	Press the left directional button or right directional button to set how player's Link Gauge charges.
PRG/BTL.BIN	0x20A902	95FB8CFC7C82D982A482B182A43E834C815B3C728DB689457C82B382E482A43E82C58376838C83438384815B82CC3C7298418C577C82EA82F182AF82A23E8351815B835782CC3C7297AD7C82BD3E82DC82E83C7295FB7C82A982BD3E82F03C7290DD92E87C82B982C182C482A23E82B782E982B182C682AA82C582AB82DC82B78142	65737320746865206C65667420646972656374696F6E616C20627574746F6E206F7220726967687420646972656374696F6E616C20627574746F6E20746F2073657420686F7720706C617965722773204C696E6B20476175676520636861726765732E00000000000000000000000000000000000000000000000000000000000000	<r方向|ほうこう>キー<r左右|さゆう>でプレイヤーの<r連係|れんけい>ゲージの<r溜|た>まり<r方|かた>を<r設定|せってい>することができます。	Press the left directional button or right directional button to set how player's Link Gauge charges.
PRG/BTL.BIN	0x20A990	3C	50	<r方向|ほうこう>キー<r左右|さゆう>で<r連係|れんけい>の<r発動|はつどう>の<r仕方|しかた>を<r設定|せってい>することができます。	Press the left directional button or right directional button to determine how Linked moves are activated.
PRG/BTL.BIN	0x20A992	95FB8CFC7C82D982A482B182A43E834C815B3C728DB689457C82B382E482A43E82C53C	65737320746865206C65667420646972656374696F6E616C20627574746F6E206F7220	<r方向|ほうこう>キー<r左右|さゆう>で<r連係|れんけい>の<r発動|はつどう>の<r仕方|しかた>を<r設定|せってい>することができます。	Press the left directional button or right directional button to determine how Linked moves are activated.
PRG/BTL.BIN	0x20A9B6	98418C577C82EA82F182AF82A23E82CC3C7294AD93AE7C82CD82C282C782A43E82CC3C728E6495FB7C82B582A982BD3E82F03C7290DD92E87C82B982C182C482A23E82B782E982B182C682AA82C582AB82DC82B78142	6967687420646972656374696F6E616C20627574746F6E20746F2064657465726D696E6520686F77204C696E6B6564206D6F76657320617265206163746976617465642E000000000000000000000000000000000000	<r方向|ほうこう>キー<r左右|さゆう>で<r連係|れんけい>の<r発動|はつどう>の<r仕方|しかた>を<r設定|せってい>することができます。	Press the left directional button or right directional button to determine how Linked moves are activated.
PRG/BTL.BIN	0x20AA10	3C	50	<r方向|ほうこう>キー<r左右|さゆう>でアイテムの<r出現頻度|しゅつげんひんど>を<r設定|せってい>できます。	Press the left directional button or right directional button to determine how often items appear.
PRG/BTL.BIN	0x20AA12	95FB8CFC7C82D982A482B182A43E834C815B3C728DB689457C82B382E482A43E82C5834183438365838082CC3C728F6F8CBB957093787C82B582E382C282B082F182D082F182C73E82F03C7290DD92E87C82B982C182C482A23E82C582AB82DC82B78142	65737320746865206C65667420646972656374696F6E616C20627574746F6E206F7220726967687420646972656374696F6E616C20627574746F6E20746F2064657465726D696E6520686F77206F6674656E206974656D73206170706561722E00000000	<r方向|ほうこう>キー<r左右|さゆう>でアイテムの<r出現頻度|しゅつげんひんど>を<r設定|せってい>できます。	Press the left directional button or right directional button to determine how often items appear.
PRG/BTL.BIN	0x20AA80	3C	50	<r方向|ほうこう>キー<r左右|さゆう>でコマンドの<r表示|ひょうじ>をするか、しないかの<r設定|せってい>ができます。	Press the left directional button or right directional button to set whether to display commands.
PRG/BTL.BIN	0x20AA82	95FB8CFC7C82D982A482B182A43E834C815B3C728DB689457C82B382E482A43E82C58352837D8393836882CC3C72955C8EA67C82D082E582A482B63E82F082B782E982A9814182B582C882A282A982CC3C7290DD92E87C82B982C182C482A23E82AA82C582AB82DC82B78142	65737320746865206C65667420646972656374696F6E616C20627574746F6E206F7220726967687420646972656374696F6E616C20627574746F6E20746F20736574207768657468657220746F20646973706C617920636F6D6D616E64732E00000000000000000000000000	<r方向|ほうこう>キー<r左右|さゆう>でコマンドの<r表示|ひょうじ>をするか、しないかの<r設定|せってい>ができます。	Press the left directional button or right directional button to set whether to display commands.
PRG/BTL.BIN	0x20AAF0	3C	50	<r方向|ほうこう>キー<r左右|さゆう>で<r相手|あいて>に<r対|たい>するダメージ<r量|りょう>の<r表示|ひょうじ>をするか、しないかの<r設定|せってい>ができます。	Press the left directional button or right directional button to determine whether the damage inflicted is displayed for the opponent.
PRG/BTL.BIN	0x20AAF2	95FB8CFC7C82D982A482B182A43E834C815B3C728DB689457C82B382E482A43E82C53C	65737320746865206C65667420646972656374696F6E616C20627574746F6E206F7220	<r方向|ほうこう>キー<r左右|さゆう>で<r相手|あいて>に<r対|たい>するダメージ<r量|りょう>の<r表示|ひょうじ>をするか、しないかの<r設定|せってい>ができます。	Press the left directional button or right directional button to determine whether the damage inflicted is displayed for the opponent.
PRG/BTL.BIN	0x20AB16	918A8EE87C82A082A282C43E82C93C7291CE7C82BD82A23E82B782E9835F8381815B83573C7297CA7C82E882E582A43E82CC3C72955C8EA67C82D082E582A482B63E82F082B782E982A9814182B582C882A282A982CC3C7290DD92E87C82B982C182C482A23E82AA82C582AB82DC82B78142	6967687420646972656374696F6E616C20627574746F6E20746F2064657465726D696E652077686574686572207468652064616D61676520696E666C696374656420697320646973706C6179656420666F7220746865206F70706F6E656E742E000000000000000000000000000000000000	<r方向|ほうこう>キー<r左右|さゆう>で<r相手|あいて>に<r対|たい>するダメージ<r量|りょう>の<r表示|ひょうじ>をするか、しないかの<r設定|せってい>ができます。	Press the left directional button or right directional button to determine whether the damage inflicted is displayed for the opponent.
PRG/BTL.BIN	0x20AB90	3C	50	<r方向|ほうこう>キー<r左右|さゆう>でプラクティス<r中|ちゅう>の<r案内忍音声|あんないにんおんせい>の<r設定|せってい>をすることができます。	Press the left directional button or right directional button to set Guide Ninja Sound settings for practice.
PRG/BTL.BIN	0x20AB92	95FB8CFC7C82D982A482B182A43E834C815B3C728DB689457C82B382E482A43E82C583768389834E8365834283583C7292867C82BF82E382A43E82CC3C7288C493E0944589B990BA7C82A082F182C882A282C982F182A882F182B982A23E82CC3C7290DD92E87C82B982C182C482A23E82F082B782E982B182C682AA82C582AB82DC82B78142	65737320746865206C65667420646972656374696F6E616C20627574746F6E206F7220726967687420646972656374696F6E616C20627574746F6E20746F20736574204775696465204E696E6A6120536F756E642073657474696E677320666F722070726163746963652E000000000000000000000000000000000000000000000000000000	<r方向|ほうこう>キー<r左右|さゆう>でプラクティス<r中|ちゅう>の<r案内忍音声|あんないにんおんせい>の<r設定|せってい>をすることができます。	Press the left directional button or right directional button to set Guide Ninja Sound settings for practice.
PRG/BTL.BIN	0x20AC20	3C728FF391D47C82B682E582A482BD82A23E82AA81758262826E826C817682C93C7290DD92E87C82B982C182C482A23E82B382EA82C482A282E93C728E9E7C82C682AB3E82CC3C728BAD7C82C282E63E82B382F03C728E7792E87C82B582C482A23E82C582AB82DC82B78142	53657420737472656E67746820666F72207768656E20696E20434F4D206D6F64652E0000000000000000000000000000000000000000000000000000000000000000000000000000000000000000000000000000000000000000000000000000000000000000000000000000	<r状態|じょうたい>が「ＣＯＭ」に<r設定|せってい>されている<r時|とき>の<r強|つよ>さを<r指定|してい>できます。	Set strength for when in COM mode.
PRG/BTL.BIN	0x20AC90	3C728FF391D47C82B682E582A482BD82A23E82AA81753C7297A77C82BD3E82BF8145835783838393837681453C7293F192697C82C982BE82F13E8357838383938376817682C93C7290DD92E87C82B982C182C482A23E82B382EA82C482A282E93C728E9E7C82C682AB3E82CC3C728D558C827C82B182A482B082AB3E8370835E815B839382F03C728E7792E87C82B582C482A23E82C582AB82DC82B78142	536574207468652061747461636B207061747465726E20666F72207768656E207374617475732069732073657420746F3A205374616E642C204A756D70206F7220446F75626C652D6A756D702E000000000000000000000000000000000000000000000000000000000000000000000000000000000000000000000000000000000000000000000000000000000000000000000000000000000000000000	<r状態|じょうたい>が「<r立|た>ち・ジャンプ・<r二段|にだん>ジャンプ」に<r設定|せってい>されている<r時|とき>の<r攻撃|こうげき>パターンを<r指定|してい>できます。	Set the attack pattern for when status is set to: Stand, Jump or Double-jump.
PRG/BTL.BIN	0x20AD30	3C728FF391D47C82B682E582A482BD82A23E82AA81753C7297A77C82BD3E82BF8145835783838393837681453C7293F192697C82C982BE82F13E8357838383938376817682C93C7290DD92E87C82B982C182C482A23E82B382EA82C482A282E93C728E9E7C82C682AB3E82CC834B815B83688370835E815B839382F03C728E7792E87C82B582C482A23E82C582AB82DC82B78142	53657420746865206775617264207061747465726E20666F72207768656E207374617475732069732073657420746F3A205374616E642C204A756D70206F7220446F75626C652D6A756D702E000000000000000000000000000000000000000000000000000000000000000000000000000000000000000000000000000000000000000000000000000000000000000000000000	<r状態|じょうたい>が「<r立|た>ち・ジャンプ・<r二段|にだん>ジャンプ」に<r設定|せってい>されている<r時|とき>のガードパターンを<r指定|してい>できます。	Set the guard pattern for when status is set to: Stand, Jump or Double-jump.
PRG/BTL.BIN	0x20ADD0	3C728FF391D47C82B682E582A482BD82A23E82AA81753C7297A77C82BD3E82BF8145835783838393837681453C7293F192697C82C982BE82F13E8357838383938376817682C93C7290DD92E87C82B982C182C482A23E82B382EA82C482A282E93C728E9E7C82C682AB3E82CC3C728D7393AE7C82B182A482C782A43E8370835E815B839382F03C728E7792E87C82B582C482A23E82C582AB82DC82B78142	53657420746865206D6F76656D656E74207061747465726E20666F72207768656E20696E207374617475733A205374616E642C204A756D70206F7220446F75626C652D6A756D702E0000000000000000000000000000000000000000000000000000000000000000000000000000000000000000000000000000000000000000000000000000000000000000000000000000000000000000000000000000	<r状態|じょうたい>が「<r立|た>ち・ジャンプ・<r二段|にだん>ジャンプ」に<r設定|せってい>されている<r時|とき>の<r行動|こうどう>パターンを<r指定|してい>できます。	Set the movement pattern for when in status: Stand, Jump or Double-jump.
PRG/BTL.BIN	0x20AE70	3C728FF391D47C82B682E582A482BD82A23E82AA817582	53657420746865206672657175656E6379206F66205375	<r状態|じょうたい>が「ＣＯＭ」に<r設定|せってい>されている<r時|とき>の<r変|か>わり<r身|み>の<r術|じゅつ>の<r使用頻度|しようひんど>を<r指定|してい>できます。	Set the frequency of Substitution Jutsu when in COM mode.
PRG/BTL.BIN	0x20AE88	826E826C817682C93C7290DD92E87C82B982C182C482A23E82B382EA82C482A282E93C728E9E7C82C682AB3E82CC3C7295CF7C82A93E82ED82E83C7290677C82DD3E82CC3C728F707C82B682E382C23E82CC3C728E679770957093787C82B582E682A482D082F182C73E82F03C728E7792E87C82B582C482A23E82C582AB82DC82B78142	737469747574696F6E204A75747375207768656E20696E20434F4D206D6F64652E000000000000000000000000000000000000000000000000000000000000000000000000000000000000000000000000000000000000000000000000000000000000000000000000000000000000000000000000000000000000000000000000000000	<r状態|じょうたい>が「ＣＯＭ」に<r設定|せってい>されている<r時|とき>の<r変|か>わり<r身|み>の<r術|じゅつ>の<r使用頻度|しようひんど>を<r指定|してい>できます。	Set the frequency of Substitution Jutsu when in COM mode.
PRG/BTL.BIN	0x20AF10	3C728FF391D47C82B682E582A482BD82A23E82AA81753C728EE893AE7C82B582E382C782A43E81763C7288C88A4F7C82A282AA82A23E82C93C7290DD92E87C82B982C182C482A23E82B382EA82C482A282E93C728E9E7C82C682AB3E82CC3C7298418C578D558C827C82EA82F182AF82A282B182A482B082AB3E82CC3C728E679770957093787C82B582E682A482D082F182C73E82F03C728E7792E87C82B582C482A23E82C582AB82DC82B78142	53657420746865206672657175656E6379206F66204C696E6B65642041747461636B73207768656E206E6F7420696E204D616E75616C206D6F64652E000000000000000000000000000000000000000000000000000000000000000000000000000000000000000000000000000000000000000000000000000000000000000000000000000000000000000000000000000000000000000000000000000000000000000000000000000000000000	<r状態|じょうたい>が「<r手動|しゅどう>」<r以外|いがい>に<r設定|せってい>されている<r時|とき>の<r連係攻撃|れんけいこうげき>の<r使用頻度|しようひんど>を<r指定|してい>できます。	Set the frequency of Linked Attacks when not in Manual mode.
PRG/BTL.BIN	0x20AFC0	3C728FF391D47C82B682E582A482BD82A23E82AA81753C728EE893AE7C82B582E382C782A43E81763C	53657420746865206672657175656E6379206F66207468652045787472612048697420436F756E7465	<r状態|じょうたい>が「<r手動|しゅどう>」<r以外|いがい>に<r設定|せってい>されている<r時|とき>の<r追|お>い<r討|う>ち<r返|がえ>しの<r頻度|ひんど>を<r指定|してい>できます。	Set the frequency of the Extra Hit Counter when in the COM mode.
PRG/BTL.BIN	0x20AFEA	88C88A4F7C82A282AA82A23E82C93C7290DD92E87C82B982C182C482A23E82B382EA82C482A282E93C728E9E7C82C682AB3E82CC3C7292C77C82A83E82A23C7293A27C82A43E82BF3C7295D47C82AA82A63E82B582CC3C72957093787C82D082F182C73E82F03C728E7792E87C82B582C482A23E82C582AB82DC82B78142	207768656E20696E2074686520434F4D206D6F64652E0000000000000000000000000000000000000000000000000000000000000000000000000000000000000000000000000000000000000000000000000000000000000000000000000000000000000000000000000000000000000000000000000000000000000000	<r状態|じょうたい>が「<r手動|しゅどう>」<r以外|いがい>に<r設定|せってい>されている<r時|とき>の<r追|お>い<r討|う>ち<r返|がえ>しの<r頻度|ひんど>を<r指定|してい>できます。	Set the frequency of the Extra Hit Counter when in the COM mode.
PRG/BTL.BIN	0x20B0C0	3C7291CE90ED7C82BD82A282B982F13E3C72918A8EE87C82A082A282C43E82CC3C728FF391D47C82B682E582A482BD82A23E82F03C728E7792E87C82B582C482A23E82C582AB82DC82B781423C728EE893AE7C82B582E382C782A43E82C582CD81413C7295CA7C82D782C23E82CC835283938367838D815B838982C53C7291808DEC7C82BB82A482B33E82B782E93C728E967C82B182C63E82AA82C582AB82DC82B78142	596F752063616E2075736520616E6F7468657220616E616C6F6720636F6E74726F6C6C657220284455414C53484F434BAE322920746F20696E70757420636F6D6D616E6473207768656E20696E204D616E75616C206D6F64652E0000000000000000000000000000000000000000000000000000000000000000000000000000000000000000000000000000000000000000000000000000000000000000000000000000	<r対戦|たいせん><r相手|あいて>の<r状態|じょうたい>を<r指定|してい>できます。<r手動|しゅどう>では、<r別|べつ>のコントローラで<r操作|そうさ>する<r事|こと>ができます。	You can use another analog controller (DUALSHOCK®2) to input commands when in Manual mode.
PRG/BTL.BIN	0x20B170	3C7291CE90ED7C82BD82A282B982F13E3C72918A8EE87C82A082A282C43E82CC3C728FF391D47C82B682E582A482BD82A23E82F03C728E7792E87C82B582C482A23E82C582AB82DC82B781428262826E826C82C582CD81418352839383738385815B835E82C63C7291CE90ED7C82BD82A282B982F13E82B782E93C728E967C82B182C63E82AA82C582AB82DC82B78142	596F752063616E20626174746C6520616761696E73742074686520636F6D7075746572207768656E20696E20434F4D206D6F64652E00000000000000000000000000000000000000000000000000000000000000000000000000000000000000000000000000000000000000000000000000000000000000000000000000000000000000000000000000000000000000	<r対戦|たいせん><r相手|あいて>の<r状態|じょうたい>を<r指定|してい>できます。ＣＯＭでは、コンピュータと<r対戦|たいせん>する<r事|こと>ができます。	You can battle against the computer when in COM mode.
PRG/BTL.BIN	0x20B210	3C7291CE90ED7C82BD82A282B982F13E3C72918A8EE87C82A082A282C43E82CC3C728FF391D47C82B682E582A482BD82A23E82F03C728E7792E87C82B582C482A23E82C582AB82DC82B781423C7297A77C82BD3E82BF82C582CD81413C7297A77C82BD3E82C182BD3C728FF391D47C82B682E582A482BD82A23E82C53C7289BA8B4C7C82A982AB3E82C53C728E7792E87C82B582C482A23E82B582BD3C728D7393AE7C82B182A482C782A43E82F082B582DC82B78142	434F4D2077696C6C206D616B652074686520666F6C6C6F77696E67207374616E64696E67206D6F76656D656E7473207768656E20696E205374616E64206D6F64652E0000000000000000000000000000000000000000000000000000000000000000000000000000000000000000000000000000000000000000000000000000000000000000000000000000000000000000000000000000000000000000000000000000000000000000000000000000000000000000	<r対戦|たいせん><r相手|あいて>の<r状態|じょうたい>を<r指定|してい>できます。<r立|た>ちでは、<r立|た>った<r状態|じょうたい>で<r下記|かき>で<r指定|してい>した<r行動|こうどう>をします。	COM will make the following standing movements when in Stand mode.
PRG/BTL.BIN	0x20B2D0	3C7291CE90ED7C82BD82A282B982F13E3C72918A8EE87C82A082A282C43E82CC3C728FF391D47C82B682E582A482BD82A23E82F03C728E7792E87C82B582C482A23E82C582AB82DC82B78142835783838393837682C582CD8141835783838393837682B582C882AA82E73C7289BA8B4C7C82A982AB3E82C53C728E7792E87C82B582C482A23E82B582BD3C728D7393AE7C82B182A482C782A43E82F082B582DC82B78142	434F4D2077696C6C206D616B652074686520666F6C6C6F77696E67207374616E64696E67206D6F76656D656E7473207768656E20696E204A756D70206D6F64652E000000000000000000000000000000000000000000000000000000000000000000000000000000000000000000000000000000000000000000000000000000000000000000000000000000000000000000000000000000000000000000000000000000	<r対戦|たいせん><r相手|あいて>の<r状態|じょうたい>を<r指定|してい>できます。ジャンプでは、ジャンプしながら<r下記|かき>で<r指定|してい>した<r行動|こうどう>をします。	COM will make the following standing movements when in Jump mode.
PRG/BTL.BIN	0x20B380	3C7291CE90ED7C82BD82A282B982F13E3C72918A8EE87C82A082A282C43E82CC3C728FF391D47C82B682E582A482BD82A23E82F03C728E7792E87C82B582C482A23E82C582AB82DC82B781423C7293F192697C82C982BE82F13E835783838393837682C582CD81413C7293F192697C82C982BE82F13E835783838393837682B582C882AA82E73C7289BA8B4C7C82A982AB3E82C53C728E7792E87C82B582C482A23E82B582BD3C728D7393AE7C82B182A482C782A43E82F082B582DC82B78142	434F4D2077696C6C206D616B652074686520666F6C6C6F77696E67207374616E64696E67206D6F76656D656E7473207768656E20696E204A756D70206D6F64652E00000000000000000000000000000000000000000000000000000000000000000000000000000000000000000000000000000000000000000000000000000000000000000000000000000000000000000000000000000000000000000000000000000000000000000000000000000000000000000000000000000000000000	<r対戦|たいせん><r相手|あいて>の<r状態|じょうたい>を<r指定|してい>できます。<r二段|にだん>ジャンプでは、<r二段|にだん>ジャンプしながら<r下記|かき>で<r指定|してい>した<r行動|こうどう>をします。	COM will make the following standing movements when in Jump mode.
PRG/BTL.BIN	0x20B468	91CE90ED918A8EE882CC90DD92E8000000	4F70706F6E656E742053657474696E6773	対戦相手の設定	Opponent Settings
PRG/BTL.BIN	0x20B4D0	3C	50	<r練習設定|れんしゅうせってい>をデフォルトに<r戻|もど>しました。	Practice settings returned to defaults.
PRG/BTL.BIN	0x20B4D2	97FB8F4B90DD92E87C82EA82F182B582E382A482B982C182C482A23E82F0836683748348838B836782C93C7296DF7C82E082C73E82B582DC82B582BD8142	6163746963652073657474696E67732072657475726E656420746F2064656661756C74732E00000000000000000000000000000000000000000000000000	<r練習設定|れんしゅうせってい>をデフォルトに<r戻|もど>しました。	Practice settings returned to defaults.
PRG/ETC.BIN	0x24F57	38	30	<color080860>コレクション<color000000>を<r終了|しゅうりょう>しますか？	<color000000>Quit <color080860>Collection<color000000>?
PRG/ETC.BIN	0x24F59	3836	3030	<color080860>コレクション<color000000>を<r終了|しゅうりょう>しますか？	<color000000>Quit <color080860>Collection<color000000>?
PRG/ETC.BIN	0x24F5D	8352838C834E8356838783933C636F6C6F723030303030303E82F03C728F4997B97C82B582E382A482E882E582A43E82B582DC82B782A98148	51756974203C636F6C6F723038303836303E436F6C6C656374696F6E3C636F6C6F723030303030303E3F000000000000000000000000000000	<color080860>コレクション<color000000>を<r終了|しゅうりょう>しますか？	<color000000>Quit <color080860>Collection<color000000>?
PRG/ETC.BIN	0x24F98	82A482B882DC82AB8369838B8367	4E617275746F20557A756D616B69	うずまきナルト	Naruto Uzumaki
PRG/ETC.BIN	0x24FB0	3C728F7496EC7C82CD82E982CC3E8354834E8389	53616B75726120486172756E6F00000000000000	<r春野|はるの>サクラ	Sakura Haruno
PRG/ETC.BIN	0x24FC8	82CD82BD82AF834A834A83560000	4B616B6173686920486174616B65	はたけカカシ	Kakashi Hatake
PRG/ETC.BIN	0x24FE0	3C7293FA8CFC7C82D082E382A482AA3E836C8357	4E656A6920487975676100000000000000000000	<r日向|ひゅうが>ネジ	Neji Hyuga
PRG/ETC.BIN	0x24FF8	838D8362834E8145838A815B	526F636B204C656500000000	ロック・リー	Rock Lee
PRG/ETC.BIN	0x25008	83	54	テンテン	Tenten
PRG/ETC.BIN	0x2500A	839383658393	6E74656E0000	テンテン	Tenten
PRG/ETC.BIN	0x25018	837D834383678145834B8343	4D6967687420477579000000	マイト・ガイ	Might Guy
PRG/ETC.BIN	0x25030	3C7293DE97C77C82C882E73E8356834A837D838B	5368696B616D617275204E617261000000000000	<r奈良|なら>シカマル	Shikamaru Nara
PRG/ETC.BIN	0x25050	3C728F4893B97C82A082AB82DD82BF3E8360838783458357	43686F6A6920416B696D6963686900000000000000000000	<r秋道|あきみち>チョウジ	Choji Akimichi
PRG/ETC.BIN	0x25070	3C728E5292867C82E282DC82C882A93E82A282CC	496E6F2059616D616E616B610000000000000000	<r山中|やまなか>いの	Ino Yamanaka
PRG/ETC.BIN	0x25090	3C72898E94F27C82B382E982C682D13E83418358837D	4173756D612053617275746F62690000000000000000	<r猿飛|さるとび>アスマ	Asuma Sarutobi
PRG/ETC.BIN	0x250B0	3C728CA292CB7C82A282CA82C382A93E834C836F	4B69626120496E757A756B610000000000000000	<r犬塚|いぬづか>キバ	Kiba Inuzuka
PRG/ETC.BIN	0x250D0	3C7296FB8F977C82A082D482E782DF3E8356836D	5368696E6F2041627572616D6500000000000000	<r油女|あぶらめ>シノ	Shino Aburame
PRG/ETC.BIN	0x250F0	3C7293FA8CFC7C82D082E382A482AA3E83718369835E	48696E61746120487975676100000000000000000000	<r日向|ひゅうが>ヒナタ	Hinata Hyuga
PRG/ETC.BIN	0x25110	3C72975B93FA7C82E482A482D03E3C728D677C82AD82EA82C882A23E	4B7572656E6169205975686900000000000000000000000000000000	<r夕日|ゆうひ><r紅|くれない>	Kurenai Yuhi
PRG/ETC.BIN	0x25130	3C72959789657C82A982BA82A982B03E81453C7289E488A497857C834B834183893E	4B617A656B6167652047616172610000000000000000000000000000000000000000	<r風影|かぜかげ>・<r我愛羅|ガアラ>	Kazekage Gaara
PRG/ETC.BIN	0x25158	834A8393834E838D834500000000000000	4B616E6B75726F2028436C617373696329	カンクロウ	Kankuro (Classic)
PRG/ETC.BIN	0x25170	83608388836F834181	4772616E6E79204368	チヨバア（<r体術|たいじゅつ>）	Granny Chiyo (Taijutsu)
PRG/ETC.BIN	0x2517A	3C7291CC8F707C82BD82A282B682E382C23E816A	796F20285461696A757473752900000000000000	チヨバア（<r体術|たいじゅつ>）	Granny Chiyo (Taijutsu)
PRG/ETC.BIN	0x25190	82A482BF82CD8343835E836000	49746163686920556368696861	うちはイタチ	Itachi Uchiha
PRG/ETC.BIN	0x251A0	3C728AB18A608B538E4C7C82D982B582AA82AB834C835483813E	4B6973616D6520486F73686967616B6900000000000000000000	<r干柿鬼鮫|ほしがきキサメ>	Kisame Hoshigaki
PRG/ETC.BIN	0x251C0	83668343835F8389	4465696461726100	デイダラ	Deidara
PRG/ETC.BIN	0x251D0	8354835C838A81458371838B835200	5361736F72692028486972756B6F29	サソリ・ヒルコ	Sasori (Hiruko)
PRG/ETC.BIN	0x251E0	83608388836F834100000000	4772616E6E7920436869796F	チヨバア	Granny Chiyo
PRG/ETC.BIN	0x251F0	3C728EA9978896E77C82B682E782A282E23E	4A6972616979610000000000000000000000	<r自来也|じらいや>	Jiraiya
PRG/ETC.BIN	0x25208	3C728D6A8EE87C8363836983663E	5473756E61646500000000000000	<r綱手|ツナデ>	Tsunade
PRG/ETC.BIN	0x25220	3C	4F	<r大蛇丸|オロチまる>	Orochimaru
PRG/ETC.BIN	0x25222	91E58ED68ADB7C8349838D836082DC82E93E	6F6368696D61727500000000000000000000	<r大蛇丸|オロチまる>	Orochimaru
PRG/ETC.BIN	0x25240	3C7296F28E747C82E282AD82B53E834A83758367	4B616275746F2059616B75736869000000000000	<r薬師|やくし>カブト	Kabuto Yakushi
PRG/ETC.BIN	0x25258	82A482BF82CD83548358835000	536173756B6520556368696861	うちはサスケ	Sasuke Uchiha
PRG/ETC.BIN	0x25270	3C728BE394F691E68E6C8A6F90C18FF391D47C82AB82E382A482D182BE82A282E682F182A982AD82B982A282B682E582A482BD82A23E	4E696E652D5461696C656420466F75727468204177616B656E6564205374617465000000000000000000000000000000000000000000	<r九尾第四覚醒状態|きゅうびだいよんかくせいじょうたい>	Nine-Tailed Fourth Awakened State
PRG/ETC.BIN	0x252B0	8354835C838A81693C728EA995AA98F899537C82B682D482F182AD82AE82C23E816A	5361736F726920285075707065742900000000000000000000000000000000000000	サソリ（<r自分傀儡|じぶんくぐつ>）	Sasori (Puppet)
PRG/ETC.BIN	0x252E0	82A482B882DC82AB83	4E2E20557A756D616B	うずまきナルト（<r旧章|きゅうしょう>）	N. Uzumaki (Classic)
PRG/ETC.BIN	0x252EA	838B836781693C728B8C8FCD7C82AB82E382A482B582E582A43E816A	2028436C617373696329000000000000000000000000000000000000	うずまきナルト（<r旧章|きゅうしょう>）	N. Uzumaki (Classic)
PRG/ETC.BIN	0x25310	82A482BF82CD83548358835081693C728B8C8FCD7C82AB82E382A482B582E582A43E816A	532E205563686968612028436C6173736963290000000000000000000000000000000000	うちはサスケ（<r旧章|きゅうしょう>）	S. Uchiha (Classic)
PRG/ETC.BIN	0x25340	3C728F7496EC7C82CD82E982CC3E8354834E838981693C728B8C8FCD7C82AB82E382A482B582E582A43E816A	532E20486172756E6F2028436C61737369632900000000000000000000000000000000000000000000000000	<r春野|はるの>サクラ（<r旧章|きゅうしょう>）	S. Haruno (Classic)
PRG/ETC.BIN	0x25370	3C7293FA8CFC7C82D082E382A482AA3E836C835781693C728B8C8FCD7C82AB82E382A482B582E582A43E816A	4E656A692048797567612028436C617373696329000000000000000000000000000000000000000000000000	<r日向|ひゅうが>ネジ（<r旧章|きゅうしょう>）	Neji Hyuga (Classic)
PRG/ETC.BIN	0x253A0	838D8362834E8145838A815B81693C728B8C8FCD7C82AB82E382A482B582E582A43E816A	526F636B204C65652028436C617373696329000000000000000000000000000000000000	ロック・リー（<r旧章|きゅうしょう>）	Rock Lee (Classic)
PRG/ETC.BIN	0x253D0	83	54	テンテン（<r旧章|きゅうしょう>）	Tenten (Classic)
PRG/ETC.BIN	0x253D2	83938365839381693C728B8C8FCD7C82AB82E382A482B582E582A43E816A	6E74656E2028436C61737369632900000000000000000000000000000000	テンテン（<r旧章|きゅうしょう>）	Tenten (Classic)
PRG/ETC.BIN	0x25400	3C7293DE97C77C82C882E73E8356834A837D838B81693C728B8C8FCD7C82AB82E382A482B582E582A43E816A	532E204E6172612028436C617373696329000000000000000000000000000000000000000000000000000000	<r奈良|なら>シカマル（<r旧章|きゅうしょう>）	S. Nara (Classic)
PRG/ETC.BIN	0x25430	3C728F4893B97C82A082AB82DD82BF3E836083878345835781693C728B8C8FCD7C82AB82E382A482B582E582A43E816A	432E20416B696D696368692028436C617373696329000000000000000000000000000000000000000000000000000000	<r秋道|あきみち>チョウジ（<r旧章|きゅうしょう>）	C. Akimichi (Classic)
PRG/ETC.BIN	0x25470	3C728E5292867C82E282DC82C882A93E82A282CC81693C728B8C8FCD7C82AB82E382A482B582E582A43E816A	492E2059616D616E616B612028436C6173732E29000000000000000000000000000000000000000000000000	<r山中|やまなか>いの（<r旧章|きゅうしょう>）	I. Yamanaka (Class.)
PRG/ETC.BIN	0x254A0	3C728CA292CB7C82A282CA82C382A93E834C836F81693C728B8C8FCD7C82AB82E382A482B582E582A43E816A	4B2E20496E757A756B612028436C617373696329000000000000000000000000000000000000000000000000	<r犬塚|いぬづか>キバ（<r旧章|きゅうしょう>）	K. Inuzuka (Classic)
PRG/ETC.BIN	0x254D0	3C7296FB8F977C82A082D482E782DF3E8356836D81693C728B8C8FCD7C82AB82E382A482B582E582A43E816A	532E2041627572616D652028436C617373696329000000000000000000000000000000000000000000000000	<r油女|あぶらめ>シノ（<r旧章|きゅうしょう>）	S. Aburame (Classic)
PRG/ETC.BIN	0x25500	3C7293FA8CFC7C82D082E382A482AA3E83718369835E81693C728B8C8FCD7C82AB82E382A482B582E582A43E816A	482E2048797567612028436C61737369632900000000000000000000000000000000000000000000000000000000	<r日向|ひゅうが>ヒナタ（<r旧章|きゅうしょう>）	H. Hyuga (Classic)
PRG/ETC.BIN	0x25530	3C7293FA8CFC7C82D082E382A482AA3E836E83698372	48616E61626920487975676100000000000000000000	<r日向|ひゅうが>ハナビ	Hanabi Hyuga
PRG/ETC.BIN	0x25550	3C7296D87C82B13E836D3C7297748ADB7C82CD82DC82E93E3C728C5292637C82AE82F182BE82F13E	4B6F6E6F68616D617275204E53000000000000000000000000000000000000000000000000000000	<r木|こ>ノ<r葉丸|はまる><r軍団|ぐんだん>	Konohamaru NS
PRG/ETC.BIN	0x25580	82DD82BD82E782B5834183938352	416E6B6F204D6974617261736869	みたらしアンコ	Anko Mitarashi
PRG/ETC.BIN	0x25590	3C728F8991E389CE89657C82B582E582BE82A282D982A982B03E	54686520466972737420486F6B61676500000000000000000000	<r初代火影|しょだいほかげ>	The First Hokage
PRG/ETC.BIN	0x255B0	3C7293F191E396DA89CE89657C82C982BE82A282DF82D982A982B03E	546865205365636F6E6420486F6B6167650000000000000000000000	<r二代目火影|にだいめほかげ>	The Second Hokage
PRG/ETC.BIN	0x255D0	3C728E4F91E396DA89CE89657C82B382F182BE82A282DF82D982A982B03E	54686520546869726420486F6B6167650000000000000000000000000000	<r三代目火影|さんだいめほかげ>	The Third Hokage
PRG/ETC.BIN	0x255F0	3C7289A990467C82AB82A282EB3E82A23C72914D8CF57C82B982F182B182A43E	5468652059656C6C6F7720466C61736800000000000000000000000000000000	<r黄色|きいろ>い<r閃光|せんこう>	The Yellow Flash
PRG/ETC.BIN	0x25620	3C728DBBE0657C82B382CE82AD3E82CC3C7289E488A497857C834B834183893E81693C728B8C8FCD7C82AB82E382A482B582E582A43E816A	47616172612028436C6173736963290000000000000000000000000000000000000000000000000000000000000000000000000000000000	<r砂瀑|さばく>の<r我愛羅|ガアラ>（<r旧章|きゅうしょう>）	Gaara (Classic)
PRG/ETC.BIN	0x25660	834A8393834E838D834581693C728B8C8FCD7C82AB82E382A482B582E582A43E816A	4B616E6B75726F2028436C6173736963290000000000000000000000000000000000	カンクロウ（<r旧章|きゅうしょう>）	Kankuro (Classic)
PRG/ETC.BIN	0x25690	83	54	テマリ（<r旧章|きゅうしょう>）	Temari (Classic)
PRG/ETC.BIN	0x25692	837D838A81693C728B8C8FCD7C82AB82E382A482B582E582A43E816A	6D6172692028436C6173736963290000000000000000000000000000	テマリ（<r旧章|きゅうしょう>）	Temari (Classic)
PRG/ETC.BIN	0x256B0	3C728C4E968398437C834C837E837D838D3E	4B696D696D61726F00000000000000000000	<r君麻呂|キミマロ>	Kimimaro
PRG/ETC.BIN	0x256C8	3C728DB68BDF7C8354835283933E	53616B6F6E000000000000000000	<r左近|サコン>	Sakon
PRG/ETC.BIN	0x256E0	3C7291BD975296E77C835E838683843E	54617975796100000000000000000000	<r多由也|タユヤ>	Tayuya
PRG/ETC.BIN	0x25700	3C728B5393B68ADB7C834C83688345837D838B3E	4B69646F6D617275000000000000000000000000	<r鬼童丸|キドウマル>	Kidomaru
PRG/ETC.BIN	0x25720	3C728E9F985996567C8357838D8345837B83453E	4A69726F626F0000000000000000000000000000	<r次郎坊|ジロウボウ>	Jirobo
PRG/ETC.BIN	0x25740	3C72938D926E7C82E082E082BF3E3C728DC495738E617C8355837583553E	5A6162757A61204D6F6D6F63686900000000000000000000000000000000	<r桃地|ももち><r再不斬|ザブザ>	Zabuza Momochi
PRG/ETC.BIN	0x25760	3C7294927C836E834E3E	48616B75000000000000	<r白|ハク>	Haku
PRG/ETC.BIN	0x25770	82A482B882DC82AB8369838B836781693C728BE394F67C82AB82E382A482D13E816A	4E617275746F20557A756D616B6920284E696E652D5461696C656429000000000000	うずまきナルト（<r九尾|きゅうび>）	Naruto Uzumaki (Nine-Tailed)
PRG/ETC.BIN	0x257A0	82A482BF82CD8354835883503C728FF391D47C82B682E582A482BD82A23E8251	5365636F6E6420537461676520536173756B6520556368696861000000000000	うちはサスケ<r状態|じょうたい>２	Second Stage Sasuke Uchiha
PRG/ETC.BIN	0x257D0	82B782A23C728C9D7C82AF82F13E838A815B	4C6F6F70792046697374204C656500000000	すい<r拳|けん>リー	Loopy Fist Lee
PRG/ETC.BIN	0x257F0	3C729CDF88CB91CC89E488A497857C82D082E582A482A282BD82A2834B834183893E	506F7373657373656420476161726100000000000000000000000000000000000000	<r憑依体我愛羅|ひょういたいガアラ>	Possessed Gaara
PRG/ETC.BIN	0x25820	3C7292B47C82BF82E582A43E8360838783458357	53757065722043686F6A69000000000000000000	<r超|ちょう>チョウジ	Super Choji
PRG/ETC.BIN	0x25840	3C728E9F985996567C8357838D8345837B83453E3C728FF391D47C82B682E582A482BD82A23E8251	5365636F6E64205374616765204A69726F626F000000000000000000000000000000000000000000	<r次郎坊|ジロウボウ><r状態|じょうたい>２	Second Stage Jirobo
PRG/ETC.BIN	0x25870	3C728B5393B68ADB7C834C83688345837D838B3E3C728FF391D47C82B682E582A482BD82A23E8251	5365636F6E64205374616765204B69646F6D61727500000000000000000000000000000000000000	<r鬼童丸|キドウマル><r状態|じょうたい>２	Second Stage Kidomaru
PRG/ETC.BIN	0x258A0	3C7291BD975296E77C835E838683843E3C728FF391D47C82B682E582A482BD82A23E8251	5365636F6E64205374616765205461797579610000000000000000000000000000000000	<r多由也|タユヤ><r状態|じょうたい>２	Second Stage Tayuya
PRG/ETC.BIN	0x258D0	3C728DB68BDF7C8354835283933E3C728FF391D47C82B682E582A482BD82A23E8251	5365636F6E642053746167652053616B6F6E00000000000000000000000000000000	<r左近|サコン><r状態|じょうたい>２	Second Stage Sakon
PRG/ETC.BIN	0x25900	3C728C4E968398437C834C837E837D838D3E3C	5365636F6E64205374616765204B696D696D61	<r君麻呂|キミマロ><r状態|じょうたい>２	Second Stage Kimimaro
PRG/ETC.BIN	0x25914	8FF391D47C82B682E582A482BD82A23E8251	6F0000000000000000000000000000000000	<r君麻呂|キミマロ><r状態|じょうたい>２	Second Stage Kimimaro
PRG/ETC.BIN	0x25928	835783498389837D	44696F72616D6100	ジオラマ	Diorama
PRG/ETC.BIN	0x25D00	3C72896595AA90677C82A982B082D482F182B582F13E82CC3C728F707C82B682E382C23E	536861646F7720436C6F6E65204A75747375000000000000000000000000000000000000	<r影分身|かげぶんしん>の<r術|じゅつ>	Shadow Clone Jutsu
PRG/ETC.BIN	0x25D40	3C72965C91967C82DA82A482BB82A43E	52756E6E696E672057696C6400000000	<r暴走|ぼうそう>	Running Wild
PRG/ETC.BIN	0x25D70	3C728B437C82AB3E82F03C7288F87C82D03E82AB3C7292F77C82B53E82DF82C48163	537465616479204D7973656C662E2E2E000000000000000000000000000000000000	<r気|き>を<r引|ひ>き<r締|し>めて…	Steady Myself...
PRG/ETC.BIN	0x25DB0	3C728F977C82A882F182C83E82E782B582AD	4C6164796C696B6500000000000000000000	<r女|おんな>らしく	Ladylike
PRG/ETC.BIN	0x25DE0	3C728C9D7C82B182D482B53E82C93C7297CD7C82BF82A982E73E82F08149	506F77657220696E204D7920466973742100000000000000000000000000	<r拳|こぶし>に<r力|ちから>を！	Power in My Fist!
PRG/ETC.BIN	0x25E10	3C72944596407C82C982F182DB82A43E81453C	4E696E6A61204172743A204265617374205363	<r忍法|にんぽう>・<r超獣偽画|ちょうじゅうぎが>	Ninja Art: Beast Scroll Replicas
PRG/ETC.BIN	0x25E24	92B48F628B5589E67C82BF82E582A482B682E382A482AC82AA3E	6F6C6C205265706C696361730000000000000000000000000000	<r忍法|にんぽう>・<r超獣偽画|ちょうじゅうぎが>	Ninja Art: Beast Scroll Replicas
PRG/ETC.BIN	0x25E50	3C728DF593477C82B382AD82C482AB3E00000000000000	536561726368696E6720666F722074686520456E656D79	<r索敵|さくてき>	Searching for the Enemy
PRG/ETC.BIN	0x25E80	3C7294F2E3C47C82D082B582E582A43E	536F6172696E67000000000000000000	<r飛翔|ひしょう>	Soaring
PRG/ETC.BIN	0x25EF0	3C728CA190A78D558C827C82AF82F182B982A282B182A482B082AB3E	526573747261696E696E672041747461636B00000000000000000000	<r牽制攻撃|けんせいこうげき>	Restraining Attack
PRG/ETC.BIN	0x25F20	3C7294458CA28CFB8AF17C82C982F182AF82F182AD82BF82E63E82B9	4E696E6A6120486F756E642053756D6D6F6E696E6700000000000000	<r忍犬口寄|にんけんくちよ>せ	Ninja Hound Summoning
PRG/ETC.BIN	0x25F50	3C728F5F8C9D7C82B682E382A482AF82F13E	47656E746C65204669737400000000000000	<r柔拳|じゅうけん>	Gentle Fist
PRG/ETC.BIN	0x25F80	3C7294AA8C548BF38FB67C82CD82C182AF82AD82A482B582E582A43E	38205472696772616D7320536B792050616C6D000000000000000000	<r八卦空掌|はっけくうしょう>	8 Trigrams Sky Palm
PRG/ETC.BIN	0x25FE0	3C7290ED93AC8E7090A87C82B982F182C682A482B582B982A23E	426174746C6520506F7374757265000000000000000000000000	<r戦闘姿勢|せんとうしせい>	Battle Posture
PRG/ETC.BIN	0x26010	3C7296D87C82B13E836D3C7297748FB895977C82CD82B582E582A482D382A43E	4C65616620526973696E672057696E6400000000000000000000000000000000	<r木|こ>ノ<r葉昇風|はしょうふう>	Leaf Rising Wind
PRG/ETC.BIN	0x26050	3C728CC08A457C82B082F182A982A23E82F03C7292B47C82B13E82A682EB8149	5375727061737320596F7572204C696D69747321000000000000000000000000	<r限界|げんかい>を<r超|こ>えろ！	Surpass Your Limits!
PRG/ETC.BIN	0x26090	3C7294458BEF7C82C982F182AE3E82CC3C728E677C82C282A93E82A23C728EE87C82C43E	546F6F6C2055736572000000000000000000000000000000000000000000000000000000	<r忍具|にんぐ>の<r使|つか>い<r手|て>	Tool User
PRG/ETC.BIN	0x260D0	3C72965F91CC8F707C82DA82A482BD82A282B682E382C23E	5374616666205461696A7574737500000000000000000000	<r棒体術|ぼうたいじゅつ>	Staff Taijutsu
PRG/ETC.BIN	0x26140	3C72944D8C8C90C28F747C82CB82C182AF82C282B982A282B582E382F13E837C815B83598149	486F742D426C6F6F64656420596F75746820506F736521000000000000000000000000000000	<r熱血青春|ねっけつせいしゅん>ポーズ！	Hot-Blooded Youth Pose!
PRG/ETC.BIN	0x26180	3C7292A98D45909D7C82A082B382AD82B682E182AD3E	4D6F726E696E6720506561636F636B00000000000000	<r朝孔雀|あさくじゃく>	Morning Peacock
PRG/ETC.BIN	0x261B0	3C728A4A96E57C82A982A282E082F13E83628149	4F70656E696E6720476174652100000000000000	<r開門|かいもん>ッ！	Opening Gate!
PRG/ETC.BIN	0x26210	3C72944596407C82C982F182DB82A43E81453C72896596447C82A982B082CA3E82A2	4E696E6A61204172743A20536861646F772053657700000000000000000000000000	<r忍法|にんぽう>・<r影縫|かげぬ>い	Ninja Art: Shadow Sew
PRG/ETC.BIN	0x26320	82A982ED82A282B383	437574656E65737320	かわいさアピール	Cuteness Appeal
PRG/ETC.BIN	0x2632A	8373815B838B	707065616C00	かわいさアピール	Cuteness Appeal
PRG/ETC.BIN	0x26350	3C72E35997ED7C82AB82EA82A23E82C83C7289D47C82CD82C83E	42656175746966756C20466C6F77657200000000000000000000	<r綺麗|きれい>な<r花|はな>	Beautiful Flower
PRG/ETC.BIN	0x263A0	3C72919592857C82BB82A482BF82E182AD3E8149	4571756970210000000000000000000000000000	<r装着|そうちゃく>！	Equip!
PRG/ETC.BIN	0x263D0	3C7288EA914D7C82A282C182B982F13E8149	466C61736821000000000000000000000000	<r一閃|いっせん>！	Flash!
PRG/ETC.BIN	0x26400	3C72936F8FEA7C82C682A482B682E582A43E	417070656172616E63650000000000000000	<r登場|とうじょう>	Appearance
PRG/ETC.BIN	0x26458	835F834383	44796E616D	ダイナミック！	Dynamic!
PRG/ETC.BIN	0x2645E	837E8362834E8149	6321000000000000	ダイナミック！	Dynamic!
PRG/ETC.BIN	0x26480	3C7290C37C82B582B83E82A982C83C72926A7C82A882C682B13E	53696C656E74204D616E00000000000000000000000000000000	<r静|しず>かな<r男|おとこ>	Silent Man
PRG/ETC.BIN	0x264B0	3C728AF189F3E5B37C82AB82A982A282BF82E382A43E	50617261736974696320496E73656374730000000000	<r寄壊蟲|きかいちゅう>	Parasitic Insects
PRG/ETC.BIN	0x26580	3C728FB691C57C82B582E582A482BE3E8149	537472696B65210000000000000000000000	<r掌打|しょうだ>！	Strike!
PRG/ETC.BIN	0x265E0	3C728CB68F7094AD93AE7C82B082F182B682E382C282CD82C282C782A43E	47656E6A7574737520416374697661746500000000000000000000000000	<r幻術発動|げんじゅつはつどう>	Genjutsu Activate
PRG/ETC.BIN	0x26610	82B182F182C882E082CC82CB	5468617427732069743F0000	こんなものね	That's it?
PRG/ETC.BIN	0x26630	3C	50	<r威圧|いあつ>	Pressure
PRG/ETC.BIN	0x26632	88D088B37C82A282A082C23E	657373757265000000000000	<r威圧|いあつ>	Pressure
PRG/ETC.BIN	0x26650	3C728DBB7C82B782C83E82CC3C728A6B7C82A982E73E	53616E64205368656C6C000000000000000000000000	<r砂|すな>の<r殻|から>	Sand Shell
PRG/ETC.BIN	0x26680	3C7293A67C82C93E82AA82B382F18163000000	596F7520576F6E2774204573636170652E2E2E	<r逃|に>がさん…	You Won't Escape...
PRG/ETC.BIN	0x266C0	3C7298F899537C82AD82AE82C23E82CC3C728AAA95A87C82DC82AB82E082CC3E	507570706574205363726F6C6C00000000000000000000000000000000000000	<r傀儡|くぐつ>の<r巻物|まきもの>	Puppet Scroll
PRG/ETC.BIN	0x26730	3C728B9091E590EE8E717C82AB82E582BE82A282B982F182B73E	4769616E742046616E0000000000000000000000000000000000	<r巨大扇子|きょだいせんす>	Giant Fan
PRG/ETC.BIN	0x26800	3C7295837C82BF82BF3E82C63C7295EA7C82CD82CD3E	46617468657220616E64204D6F746865720000000000	<r父|ちち>と<r母|はは>	Father and Mother
PRG/ETC.BIN	0x26880	3C7289737C82B782E982C73E82A23C728F527C82AF3E82E8	5368617270204B69636B0000000000000000000000000000	<r鋭|するど>い<r蹴|け>り	Sharp Kick
PRG/ETC.BIN	0x268B0	3C728CB68F707C82B082F182B682E382C23E81498148	47656E6A757473753F21000000000000000000000000	<r幻術|げんじゅつ>！？	Genjutsu?!
PRG/ETC.BIN	0x26920	3C7291E593817C82BE82A282C682A43E81453C728E4C94A77C83548381836E835F3E	53616D65686164610000000000000000000000000000000000000000000000000000	<r大刀|だいとう>・<r鮫肌|サメハダ>	Samehada
PRG/ETC.BIN	0x269D0	3C728C7C8F708DEC95697C82B082A282B682E382C282B382AD82D082F13E	4120576F726B206F66204172740000000000000000000000000000000000	<r芸術作品|げいじゅつさくひん>	A Work of Art
PRG/ETC.BIN	0x26A00	3C728BF37C82BB82E73E82A982E73C728D557C82B93E82DF82E98149	41747461636B2046726F6D2074686520536B79210000000000000000	<r空|そら>から<r攻|せ>める！	Attack From the Sky!
PRG/ETC.BIN	0x26A30	3C728AAEE0F87C82A982F182D882AB3E82C882E93C728D558EE77C82B182A482B582E33E	50657266656374204F6666656E736520616E6420446566656E7365000000000000000000	<r完璧|かんぺき>なる<r攻守|こうしゅ>	Perfect Offense and Defense
PRG/ETC.BIN	0x26A70	3C7288EA94D47C82A282BF82CE82F13E82CC82A83C728B437C82AB3E82C93C7293FC7C82A23E82E8	4661766F726974650000000000000000000000000000000000000000000000000000000000000000	<r一番|いちばん>のお<r気|き>に<r入|い>り	Favorite
PRG/ETC.BIN	0x26AB0	3C728EA995AA8EA990677C82B682D482F182B682B582F13E	4D7973656C66000000000000000000000000000000000000	<r自分自身|じぶんじしん>	Myself
PRG/ETC.BIN	0x26B10	3C728E6C91E396DA7C82E682F182BE82A282DF3E82AA3C7288E27C82CC82B13E82B582BD3C728F707C82B682E382C23E	466F7572746820486F6B6167652773204A75747375000000000000000000000000000000000000000000000000000000	<r四代目|よんだいめ>が<r遺|のこ>した<r術|じゅつ>	Fourth Hokage's Jutsu
PRG/ETC.BIN	0x26B60	3C7289DAE5AF90E5906C7C834B837D82B982F182C982F13E	546F61642053616765000000000000000000000000000000	<r蝦蟇仙人|ガマせんにん>	Toad Sage
PRG/ETC.BIN	0x26C00	3C7292C993568B727C82C282A482C482F182AB82E182AD3E	48656176656E204B69636B00000000000000000000000000	<r痛天脚|つうてんきゃく>	Heaven Kick
PRG/ETC.BIN	0x26C70	3C7293CB8C827C82C682C282B082AB3E8149	41747461636B210000000000000000000000	<r突撃|とつげき>！	Attack!
PRG/ETC.BIN	0x26CF0	3C7296D893D97C82E082AD82C682F13E81453C7296D88FF995C77C82E082AD82B682E582A482D682AB3E	576F6F64205374796C653A20446F6D65642057616C6C0000000000000000000000000000000000000000	<r木遁|もくとん>・<r木錠壁|もくじょうへき>	Wood Style: Domed Wall
PRG/ETC.BIN	0x26D30	3C72957393477C82D382C482AB3E82C83C728FCE7C82A63E82DD	466561726C657373204C61756768000000000000000000000000	<r不敵|ふてき>な<r笑|え>み	Fearless Laugh
PRG/ETC.BIN	0x26D60	3C7290F6896591BD8ED68EE87C82B982F182A682A282BD82B682E182B582E33E0000	4D756C7469706C652048696464656E20536861646F7720536E616B652048616E6473	<r潜影多蛇手|せんえいたじゃしゅ>	Multiple Hidden Shadow Snake Hands
PRG/ETC.BIN	0x26DA0	3C728BBA88D07C82AB82E582A482A23E82CC3C7291B68DDD7C82BB82F182B482A23E	4D656E6163696E672050726573656E63650000000000000000000000000000000000	<r脅威|きょうい>の<r存在|そんざい>	Menacing Presence
PRG/ETC.BIN	0x26DE0	3C7291E58ED68ADB7C8349838D836082DC82E93E82D682CC3C72928990BD7C82BF82E382A482B982A23E	4C6F79616C747920746F204F726F6368696D617275000000000000000000000000000000000000000000	<r大蛇丸|オロチまる>への<r忠誠|ちゅうせい>	Loyalty to Orochimaru
PRG/ETC.BIN	0x26E40	835883678362834E	53746F636B000000	ストック	Stock
PRG/ETC.BIN	0x26EC8	3C7290E792B97C82BF82C782E83E	436869646F726900000000000000	<r千鳥|ちどり>	Chidori
PRG/ETC.BIN	0x284C0	3C7295CF7C82A93E82ED82E782C882A23C728AD68C577C82A982F182AF82A23E	556E6368616E67696E672052656C6174696F6E73686970000000000000000000	<r変|か>わらない<r関係|かんけい>	Unchanging Relationship
PRG/ETC.BIN	0x286C0	3C7294AA8C54985A8F5C8E6C8FB67C82CD82C182AF82EB82AD82B682E382A482E682F182B582E582A43E	36342050616C6D7300000000000000000000000000000000000000000000000000000000000000000000	<r八卦六十四掌|はっけろくじゅうよんしょう>	64 Palms
PRG/ETC.BIN	0x28AE0	3C728DBB949B98537C82B382CE82AD82EB82A43E	53616E6420507269736F6E000000000000000000	<r砂縛牢|さばくろう>	Sand Prison
PRG/ETC.BIN	0x29740	3C7289E592CA89E57C82AA82C282A482AA3E	46616E67204F7665722046616E6700000000	<r牙通牙|がつうが>	Fang Over Fang
PRG/ETC.BIN	0x29760	3C7289E5985489E57C82AA82EB82A482AA3E	576F6C662046616E67000000000000000000	<r牙狼牙|がろうが>	Wolf Fang
PRG/ETC.BIN	0x29830	3C7294928AE17C82D182E182AD82AA82F13E	4279616B7567616E00000000000000000000	<r白眼|びゃくがん>	Byakugan
PRG/ETC.BIN	0x29A90	3C728DBBE06591E591927C82B382CE82AD82BD82A282BB82A43E	53616E642042757269616C000000000000000000000000000000	<r砂瀑大葬|さばくたいそう>	Sand Burial
PRG/ETC.BIN	0x2B2E0	3C7296D87C82B13E836D3C7297747C82CD3E3C7289427C82AA82AD3E82EA82CC3C7297A27C82B382C63E	48696464656E204C65616600000000000000000000000000000000000000000000000000000000000000	<r木|こ>ノ<r葉|は><r隠|がく>れの<r里|さと>	Hidden Leaf
PRG/ETC.BIN	0x2B310	3C7296D87C82B13E836D3C7297747C82CD3E82CC3C7296E57C82E082F13E	4C6561662047617465000000000000000000000000000000000000000000	<r木|こ>ノ<r葉|は>の<r門|もん>	Leaf Gate
PRG/ETC.BIN	0x2B330	3C728CDC95958C8B8A457C82B282D382A482AF82C182A982A23E82CC3C728A527C82AA82AF3E	466976652D5365616C204261727269657220436C696666000000000000000000000000000000	<r五封結界|ごふうけっかい>の<r崖|がけ>	Five-Seal Barrier Cliff
PRG/ETC.BIN	0x2B360	3C728BC57C82A082A982C282AB3E82CC834183578367	416B617473756B6920486964656F7574000000000000	<r暁|あかつき>のアジト	Akatsuki Hideout
PRG/ETC.BIN	0x2B380	3C728DAA7C82CB3E82CC3C72967B95947C82D982F182D43E	466F756E646174696F6E277320486964656F757400000000	<r根|ね>の<r本部|ほんぶ>	Foundation's Hideout
PRG/ETC.BIN	0x2B3A0	3C729356926E8BB47C82C482F182BF82AB82E582A43E	54656E63686920427269646765000000000000000000	<r天地橋|てんちきょう>	Tenchi Bridge
PRG/ETC.BIN	0x2B3C0	3C	4F	<r大蛇丸|オロチまる>のアジト	Orochimaru's Hideout
PRG/ETC.BIN	0x2B3C2	91E58ED68ADB7C8349838D836082DC82E93E82CC834183578367	6F6368696D617275277320486964656F75740000000000000000	<r大蛇丸|オロチまる>のアジト	Orochimaru's Hideout
PRG/ETC.BIN	0x2B3E0	3C7291E58ED67C82BE82A282B682E13E82CC3C728DD592647C82B382A282BE82F13E	416C746172206F66204F726F63686900000000000000000000000000000000000000	<r大蛇|だいじゃ>の<r祭壇|さいだん>	Altar of Orochi
PRG/ETC.BIN	0x2B410	3C7293F67C82C982AC3E82ED82A282CC3C7297A27C82B382C63E	427573792056696C6C6167650000000000000000000000000000	<r賑|にぎ>わいの<r里|さと>	Busy Village
PRG/ETC.BIN	0x2B430	3C7289CE89657C82D982A982B03E82CC3C7289AE957E7C82E282B582AB3E	54686520486F6B6167652773204D616E73696F6E00000000000000000000	<r火影|ほかげ>の<r屋敷|やしき>	The Hokage's Mansion
PRG/ETC.BIN	0x2B450	3C	54	<r世界|せかい>を<r駆|か>ける	Travel the World
PRG/ETC.BIN	0x2B452	90A28A457C82B982A982A23E82F03C728BEC7C82A93E82AF82E9	6176656C2074686520576F726C64000000000000000000000000	<r世界|せかい>を<r駆|か>ける	Travel the World
PRG/ETC.BIN	0x2B470	3C728DBB89427C82B782C882AA82AD3E82EA82CC3C7297A27C82B382C63E	5468652048696464656E2053616E642056696C6C61676500000000000000	<r砂隠|すながく>れの<r里|さと>	The Hidden Sand Village
PRG/ETC.BIN	0x2B490	3C728ED78C867C82B682E182AF82C23E82CC3C7291838C8A7C82B782A082C83E	4A616B657473752773204C616972000000000000000000000000000000000000	<r邪傑|じゃけつ>の<r巣穴|すあな>	Jaketsu's Lair
PRG/ETC.BIN	0x2B4C0	3C7290D4895F7C82B982AB82A482F13E	52656420436C6F756473000000000000	<r赤雲|せきうん>	Red Clouds
PRG/ETC.BIN	0x2B4E0	3C728C8390ED7C82B082AB82B982F13E82F03C72897A7C82B13E82A682C4	537572766976696E6720612046696572636520426174746C650000000000	<r激戦|げきせん>を<r越|こ>えて	Surviving a Fierce Battle
PRG/ETC.BIN	0x2B500	834A834A83563C7293B98FEA7C82C782A482B682E582A43E	4B616B6173686920446F6A6F000000000000000000000000	カカシ<r道場|どうじょう>	Kakashi Dojo
PRG/ETC.BIN	0x2B520	82E282B782E782AC82C63C728DC489EF7C82B382A282A982A23E82C6	5472616E7175696C69747920616E64205265756E696F6E0000000000	やすらぎと<r再会|さいかい>と	Tranquility and Reunion
PRG/ETC.BIN	0x2B540	3C7288C3895F7C82A082F182A482F13E3C7297887C82AB82BD3E82E9	4461726B20436C6F756473206F6E2074686520486F72697A6F6E0000	<r暗雲|あんうん><r来|きた>る	Dark Clouds on the Horizon
PRG/ETC.BIN	0x2B560	3C72959789657C82A982BA82A982B03E3C728F508C827C82B582E382A482B082AB3E	4B617A656B616765206265696E672061747461636B65640000000000000000000000	<r風影|かぜかげ><r襲撃|しゅうげき>	Kazekage being attacked
PRG/ETC.BIN	0x2B590	3C728BD98B7D8E7797DF7C82AB82F182AB82E382A482B582EA82A23E	456D657267656E6379204F7264657200000000000000000000000000	<r緊急指令|きんきゅうしれい>	Emergency Order
PRG/ETC.BIN	0x2B5B0	3C7291967C82CD82B53E82E93C728BD994977C82AB82F182CF82AD3E	4275696C64696E672054656E73696F6E000000000000000000000000	<r走|はし>る<r緊迫|きんぱく>	Building Tension
PRG/ETC.BIN	0x2B5D0	3C728BB07C82A882BB3E82EB82B582AB3C7289F6906C7C82A982A282B682F13E	46656172736F6D652044656D6F6E000000000000000000000000000000000000	<r恐|おそ>ろしき<r怪人|かいじん>	Fearsome Demon
PRG/ETC.BIN	0x2B600	3C	43	<r真紅|しんく>の<r激闘|げきとう>	Crimson Battle
PRG/ETC.BIN	0x2B602	905E8D677C82B582F182AD3E82CC3C728C8393AC7C82B082AB82C682A43E	696D736F6E20426174746C65000000000000000000000000000000000000	<r真紅|しんく>の<r激闘|げきとう>	Crimson Battle
PRG/ETC.BIN	0x2B630	3C7288C57C82E282DD3E82F03C	54686F73652057686F20456D62	<r闇|やみ>を<r抱|いだ>きし<r者|もの>たち	Those Who Embrace the Darkness
PRG/ETC.BIN	0x2B63E	95F87C82A282BE3E82AB82B53C728ED27C82E082CC3E82BD82BF	61636520746865204461726B6E65737300000000000000000000	<r闇|やみ>を<r抱|いだ>きし<r者|もの>たち	Those Who Embrace the Darkness
PRG/ETC.BIN	0x2B660	3C728B957C82A482C23E82EB3C728FC17C82AB3E82A682E482AD3C7290A28A457C82B982A982A23E	416E20457068656D6572616C20576F726C6400000000000000000000000000000000000000000000	<r虚|うつ>ろ<r消|き>えゆく<r世界|せかい>	An Ephemeral World
PRG/ETC.BIN	0x2B690	3C72E34A7C82AB82B882C83E	426F6E647300000000000000	<r絆|きずな>	Bonds
PRG/ETC.BIN	0x2B6A0	3C728B557C82A282C282ED3E82E882CC3C7291B68DDD7C82BB82F182B482A23E	416E20496D706F73746F72000000000000000000000000000000000000000000	<r偽|いつわ>りの<r存在|そんざい>	An Impostor
PRG/ETC.BIN	0x2B6D0	3C728DC58BA57C82B382A282AB82E582A43E82CC3C7298F899538E747C82AD82AE82C282B53E	4576696C205075707065746D6173746572000000000000000000000000000000000000000000	<r最凶|さいきょう>の<r傀儡師|くぐつし>	Evil Puppetmaster
PRG/ETC.BIN	0x2B700	3C728C8888D37C82AF82C282A23E3C728CC57C82A982BD3E82DF82C4	5374726F6E672044657465726D696E6174696F6E0000000000000000	<r決意|けつい><r固|かた>めて	Strong Determination
PRG/ETC.BIN	0x2B720	8354834E83893C7295917C82DC3E82A4	53616B75726127732044616E63650000	サクラ<r舞|ま>う	Sakura's Dance
PRG/ETC.BIN	0x2B740	3C7296D27C82BD3E82AF3C7299E17C82D93E82E482E93C728ED27C82E082CC3E	5468652057696C64200000000000000000000000000000000000000000000000	<r猛|た>け<r吼|ほ>ゆる<r者|もの>	The Wild 
PRG/ETC.BIN	0x2B770	3C728AE87C82CB82AA3E82A281633C728BF37C82BB82E73E82C93C7295917C82DC3E82A282C4	576973682E2E2E2044616E6365206F6E2074686520436C6F7564730000000000000000000000	<r願|ねが>い…<r空|そら>に<r舞|ま>いて	Wish... Dance on the Clouds
PRG/ETC.BIN	0x2B7A0	3C72905690B67C82B582F182B982A23E82CC3C7288EA94C17C82A282C182CF82F13E	546865204E6577205371756164203100000000000000000000000000000000000000	<r新生|しんせい>の<r一斑|いっぱん>	The New Squad 1
PRG/ETC.BIN	0x2B7D0	3C7295C97C82A082A83E82AB3C72947792867C82B982C882A93E	426C75652053696C686F75657474650000000000000000000000	<r碧|あお>き<r背中|せなか>	Blue Silhouette
PRG/ETC.BIN	0x2B7F0	3C	47	<r巨悪現|きょあくあらわ>る	Great Evil Appears
PRG/ETC.BIN	0x2B7F2	8B9088AB8CBB7C82AB82E582A082AD82A082E782ED3E82E9	656174204576696C20417070656172730000000000000000	<r巨悪現|きょあくあらわ>る	Great Evil Appears
PRG/ETC.BIN	0x2B810	3C728D727C82A03E82EA3C728BB67C82AD82E93E82A43C728F627C82AF82E082CC3E	546865204372617A6564204265617374000000000000000000000000000000000000	<r荒|あ>れ<r狂|くる>う<r獣|けもの>	The Crazed Beast
PRG/ETC.BIN	0x2B840	3C7290D894977C82B982C182CF82AD3E82CC3C7293F1906C7C82D382BD82E83E	54686520496D6D696E656E74204475656C000000000000000000000000000000	<r切迫|せっぱく>の<r二人|ふたり>	The Imminent Duel
PRG/ETC.BIN	0x2B870	3C728B417C82A982A63E82E982D782AB3C728FEA8F8A7C82CE82B582E53E82D6	4120506C61636520746F2043616C6C20486F6D65000000000000000000000000	<r帰|かえ>るべき<r場所|ばしょ>へ	A Place to Call Home
PRG/ETC.BIN	0x2B898	8349838B8353815B838B	4D7573696320426F7800	オルゴール	Music Box
PRG/ETC.BIN	0x2BB60	3C7294DF7C82A982C83E82B582DD82C63C72937B7C82A282A93E82E8	5361646E65737320616E642052616765000000000000000000000000	<r悲|かな>しみと<r怒|いか>り	Sadness and Rage
PRG/ETC.BIN	0x2BB80	8369838B836782CC3C728C8888D37C82AF82C282A23E	4E617275746F2773205265736F6C7665000000000000	ナルトの<r決意|けつい>	Naruto's Resolve
PRG/ETC.BIN	0x2BBA0	3C728C838FEE7C82B082AB82B682E582A43E	50617373696F6E0000000000000000000000	<r激情|げきじょう>	Passion
PRG/ETC.BIN	0x2BBC0	3C7293F1906C7C82D382BD82E83E82CC3C728C717C82C282C83E82AA82E8	54686520426F6E64204265747765656E2055730000000000000000000000	<r二人|ふたり>の<r繋|つな>がり	The Bond Between Us
PRG/ETC.BIN	0x2BBE0	3C728DC489EF7C82B382A282A982A23E816382BB82B582C48163	5265756E696F6E2C20616E64207468656E2E2E2E000000000000	<r再会|さいかい>…そして…	Reunion, and then...
PRG/ETC.BIN	0x2BC00	8354834E838982CC3C7296F191A97C82E282AD82BB82AD3E	53616B75726127732050726F6D6973650000000000000000	サクラの<r約束|やくそく>	Sakura's Promise
PRG/ETC.BIN	0x2BC20	3C728C8888D37C82AF82C282A23E	5265736F6C766500000000000000	<r決意|けつい>	Resolve
PRG/ETC.BIN	0x2BC30	3C7295897C82DC3E82AF82F13C728B437C82AB3E	4E65766572204769766520557000000000000000	<r負|ま>けん<r気|き>	Never Give Up
PRG/ETC.BIN	0x2BC48	8369838B836782CC82BD82DF82C9	466F72204E617275746F00000000	ナルトのために	For Naruto
PRG/ETC.BIN	0x2BC60	82A282C282E03C7292CA7C82C782A83E82E8	4A757374204C696B6520416C776179730000	いつも<r通|どお>り	Just Like Always
PRG/ETC.BIN	0x2BC80	3C728F897C82CD82B63E82DF82C482CC3C7288EA8CBE7C82D082C682B182C63E	54686520466972737420576F7264000000000000000000000000000000000000	<r初|はじ>めての<r一言|ひとこと>	The First Word
PRG/ETC.BIN	0x2BCB0	3C72915F7C82CB82E73E82C182BD834C838383893C7288CA92757C82A282BF3E	54686174277320576861742049276D20476F696E6720466F7200000000000000	<r狙|ねら>ったキャラ<r位置|いち>	That's What I'm Going For
PRG/ETC.BIN	0x2BCE0	3C7297E27C82C282DF3E82BD82A23C728CBE97747C82B182C682CE3E	436F6C6420576F726473000000000000000000000000000000000000	<r冷|つめ>たい<r言葉|ことば>	Cold Words
PRG/ETC.BIN	0x2BD60	3C7290AC92B77C82B982A282BF82E582A43E82D682CC3C728AEC7C82E682EB82B13E82D1	4A6F79206F662047726F7774680000000000000000000000000000000000000000000000	<r成長|せいちょう>への<r喜|よろこ>び	Joy of Growth
PRG/ETC.BIN	0x2BD90	8369838B836782CC3C728B438E9D7C82AB82E03E82BF81453C7288EB7C82A282BF3E	4E617275746F2773204665656C696E67733A20310000000000000000000000000000	ナルトの<r気持|きも>ち・<r壱|いち>	Naruto's Feelings: 1
PRG/ETC.BIN	0x2BDC0	8369838B836782CC3C728B438E9D7C82AB82E03E82BF81453C7293F37C82C93E	4E617275746F2773204665656C696E67733A2032000000000000000000000000	ナルトの<r気持|きも>ち・<r弐|に>	Naruto's Feelings: 2
PRG/ETC.BIN	0x2BDF0	3C7290B37C82BD82BE3E82B582AB3C7293B97C82DD82BF3E82D6	5468652050617468206F66205269676874656F75736E65737300	<r正|ただ>しき<r道|みち>へ	The Path of Righteousness
PRG/ETC.BIN	0x2BE10	81673C728BC57C82A082A982C282AB3E816882F03C72914F7C82DC82A63E82C9	4265666F726520416B617473756B690000000000000000000000000000000000	“<r暁|あかつき>”を<r前|まえ>に	Before Akatsuki
PRG/ETC.BIN	0x2BE40	3C728B558ED27C82C982B982E082CC3E82C682CC3C7291988BF67C82BB82A482AE82A43E	456E636F756E746572207769746820612046616B65000000000000000000000000000000	<r偽者|にせもの>との<r遭遇|そうぐう>	Encounter with a Fake
PRG/ETC.BIN	0x2BE70	3C728F9F97987C82B582E582A482E83E82CC3C728A6D904D7C82A982AD82B582F13E	42656C69656620696E20566963746F72790000000000000000000000000000000000	<r勝利|しょうり>の<r確信|かくしん>	Belief in Victory
PRG/ETC.BIN	0x2BEA0	3C728BDF8B9797A390ED7C82AB82F182AB82E582E882B982F13E	436C6F736520436F6D6261740000000000000000000000000000	<r近距離戦|きんきょりせん>	Close Combat
PRG/ETC.BIN	0x2BEC0	3C7297687C82E43E82E982AC82C882A23C728EA9904D7C82B682B582F13E	53746561647920436F6E666964656E636500000000000000000000000000	<r揺|ゆ>るぎない<r自信|じしん>	Steady Confidence
PRG/ETC.BIN	0x2BEE0	3C728F438BC6957391AB7C82B582E382AC82E582A482D482BB82AD3E8148	53686F7274206F6E20547261696E696E673F210000000000000000000000	<r修業不足|しゅぎょうぶそく>？	Short on Training?!
PRG/ETC.BIN	0x2BF00	3C728F9F97987C82B582E582A482E83E8149	566963746F72792100000000000000000000	<r勝利|しょうり>！	Victory!
PRG/ETC.BIN	0x2BF20	3C72905E8C958F9F95897C82B582F182AF82F182B582E582A482D43E8149	4120536572696F7573204475656C21000000000000000000000000000000	<r真剣勝負|しんけんしょうぶ>！	A Serious Duel!
PRG/ETC.BIN	0x2BF40	3C7290C28F747C82B982A282B582E382F13E82C682CD8149	596F7574682069732E2E2E21000000000000000000000000	<r青春|せいしゅん>とは！	Youth is...!
PRG/ETC.BIN	0x2BF60	3C728AB48C837C82A982F182B082AB3E8149	41646D69726174696F6E2100000000000000	<r感激|かんげき>！	Admiration!
PRG/ETC.BIN	0x2BF80	82C282C182B182DD3C7296F07C82E282AD3E	50756E63686C696E65000000000000000000	つっこみ<r役|やく>	Punchline
PRG/ETC.BIN	0x2BFA0	83	54	テンテンの<r自信|じしん>	Tenten's Confidence
PRG/ETC.BIN	0x2BFA2	83938365839382CC3C728EA9904D7C82B682B582F13E	6E74656E277320436F6E666964656E63650000000000	テンテンの<r自信|じしん>	Tenten's Confidence
PRG/ETC.BIN	0x2BFC0	3C728F9F95898A4A8E6E7C82B582E582A482D482A982A282B53E	546865204D6174636820426567696E7300000000000000000000	<r勝負開始|しょうぶかいし>	The Match Begins
PRG/ETC.BIN	0x2BFE0	82BF82E582C182C63C728AB490537C82A982F182B582F13E	41204C6974746C6520496D70726573736564000000000000	ちょっと<r感心|かんしん>	A Little Impressed
PRG/ETC.BIN	0x2C000	3C7290EC7C82A982ED3E82CC3C728D917C82AD82C93E82D681498149	546F20746865204C616E64206F662052697665727321000000000000	<r川|かわ>の<r国|くに>へ！！	To the Land of Rivers!
PRG/ETC.BIN	0x2C020	3C728F627C82AF82E082CC3E838C8378838B816381480000	546865204C6576656C206F6620612042656173742E2E2E3F	<r獣|けもの>レベル…？	The Level of a Beast...?
PRG/ETC.BIN	0x2C040	3C728D8297677C82B182A482E682A43E82B782E93C7290537C82B182B182EB3E81498149	457868696C61726174656420486561727421000000000000000000000000000000000000	<r高揚|こうよう>する<r心|こころ>！！	Exhilarated Heart!
PRG/ETC.BIN	0x2C068	82B382B782AA8349838C81498149	49276D20417765736F6D65210000	さすがオレ！！	I'm Awesome!
PRG/ETC.BIN	0x2C080	3C7293E47C82C882BC3E82CC3C7294458CBB7C82B582CC82D182A082E782ED3E82E9	4D7973746572696F7573204E696E6A61000000000000000000000000000000000000	<r謎|なぞ>の<r忍現|しのびあらわ>る	Mysterious Ninja
PRG/ETC.BIN	0x2C0C0	3C7296CA937C7C82DF82F182C782A43E82AD82B382B33C72969E935F7C82DC82F182C482F13E	5468652042696767657374204472616700000000000000000000000000000000000000000000	<r面倒|めんどう>くささ<r満点|まんてん>	The Biggest Drag
PRG/ETC.BIN	0x2C0F0	3C72926A7C82A882C682B13E82CC3C7288D3926E7C82A282B63E	41204D616E277320507269646500000000000000000000000000	<r男|おとこ>の<r意地|いじ>	A Man's Pride
PRG/ETC.BIN	0x2C110	3C7296BE9DF07C82DF82A282B982AB3E82C83C7293AA945D7C82B882CC82A43E	4120427269676874204D696E6400000000000000000000000000000000000000	<r明晰|めいせき>な<r頭脳|ずのう>	A Bright Mind
PRG/ETC.BIN	0x2C160	3C728BAD97CD7C82B282A482E882AB3E8360838783458357	506F77657266756C2043686F6A6900000000000000000000	<r強力|ごうりき>チョウジ	Powerful Choji
PRG/ETC.BIN	0x2C180	8356834A837D838B82C682CC3C7298418C577C82EA82F182AF82A23E	5465616D2057697468205368696B616D617275000000000000000000	シカマルとの<r連係|れんけい>	Team With Shikamaru
PRG/ETC.BIN	0x2C1A0	3C728F8094F5969C925B7C82B682E382F182D182CE82F182BD82F13E	57656C6C205072657061726564000000000000000000000000000000	<r準備万端|じゅんびばんたん>	Well Prepared
PRG/ETC.BIN	0x2C1C0	3C728B8C926D7C82AB82E382A482BF3E82CC3C7292877C82C882A93E	416E204F6C6420467269656E64000000000000000000000000000000	<r旧知|きゅうち>の<r仲|なか>	An Old Friend
PRG/ETC.BIN	0x2C1E0	82A282CC3C72936F8FEA7C82C682A482B682E582A43E	496E6F20417070656172730000000000000000000000	いの<r登場|とうじょう>	Ino Appears
PRG/ETC.BIN	0x2C200	3C728B7681587C82D082B382D182B33E82CC3C7291CE96CA7C82BD82A282DF82F13E	412052617265204D656574696E670000000000000000000000000000000000000000	<r久々|ひさびさ>の<r対面|たいめん>	A Rare Meeting
PRG/ETC.BIN	0x2C230	8354834E838982C63C728BA493AC7C82AB82E582A482C682A43E8148	412053686172656420436175736520576974682053616B7572613F00	サクラと<r共闘|きょうとう>？	A Shared Cause With Sakura?
PRG/ETC.BIN	0x2C250	836083878345835782C63C7298418C577C82EA82F182AF82A23E	5465616D20576974682043686F6A690000000000000000000000	チョウジと<r連係|れんけい>	Team With Choji
PRG/ETC.BIN	0x2C270	3C728EA9904D969E81587C82B682B582F182DC82F182DC82F13E	46756C6C206F6620436F6E666964656E63650000000000000000	<r自信満々|じしんまんまん>	Full of Confidence
PRG/ETC.BIN	0x2C290	3C7290ED93AC7C82B982F182C682A43E82D6	496E746F20426174746C6500000000000000	<r戦闘|せんとう>へ	Into Battle
PRG/ETC.BIN	0x2C2B0	3C7297447C82E282B33E82B582A23C728CBE97747C82B182C682CE3E	576F726473206F66204B696E646E6573730000000000000000000000	<r優|やさ>しい<r言葉|ことば>	Words of Kindness
PRG/ETC.BIN	0x2C2D0	3C728AB48ED37C82A982F182B582E13E	5468616E6B7300000000000000000000	<r感謝|かんしゃ>	Thanks
PRG/ETC.BIN	0x2C2F0	83418358837D82CC3C	4173756D6127732050	アスマの<r意地|いじ>	Asuma's Pride
PRG/ETC.BIN	0x2C2FA	88D3926E7C82A282B63E	69646500000000000000	アスマの<r意地|いじ>	Asuma's Pride
PRG/ETC.BIN	0x2C310	3C7290567C82A082E73E82BD82C83C728EE87C82C43E	41204E65772043686F69636500000000000000000000	<r新|あら>たな<r手|て>	A New Choice
PRG/ETC.BIN	0x2C330	8369838B836782C682CC3C728DC489EF7C82B382A282A982A23E	5265756E696F6E2057697468204E617275746F00000000000000	ナルトとの<r再会|さいかい>	Reunion With Naruto
PRG/ETC.BIN	0x2C350	3C7291E57C82A882A83E82AB82AD82C882C182BD8148	596F752776652047726F776E3F000000000000000000	<r大|おお>きくなった？	You've Grown?
PRG/ETC.BIN	0x2C370	83718369835E82AA3C72937C7C82BD82A83E82EA82C4	48696E6174612046616C6C7300000000000000000000	ヒナタが<r倒|たお>れて	Hinata Falls
PRG/ETC.BIN	0x2C390	83718369835E82F03C728EE77C82DC82E03E82C182C4	50726F746563742048696E6174610000000000000000	ヒナタを<r守|まも>って	Protect Hinata
PRG/ETC.BIN	0x2C410	3C7290C37C82B582B83E82A982C882E93C728EA9904D7C82B682B582F13E	53696C656E7420436F6E666964656E636500000000000000000000000000	<r静|しず>かなる<r自信|じしん>	Silent Confidence
PRG/ETC.BIN	0x2C430	3C7294F77C82A982B73E82A982C83C7288C090537C82A082F182B582F13E	4661696E7420556E65617365000000000000000000000000000000000000	<r微|かす>かな<r安心|あんしん>	Faint Unease
PRG/ETC.BIN	0x2C450	8369838B836782F03C728CA97C82DD3E82A982AF82C4	4E617275746F2053706F7474696E6700000000000000	ナルトを<r見|み>かけて	Naruto Spotting
PRG/ETC.BIN	0x2C470	3C7290ED93AC914F7C82B982F182C682A482DC82A63E	4265666F726520426174746C65000000000000000000	<r戦闘前|せんとうまえ>	Before Battle
PRG/ETC.BIN	0x2C490	82C282CC82E93C729053947A7C82B582F182CF82A23E	47726F77696E6720576F727279000000000000000000	つのる<r心配|しんぱい>	Growing Worry
PRG/ETC.BIN	0x2C4B0	8369838B83	436F6D696E	ナルトの<r助太刀|すけだち>	Coming to Naruto's Aid
PRG/ETC.BIN	0x2C4B6	82CC3C728F9591BE93817C82B782AF82BE82BF3E	20746F204E617275746F27732041696400000000	ナルトの<r助太刀|すけだち>	Coming to Naruto's Aid
PRG/ETC.BIN	0x2C4D0	3C728AB48ED37C82A982F182B582E13E82CC3C728CBE97747C82B182C682CE3E	576F726473206F66205468616E6B730000000000000000000000000000000000	<r感謝|かんしゃ>の<r言葉|ことば>	Words of Thanks
PRG/ETC.BIN	0x2C500	3C728CB68F708E677C82B082F182B682E382C282C282A93E82A2	47656E6A75747375205573657200000000000000000000000000	<r幻術使|げんじゅつつか>い	Genjutsu User
PRG/ETC.BIN	0x2C520	83418358837D82C63C728BA493AC7C82AB82E582A482C682A43E	41205368617265642043617573652057697468204173756D6100	アスマと<r共闘|きょうとう>	A Shared Cause With Asuma
PRG/ETC.BIN	0x2C540	3C728BA47C82C682E03E82C981638149	546F6765746865722100000000000000	<r共|とも>に…！	Together!
PRG/ETC.BIN	0x2C560	3C728CA893A77C82A982BD82B73E82A982B5	446F6467696E672074686520497373756500	<r肩透|かたす>かし	Dodging the Issue
PRG/ETC.BIN	0x2C580	3C729573928D88D38CB58BD67C82D382BF82E382A482A282B082F182AB82F13E	43617574696F6E20526571756972656400000000000000000000000000000000	<r不注意厳禁|ふちゅういげんきん>	Caution Required
PRG/ETC.BIN	0x2C5B0	3C72959789657C82A982BA82A982B03E82C682B582C4	41732061204B617A656B616765000000000000000000	<r風影|かぜかげ>として	As a Kazekage
PRG/ETC.BIN	0x2C5D0	3C728BF38B957C82AD82A482AB82E53E82C83C7290A28A457C82B982A982A23E82C5	496E206120576F726C64206F6620456D7074696E6573730000000000000000000000	<r空虚|くうきょ>な<r世界|せかい>で	In a World of Emptiness
PRG/ETC.BIN	0x2C600	3C7291B68DDD7C82BB82F182B482A23E	4578697374656E636500000000000000	<r存在|そんざい>	Existence
PRG/ETC.BIN	0x2C620	3C7290567C82A082BD82E73E82B582A23C728EA995AA7C82B682D482F13E	41204E6577204D6500000000000000000000000000000000000000000000	<r新|あたら>しい<r自分|じぶん>	A New Me
PRG/ETC.BIN	0x2C640	3C7292ED7C82A882C682A482C63E82CC82BD82DF82C9	466F72204D792042726F746865720000000000000000	<r弟|おとうと>のために	For My Brother
PRG/ETC.BIN	0x2C658	3C728BC17C82A882C782EB3E82AB	5375727072697365000000000000	<r驚|おどろ>き	Surprise
PRG/ETC.BIN	0x2C670	3C	44	<r滲|にじ>み<r出|で>る<r悔|くや>しさ	Dripping With Frustration
PRG/ETC.BIN	0x2C672	9FF87C82C982B63E82DD3C728F6F7C82C53E82E93C7289F77C82AD82E23E82B582B3	697070696E672057697468204672757374726174696F6E0000000000000000000000	<r滲|にじ>み<r出|で>る<r悔|くや>しさ	Dripping With Frustration
PRG/ETC.BIN	0x2C6A0	3C	50	<r自慢|じまん>の<r傀儡|くぐつ>	Pride in Puppets
PRG/ETC.BIN	0x2C6A2	8EA9969D7C82B682DC82F13E82CC3C7298F899537C82AD82AE82C23E	69646520696E20507570706574730000000000000000000000000000	<r自慢|じまん>の<r傀儡|くぐつ>	Pride in Puppets
PRG/ETC.BIN	0x2C6C0	3C728E6F7C82A082CB3E82C63C	57697468204D79205369737465	<r姉|あね>と<r共|とも>に	With My Sister
PRG/ETC.BIN	0x2C6CE	8BA47C82C682E03E82C9	00000000000000000000	<r姉|あね>と<r共|とも>に	With My Sister
PRG/ETC.BIN	0x2C6E0	3C7295977C82A982BA3E82CC3C728E677C82C282A93E82A23C728EE87C82C43E	5769656C646572206F66207468652057696E6400000000000000000000000000	<r風|かぜ>の<r使|つか>い<r手|て>	Wielder of the Wind
PRG/ETC.BIN	0x2C710	3C7289E488A497857C834B834183893E82CC3C72914F7C82DC82A63E82C5	4265666F7265204761617261000000000000000000000000000000000000	<r我愛羅|ガアラ>の<r前|まえ>で	Before Gaara
PRG/ETC.BIN	0x2C730	3C728EE889C18CB87C82C482A982B082F13E	476F696E6720456173790000000000000000	<r手加減|てかげん>	Going Easy
PRG/ETC.BIN	0x2C770	3C72E7AEE7907C82A982A282B182A43E	4368616E6365204D656574696E670000	<r邂逅|かいこう>	Chance Meeting
PRG/ETC.BIN	0x2C7C0	3C728BE394F67C82AB82E382A482D13E82CC3C72906C928C97CD7C82B682F182BF82E382A482E882AB3E	486F737420746F204E696E65205461696C73000000000000000000000000000000000000000000000000	<r九尾|きゅうび>の<r人柱力|じんちゅうりき>	Host to Nine Tails
PRG/ETC.BIN	0x2C7F0	3C728BAD8ED27C82AB82E582A482B582E13E82CC3C72926A7C82A882C682B13E	5374726F6E67204D616E00000000000000000000000000000000000000000000	<r強者|きょうしゃ>の<r男|おとこ>	Strong Man
PRG/ETC.BIN	0x2C820	3C7292BF8F627C82BF82F182B682E382A43E82C682CC3C728DC489EF7C82B382A282A982A23E	52652D656E636F756E746572207769746820746865206F646420626561737400000000000000	<r珍獣|ちんじゅう>との<r再会|さいかい>	Re-encounter with the odd beast
PRG/ETC.BIN	0x2C850	3C728F627C82AF82E082CC3E838C8378838B	4265617374204C6576656C00000000000000	<r獣|けもの>レベル	Beast Level
PRG/ETC.BIN	0x2C870	3C728F507C82A882BB3E82A23C728A7C7C82A93E82A982E93C728B538E4C7C834C835483813E	41747461636B696E67204B6973616D6500000000000000000000000000000000000000000000	<r襲|おそ>い<r掛|か>かる<r鬼鮫|キサメ>	Attacking Kisame
PRG/ETC.BIN	0x2C8A0	3C728D8297677C82B182A482E682A43E82B782E93C7290537C82B182B182EB3E	457868696C617261746564204865617274000000000000000000000000000000	<r高揚|こうよう>する<r心|こころ>	Exhilarated Heart
PRG/ETC.BIN	0x2C8D0	3C	49	<r苛立|いらだ>ち	Irritation
PRG/ETC.BIN	0x2C8D2	89D597A77C82A282E782BE3E82BF	7269746174696F6E000000000000	<r苛立|いらだ>ち	Irritation
PRG/ETC.BIN	0x2C8F0	3C7288EA94F67C82A282BF82D13E82CC3C72906C928C97CD7C82B682F182BF82E382A482E882AB3E	486F737420746F204F6E65205461696C000000000000000000000000000000000000000000000000	<r一尾|いちび>の<r人柱力|じんちゅうりき>	Host to One Tail
PRG/ETC.BIN	0x2C920	3C728E688C837C82B582B082AB3E82F03C728B817C82E082C63E82DF82C4	4C6F6F6B696E6720666F72204578636974656D656E740000000000000000	<r刺激|しげき>を<r求|もと>めて	Looking for Excitement
PRG/ETC.BIN	0x2C940	3C7295CF7C82A93E82ED82E83C728ED27C82E082CC3E	506563756C6961720000000000000000000000000000	<r変|か>わり<r者|もの>	Peculiar
PRG/ETC.BIN	0x2C960	83668343835F838982CC3C7292A794AD7C82BF82E582A482CD82C23E	446569646172612773204368616C6C656E6765000000000000000000	デイダラの<r挑発|ちょうはつ>	Deidara's Challenge
PRG/ETC.BIN	0x2C980	3C	50	<r予告|よこく>	Premonition
PRG/ETC.BIN	0x2C982	975C8D907C82E682B182AD3E	656D6F6E6974696F6E000000	<r予告|よこく>	Premonition
PRG/ETC.BIN	0x2C9C0	3C728DC58CE37C82B382A282B23E82CC3C728AEC7C82E682EB82B13E82D1	46696E616C2048617070696E657373000000000000000000000000000000	<r最後|さいご>の<r喜|よろこ>び	Final Happiness
PRG/ETC.BIN	0x2C9E0	3C728DBB7C82B782C83E82C63C7296D87C82B13E836D3C7297747C82CD3E	5468652053616E6420616E6420746865204C656166200000000000000000	<r砂|すな>と<r木|こ>ノ<r葉|は>	The Sand and the Leaf 
PRG/ETC.BIN	0x2CA00	3C728DC58CE37C82B382A282B23E82CC82A83C728AE87C82CB82AA3E82A2	4C6173742057697368000000000000000000000000000000000000000000	<r最後|さいご>のお<r願|ねが>い	Last Wish
PRG/ETC.BIN	0x2CA20	8354835C838A82CC3C7290AB8A697C82B982A282A982AD3E	5361736F72692773204E6174757265000000000000000000	サソリの<r性格|せいかく>	Sasori's Nature
PRG/ETC.BIN	0x2CA40	3C728E4F91E396DA959789657C82B382F182BE82A282DF82A982BA82A982B03E	5468697264204B617A656B616765000000000000000000000000000000000000	<r三代目風影|さんだいめかぜかげ>	Third Kazekage
PRG/ETC.BIN	0x2CA70	3C728EA995AA98F899537C82B682D482F182AD82AE82C23E	53656C662050757070657400000000000000000000000000	<r自分傀儡|じぶんくぐつ>	Self Puppet
PRG/ETC.BIN	0x2CA90	3C728E7E7C82C63E82DC82E93C7298F899537C82AD82AE82C23E	5374696C6C205075707065747300000000000000000000000000	<r止|と>まる<r傀儡|くぐつ>	Still Puppets
PRG/ETC.BIN	0x2CAB0	3C728EA9978896E77C82B682E782A282E23E82CC3C7296A397CD7C82DD82E882E582AD3E8148	4A69726169796127732041707065616C3F000000000000000000000000000000000000000000	<r自来也|じらいや>の<r魅力|みりょく>？	Jiraiya's Appeal?
PRG/ETC.BIN	0x2CAE0	3C728EE68DDE7C82B582E382B482A23E	52657365617263680000000000000000	<r取材|しゅざい>	Research
PRG/ETC.BIN	0x2CB00	3C7288F6898F7C82A282F182CB82F13E82CC8350838A	4661746564204475656C000000000000000000000000	<r因縁|いんねん>のケリ	Fated Duel
PRG/ETC.BIN	0x2CB20	3C728D828FCE7C82BD82A982ED82E73E82A200	436F6E64657363656E64696E67204C61756768	<r高笑|たかわら>い	Condescending Laugh
PRG/ETC.BIN	0x2CB40	3C728E4F94457C82B382F182C982F13E82CC3C728EC097CD7C82B682C282E882E582AD3E	54686520506F776572206F66207468652053616E6E696E00000000000000000000000000	<r三忍|さんにん>の<r実力|じつりょく>	The Power of the Sannin
PRG/ETC.BIN	0x2CB68	3C728AC48E8B7C82A982F182B53E	5375727665696C6C616E63650000	<r監視|かんし>	Surveillance
PRG/ETC.BIN	0x2CB80	3C728C8892857C82AF82C182BF82E182AD3E82CC3C728E9E7C82C682AB3E	536574746C65207468652053636F72650000000000000000000000000000	<r決着|けっちゃく>の<r時|とき>	Settle the Score
PRG/ETC.BIN	0x2CBA0	3C728D6A8EE87C8363836983663E82CC3C7290AB8A697C82B982A282A982AD3E	5473756E6164652773204E617475726500000000000000000000000000000000	<r綱手|ツナデ>の<r性格|せいかく>	Tsunade's Nature
PRG/ETC.BIN	0x2CBD0	3C728CDC91E396DA89CE89	466966746820486F6B6167	<r五代目火影|ごだいめほかげ>	Fifth Hokage
PRG/ETC.BIN	0x2CBDC	7C82B282BE82A282DF82D982A982B03E	00000000000000000000000000000000	<r五代目火影|ごだいめほかげ>	Fifth Hokage
PRG/ETC.BIN	0x2CBF0	3C728D6A8EE87C836383	5370617272696E672077	<r綱手|ツナデ>と<r組手|くみて>	Sparring with Tsunade
PRG/ETC.BIN	0x2CBFB	83663E82C63C7291678EE87C82AD82DD82C43E	7468205473756E616465000000000000000000	<r綱手|ツナデ>と<r組手|くみて>	Sparring with Tsunade
PRG/ETC.BIN	0x2CC10	3C72967B97CC94AD8AF67C82D982F182E882E582A482CD82C182AB3E	5265616C697A696E6720506F74656E7469616C200000000000000000	<r本領発揮|ほんりょうはっき>	Realizing Potential 
PRG/ETC.BIN	0x2CC30	3C7295747C82C23E82AB3C72906C7C82D182C63E83568359836C	417474656E64616E74205368697A756E65000000000000000000	<r付|つ>き<r人|びと>シズネ	Attendant Shizune
PRG/ETC.BIN	0x2CC50	3C7288E397C394458ED27C82A282E882E582A482C982F182B682E13E82C682B582C4	41732061204D65646963616C204E696E6A6100000000000000000000000000000000	<r医療忍者|いりょうにんじゃ>として	As a Medical Ninja
PRG/ETC.BIN	0x2CC78	82A882DF82C582C682A4814900000000	436F6E67726174756C6174696F6E7321	おめでとう！	Congratulations!
PRG/ETC.BIN	0x2CC90	3C7291E38D737C82BE82A282B182A43E82CC3C72926A7C82A882C682B13E	546865205374616E642D496E000000000000000000000000000000000000	<r代行|だいこう>の<r男|おとこ>	The Stand-In
PRG/ETC.BIN	0x2CCB0	8360815B8380838F815B834E	5465616D776F726B00000000	チームワーク	Teamwork
PRG/ETC.BIN	0x2CCC0	3C728BA492CA7C82AB82E582A482C282A43E82CC3C7296DA93497C82E082AD82C482AB3E	412053686172656420507572706F73650000000000000000000000000000000000000000	<r共通|きょうつう>の<r目的|もくてき>	A Shared Purpose
PRG/ETC.BIN	0x2CCF0	3C728C797C82A982E93E82A23C7292A794AD7C82BF82E582A482CD82C23E	41204C696768742050726F766F636174696F6E0000000000000000000000	<r軽|かる>い<r挑発|ちょうはつ>	A Light Provocation
PRG/ETC.BIN	0x2CD10	3C728D7393AE7C82B182A482C782A43E82A082E982CC82DD	4E6F2043686F6963652042757420416374696F6E00000000	<r行動|こうどう>あるのみ	No Choice But Action
PRG/ETC.BIN	0x2CD30	3C	4F	<r大蛇丸|オロチまる><r現|あらわ>る	Orochimaru is Coming
PRG/ETC.BIN	0x2CD32	91E58ED68ADB7C8349838D836082DC82E93E3C728CBB7C82A082E782ED3E82E9	6F6368696D61727520697320436F6D696E670000000000000000000000000000	<r大蛇丸|オロチまる><r現|あらわ>る	Orochimaru is Coming
PRG/ETC.BIN	0x2CD60	3C7292A794AD7C82BF82E582A482CD82C23E	4E6F20576F72726965730000000000000000	<r挑発|ちょうはつ>	No Worries
PRG/ETC.BIN	0x2CD80	3C	50	<r二人|ふたり>の<r対比|たいひ>	Provocation
PRG/ETC.BIN	0x2CD82	93F1906C7C82D382BD82E83E82CC3C7291CE94E47C82BD82A282D03E	6F766F636174696F6E00000000000000000000000000000000000000	<r二人|ふたり>の<r対比|たいひ>	Provocation
PRG/ETC.BIN	0x2CDA0	3C7292CA8D907C82C282A482B182AD3E	436F6E7472617374696E672050616972	<r通告|つうこく>	Contrasting Pair
PRG/ETC.BIN	0x2CDC0	3C728CDC944E7C82B282CB82F13E82D482E882CC3C728DC489EF7C82B382A282A982A23E	41205265756E696F6E204166746572204669766520596561727300000000000000000000	<r五年|ごねん>ぶりの<r再会|さいかい>	A Reunion After Five Years
PRG/ETC.BIN	0x2CDF0	3C728BA48AB47C82AB82E582A482A982F13E	53796D706174687900000000000000000000	<r共感|きょうかん>	Sympathy
PRG/ETC.BIN	0x2CE30	3C728AB490537C82A982F182B582F13E	496D7072657373656400000000000000	<r感心|かんしん>	Impressed
PRG/ETC.BIN	0x2CE90	3C728BF07C82A882EB3E82A982C882E982B182C6	466F6F6C6973686E657373000000000000000000	<r愚|おろ>かなること	Foolishness
PRG/ETC.BIN	0x2D950	3C728D6794C790A891B57C82AD82EA82C882A282CD82F182B982A282BC82EB3E82A2	5465616D204B7572656E616920556E69746573000000000000000000000000000000	<r紅班勢揃|くれないはんせいぞろ>い	Team Kurenai Unites
PRG/ETC.BIN	0x2D9D0	82A282CC8356834A8360838783458367838A83490000	5B535D426F61722D446565722D427574746572666C79	いのシカチョウトリオ	[S]Boar-Deer-Butterfly
PRG/ETC.BIN	0x2DA30	8369838B836782CC3C728B418BBD7C82AB82AB82E582A43E	4E617275746F2052657475726E7320486F6D650000000000	ナルトの<r帰郷|ききょう>	Naruto Returns Home
PRG/ETC.BIN	0x2DA70	3C72959789	426174746C	<r風影|かぜかげ>の<r闘|たたか>い	Battle of the Kazekage
PRG/ETC.BIN	0x2DA76	7C82A982BA82A982B03E82CC3C7293AC7C82BD82BD82A93E82A2	206F6620746865204B617A656B61676500000000000000000000	<r風影|かぜかげ>の<r闘|たたか>い	Battle of the Kazekage
PRG/ETC.BIN	0x2DAE0	3C7296D87C82B13E836D3C7297747C82CD3E82CC3C7294927C82B582EB3E82A23C7289E57C82AB82CE3E81498148	57686974652046616E67206F6620746865204C656166213F00000000000000000000000000000000000000000000	<r木|こ>ノ<r葉|は>の<r白|しろ>い<r牙|きば>！？	White Fang of the Leaf!?
PRG/ETC.BIN	0x2DB80	81673C728BC57C82A082A982C282AB3E816882CC3C7296DA93497C82E082AD82C482AB3E	416B617473756B69277320536368656D6500000000000000000000000000000000000000	“<r暁|あかつき>”の<r目的|もくてき>	Akatsuki's Scheme
PRG/ETC.BIN	0x2DC30	3C7298F899538E747C82AD82AE82C282B53E82CC3C728C8393AC7C82B082AB82C682A43E	466965726365205075707065746D617374657220426174746C6500000000000000000000	<r傀儡師|くぐつし>の<r激闘|げきとう>	Fierce Puppetmaster Battle
PRG/ETC.BIN	0x2DCA0	3C7293CB91527C82C682C282BA82F13E82CC3C728F508C827C82B582E382A482B082AB3E8149	412053756464656E2041737361756C7421000000000000000000000000000000000000000000	<r突然|とつぜん>の<r襲撃|しゅうげき>！	A Sudden Assault!
PRG/ETC.BIN	0x2DDA0	8356837E8385838C815B835683878393	53696D756C6174696F6E000000000000	シミュレーション	Simulation
PRG/ETC.BIN	0x2DE70	3C72906C8A4F7C82B682F182AA82A23E82CC3C7293AC7C82BD82BD82A93E82A2	4F75746361737420426174746C65000000000000000000000000000000000000	<r人外|じんがい>の<r闘|たたか>い	Outcast Battle
PRG/ETC.BIN	0x2DF50	3C72895E96BD7C82A482F182DF82A23E82CC3C728DC489EF7C82B382A282A982A23E	4661746566756C205265756E696F6E00000000000000000000000000000000000000	<r運命|うんめい>の<r再会|さいかい>	Fateful Reunion
PRG/ETC.BIN	0x2DFF0	3C728EBD8D957C82B582C182B182AD3E82C93C7295827C82A43E82A982D43C7289657C82A982B03E	5468652050697463682D426C61636B20536861646F77000000000000000000000000000000000000	<r漆黒|しっこく>に<r浮|う>かぶ<r影|かげ>	The Pitch-Black Shadow
PRG/ETC.BIN	0x2EE50	3C7291CE90ED918A8EE87C82BD82A282B982F182A082A282C43E	4F70706F6E656E74000000000000000000000000000000000000	<r対戦相手|たいせんあいて>	Opponent
PRG/ETC.BIN	0x2F230	3C	50	<r購入|こうにゅう>する<r商品|しょうひん>を<r選|えら>び、<iconCIRCLE>ボタンを<r押|お>してください。	Press <iconCIRCLE> to choose item.
PRG/ETC.BIN	0x2F232	8D7793FC7C82B182A482C982E382A4	657373203C69636F6E434952434C45	<r購入|こうにゅう>する<r商品|しょうひん>を<r選|えら>び、<iconCIRCLE>ボタンを<r押|お>してください。	Press <iconCIRCLE> to choose item.
PRG/ETC.BIN	0x2F242	82B782E93C728FA495697C82B582E582A482D082F13E82F03C7291497C82A682E73E82D181413C69636F6E434952434C453E837B835E839382F03C72899F7C82A83E82B582C482AD82BE82B382A28142	20746F2063686F6F7365206974656D2E00000000000000000000000000000000000000000000000000000000000000000000000000000000000000000000000000000000000000000000000000000000	<r購入|こうにゅう>する<r商品|しょうひん>を<r選|えら>び、<iconCIRCLE>ボタンを<r押|お>してください。	Press <iconCIRCLE> to choose item.
PRG/ETC.BIN	0x2F2A0	3C72906C8C607C82C982F182AC82E582A43E82F03C728D7793FC7C82B182A482C982E382A43E82B582DC82B78142	42757920466967757265732E00000000000000000000000000000000000000000000000000000000000000000000	<r人形|にんぎょう>を<r購入|こうにゅう>します。	Buy Figures.
PRG/ETC.BIN	0x2F2D0	3C72899C8B607C82A882A482AC3E82F03C728D7793FC7C82B182A482C982E382A43E82B582DC82B78142	42757920556C74696D617465204A757473752E0000000000000000000000000000000000000000000000	<r奥義|おうぎ>を<r購入|こうにゅう>します。	Buy Ultimate Jutsu.
PRG/ETC.BIN	0x2F300	3C7289B98A797C82A882F182AA82AD3E82F03C728D7793FC7C82B182A482C982E382A43E82B582DC82B78142	427579204D757369632E00000000000000000000000000000000000000000000000000000000000000000000	<r音楽|おんがく>を<r購入|こうにゅう>します。	Buy Music.
PRG/ETC.BIN	0x2F330	3C7289B990BA7C82A882F182B982A23E82F03C728D7793FC7C82B182A482C982E382A43E82B582DC82B78142	42757920536F756E642E00000000000000000000000000000000000000000000000000000000000000000000	<r音声|おんせい>を<r購入|こうにゅう>します。	Buy Sound.
PRG/ETC.BIN	0x2F360	3C7288C493E094457C82A082F182C882A282C982F13E82F03C728D7793FC7C82B182A482C982E382A43E82B582DC82B78142	427579204775696465204E696E6A612E00000000000000000000000000000000000000000000000000000000000000000000	<r案内忍|あんないにん>を<r購入|こうにゅう>します。	Buy Guide Ninja.
PRG/ETC.BIN	0x2F3A0	3C728D7793FC7C82B182A482C982E382A43E82B782E9834C83838389834E835E815B82F03C72914991F07C82B982F182BD82AD3E82B582C482AD82BE82B382A28142	53656C6563742063686172616374657220746F206275792E000000000000000000000000000000000000000000000000000000000000000000000000000000000000	<r購入|こうにゅう>するキャラクターを<r選択|せんたく>してください。	Select character to buy.
PRG/ETC.BIN	0x2F3F0	3C728D7793FC7C82B182A482C982E382A43E82B782E93C728FA495697C82B582E582A482D082F13E82C9834A815B835C838B82F03C728D877C82A03E82ED82B981413C69636F6E434952434C453E837B835E839382F03C72899F7C82A83E82B582C482AD82BE82B382A28142	53656C65637420616E206974656D20616E64207072657373203C69636F6E434952434C453E20746F206275792E000000000000000000000000000000000000000000000000000000000000000000000000000000000000000000000000000000000000000000000000000000	<r購入|こうにゅう>する<r商品|しょうひん>にカーソルを<r合|あ>わせ、<iconCIRCLE>ボタンを<r押|お>してください。	Select an item and press <iconCIRCLE> to buy.
PRG/ETC.BIN	0x2F460	3C69636F6E5351554152453E837B835E839382F03C72899F7C82A83E82B782C6837C83438393836782F03C728E677C82C282A93E82C182C4837B815B836983588351815B838082F03C728D737C82A882B182C83E82A482B182C682AA82C582AB82DC82B78142	5072657373203C69636F6E5351554152453E20746F2075736520706F696E747320746F20706C6179206120626F6E75732067616D652E000000000000000000000000000000000000000000000000000000000000000000000000000000000000000000000000	<iconSQUARE>ボタンを<r押|お>すとポイントを<r使|つか>ってボーナスゲームを<r行|おこな>うことができます。	Press <iconSQUARE> to use points to play a bonus game.
PRG/ETC.BIN	0x2F507	38	30	<color080860>ショップ<color000000>を<r終了|しゅうりょう>しますか？	<color000000>Quit <color080860>shopping<color000000>?
PRG/ETC.BIN	0x2F509	3836	3030	<color080860>ショップ<color000000>を<r終了|しゅうりょう>しますか？	<color000000>Quit <color080860>shopping<color000000>?
PRG/ETC.BIN	0x2F50D	83568387836283763C636F6C6F723030	51756974203C636F6C6F723038303836	<color080860>ショップ<color000000>を<r終了|しゅうりょう>しますか？	<color000000>Quit <color080860>shopping<color000000>?
PRG/ETC.BIN	0x2F51E	3030303E82F03C728F4997B97C82B582E382A482E882E582A43E82B582DC82B782A98148	3E73686F7070696E673C636F6C6F723030303030303E3F00000000000000000000000000	<color080860>ショップ<color000000>を<r終了|しゅうりょう>しますか？	<color000000>Quit <color080860>shopping<color000000>?
PRG/ETC.BIN	0x2F6F0	836E8359838C82AD82B682F03C7288F87C82D03E82A282C482B582DC82A282DC82B582BD81638142	546F6F206261642C20796F75206D69737365642E0000000000000000000000000000000000000000	ハズレくじを<r引|ひ>いてしまいました…。	Too bad, you missed.
PRG/ETC.BIN	0x2F8B0	3C728E63944F7C82B482F182CB82F13E814182CD82B882EA82C482B582DC82A282DC82B582BD8142	546F6F206261642C20796F75206D69737365642E0000000000000000000000000000000000000000	<r残念|ざんねん>、はずれてしまいました。	Too bad, you missed.
SLPS_258.37	0x2FFBA0	3C72	5265	<ruby再会|さいかい>の<ruby時|とき>・<ruby壱|いち>	Reunion Time I
SLPS_258.37	0x2FFBA3	62798DC489EF7C82B382A282A982A23E82CC3C727562798E9E7C82C682AB3E81453C7275627988EB7C82A282BF3E	6E696F6E2054696D6520490000000000000000000000000000000000000000000000000000000000000000000000	<ruby再会|さいかい>の<ruby時|とき>・<ruby壱|いち>	Reunion Time I
SLPS_258.37	0x2FFBE0	3C72756279959588F38F707C82D382A482A282F182B682E382C23E81453C727562798CB697B48BE3959590737C82B082F182E882E382A482AB82E382A482D382A482B682F13E	5365616C696E67204A757473753A204E696E65205068616E746F6D20447261676F6E730000000000000000000000000000000000000000000000000000000000000000000000	<ruby封印術|ふういんじゅつ>・<ruby幻龍九封尽|げんりゅうきゅうふうじん>	Sealing Jutsu: Nine Phantom Dragons
SLPS_258.37	0x2FFC30	3C727562798FED88C57C82C682B182E282DD3E82CC3C727562798ED27C82E082CC3E82BD82BF	50656F706C65206F6620456E646C657373204461726B6E657373000000000000000000000000	<ruby常闇|とこやみ>の<ruby者|もの>たち	People of Endless Darkness
SLPS_258.37	0x2FFC60	3C72756279944596407C82C982F182DB82A43E81453C7275627992B48F628B5589E67C82BF82E582A482B682E382A482AC82AA3E	4E696E6A61204172743A204265617374205363726F6C6C205265706C696361730000000000000000000000000000000000000000	<ruby忍法|にんぽう>・<ruby超獣偽画|ちょうじゅうぎが>	Ninja Art: Beast Scroll Replicas
SLPS_258.37	0x2FFCA0	3C72	466F	<ruby第四|だいよん>の<ruby覚醒|かくせい>	Fourth Awakened Mode
SLPS_258.37	0x2FFCA3	627991E68E6C7C82BE82A282E682F13E82CC3C727562798A6F90C17C82A982AD82B982A23E	727468204177616B656E6564204D6F64650000000000000000000000000000000000000000	<ruby第四|だいよん>の<ruby覚醒|かくせい>	Fourth Awakened Mode
SLPS_258.37	0x2FFCD0	3C72	5265	<ruby再会|さいかい>の<ruby時|とき>・<ruby弐|に>	Reunion Time II
SLPS_258.37	0x2FFCD3	62798DC489EF7C82B382A282A982A23E82CC3C727562798E9E7C82C682AB3E81453C7275627993F37C82C93E	6E696F6E2054696D652049490000000000000000000000000000000000000000000000000000000000000000	<ruby再会|さいかい>の<ruby時|とき>・<ruby弐|に>	Reunion Time II
SLPS_258.37	0x2FFD00	8358835E83628374838D815B838B	4372656469747300000000000000	スタッフロール	Credits
SLPS_258.37	0x3039E0	826C8264826C826E827182782082628260827182633C727562798DB78D9E8CFB7C82B382B582B182DD82AE82BF3E825082C9008168826F828C8281829982728294828182948289828F828E20825181683C7275627990EA97707C82B982F182E682A43E83818382838A815B834A815B836881698257826C8261816A82AA	4E6F206D656D6F7279206361726420285053322920697320696E73657274656420696E20004D454D4F5259204341524420736C6F7420312E00506C6561736520696E736572742061206D656D6F7279206361726420285053322920696E004D454D4F5259204341524420736C6F7420312E000000000000000000000000	ＭＥＭＯＲＹ ＣＡＲＤ<ruby差込口|さしこみぐち>１に<NUL>”ＰｌａｙＳｔａｔｉｏｎ ２”<ruby専用|せんよう>メモリーカード（８ＭＢ）が<NUL><ruby差|さ>されていません。	No memory card (PS2) is inserted in <NUL>MEMORY CARD slot 1.<NUL>Please insert a memory card (PS2) in<NUL>MEMORY CARD slot 1.
SLPS_258.37	0x303A5E	3C727562798DB77C82B33E82B382EA82C482A282DC82B982F18142	000000000000000000000000000000000000000000000000000000	ＭＥＭＯＲＹ ＣＡＲＤ<ruby差込口|さしこみぐち>１に<NUL>”ＰｌａｙＳｔａｔｉｏｎ ２”<ruby専用|せんよう>メモリーカード（８ＭＢ）が<NUL><ruby差|さ>されていません。	No memory card (PS2) is inserted in <NUL>MEMORY CARD slot 1.<NUL>Please insert a memory card (PS2) in<NUL>MEMORY CARD slot 1.
SLPS_258.37	0x303C40	826C8264826C826E827182782082628260827182633C727562798DB78D9E8CFB7C82B382B582B182DD82AE82BF3E825082CC008168826F828C8281829982728294828182948289828F828E20825181683C7275627990EA97707C82B982F182E682A43E83818382838A815B834A815B836881698257826C8261816A82AA	546865206D656D6F7279206361726420285053322920696E20004D454D4F5259204341524420736C6F74203120697320756E666F726D61747465642E0000000000000000000000000000000000000000000000000000000000000000000000000000000000000000000000000000000000000000000000000000000000	ＭＥＭＯＲＹ ＣＡＲＤ<ruby差込口|さしこみぐち>１の<NUL>”ＰｌａｙＳｔａｔｉｏｎ ２”<ruby専用|せんよう>メモリーカード（８ＭＢ）が<NUL>フォーマットされていません。	The memory card (PS2) in <NUL>MEMORY CARD slot 1 is unformatted.
SLPS_258.37	0x303CBE	83748348815B837D8362836782B382EA82C482A282DC82B982F18142	00000000000000000000000000000000000000000000000000000000	ＭＥＭＯＲＹ ＣＡＲＤ<ruby差込口|さしこみぐち>１の<NUL>”ＰｌａｙＳｔａｔｉｏｎ ２”<ruby専用|せんよう>メモリーカード（８ＭＢ）が<NUL>フォーマットされていません。	The memory card (PS2) in <NUL>MEMORY CARD slot 1 is unformatted.
SLPS_258.37	0x303CE0	8168826F828C8281829982	466F726D6174206D656D6F	”ＰｌａｙＳｔａｔｉｏｎ ２”<ruby専用|せんよう>メモリーカード（８ＭＢ）<NUL>をフォーマットしますか？	Format memory card (PS2)?
SLPS_258.37	0x303CEC	8294828182948289828F828E20825181683C7275627990EA97707C82B982F182E682A43E83818382838A815B834A815B836881698257826C8261816A	7920636172642028505332293F0000000000000000000000000000000000000000000000000000000000000000000000000000000000000000000000	”ＰｌａｙＳｔａｔｉｏｎ ２”<ruby専用|せんよう>メモリーカード（８ＭＢ）<NUL>をフォーマットしますか？	Format memory card (PS2)?
SLPS_258.37	0x303D29	82F083748348815B837D8362836782B582DC82B782A98148	000000000000000000000000000000000000000000000000	”ＰｌａｙＳｔａｔｉｏｎ ２”<ruby専用|せんよう>メモリーカード（８ＭＢ）<NUL>をフォーマットしますか？	Format memory card (PS2)?
SLPS_258.37	0x303DA0	838D815B836882B782E98366815B835E82F03C7275627991497C82A682E73E82F182C582AD82BE82B382A28142	506C656173652073656C656374206461746120746F206C6F61642E000000000000000000000000000000000000	ロードするデータを<ruby選|えら>んでください。	Please select data to load.
SLPS_258.37	0x303DE0	82B182CC8366815B835E82F0838D815B836882B582DC82B782A98148	4C6F6164207468697320646174613F00000000000000000000000000	このデータをロードしますか？	Load this data?
SLPS_258.37	0x303E10	838D815B836882B582C482A282DC82B78142	4C6F6164696E672066726F6D000000000000	ロードしています。	Loading from
SLPS_258.37	0x303E23	816882	6D656D	”ＰｌａｙＳｔａｔｉｏｎ ２”<ruby専用|せんよう>メモリーカード（８ＭＢ）	memory card (PS2). Please do not remove memory card (PS2), controller,
SLPS_258.37	0x303E27	828C8281829982728294828182948289828F828E20825181683C7275627990EA97707C82B982F182E682A43E83818382838A815B834A815B836881698257826C8261816A	727920636172642028505332292E20506C6561736520646F206E6F742072656D6F7665206D656D6F727920636172642028505332292C20636F6E74726F6C6C65722C0000	”ＰｌａｙＳｔａｔｉｏｎ ２”<ruby専用|せんよう>メモリーカード（８ＭＢ）	memory card (PS2). Please do not remove memory card (PS2), controller,
SLPS_258.37	0x303E6C	82F03C	6F7220	を<ruby抜|ぬ>かないでください。	or reset/switch off the console.
SLPS_258.37	0x303E70	75627994B27C82CA3E82A982C882A282C582AD82BE82B382A2814200	657365742F737769746368206F66662074686520636F6E736F6C652E	を<ruby抜|ぬ>かないでください。	or reset/switch off the console.
SLPS_258.37	0x303E90	8366815B835E82CC838D815B836882AA3C727562798F4997B97C82B582E382A482E882E582A43E82B582DC82B582BD8142	4C6F616420636F6D706C657465642E00000000000000000000000000000000000000000000000000000000000000000000	データのロードが<ruby終了|しゅうりょう>しました。	Load completed.
SLPS_258.37	0x303F10	835A815B837582B782E93C727562798FEA8F8A7C82CE82B582E53E82F03C7275627991497C82A682E73E82F182C582AD82BE82B382A28142	506C656173652073656C65637420776865726520746F20736176652E00000000000000000000000000000000000000000000000000000000	セーブする<ruby場所|ばしょ>を<ruby選|えら>んでください。	Please select where to save.
SLPS_258.37	0x303F50	835A815B837582B582C482A282DC82B78142	5B535D536176696E672E2E2E000000000000	セーブしています。	[S]Saving...
SLPS_258.37	0x303F63	8168826F828C8281829982728294828182948289828F828E20825181683C7275627990EA97707C82B982F182E682A43E83818382838A815B834A815B836881698257826C8261816A	4D454D4F5259204341524420736C6F7420312E0000000000000000000000000000000000000000000000000000000000000000000000000000000000000000000000000000000000	”ＰｌａｙＳｔａｔｉｏｎ ２”<ruby専用|せんよう>メモリーカード（８ＭＢ）	MEMORY CARD slot 1.
SLPS_258.37	0x303FAC	82F03C7275627994B27C82CA3E82A982C882A282C582AD82BE82B382A28142	5B535D446F206E6F742072656D6F766520636172642E000000000000000000	を<ruby抜|ぬ>かないでください。	[S]Do not remove card.
SLPS_258.37	0x303FD0	8366815B835E82CC835A815B837582AA3C727562798F4997B97C82B582E382A482E882E582A43E82B582DC82B582BD8142	5361766520636F6D706C657465642E00000000000000000000000000000000000000000000000000000000000000000000	データのセーブが<ruby終了|しゅうりょう>しました。	Save completed.
SLPS_258.37	0x304050	3C	43	<ruby新|あたら>しいデータを<ruby作成|さくせい>しますか？	Create new data?
SLPS_258.37	0x304052	75627990567C82A082BD82E73E82B582A28366815B835E82F03C727562798DEC90AC7C82B382AD82B982A23E82B582DC82B782A98148	65617465206E657720646174613F00000000000000000000000000000000000000000000000000000000000000000000000000000000	<ruby新|あたら>しいデータを<ruby作成|さくせい>しますか？	Create new data?
SLPS_258.37	0x304090	3C	50	<ruby上書|うわが>きすると<ruby以前|いぜん>のデータは<ruby失|うしな>われてしまいます。	Previous data will be lost if you overwrite.
SLPS_258.37	0x304092	7562798FE38F917C82A482ED82AA3E82AB82B782E982C63C7275627988C8914F7C82A282BA82F13E82CC8366815B835E82CD3C727562798EB87C82A482B582C83E82ED82EA82C482B582DC82A282DC82B78142	6576696F757320646174612077696C6C206265206C6F737420696620796F75206F76657277726974652E0000000000000000000000000000000000000000000000000000000000000000000000000000000000	<ruby上書|うわが>きすると<ruby以前|いぜん>のデータは<ruby失|うしな>われてしまいます。	Previous data will be lost if you overwrite.
SLPS_258.37	0x3040E6	3C727562798FE38F917C82A482ED82AA3E82AB82B582DC82B782A98148	4F76657277726974653F00000000000000000000000000000000000000	<ruby上書|うわが>きしますか？	Overwrite?
SLPS_258.37	0x304110	83748348815B837D8362836782B582C482A282DC82B78142	5B535D466F726D617474696E672E2E2E0000000000000000	フォーマットしています。	[S]Formatting...
SLPS_258.37	0x304129	8168826F828C8281829982728294828182948289828F828E20825181683C7275627990EA97707C82B982F182E682A43E83818382838A815B834A815B836881698257826C8261816A	4D454D4F5259204341524420736C6F7420312E0000000000000000000000000000000000000000000000000000000000000000000000000000000000000000000000000000000000	”ＰｌａｙＳｔａｔｉｏｎ ２”<ruby専用|せんよう>メモリーカード（８ＭＢ）	MEMORY CARD slot 1.
SLPS_258.37	0x304172	82F03C7275627994B27C82CA3E82A982C882A282C582AD82BE82B382A28142	5B535D446F206E6F742072656D6F766520636172642E000000000000000000	を<ruby抜|ぬ>かないでください。	[S]Do not remove card.
SLPS_258.37	0x3041A0	8168826F828C8281829982728294828182948289828F828E20825181683C7275627990EA97707C82B982F182E682A43E83818382838A815B834A815B836881698257826C8261816A	466F726D617420636F6D706C657465642E00000000000000000000000000000000000000000000000000000000000000000000000000000000000000000000000000000000000000	”ＰｌａｙＳｔａｔｉｏｎ ２”<ruby専用|せんよう>メモリーカード（８ＭＢ）	Format completed.
SLPS_258.37	0x3041E9	82CC83748348815B837D8362836782AA3C727562798F4997B97C82B582E382A482E882E582A43E82B582DC82B582BD8142	00000000000000000000000000000000000000000000000000000000000000000000000000000000000000000000000000	のフォーマットが<ruby終了|しゅうりょう>しました。	
SLPS_258.37	0x304250	835A815B83753C7275627997CC88E67C82E882E582A482A282AB3E82F03C727562798DEC90AC7C82B382AD82B982A23E82B582C482A282DC82B78142	4372656174696E67204E617275746F2053686970707564656E3A20556C74696D617465204E696E6A6120352064617461000000000000000000000000	セーブ<ruby領域|りょういき>を<ruby作成|さくせい>しています。	Creating Naruto Shippuden: Ultimate Ninja 5 data
SLPS_258.37	0x30428D	8168826F828C8281829982728294828182948289828F828E20825181683C7275627990EA97707C82B982F182E682A43E83818382838A815B834A815B836881698257826C8261816A	6F6E206D656D6F7279206361726420285053322920696E204D454D4F5259204341524420736C6F7420312E0000000000000000000000000000000000000000000000000000000000	”ＰｌａｙＳｔａｔｉｏｎ ２”<ruby専用|せんよう>メモリーカード（８ＭＢ）	on memory card (PS2) in MEMORY CARD slot 1.
SLPS_258.37	0x3042D6	82F03C7275627994B27C82CA3E82A982C882A282C582AD82BE82B382A28142	5B535D446F206E6F742072656D6F766520636172642E000000000000000000	を<ruby抜|ぬ>かないでください。	[S]Do not remove card.
SLPS_258.37	0x304300	835A815B83753C7275627997CC88E67C82E882E582A482A282AB3E82CC3C727562798DEC90AC7C82B382AD82B982A23E82AA3C727562798F4997B97C82B582E382A482E882E582A43E82B582DC82B582BD8142	5B535D556C74696D617465204E696E6A6120352064617461206372656174656420696E206D656D6F7279206361726420736C6F7420312E00000000000000000000000000000000000000000000000000000000	セーブ<ruby領域|りょういき>の<ruby作成|さくせい>が<ruby終了|しゅうりょう>しました。	[S]Ultimate Ninja 5 data created in memory card slot 1.
SLPS_258.37	0x3043C0	82B182CC8351815B838082CC835A815B83753C7275627997CC88E67C82E882E582A482A282AB3E82AA3C727562798DEC7C82C282AD3E82E782EA82C482A282DC82B982F18142	5B535D4E6F20556C74696D617465204E696E6A612035206461746120666F756E6420696E206D656D6F7279206361726420736C6F7420312E0000000000000000000000000000	このゲームのセーブ<ruby領域|りょういき>が<ruby作|つく>られていません。	[S]No Ultimate Ninja 5 data found in memory card slot 1.
SLPS_258.37	0x304407	835A815B83753C7275627997CC88E67C82E882E582A482A282AB3E82F03C727562798DEC7C82C282AD3E82E882DC82B782A98148	437265617465206E6577204E617275746F2053686970707564656E3A20556C74696D617465204E696E6A61203520646174613F00	セーブ<ruby領域|りょういき>を<ruby作|つく>りますか？	Create new Naruto Shippuden: Ultimate Ninja 5 data?
SLPS_258.37	0x304440	82B182CC8351815B838082CC8366815B835E82AA82A082E882DC82B982F181420000	5B535D4E6F20556C74696D617465204E696E6A612035206461746120666F756E642E	このゲームのデータがありません。	[S]No Ultimate Ninja 5 data found.
SLPS_258.37	0x3046A0	826C8264826C826E827182782082628260827182633C727562798DB78D9E8CFB7C82B382B582B182DD82AE82BF3E825082C9008168826F828C8281829982728294828182948289828F828E20825181683C7275627990EA97707C82B982F182E682A43E83818382838A815B834A815B836881698257826C8261816A82AA003C727562798DB77C82B33E82B382EA82C482A282DC82B982F181420082B182CC8351815B838082CC8366815B835E82F0835A815B837582B782E982C982CD008250824F8252826A82	4E6F206D656D6F7279206361726420285053322920697320696E7365727465642E00506C6561736520696E736572742061206D656D6F7279206361726420285053322920696E204D454D4F5259204341524420736C6F7420312E004174206C6561737420313032204B42206F662066726565207370616365206973206E656365737361727920746F2073617665204E617275746F2053686970707564656E3A20556C74696D617465204E696E6A61203520646174612E205374617274207468652067616D6520	ＭＥＭＯＲＹ ＣＡＲＤ<ruby差込口|さしこみぐち>１に<NUL>”ＰｌａｙＳｔａｔｉｏｎ ２”<ruby専用|せんよう>メモリーカード（８ＭＢ）が<NUL><ruby差|さ>されていません。<NUL>このゲームのデータをセーブするには<NUL>１０３ＫＢ<ruby以上|いじょう>の<ruby空|あ>き<ruby容量|ようりょう>が<ruby必要|ひつよう>です。<NUL>このままで<ruby開始|かいし>しますか？	No memory card (PS2) is inserted.<NUL>Please insert a memory card (PS2) in MEMORY CARD slot 1.<NUL>At least 102 KB of free space is necessary to save Naruto Shippuden: Ultimate Ninja 5 data. Start the game anyway?
SLPS_258.37	0x304767	3C727562	6E797761	ＭＥＭＯＲＹ ＣＡＲＤ<ruby差込口|さしこみぐち>１に<NUL>”ＰｌａｙＳｔａｔｉｏｎ ２”<ruby専用|せんよう>メモリーカード（８ＭＢ）が<NUL><ruby差|さ>されていません。<NUL>このゲームのデータをセーブするには<NUL>１０３ＫＢ<ruby以上|いじょう>の<ruby空|あ>き<ruby容量|ようりょう>が<ruby必要|ひつよう>です。<NUL>このままで<ruby開始|かいし>しますか？	No memory card (PS2) is inserted.<NUL>Please insert a memory card (PS2) in MEMORY CARD slot 1.<NUL>At least 102 KB of free space is necessary to save Naruto Shippuden: Ultimate Ninja 5 data. Start the game anyway?
SLPS_258.37	0x30476C	88C88FE37C82A282B682E582A43E82CC3C727562798BF37C82A03E82AB3C72756279976597CA7C82E682A482E882E582A43E82AA3C72756279954B97767C82D082C282E682A43E82C582B78142	3F00000000000000000000000000000000000000000000000000000000000000000000000000000000000000000000000000000000000000000000000000000000000000000000000000000000	ＭＥＭＯＲＹ ＣＡＲＤ<ruby差込口|さしこみぐち>１に<NUL>”ＰｌａｙＳｔａｔｉｏｎ ２”<ruby専用|せんよう>メモリーカード（８ＭＢ）が<NUL><ruby差|さ>されていません。<NUL>このゲームのデータをセーブするには<NUL>１０３ＫＢ<ruby以上|いじょう>の<ruby空|あ>き<ruby容量|ようりょう>が<ruby必要|ひつよう>です。<NUL>このままで<ruby開始|かいし>しますか？	No memory card (PS2) is inserted.<NUL>Please insert a memory card (PS2) in MEMORY CARD slot 1.<NUL>At least 102 KB of free space is necessary to save Naruto Shippuden: Ultimate Ninja 5 data. Start the game anyway?
SLPS_258.37	0x3047BA	82B182CC82DC82DC82C53C727562798A4A8E6E7C82A982A282B53E82B582DC82B782A98148	00000000000000000000000000000000000000000000000000000000000000000000000000	ＭＥＭＯＲＹ ＣＡＲＤ<ruby差込口|さしこみぐち>１に<NUL>”ＰｌａｙＳｔａｔｉｏｎ ２”<ruby専用|せんよう>メモリーカード（８ＭＢ）が<NUL><ruby差|さ>されていません。<NUL>このゲームのデータをセーブするには<NUL>１０３ＫＢ<ruby以上|いじょう>の<ruby空|あ>き<ruby容量|ようりょう>が<ruby必要|ひつよう>です。<NUL>このままで<ruby開始|かいし>しますか？	No memory card (PS2) is inserted.<NUL>Please insert a memory card (PS2) in MEMORY CARD slot 1.<NUL>At least 102 KB of free space is necessary to save Naruto Shippuden: Ultimate Ninja 5 data. Start the game anyway?
SLPS_258.37	0x304970	8366815B835E82F0835A815B837582B582DC82B782A98148	5361766520646174613F0000000000000000000000000000	データをセーブしますか？	Save data?
SLPS_258.37	0x304990	835E83438367838B3C7275627989E696CA7C82AA82DF82F13E82C93C7275627996DF7C82E082C73E82E882DC82B782A98148	52657475726E20746F207469746C652073637265656E3F000000000000000000000000000000000000000000000000000000	タイトル<ruby画面|がめん>に<ruby戻|もど>りますか？	Return to title screen?
SLPS_258.37	0x3049D0	838D815B836882C582AB82E98366815B835E82AA82A082E882DC82B982F1814200000000	5468657265206973206E6F206461746120746861742063616E206265206C6F616465642E	ロードできるデータがありません。	There is no data that can be loaded.
SLPS_258.37	0x304A00	3C7275627988EB7C82A282BF3E8145	310000000000000000000000000000	<ruby壱|いち>・	1
SLPS_258.37	0x304A10	3C7275627993F37C82C93E8145	32000000000000000000000000	<ruby弐|に>・	2
SLPS_258.37	0x304A20	3C727562798E517C82B382F13E8145	330000000000000000000000000000	<ruby参|さん>・	3
SLPS_258.37	0x304A40	8376838C83433C727562798E9E8AD47C82B682A982F13E20	506C61792054696D65200000000000000000000000000000	プレイ<ruby時間|じかん> 	Play Time 
SLPS_258.37	0x304A60	3C727562	456D7074	<ruby未使用|みしよう>	Empty
SLPS_258.37	0x304A65	96A28E6797707C82DD82B582E682A43E	00000000000000000000000000000000	<ruby未使用|みしよう>	Empty
SLPS_258.37	0x30CAE0	3C7293C18D558F528C827C82C682C182B182A482B582E382A482B082AB3E	4368617267696E67204B69636B0000000000000000000000000000000000	<r特攻蹴撃|とっこうしゅうげき>	Charging Kick
SLPS_258.37	0x3D9C40	82A482B882DC82AB8369838B83673C7298418C827C82EA82F182B082AB3E	4E617275746F20557A756D616B6920436F6D626F2041747461636B000000	うずまきナルト<r連撃|れんげき>	Naruto Uzumaki Combo Attack
SLPS_258.37	0x3D9C60	3C	47	<r大玉螺旋丸|おおだまらせんがん>	Great Ball Rasengan
SLPS_258.37	0x3D9C62	91E58BCA978690F98ADB7C82A882A882BE82DC82E782B982F182AA82F13E	6561742042616C6C20526173656E67616E00000000000000000000000000	<r大玉螺旋丸|おおだまらせんがん>	Great Ball Rasengan
SLPS_258.37	0x3D9C90	3C7294F289658FB88C827C82D082A682F182B582E582A482B082AB3E	466C79696E6720536861646F7720526973696E672041747461636B00	<r飛影昇撃|ひえんしょうげき>	Flying Shadow Rising Attack
SLPS_258.37	0x3D9CB0	3C7295AA9067945D93567C82D482F182B582F182CC82A482C482F13E834A83603C728A847C82ED3E82E8	436C6F6E65204A757473753A20486561642053706C697400000000000000000000000000000000000000	<r分身脳天|ぶんしんのうてん>カチ<r割|わ>り	Clone Jutsu: Head Split
SLPS_258.37	0x3D9CE0	3C7290F995978F528C827C82B982F182D582A482B582E382A482B082AB3E	576869726C77696E64204B69636B00000000000000000000000000000000	<r旋風蹴撃|せんぷうしゅうげき>	Whirlwind Kick
SLPS_258.37	0x3D9D00	3C729597968293C18D5595CF89BB7C82D382A482DC82C682C182B182A482D682F182B03E	44656D6F6E2057696E64204368617267696E67205472616E73666F726D6174696F6E0000	<r風魔特攻変化|ふうまとっこうへんげ>	Demon Wind Charging Transformation
SLPS_258.37	0x3D9D30	3C7293C18D55978690F98ADB7C82C682C182B182A482E782B982F182AA82F13E	4368617267696E6720526173656E67616E000000000000000000000000000000	<r特攻螺旋丸|とっこうらせんがん>	Charging Rasengan
SLPS_258.37	0x3D9D60	3C72944593B97C82C982F182C782A43E8341835E8362834E	4E696E646F2041747461636B000000000000000000000000	<r忍道|にんどう>アタック	Nindo Attack
SLPS_258.37	0x3D9D80	3C729597968292C78C827C82D382A482DC82C282A282B082AB3E	44656D6F6E2057696E642041737361756C740000000000000000	<r風魔追撃|ふうまついげき>	Demon Wind Assault
SLPS_258.37	0x3D9DA0	3C7292B593C18B7D7C82BF82E582A482C682C182AB82E382A43E	4A756D70696E6720457870726573730000000000000000000000	<r跳特急|ちょうとっきゅう>	Jumping Express
SLPS_258.37	0x3D9DC0	3C728FB87C82CC82DA3E82E83C7295978ED47C82D382A482B582E13E	526973696E672057696E646D696C6C00000000000000000000000000	<r昇|のぼ>り<r風車|ふうしゃ>	Rising Windmill
SLPS_258.37	0x3D9DE0	3C7294F289658C827C82D082A682F182B082AB3E	466C79696E6720536861646F772041747461636B	<r飛影撃|ひえんげき>	Flying Shadow Attack
SLPS_258.37	0x3D9E00	3C728F758EE892657C82B582E382F182C482BE82F13E	496E7374616E742048616E642042756C6C6574000000	<r瞬手弾|しゅんてだん>	Instant Hand Bullet
SLPS_258.37	0x3D9E20	3C7295AA906792B5949A91C57C82D482F182B582F182BF82E582A482CE82AD82BE3E	436C6F6E65204A756D70696E67204578706C6F73696F6E2048697420000000000000	<r分身跳爆打|ぶんしんちょうばくだ>	Clone Jumping Explosion Hit 
SLPS_258.37	0x4AE030	3C7295CF7C82A93E82ED82E782C882A23C728AD68C577C82A982F182AF82A23E	556E6368616E67696E672052656C6174696F6E73686970000000000000000000	<r変|か>わらない<r関係|かんけい>	Unchanging Relationship
SLPS_258.37	0x4B19DD	837D8358835E815B8382815B83683C636F6C6F72	4D6173746572204D6F64653C636F6C6F72464646	<color00FFFF>マスターモード<colorFFFFFF>では<r広大|こうだい>な<r世界|せかい>を<r舞台|ぶたい>に、<r成長|せいちょう>したうずまきナルトの<r新|あたら>しい<r物語|ものがたり>を<r体験|たいけん>することができます。	<color00FFFF>Master Mode<colorFFFFFF> is set in a vast world. Experience a stronger Naruto Uzumaki in this new story.
SLPS_258.37	0x4B19F4	4646463E82C582CD3C728D4C91E57C82B182A482BE82A23E82C83C7290A28A457C82B982A982A23E82F03C72959191E47C82D482BD82A23E82C981413C7290AC92B77C82B982A282BF82E582A43E82B582BD82A482B882DC82AB8369838B836782CC3C7290567C82A082BD82E73E82B582A23C7295A88CEA7C82E082CC82AA82BD82E83E82F03C7291CC8CB17C82BD82A282AF82F13E82B782E982B182C682AA82C582AB82DC82B78142	3E2069732073657420696E2061207661737420776F726C642E20457870657269656E63652061207374726F6E676572204E617275746F20557A756D616B6920696E2074686973206E65772073746F72792E0000000000000000000000000000000000000000000000000000000000000000000000000000000000000000000000000000000000000000000000000000000000000000000000000000000000000000000000000000000000	<color00FFFF>マスターモード<colorFFFFFF>では<r広大|こうだい>な<r世界|せかい>を<r舞台|ぶたい>に、<r成長|せいちょう>したうずまきナルトの<r新|あたら>しい<r物語|ものがたり>を<r体験|たいけん>することができます。	<color00FFFF>Master Mode<colorFFFFFF> is set in a vast world. Experience a stronger Naruto Uzumaki in this new story.
SLPS_258.37	0x4B1AAD	8374838A815B836F8367838B3C636F6C6F72	4672656520426174746C653C636F6C6F7246	<color00FFFF>フリーバトル<colorFFFFFF>では<r好|す>きなキャラクターを<r使|つか>って<r自由|じゆう>に<r闘|たたか>うことができます。	<color00FFFF>Free Battle<colorFFFFFF> allows you to use any character to fight how you like.
SLPS_258.37	0x4B1AC4	463E82C582CD3C728D447C82B73E82AB82C8834C83838389834E835E815B82F03C728E677C82C282A93E82C182C43C728EA997527C82B682E482A43E82C93C7293AC7C82BD82BD82A93E82A482B182C682AA82C582AB82DC82B78142	3E20616C6C6F777320796F7520746F2075736520616E792063686172616374657220746F20666967687420686F7720796F75206C696B652E000000000000000000000000000000000000000000000000000000000000000000000000	<color00FFFF>フリーバトル<colorFFFFFF>では<r好|す>きなキャラクターを<r使|つか>って<r自由|じゆう>に<r闘|たたか>うことができます。	<color00FFFF>Free Battle<colorFFFFFF> allows you to use any character to fight how you like.
SLPS_258.37	0x4B1B3D	83768389834E83	50726163746963	<color00FFFF>プラクティス<colorFFFFFF>では<r基本操作|きほんそうさ>など、<r戦闘|せんとう>に<r関|かん>する<r様々|さまざま>な<r練習|れんしゅう>を<r行|おこな>うことができます。	<color00FFFF>Practice<colorFFFFFF> lets you practice basic controls and other battle-related training.
SLPS_258.37	0x4B1B45	834283583C636F6C6F72	3C636F6C6F7246464646	<color00FFFF>プラクティス<colorFFFFFF>では<r基本操作|きほんそうさ>など、<r戦闘|せんとう>に<r関|かん>する<r様々|さまざま>な<r練習|れんしゅう>を<r行|おこな>うことができます。	<color00FFFF>Practice<colorFFFFFF> lets you practice basic controls and other battle-related training.
SLPS_258.37	0x4B1B51	464646463E82C582CD3C728AEE967B91808DEC7C82AB82D982F182BB82A482B33E82C882C781413C7290ED93AC7C82B982F182C682A43E82C93C728AD67C82A982F13E82B782E93C72976C81587C82B382DC82B482DC3E82C83C7297FB8F4B7C82EA82F182B582E382A43E82F03C728D737C82A882B182C83E82A482B182C682AA82C582AB82DC82B78142	3E206C65747320796F7520707261637469636520626173696320636F6E74726F6C7320616E64206F7468657220626174746C652D72656C6174656420747261696E696E672E00000000000000000000000000000000000000000000000000000000000000000000000000000000000000000000000000000000000000000000000000000000000000000000	<color00FFFF>プラクティス<colorFFFFFF>では<r基本操作|きほんそうさ>など、<r戦闘|せんとう>に<r関|かん>する<r様々|さまざま>な<r練習|れんしゅう>を<r行|おこな>うことができます。	<color00FFFF>Practice<colorFFFFFF> lets you practice basic controls and other battle-related training.
SLPS_258.37	0x4B1BE6	3030	4646	<color00FFFF>ミニゲーム<colorFFFFFF>ではミニゲームで<r遊|あそ>ぶことができます。	<colorFFFFFF>Play various <color00FFFF>Mini-Games<colorFFFFFF>.
SLPS_258.37	0x4B1BED	837E836A8351815B83803C636F6C6F724646464646	506C617920766172696F7573203C636F6C6F723030	<color00FFFF>ミニゲーム<colorFFFFFF>ではミニゲームで<r遊|あそ>ぶことができます。	<colorFFFFFF>Play various <color00FFFF>Mini-Games<colorFFFFFF>.
SLPS_258.37	0x4B1C03	3E82C582CD837E836A8351815B838082C53C7297567C82A082BB	4646463E4D696E692D47616D65733C636F6C6F72464646464646	<color00FFFF>ミニゲーム<colorFFFFFF>ではミニゲームで<r遊|あそ>ぶことができます。	<colorFFFFFF>Play various <color00FFFF>Mini-Games<colorFFFFFF>.
SLPS_258.37	0x4B1C1E	82D482B182C682AA82C582AB82DC82B78142	2E0000000000000000000000000000000000	<color00FFFF>ミニゲーム<colorFFFFFF>ではミニゲームで<r遊|あそ>ぶことができます。	<colorFFFFFF>Play various <color00FFFF>Mini-Games<colorFFFFFF>.
SLPS_258.37	0x4B1C46	3030	4646	<color00FFFF>ショップ<colorFFFFFF>ではお<r金|かね>を<r払|はら>ってコレクション<r用|よう>のアイテムを<r購入|こうにゅう>することができます。	<colorFFFFFF>Pay money at the <color00FFFF>Shop<colorFFFFFF> to purchase collection items.
SLPS_258.37	0x4B1C4D	83568387836283763C636F6C6F724646464646463E82C582CD82A83C728BE07C82A982CB3E82F03C7295A57C82CD82E73E82C182C48352838C834E8356838783933C7297707C82E682A43E82CC834183438365838082F03C728D7793FC7C82B182A482C982E382A43E82B782E982B182C682AA82C582AB82DC82B78142	506179206D6F6E657920617420746865203C636F6C6F723030464646463E53686F703C636F6C6F724646464646463E20746F20707572636861736520636F6C6C656374696F6E206974656D732E000000000000000000000000000000000000000000000000000000000000000000000000000000000000000000000000	<color00FFFF>ショップ<colorFFFFFF>ではお<r金|かね>を<r払|はら>ってコレクション<r用|よう>のアイテムを<r購入|こうにゅう>することができます。	<colorFFFFFF>Pay money at the <color00FFFF>Shop<colorFFFFFF> to purchase collection items.
SLPS_258.37	0x4B1CD6	3030	4646	<color00FFFF>コレクション<colorFFFFFF>ではショップで<r購入|こうにゅう>したコレクション<r用|よう>アイテムを<r閲覧|えつらん>することができます。	<colorFFFFFF>View <color00FFFF>Collection<colorFFFFFF> items that you purchased at the Shop.
SLPS_258.37	0x4B1CDD	8352838C834E8356838783933C636F6C6F724646464646463E82C582CD835683878362837682C53C728D7793FC7C82B182A482C982E382A43E82B582BD8352838C834E8356838783933C7297707C82E682A43E834183438365838082F03C72897B97977C82A682C282E782F13E82B782E982B182C682AA82C582AB82DC82B78142	56696577203C636F6C6F723030464646463E436F6C6C656374696F6E3C636F6C6F724646464646463E206974656D73207468617420796F7520707572636861736564206174207468652053686F702E0000000000000000000000000000000000000000000000000000000000000000000000000000000000000000000000000000	<color00FFFF>コレクション<colorFFFFFF>ではショップで<r購入|こうにゅう>したコレクション<r用|よう>アイテムを<r閲覧|えつらん>することができます。	<colorFFFFFF>View <color00FFFF>Collection<colorFFFFFF> items that you purchased at the Shop.
SLPS_258.37	0x4B1D60	3C636F6C6F723030464646463E834983768356838783933C636F6C6F724646464646463E82C582CD3C728A658EED7C82A982AD82B582E33E3C7290DD92E87C82B982C182C482A23E82CC3C7295CF8D587C82D682F182B182A43E82F03C728D737C82A882B182C83E82A482B182C682AA82C582AB82DC82B78142	4368616E676520766172696F75732067616D652073657474696E67732E000000000000000000000000000000000000000000000000000000000000000000000000000000000000000000000000000000000000000000000000000000000000000000000000000000000000000000000000000000000000000000	<color00FFFF>オプション<colorFFFFFF>では<r各種|かくしゅ><r設定|せってい>の<r変更|へんこう>を<r行|おこな>うことができます。	Change various game settings.
SLPS_258.37	0x4B1E00	835E83438367838B3C7289E696CA7C82AA82DF82F13E82C93C7296DF7C82E082C73E82E882DC82B782A98148	52657475726E20746F205469746C652053637265656E3F000000000000000000000000000000000000000000	タイトル<r画面|がめん>に<r戻|もど>りますか？	Return to Title Screen?
SLPS_258.37	0x4B1EB1	636F6C6F723038303836303E837D8358835E815B8382815B83683C424C41434B3E82F0814182C782B182A982E73C	424C41434B3E53656C65637420776865726520746F207374617274203C636F6C6F723038303836303E4D61737465	"<color080860>マスターモード<BLACK>を、どこから<r開始|かいし>するのかを
<r選択|せんたく>してください。"	<BLACK>Select where to start <color080860>Master Mode<BLACK>.
SLPS_258.37	0x4B1EE0	8A4A8E6E7C82A982A282B5	204D6F64653C424C41434B	"<color080860>マスターモード<BLACK>を、どこから<r開始|かいし>するのかを
<r選択|せんたく>してください。"	<BLACK>Select where to start <color080860>Master Mode<BLACK>.
SLPS_258.37	0x4B1EEC	82B782E982CC82A982F00A3C72914991F07C82B982F182BD82AD3E82B582C482AD82BE82B382A28142	2E00000000000000000000000000000000000000000000000000000000000000000000000000000000	"<color080860>マスターモード<BLACK>を、どこから<r開始|かいし>するのかを
<r選択|せんたく>してください。"	<BLACK>Select where to start <color080860>Master Mode<BLACK>.
SLPS_258.37	0x4B2230	3C	50	<r変更|へんこう>したいボタン・<r項目|こうもく>を<iconOK>ボタンで<r選択|せんたく>し、<r方向|ほうこう>キー<r左右|さゆう>で<r操作|そうさ>を<r変更|へんこう>してください。	Press <iconOK> to select the button/item to change. Press the left directional button or right directional button to change controls.
SLPS_258.37	0x4B2232	95CF8D587C82D682F182B182A43E82B582BD82A2837B835E839381453C728D8096DA7C82B182A482E082AD3E82F03C69636F6E4F4B3E837B835E839382C53C72914991F07C82B982F182BD82AD3E82B581413C7295FB8CFC7C82D982A482B182A43E834C815B3C728DB689457C82B382E482A43E82C53C7291808DEC7C82BB82A482B33E82F03C7295CF8D587C82D682F182B182A43E82B582C482AD82BE82B382A28142	657373203C69636F6E4F4B3E20746F2073656C6563742074686520627574746F6E2F6974656D20746F206368616E67652E20507265737320746865206C65667420646972656374696F6E616C20627574746F6E206F7220726967687420646972656374696F6E616C20627574746F6E20746F206368616E676520636F6E74726F6C732E000000000000000000000000000000000000000000000000000000000000000000	<r変更|へんこう>したいボタン・<r項目|こうもく>を<iconOK>ボタンで<r選択|せんたく>し、<r方向|ほうこう>キー<r左右|さゆう>で<r操作|そうさ>を<r変更|へんこう>してください。	Press <iconOK> to select the button/item to change. Press the left directional button or right directional button to change controls.
SLPS_258.37	0x4B22E0	82	31	１Ｐの<r操作設定|そうさせってい>をデフォルトに<r戻|もど>しました。	1P controls restored to defaults.
SLPS_258.37	0x4B22E2	826F82CC3C	20636F6E74	１Ｐの<r操作設定|そうさせってい>をデフォルトに<r戻|もど>しました。	1P controls restored to defaults.
SLPS_258.37	0x4B22E8	91808DEC90DD92E87C82BB82A482B382B982C182C482A23E82F0836683748348838B836782C93C7296DF7C82E082C73E82B582DC82B582BD8142	6F6C7320726573746F72656420746F2064656661756C74732E000000000000000000000000000000000000000000000000000000000000000000	１Ｐの<r操作設定|そうさせってい>をデフォルトに<r戻|もど>しました。	1P controls restored to defaults.
SLPS_258.37	0x4B2330	8251826F82CC3C	325020636F6E74	２Ｐの<r操作設定|そうさせってい>をデフォルトに<r戻|もど>しました。	2P controls restored to defaults.
SLPS_258.37	0x4B2338	91808DEC90DD92E87C82BB82A482B382B982C182C482A23E82F0836683748348838B836782C93C7296DF7C82E082C73E82B582DC82B582BD8142	6F6C7320726573746F72656420746F2064656661756C74732E000000000000000000000000000000000000000000000000000000000000000000	２Ｐの<r操作設定|そうさせってい>をデフォルトに<r戻|もど>しました。	2P controls restored to defaults.
SLPS_258.37	0x4B2390	82C982CD3C636F	2063616E206F6E	<iconL1><iconR1>には<color00FFFF>「ガード・アイテム<r使用|しよう>・アイテム<r選択|せんたく>」<colorFFFFFF><r以外|いがい>は、<r割|わ>り<r振|ふ>ることができません。	<iconL1><iconR1> can only assign Guard, Item Use, and Item Select.
SLPS_258.37	0x4B2398	6F723030464646463E81	792061737369676E2047	<iconL1><iconR1>には<color00FFFF>「ガード・アイテム<r使用|しよう>・アイテム<r選択|せんたく>」<colorFFFFFF><r以外|いがい>は、<r割|わ>り<r振|ふ>ることができません。	<iconL1><iconR1> can only assign Guard, Item Use, and Item Select.
SLPS_258.37	0x4B23A3	834B815B8368814583418343836583803C728E6797707C82B582E682A43E814583418343836583803C72914991F07C82B982F182BD82AD3E81763C636F6C6F724646464646463E3C7288C88A4F7C82A282AA82A23E82CD81413C728A847C82ED3E82E83C7290557C82D33E82E982B182C682AA82C582AB82DC82B982F18142	6172642C204974656D205573652C20616E64204974656D2053656C6563742E000000000000000000000000000000000000000000000000000000000000000000000000000000000000000000000000000000000000000000000000000000000000000000000000000000000000000000000000000000000000000000000000	<iconL1><iconR1>には<color00FFFF>「ガード・アイテム<r使用|しよう>・アイテム<r選択|せんたく>」<colorFFFFFF><r以外|いがい>は、<r割|わ>り<r振|ふ>ることができません。	<iconL1><iconR1> can only assign Guard, Item Use, and Item Select.
SLPS_258.37	0x4B2430	3C69636F6E4C323E3C69636F6E52323E82C982CD3C636F6C6F723030464646463E8175834B815B8368814583418343836583803C728E6797707C82B582E682A43E814583418343836583803C72914991F07C82B982F182BD82AD3E81763C636F6C6F724646464646463E3C7288C88A4F7C82A282AA82A23E82CD81413C728A847C82ED3E82E83C7290557C82D33E82E982B182C682AA82C582AB82DC82B982F18142	4974656D2053656C6563742063616E206F6E6C792062652061737369676E6564207573696E67203C69636F6E4C313E3C69636F6E52313E206F72203C69636F6E4C323E3C69636F6E52323E2E0000000000000000000000000000000000000000000000000000000000000000000000000000000000000000000000000000000000000000000000000000000000000000000000000000000000000000000000000000	<iconL2><iconR2>には<color00FFFF>「ガード・アイテム<r使用|しよう>・アイテム<r選択|せんたく>」<colorFFFFFF><r以外|いがい>は、<r割|わ>り<r振|ふ>ることができません。	Item Select can only be assigned using <iconL1><iconR1> or <iconL2><iconR2>.
SLPS_258.37	0x4B2640	899C8B608F8094F5000000	5B535D556C742050726570	奥義準備	[S]Ult Prep
SLPS_258.37	0x4B2650	8357838383938376	4A756D7000000000	ジャンプ	Jump
SLPS_258.37	0x4B2660	83418343836583808E679770	4974656D2055736500000000	アイテム使用	Item Use
SLPS_258.37	0x4B2670	8341834383658380914991F0	4974656D2053656C65637400	アイテム選択	Item Select
SLPS_258.37	0x4B2680	98418C578D558C820000000000	4C696E6B65642041747461636B	連係攻撃	Linked Attack
SLPS_258.37	0x4B2860	82618266826C81418272826481413C7289B990BA7C82A882F182B982A23E82F03C728ADC7C82D382AD3E82DE3C7289B997CA915391CC7C82A882F182E882E582A482BA82F182BD82A23E82F03C7295CF8D587C82D682F182B182A43E82B582DC82B78142	4368616E676520746865206D757369632C2053465820616E6420766F69636520766F6C756D652E00000000000000000000000000000000000000000000000000000000000000000000000000000000000000000000000000000000000000000000000000	ＢＧＭ、ＳＥ、<r音声|おんせい>を<r含|ふく>む<r音量全体|おんりょうぜんたい>を<r変更|へんこう>します。	Change the music, SFX and voice volume.
SLPS_258.37	0x4B28D0	3C	50	<r方向|ほうこう>キー<r左右|さゆう>で<r出力|しゅつりょく>モードをステレオ・モノラルのいずれかに<r設定|せってい>します。	Press the left directional button or right directional button to set to stereo or mono.
SLPS_258.37	0x4B28D2	95FB8CFC7C82D982A482B182A43E834C815B3C728DB689457C82B382E482A43E82C53C	65737320746865206C65667420646972656374696F6E616C20627574746F6E206F7220	<r方向|ほうこう>キー<r左右|さゆう>で<r出力|しゅつりょく>モードをステレオ・モノラルのいずれかに<r設定|せってい>します。	Press the left directional button or right directional button to set to stereo or mono.
SLPS_258.37	0x4B28F6	8F6F97CD7C82B582E382C282E882E582AD3E8382815B836882F083588365838C834981458382836D8389838B82CC82A282B882EA82A982C93C7290DD92E87C82B982C182C482A23E82B582DC82B78142	6967687420646972656374696F6E616C20627574746F6E20746F2073657420746F2073746572656F206F72206D6F6E6F2E00000000000000000000000000000000000000000000000000000000000000	<r方向|ほうこう>キー<r左右|さゆう>で<r出力|しゅつりょく>モードをステレオ・モノラルのいずれかに<r設定|せってい>します。	Press the left directional button or right directional button to set to stereo or mono.
SLPS_258.37	0x4B2950	3C7289B98BBF90DD92E87C82A882F182AB82E582A482B982C182C482A23E82F0836683748348838B836782C93C7296DF7C82E082C73E82B582DC82B582BD8142	526573657420617564696F2073657474696E677320746F2064656661756C742E0000000000000000000000000000000000000000000000000000000000000000	<r音響設定|おんきょうせってい>をデフォルトに<r戻|もど>しました。	Reset audio settings to default.
SLPS_258.37	0x4B2A16	3030	4646	<color00FFFF>フリーバトル<colorFFFFFF>と<color00FFFF>プラクティス<colorFFFFFF>でのＣＯＭの<r強|つよ>さを<r設定|せってい>できます。	<colorFFFFFF>Set the Com strength for when in the<color00FFFF> Free Battle <colorFFFFFF>and <color00FFFF>Practice.
SLPS_258.37	0x4B2A1D	8374838A815B836F8367838B3C636F6C6F724646464646463E82C63C636F6C6F723030464646463E83768389834E8365834283583C636F6C6F724646464646463E82C582CC8262826E826C82CC3C728BAD7C82C282E63E82B382F03C7290DD92E87C82B982C182C482A23E82C582AB82DC82B78142	5365742074686520436F6D20737472656E67746820666F72207768656E20696E207468653C636F6C6F723030464646463E204672656520426174746C65203C636F6C6F724646464646463E616E64203C636F6C6F723030464646463E50726163746963652E00000000000000000000000000000000	<color00FFFF>フリーバトル<colorFFFFFF>と<color00FFFF>プラクティス<colorFFFFFF>でのＣＯＭの<r強|つよ>さを<r設定|せってい>できます。	<colorFFFFFF>Set the Com strength for when in the<color00FFFF> Free Battle <colorFFFFFF>and <color00FFFF>Practice.
SLPS_258.37	0x4B2AA0	837B835E83933C7291808DEC7C82BB82A482B33E82CC3C728A847C82ED3E82E83C7290557C82D33E82E882AA82C582AB82DC82B78142	41737369676E20627574746F6E20636F6E74726F6C732E00000000000000000000000000000000000000000000000000000000000000	ボタン<r操作|そうさ>の<r割|わ>り<r振|ふ>りができます。	Assign button controls.
SLPS_258.37	0x4B2AE0	3C7289B997CA7C82A882F182E882E582A43E82E23C7289B97C82A882C63E82CC3C728F6F97CD90DD92E87C82B582E382C282E882E582AD82B982C182C482A23E82AA82C582AB82DC82B78142	4368616E676520766F6C756D6520616E6420617564696F206F75747075742073657474696E67732E000000000000000000000000000000000000000000000000000000000000000000000000	<r音量|おんりょう>や<r音|おと>の<r出力設定|しゅつりょくせってい>ができます。	Change volume and audio output settings.
SLPS_258.37	0x4B2B30	3C7289E696CA7C82AA82DF82F13E82CC3C7288CA92757C82A282BF3E82CC3C7292B290AE7C82BF82E582A482B982A23E82AA82C582AB82DC82B78142	41646A7573742073637265656E20706F736974696F6E2E00000000000000000000000000000000000000000000000000000000000000000000000000	<r画面|がめん>の<r位置|いち>の<r調整|ちょうせい>ができます。	Adjust screen position.
SLPS_258.37	0x4B2B70	3C7293EF88D593787C82C882F182A282C73E82F083	52657475726E20746F2064656661756C7420646966	<r難易度|なんいど>をデフォルトに<r戻|もど>します。	Return to default difficulty.
SLPS_258.37	0x4B2B86	83748348838B836782C93C7296DF7C82E082C73E82B582DC82B78142	6963756C74792E000000000000000000000000000000000000000000	<r難易度|なんいど>をデフォルトに<r戻|もど>します。	Return to default difficulty.
SLPS_258.37	0x4B2BB0	3C7293EF88D593787C82C882F182A282C73E82F0836683748348838B836782C93C7296DF7C82E082C73E82B582DC82B582BD8142	446966666963756C74792073657420746F2064656661756C742E0000000000000000000000000000000000000000000000000000	<r難易度|なんいど>をデフォルトに<r戻|もど>しました。	Difficulty set to default.
SLPS_258.37	0x4B4150	208250826F81408296829381408251826F	31502076732E2032500000000000000000	 １Ｐ　ｖｓ　２Ｐ	1P vs. 2P
SLPS_258.37	0x4B4170	208250826F814082968293208262826E826C	31502076732E20434F4D0000000000000000	 １Ｐ　ｖｓ ＣＯＭ	1P vs. COM
SLPS_258.37	0x4B4190	8262826E826C208296829381408251826F	434F4D2076732E20325000000000000000	ＣＯＭ ｖｓ　２Ｐ	COM vs. 2P
SLPS_258.37	0x4B41B0	8262826E826C2082968293208262826E826C	434F4D2076732E20434F4D00000000000000	ＣＯＭ ｖｓ ＣＯＭ	COM vs. COM
SLPS_258.37	0x4B41D0	8351815B83808382815B83683C72914991F07C82B982F182BD82AD3E82C93C7296DF7C82E082C73E82E9	4261636B20746F2047616D65204D6F64652053637265656E000000000000000000000000000000000000	ゲームモード<r選択|せんたく>に<r戻|もど>る	Back to Game Mode Screen
SLPS_258.37	0x4B4220	8351815B83808382815B83683C72914991F07C82B982F182BD82AD3E82C93C7296DF7C82E082C73E82E882DC82B782A98148	52657475726E20746F2047616D65204D6F64652053637265656E3F0000000000000000000000000000000000000000000000	ゲームモード<r選択|せんたく>に<r戻|もど>りますか？	Return to Game Mode Screen?
SLPS_258.37	0x4B4260	835E83438367838B82C93C7296DF7C82E082C73E82E882DC82B782A98148	52657475726E20746F205469746C652053637265656E3F00000000000000	タイトルに<r戻|もど>りますか？	Return to Title Screen?
SLPS_258.37	0x4B4280	3C72944396B17C82C982F182DE3E3C72914991F07C82B982F182BD82AD3E82C93C7296DF7C82E082C73E82E882DC82B782A98148	52657475726E20746F204D697373696F6E2053656C6563743F000000000000000000000000000000000000000000000000000000	<r任務|にんむ><r選択|せんたく>に<r戻|もど>りますか？	Return to Mission Select?
SLPS_258.37	0x4B42C0	3C728EED96DA914991F07C82B582E382E082AD82B982F182BD82AD3E82C93C7296DF7C82E082C73E82E882DC82B782A98148	52657475726E20746F204576656E742053656C6563743F000000000000000000000000000000000000000000000000000000	<r種目選択|しゅもくせんたく>に<r戻|もど>りますか？	Return to Event Select?
SLPS_258.37	0x4B4310	3C7298418C577C82EA82F182AF82A23E8382815B8368	4C696E6B6564204D6F64650000000000000000000000	<r連係|れんけい>モード	Linked Mode
SLPS_258.37	0x4B4328	837D836A83858341838B	4D616E75616C00000000	マニュアル	Manual
SLPS_258.37	0x502DF0	8369838B8367	4E617275746F	ナルト	Naruto
SLPS_258.37	0x503110	82CD82A2	59657300	はい	Yes
SLPS_258.37	0x503118	82A282A282A6	4E6F00000000	いいえ	No
SLPS_258.37	0x5031A0	82CD82A2	59657300	はい	Yes
SLPS_258.37	0x5031A8	82A282A282A6	4E6F00000000	いいえ	No
SLPS_258.37	0x5032F8	8369838B8367	4E617275746F	ナルト	Naruto
SLPS_258.37	0x504668	82A282A282A6	4E6F00000000	いいえ	No
SLPS_258.37	0x504670	82CD814082A2	596573000000	は　い	Yes
SLPS_258.37	0x504738	8D558C820000	41747461636B	攻撃	Attack
SLPS_258.37	0x504740	834B815B8368	477561726400	ガード	Guard
SLPS_258.37	0x504748	83498374	4F464600	オフ	OFF
SLPS_258.37	0x504750	83498393	4F4E0000	オン	ON
SLPS_258.37	0x504908	8349815B8367	4175746F0000	オート	Auto
SLPS_258.37	0x504AB8	899C8B600000	5B535D556C74	奥義	[S]Ult
SLPS_258.37	0x505AD0	82CD814082A2	596573000000	は　い	Yes
SLPS_258.37	0x505AD8	82A282A282A6	4E6F00000000	いいえ	No
SLPS_258.37	0x505B08	82DC82BD82CD	6F7200000000	または	or
SLPS_258.37	0x505B18	834B815B8368	477561726400	ガード	Guard
SLPS_258.37	0x505B48	8A798158	45617379	楽々	Easy
SLPS_258.37	0x505B50	82D382C282A4	4E6F726D616C	ふつう	Normal
SLPS_258.37	0x505B58	8C8382DE82B8	486172640000	激むず	Hard
SLPS_258.37	0x505B60	8B868BC90000	496E73616E65	究極	Insane
SLPS_258.37	0x505B68	82C882B5	4E6F6E65	なし	None
SLPS_258.37	0x505B70	8FAD82C882DF	4C6573730000	少なめ	Less
SLPS_258.37	0x505B78	91BD82DF	4D6F7265	多め	More
SLPS_258.37	0x505B80	92CA8FED0000	4E6F726D616C	通常	Normal
SLPS_258.37	0x505B88	96B38CC00000	5B535D496E66	無限	[S]Inf
SLPS_258.37	0x505B98	89F1935D	5475726E	回転	Turn
SLPS_258.37	0x505BA0	984191C500	436F6D626F	連打	Combo
SLPS_258.37	0x505BB0	83498374	4F464600	オフ	OFF
SLPS_258.37	0x505BB8	83498393	4F4E0000	オン	ON
SLPS_258.37	0x505BC8	94BC95AA	48616C66	半分	Half
SLPS_258.37	0x505BE0	8349815B8367	4175746F0000	オート	Auto
SLPS_258.37	0x505BF0	8EE893AE0000	4D616E75616C	手動	Manual
SLPS_258.37	0x505BF8	8262826E826C	434F4D000000	ＣＯＭ	COM
SLPS_258.37	0x505C00	97A782BF00	5374616E64	立ち	Stand
SLPS_258.37	0x505C08	82B582C882A2	4E6F00000000	しない	No
SLPS_258.37	0x505C10	925094AD0000	53696E676C65	単発	Single
SLPS_258.37	0x505C18	83528393837B	436F6D626F00	コンボ	Combo
SLPS_258.37	0x505C20	899C8B60000000	5B535D556C742E	奥義	[S]Ult.
SLPS_258.37	0x505C28	94458F7000	4A75747375	忍術	Jutsu
SLPS_258.37	0x505C30	82B782E9	55736500	する	Use
SLPS_258.37	0x505C40	92C782A40000	466F6C6C6F77	追う	Follow
SLPS_258.37	0x505C60	979094AD0000	52616E646F6D	乱発	Random
SLPS_258.37	0x505C70	93EF88D59378	4C6576656C00	難易度	Level
SLPS_258.37	0x505CA0	91CC97CD0000	4865616C7468	体力	Health
SLPS_258.37	0x505CA8	8FF391D40000	537461747573	状態	Status
SLPS_258.37	0x505CB0	8BAD82B30000	5B535D507772	強さ	[S]Pwr
SLPS_258.37	0x505CB8	8D558C820000	41747461636B	攻撃	Attack
SLPS_258.37	0x505CC0	834B815B8368	477561726400	ガード	Guard
SLPS_258.37	0x505CC8	8D7393AE	4D6F7665	行動	Move
SLPS_258.37	0x505F48	8369838B8367	4E617275746F	ナルト	Naruto
SLPS_258.37	0x5063A8	8369838B8367	4E617275746F	ナルト	Naruto
SLPS_258.37	0x506450	8369838B8367	4E617275746F	ナルト	Naruto
SLPS_258.37	0x506458	8354834E8389	53616B757261	サクラ	Sakura
SLPS_258.37	0x506460	834A834A835600	4B616B61736869	カカシ	Kakashi
SLPS_258.37	0x506468	836C8357	4E656A69	ネジ	Neji
SLPS_258.37	0x506470	83548343	53616900	サイ	Sai
SLPS_258.37	0x506478	835483588350	536173756B65	サスケ	Sasuke
SLPS_258.37	0x506480	83568359836C00	5368697A756E65	シズネ	Shizune
SLPS_258.37	0x506488	83418358837D	4173756D6100	アスマ	Asuma
SLPS_258.37	0x506490	83	54	テマリ	Temari
SLPS_258.37	0x506492	837D838A	6D617269	テマリ	Temari
SLPS_258.37	0x506498	8384837D8367	59616D61746F	ヤマト	Yamato
SLPS_258.37	0x5064A0	838A815B	4C656500	リー	Lee
SLPS_258.37	0x5064A8	834B8343	47757900	ガイ	Guy
SLPS_258.37	0x5064B0	82A282CC	496E6F00	いの	Ino
SLPS_258.37	0x5064B8	834C836F	4B696261	キバ	Kiba
SLPS_258.37	0x5064C0	8356836D00	5368696E6F	シノ	Shino
SLPS_258.37	0x5064C8	83718369835E	48696E617461	ヒナタ	Hinata
SLPS_258.37	0x506648	834E83698343	4B756E616900	クナイ	Kunai
SLPS_258.37	0x506650	83548343	53616900	サイ	Sai
SLPS_258.37	0x506658	83	54	テマリ	Temari
SLPS_258.37	0x50665A	837D838A	6D617269	テマリ	Temari
SLPS_258.37	0x506660	8354835C838A	5361736F7269	サソリ	Sasori
SLPS_258.37	0x506668	83568359836C00	5368697A756E65	シズネ	Shizune
SLPS_258.37	0x506670	8384837D8367	59616D61746F	ヤマト	Yamato
SLPS_258.37	0x5066A8	82A282A282A6	4E6F00000000	いいえ	No
SLPS_258.37	0x5066B8	82CD814082A2	596573000000	は　い	Yes
SLPS_258.37	0x506760	82CD82A2	59657300	はい	Yes
SLPS_258.37	0x506768	82A282A282A6	4E6F00000000	いいえ	No
SLPS_258.37	0x506B10	8369838B8367	4E617275746F	ナルト	Naruto
SLPS_258.37	0x506FA8	82CD82A2	59657300	はい	Yes
SLPS_258.37	0x506FB0	82A282A282A6	4E6F00000000	いいえ	No
SLPS_258.37	0x506FE0	83548343	53616900	サイ	Sai
SLPS_258.37	0x506FE8	83	54	テマリ	Temari
SLPS_258.37	0x506FEA	837D838A	6D617269	テマリ	Temari
SLPS_258.37	0x506FF0	8354835C838A	5361736F7269	サソリ	Sasori
SLPS_258.37	0x506FF8	83568359836C00	5368697A756E65	シズネ	Shizune
SLPS_258.37	0x507000	8384837D8367	59616D61746F	ヤマト	Yamato
